#ifndef __ps2hdd_psx1_irx__
#define __ps2hdd_psx1_irx__

unsigned int size_ps2hdd_psx1_irx = 23749;
unsigned char ps2hdd_psx1_irx[] __attribute__((aligned(16))) = {
	0x7f, 0x45, 0x4c, 0x46, 0x01, 0x01, 0x01, 0x00, 0x00, 0x00, 0x00, 0x00, 0x00, 0x00, 0x00, 0x00, 
	0x80, 0xff, 0x08, 0x00, 0x01, 0x00, 0x00, 0x00, 0xbc, 0x1f, 0x00, 0x00, 0x34, 0x00, 0x00, 0x00, 
	0x1c, 0x50, 0x00, 0x00, 0x01, 0x10, 0x00, 0x00, 0x34, 0x00, 0x20, 0x00, 0x02, 0x00, 0x28, 0x00, 
	0x0c, 0x00, 0x09, 0x00, 0x80, 0x00, 0x00, 0x70, 0x74, 0x00, 0x00, 0x00, 0x00, 0x00, 0x00, 0x00, 
	0x00, 0x00, 0x00, 0x00, 0x1b, 0x00, 0x00, 0x00, 0x00, 0x00, 0x00, 0x00, 0x04, 0x00, 0x00, 0x00, 
	0x04, 0x00, 0x00, 0x00, 0x01, 0x00, 0x00, 0x00, 0x90, 0x00, 0x00, 0x00, 0x00, 0x00, 0x00, 0x00, 
	0x00, 0x00, 0x00, 0x00, 0x30, 0x4f, 0x00, 0x00, 0x70, 0x51, 0x00, 0x00, 0x07, 0x00, 0x00, 0x00, 
	0x10, 0x00, 0x00, 0x00, 0x10, 0x4f, 0x00, 0x00, 0xbc, 0x1f, 0x00, 0x00, 0x20, 0xcf, 0x00, 0x00, 
	0xb0, 0x46, 0x00, 0x00, 0x80, 0x08, 0x00, 0x00, 0x40, 0x02, 0x00, 0x00, 0x05, 0x02, 0x00, 0x00, 
	0xe0, 0xff, 0xbd, 0x27, 0x14, 0x00, 0xb0, 0xaf, 0x25, 0x80, 0xa0, 0x00, 0x14, 0x00, 0x85, 0x8c, 
	0x1c, 0x00, 0xbf, 0xaf, 0x48, 0x00, 0xa2, 0x94, 0x18, 0x00, 0xb1, 0xaf, 0x00, 0x00, 0x02, 0xae, 
	0x4a, 0x00, 0xa2, 0x94, 0x25, 0x88, 0x80, 0x00, 0x04, 0x00, 0x02, 0xae, 0x44, 0x00, 0xa2, 0x8c, 
	0x08, 0x00, 0x06, 0x24, 0x50, 0x00, 0xa5, 0x24, 0x0c, 0x00, 0x04, 0x26, 0x24, 0x00, 0x00, 0xae, 
	0x70, 0x09, 0x11, 0x04, 0x08, 0x00, 0x02, 0xae, 0x14, 0x00, 0x25, 0x8e, 0x08, 0x00, 0x06, 0x24, 
	0x50, 0x00, 0xa5, 0x24, 0x6b, 0x09, 0x11, 0x04, 0x14, 0x00, 0x04, 0x26, 0x14, 0x00, 0x25, 0x8e, 
	0x08, 0x00, 0x06, 0x24, 0x50, 0x00, 0xa5, 0x24, 0x66, 0x09, 0x11, 0x04, 0x1c, 0x00, 0x04, 0x26, 
	0x14, 0x00, 0x22, 0x8e, 0x2c, 0x00, 0x00, 0xae, 0x4a, 0x00, 0x43, 0x94, 0x00, 0x00, 0x00, 0x00, 
	0x01, 0x00, 0x63, 0x30, 0x0d, 0x00, 0x60, 0x10, 0x30, 0x00, 0x00, 0xae, 0x5c, 0x00, 0x43, 0x8c, 
	0x00, 0x00, 0x00, 0x00, 0x28, 0x00, 0x03, 0xae, 0x40, 0x00, 0x42, 0x8c, 0x1c, 0x00, 0xbf, 0x8f, 
	0x18, 0x00, 0xb1, 0x8f, 0x34, 0x00, 0x00, 0xae, 0x38, 0x00, 0x00, 0xae, 0x3c, 0x00, 0x02, 0xae, 
	0x14, 0x00, 0xb0, 0x8f, 0x08, 0x00, 0xe0, 0x03, 0x20, 0x00, 0xbd, 0x27, 0x4c, 0x00, 0x48, 0x8c, 
	0x44, 0x00, 0x43, 0x8c, 0x28, 0x00, 0x08, 0xae, 0x25, 0x28, 0x00, 0x00, 0x04, 0x02, 0x47, 0x24, 
	0x25, 0x30, 0x00, 0x00, 0x04, 0x00, 0xc8, 0x14, 0x00, 0x00, 0x00, 0x00, 0x2c, 0x00, 0x03, 0xae, 
	0xed, 0xff, 0x00, 0x10, 0x30, 0x00, 0x05, 0xae, 0x00, 0x00, 0xe4, 0x8c, 0x01, 0x00, 0xc6, 0x24, 
	0x21, 0x20, 0x64, 0x00, 0x2b, 0x48, 0x83, 0x00, 0x21, 0x28, 0x25, 0x01, 0x25, 0x18, 0x80, 0x00, 
	0xf4, 0xff, 0x00, 0x10, 0x08, 0x00, 0xe7, 0x24, 0xd8, 0xff, 0xbd, 0x27, 0xff, 0x01, 0xc2, 0x30, 
	0x18, 0x00, 0xb0, 0xaf, 0x24, 0x00, 0xbf, 0xaf, 0x20, 0x00, 0xb2, 0xaf, 0x1c, 0x00, 0xb1, 0xaf, 
	0x2a, 0x00, 0x40, 0x14, 0xea, 0xff, 0x10, 0x24, 0x0c, 0x00, 0x91, 0x8c, 0x43, 0x82, 0x06, 0x00, 
	0x04, 0x00, 0x23, 0x8e, 0x00, 0x00, 0x00, 0x00, 0x21, 0x10, 0x03, 0x02, 0xf9, 0x1f, 0x42, 0x2c, 
	0x03, 0x00, 0x40, 0x14, 0x25, 0x90, 0x80, 0x00, 0xf8, 0x1f, 0x10, 0x24, 0x23, 0x80, 0x03, 0x02, 
	0x1e, 0x00, 0x00, 0x12, 0x00, 0x00, 0x00, 0x00, 0x00, 0x00, 0x04, 0x3c, 0x30, 0x4f, 0x84, 0x8c, 
	0x34, 0x00, 0xa7, 0xaf, 0x5c, 0x09, 0x11, 0x04, 0x2c, 0x00, 0xa5, 0xaf, 0x34, 0x00, 0xa7, 0x8f, 
	0x04, 0x00, 0x26, 0x8e, 0x2c, 0x00, 0x22, 0x8e, 0x10, 0x00, 0xa7, 0xaf, 0x04, 0x00, 0x44, 0x8e, 
	0x21, 0x30, 0xc2, 0x00, 0x2c, 0x00, 0xa5, 0x8f, 0x25, 0x38, 0x00, 0x02, 0xcf, 0x08, 0x11, 0x04, 
	0x08, 0x00, 0xc6, 0x24, 0x02, 0x00, 0x40, 0x10, 0x25, 0x90, 0x40, 0x00, 0xfb, 0xff, 0x12, 0x24, 
	0x00, 0x00, 0x04, 0x3c, 0x30, 0x4f, 0x84, 0x8c, 0x49, 0x09, 0x11, 0x04, 0x00, 0x00, 0x00, 0x00, 
	0x0d, 0x00, 0x40, 0x16, 0x00, 0x00, 0x00, 0x00, 0x04, 0x00, 0x22, 0x8e, 0x00, 0x00, 0x00, 0x00, 
	0x21, 0x10, 0x50, 0x00, 0x04, 0x00, 0x22, 0xae, 0x40, 0x82, 0x10, 0x00, 0x24, 0x00, 0xbf, 0x8f, 
	0x20, 0x00, 0xb2, 0x8f, 0x1c, 0x00, 0xb1, 0x8f, 0x25, 0x10, 0x00, 0x02, 0x18, 0x00, 0xb0, 0x8f, 
	0x08, 0x00, 0xe0, 0x03, 0x28, 0x00, 0xbd, 0x27, 0xf8, 0xff, 0x00, 0x10, 0xfb, 0xff, 0x10, 0x24, 
	0xe0, 0xff, 0xbd, 0x27, 0x18, 0x00, 0xb2, 0xaf, 0x14, 0x00, 0xb1, 0xaf, 0x10, 0x00, 0xb0, 0xaf, 
	0x1c, 0x00, 0xbf, 0xaf, 0x00, 0x00, 0x11, 0x3c, 0x18, 0x47, 0x31, 0x26, 0x25, 0x80, 0x00, 0x00, 
	0x09, 0x00, 0x12, 0x24, 0x00, 0x00, 0x25, 0x8e, 0x00, 0x09, 0x11, 0x04, 0x20, 0x00, 0xa4, 0xaf, 
	0x20, 0x00, 0xa4, 0x8f, 0x0a, 0x00, 0x40, 0x14, 0x01, 0x00, 0x10, 0x26, 0xff, 0xff, 0x10, 0x26, 
	0x04, 0x00, 0x02, 0x3c, 0x04, 0x10, 0x02, 0x02, 0x1c, 0x00, 0xbf, 0x8f, 0x18, 0x00, 0xb2, 0x8f, 
	0x14, 0x00, 0xb1, 0x8f, 0x10, 0x00, 0xb0, 0x8f, 0x08, 0x00, 0xe0, 0x03, 0x20, 0x00, 0xbd, 0x27, 
	0xf0, 0xff, 0x12, 0x16, 0x04, 0x00, 0x31, 0x26, 0x25, 0x28, 0x80, 0x00, 0x00, 0x00, 0x04, 0x3c, 
	0xdd, 0x08, 0x11, 0x04, 0x80, 0x48, 0x84, 0x24, 0xf3, 0xff, 0x00, 0x10, 0xea, 0xff, 0x02, 0x24, 
	0xd8, 0xff, 0xbd, 0x27, 0x1c, 0x00, 0xb3, 0xaf, 0x00, 0x00, 0x93, 0x8c, 0x20, 0x00, 0xb4, 0xaf, 
	0x14, 0x00, 0xb1, 0xaf, 0x25, 0xa0, 0xa0, 0x00, 0x25, 0x88, 0x80, 0x00, 0x2c, 0x00, 0x05, 0x24, 
	0x25, 0x20, 0x60, 0x02, 0x18, 0x00, 0xb2, 0xaf, 0x24, 0x00, 0xbf, 0xaf, 0x10, 0x00, 0xb0, 0xaf, 
	0xdc, 0x08, 0x11, 0x04, 0x25, 0x90, 0xc0, 0x00, 0x18, 0x00, 0x40, 0x10, 0x23, 0x30, 0x53, 0x00, 
	0x2a, 0x90, 0x46, 0x02, 0x25, 0x80, 0x40, 0x00, 0x0c, 0x00, 0x40, 0x16, 0xea, 0xff, 0x02, 0x24, 
	0x25, 0x28, 0x60, 0x02, 0xcf, 0x08, 0x11, 0x04, 0x25, 0x20, 0x80, 0x02, 0x01, 0x00, 0x02, 0x26, 
	0x20, 0x00, 0x03, 0x24, 0x00, 0x00, 0x22, 0xae, 0x00, 0x00, 0x44, 0x80, 0x00, 0x00, 0x00, 0x00, 
	0xfc, 0xff, 0x83, 0x10, 0x01, 0x00, 0x42, 0x24, 0x25, 0x10, 0x00, 0x00, 0x24, 0x00, 0xbf, 0x8f, 
	0x20, 0x00, 0xb4, 0x8f, 0x1c, 0x00, 0xb3, 0x8f, 0x18, 0x00, 0xb2, 0x8f, 0x14, 0x00, 0xb1, 0x8f, 
	0x10, 0x00, 0xb0, 0x8f, 0x08, 0x00, 0xe0, 0x03, 0x28, 0x00, 0xbd, 0x27, 0xc7, 0x08, 0x11, 0x04, 
	0x25, 0x20, 0x60, 0x02, 0x2a, 0x90, 0x42, 0x02, 0x25, 0x80, 0x40, 0x00, 0xf3, 0xff, 0x40, 0x16, 
	0xea, 0xff, 0x02, 0x24, 0x25, 0x30, 0x00, 0x02, 0x25, 0x28, 0x60, 0x02, 0xb5, 0x08, 0x11, 0x04, 
	0x25, 0x20, 0x80, 0x02, 0x00, 0x00, 0x23, 0x8e, 0x00, 0x00, 0x00, 0x00, 0x21, 0x18, 0x70, 0x00, 
	0xe9, 0xff, 0x00, 0x10, 0x00, 0x00, 0x23, 0xae, 0xb0, 0xff, 0xbd, 0x27, 0x34, 0x00, 0xb0, 0xaf, 
	0x25, 0x80, 0xa0, 0x00, 0x50, 0x00, 0xa4, 0xaf, 0x40, 0x00, 0x06, 0x24, 0x25, 0x20, 0x00, 0x02, 
	0x25, 0x28, 0x00, 0x00, 0x4c, 0x00, 0xbf, 0xaf, 0x48, 0x00, 0xb5, 0xaf, 0x44, 0x00, 0xb4, 0xaf, 
	0x40, 0x00, 0xb3, 0xaf, 0x3c, 0x00, 0xb2, 0xaf, 0xa4, 0x08, 0x11, 0x04, 0x38, 0x00, 0xb1, 0xaf, 
	0x50, 0x00, 0xa2, 0x8f, 0x25, 0x20, 0x00, 0x00, 0x20, 0x00, 0x06, 0x24, 0x25, 0x28, 0x40, 0x00, 
	0x00, 0x00, 0x43, 0x80, 0x00, 0x00, 0x00, 0x00, 0x67, 0x00, 0x66, 0x10, 0x01, 0x00, 0x42, 0x24, 
	0x02, 0x00, 0x80, 0x10, 0x00, 0x00, 0x00, 0x00, 0x50, 0x00, 0xa5, 0xaf, 0x6a, 0x00, 0x60, 0x10, 
	0x2c, 0x00, 0x02, 0x24, 0x68, 0x00, 0x62, 0x10, 0x20, 0x00, 0x06, 0x24, 0x25, 0x28, 0x00, 0x02, 
	0xab, 0xff, 0x11, 0x04, 0x50, 0x00, 0xa4, 0x27, 0x63, 0x00, 0x40, 0x14, 0x25, 0x90, 0x40, 0x00, 
	0x50, 0x00, 0xa2, 0x8f, 0x00, 0x00, 0x00, 0x00, 0x00, 0x00, 0x42, 0x80, 0x00, 0x00, 0x00, 0x00, 
	0x4b, 0x00, 0x40, 0x10, 0x08, 0x00, 0x06, 0x24, 0x20, 0x00, 0x05, 0x26, 0xa0, 0xff, 0x11, 0x04, 
	0x50, 0x00, 0xa4, 0x27, 0x58, 0x00, 0x40, 0x14, 0x00, 0x00, 0x00, 0x00, 0x20, 0x00, 0x02, 0x82, 
	0x00, 0x00, 0x00, 0x00, 0x04, 0x00, 0x40, 0x10, 0x20, 0x00, 0x06, 0x26, 0x25, 0x28, 0xc0, 0x00, 
	0x8c, 0x09, 0x11, 0x04, 0x25, 0x20, 0x00, 0x02, 0x50, 0x00, 0xa2, 0x8f, 0x00, 0x00, 0x00, 0x00, 
	0x00, 0x00, 0x42, 0x80, 0x00, 0x00, 0x00, 0x00, 0x39, 0x00, 0x40, 0x10, 0x08, 0x00, 0x06, 0x24, 
	0x28, 0x00, 0x05, 0x26, 0x8e, 0xff, 0x11, 0x04, 0x50, 0x00, 0xa4, 0x27, 0x46, 0x00, 0x40, 0x14, 
	0x00, 0x00, 0x00, 0x00, 0x28, 0x00, 0x02, 0x82, 0x00, 0x00, 0x00, 0x00, 0x04, 0x00, 0x40, 0x10, 
	0x28, 0x00, 0x06, 0x26, 0x25, 0x28, 0xc0, 0x00, 0x7a, 0x09, 0x11, 0x04, 0x25, 0x20, 0x00, 0x02, 
	0x50, 0x00, 0xa2, 0x8f, 0x00, 0x00, 0x00, 0x00, 0x00, 0x00, 0x42, 0x80, 0x00, 0x00, 0x00, 0x00, 
	0x27, 0x00, 0x40, 0x10, 0x20, 0x00, 0x06, 0x24, 0x25, 0x28, 0x00, 0x00, 0x63, 0x08, 0x11, 0x04, 
	0x10, 0x00, 0xa4, 0x27, 0x20, 0x00, 0x06, 0x24, 0x10, 0x00, 0xa5, 0x27, 0x78, 0xff, 0x11, 0x04, 
	0x50, 0x00, 0xa4, 0x27, 0x30, 0x00, 0x40, 0x14, 0x00, 0x00, 0x00, 0x00, 0x54, 0xff, 0x11, 0x04, 
	0x10, 0x00, 0xa4, 0x27, 0x2c, 0x00, 0x40, 0x04, 0x20, 0x00, 0x06, 0x24, 0x25, 0x28, 0x00, 0x00, 
	0x10, 0x00, 0xa4, 0x27, 0x55, 0x08, 0x11, 0x04, 0x30, 0x00, 0x02, 0xae, 0x20, 0x00, 0x06, 0x24, 
	0x10, 0x00, 0xa5, 0x27, 0x6a, 0xff, 0x11, 0x04, 0x50, 0x00, 0xa4, 0x27, 0x22, 0x00, 0x40, 0x14, 
	0x25, 0x88, 0x40, 0x00, 0x00, 0x00, 0x13, 0x3c, 0xf0, 0x46, 0x73, 0x26, 0x25, 0xa0, 0x60, 0x02, 
	0x05, 0x00, 0x15, 0x24, 0x00, 0x00, 0x65, 0x8e, 0x4c, 0x08, 0x11, 0x04, 0x10, 0x00, 0xa4, 0x27, 
	0x13, 0x00, 0x40, 0x14, 0x01, 0x00, 0x31, 0x26, 0xff, 0xff, 0x31, 0x26, 0xc0, 0x88, 0x11, 0x00, 
	0x21, 0xa0, 0x91, 0x02, 0x04, 0x00, 0x82, 0x96, 0x00, 0x00, 0x00, 0x00, 0x34, 0x00, 0x02, 0xa6, 
	0x4c, 0x00, 0xbf, 0x8f, 0x48, 0x00, 0xb5, 0x8f, 0x44, 0x00, 0xb4, 0x8f, 0x40, 0x00, 0xb3, 0x8f, 
	0x38, 0x00, 0xb1, 0x8f, 0x34, 0x00, 0xb0, 0x8f, 0x25, 0x10, 0x40, 0x02, 0x3c, 0x00, 0xb2, 0x8f, 
	0x08, 0x00, 0xe0, 0x03, 0x50, 0x00, 0xbd, 0x27, 0x94, 0xff, 0x00, 0x10, 0x01, 0x00, 0x04, 0x24, 
	0xe8, 0xff, 0x35, 0x16, 0x08, 0x00, 0x73, 0x26, 0x00, 0x00, 0x04, 0x3c, 0xac, 0x48, 0x84, 0x24, 
	0x21, 0x08, 0x11, 0x04, 0x10, 0x00, 0xa5, 0x27, 0xed, 0xff, 0x00, 0x10, 0xea, 0xff, 0x12, 0x24, 
	0xd8, 0xff, 0xbd, 0x27, 0x01, 0x00, 0x02, 0x24, 0x10, 0x00, 0xa4, 0x27, 0x24, 0x00, 0xbf, 0xaf, 
	0x10, 0x00, 0xa2, 0xaf, 0x18, 0x00, 0xa2, 0xaf, 0x1c, 0x00, 0xa2, 0xaf, 0x50, 0x08, 0x11, 0x04, 
	0x14, 0x00, 0xa0, 0xaf, 0x24, 0x00, 0xbf, 0x8f, 0x00, 0x00, 0x01, 0x3c, 0x30, 0x4f, 0x22, 0xac, 
	0x25, 0x10, 0x00, 0x00, 0x08, 0x00, 0xe0, 0x03, 0x28, 0x00, 0xbd, 0x27, 0x00, 0x00, 0x04, 0x3c, 
	0x30, 0x4f, 0x84, 0x8c, 0xe8, 0xff, 0xbd, 0x27, 0x14, 0x00, 0xbf, 0xaf, 0x46, 0x08, 0x11, 0x04, 
	0x00, 0x00, 0x00, 0x00, 0x14, 0x00, 0xbf, 0x8f, 0x25, 0x10, 0x00, 0x00, 0x08, 0x00, 0xe0, 0x03, 
	0x18, 0x00, 0xbd, 0x27, 0x04, 0x00, 0x83, 0x8c, 0x00, 0xff, 0xbd, 0x27, 0x02, 0x00, 0x63, 0x28, 
	0xfa, 0xff, 0x02, 0x24, 0xfc, 0x00, 0xbf, 0xaf, 0xf8, 0x00, 0xb5, 0xaf, 0xf4, 0x00, 0xb4, 0xaf, 
	0xf0, 0x00, 0xb3, 0xaf, 0xec, 0x00, 0xb2, 0xaf, 0xe8, 0x00, 0xb1, 0xaf, 0xe4, 0x00, 0xb0, 0xaf, 
	0x1b, 0x00, 0x60, 0x10, 0xd8, 0x00, 0xa0, 0xaf, 0x2f, 0x0b, 0x11, 0x04, 0x25, 0x90, 0x80, 0x00, 
	0x14, 0x00, 0x44, 0x8c, 0x25, 0x80, 0x40, 0x00, 0x00, 0x04, 0x06, 0x24, 0x25, 0x28, 0x00, 0x00, 
	0xfe, 0x07, 0x11, 0x04, 0x01, 0x00, 0x13, 0x24, 0x14, 0x00, 0x05, 0x8e, 0x10, 0x00, 0xb3, 0xaf, 
	0x04, 0x00, 0x44, 0x8e, 0x01, 0x00, 0x07, 0x24, 0xa8, 0x07, 0x11, 0x04, 0x06, 0x00, 0x06, 0x24, 
	0x08, 0x00, 0x40, 0x14, 0x01, 0x00, 0x07, 0x24, 0x14, 0x00, 0x05, 0x8e, 0x10, 0x00, 0xb3, 0xaf, 
	0x04, 0x00, 0x44, 0x8e, 0xa1, 0x07, 0x11, 0x04, 0x07, 0x00, 0x06, 0x24, 0x0d, 0x00, 0x40, 0x10, 
	0x00, 0x00, 0x00, 0x00, 0xeb, 0x0a, 0x11, 0x04, 0x25, 0x20, 0x00, 0x02, 0xfb, 0xff, 0x02, 0x24, 
	0xfc, 0x00, 0xbf, 0x8f, 0xf8, 0x00, 0xb5, 0x8f, 0xf4, 0x00, 0xb4, 0x8f, 0xf0, 0x00, 0xb3, 0x8f, 
	0xec, 0x00, 0xb2, 0x8f, 0xe8, 0x00, 0xb1, 0x8f, 0xe4, 0x00, 0xb0, 0x8f, 0x08, 0x00, 0xe0, 0x03, 
	0x00, 0x01, 0xbd, 0x27, 0xdf, 0x0a, 0x11, 0x04, 0x25, 0x20, 0x00, 0x02, 0x04, 0x00, 0x44, 0x8e, 
	0x1a, 0x0f, 0x11, 0x04, 0x00, 0x00, 0x00, 0x00, 0xf1, 0xff, 0x40, 0x14, 0xd8, 0x00, 0xa2, 0xaf, 
	0x04, 0x00, 0x44, 0x8e, 0xd8, 0x00, 0xa7, 0x27, 0x01, 0x00, 0x06, 0x24, 0x70, 0x0a, 0x11, 0x04, 
	0x25, 0x28, 0x00, 0x00, 0x3b, 0x00, 0x40, 0x10, 0x25, 0x80, 0x40, 0x00, 0x14, 0x00, 0x51, 0x8c, 
	0x00, 0x04, 0x06, 0x24, 0x25, 0x28, 0x00, 0x00, 0xd0, 0x07, 0x11, 0x04, 0x25, 0x20, 0x20, 0x02, 
	0x41, 0x00, 0x02, 0x3c, 0x41, 0x50, 0x42, 0x24, 0x04, 0x00, 0x22, 0xae, 0x04, 0x00, 0x02, 0x3c, 
	0x48, 0x00, 0x33, 0xa6, 0x00, 0x00, 0x05, 0x3c, 0xd0, 0x48, 0xa5, 0x24, 0x10, 0x00, 0x24, 0x26, 
	0xcc, 0x07, 0x11, 0x04, 0x44, 0x00, 0x22, 0xae, 0x00, 0x00, 0x06, 0x3c, 0xd8, 0x48, 0xc6, 0x24, 
	0x38, 0x00, 0x25, 0x26, 0xcf, 0x08, 0x11, 0x04, 0x10, 0x00, 0x24, 0x26, 0x00, 0x00, 0x06, 0x3c, 
	0xd8, 0x48, 0xc6, 0x24, 0x30, 0x00, 0x25, 0x26, 0xca, 0x08, 0x11, 0x04, 0x10, 0x00, 0x24, 0x26, 
	0x02, 0x00, 0x13, 0x24, 0x20, 0x00, 0x06, 0x24, 0x00, 0x00, 0x05, 0x3c, 0x50, 0x48, 0xa5, 0x24, 
	0xb4, 0x07, 0x11, 0x04, 0x00, 0x01, 0x24, 0x26, 0x50, 0x00, 0x24, 0x26, 0x20, 0x01, 0x33, 0xae, 
	0xf9, 0x08, 0x11, 0x04, 0x24, 0x01, 0x20, 0xae, 0xf7, 0x08, 0x11, 0x04, 0x28, 0x01, 0x24, 0x26, 
	0x01, 0x00, 0x05, 0x24, 0xa9, 0x0d, 0x11, 0x04, 0x25, 0x20, 0x20, 0x02, 0x00, 0x00, 0x22, 0xae, 
	0x08, 0x00, 0x02, 0x96, 0x25, 0x20, 0x00, 0x02, 0x01, 0x00, 0x42, 0x34, 0xf7, 0x09, 0x11, 0x04, 
	0x08, 0x00, 0x02, 0xa6, 0x04, 0x00, 0x44, 0x8e, 0x60, 0x07, 0x11, 0x04, 0x00, 0x00, 0x00, 0x00, 
	0xa0, 0x0a, 0x11, 0x04, 0x25, 0x20, 0x00, 0x02, 0x04, 0x00, 0x43, 0x8e, 0x00, 0x00, 0x02, 0x3c, 
	0x40, 0x4f, 0x42, 0x24, 0x00, 0x19, 0x03, 0x00, 0x21, 0x10, 0x43, 0x00, 0x0c, 0x00, 0x40, 0xac, 
	0x08, 0x00, 0x53, 0xac, 0x80, 0x00, 0x06, 0x24, 0x25, 0x28, 0x00, 0x00, 0x97, 0x07, 0x11, 0x04, 
	0x18, 0x00, 0xa4, 0x27, 0x40, 0x00, 0x06, 0x24, 0x25, 0x28, 0x00, 0x00, 0x93, 0x07, 0x11, 0x04, 
	0x98, 0x00, 0xa4, 0x27, 0x04, 0x00, 0x02, 0x3c, 0xc8, 0x00, 0xa2, 0xaf, 0x00, 0x01, 0x02, 0x24, 
	0xcc, 0x00, 0xa2, 0xa7, 0x00, 0x00, 0x11, 0x3c, 0x3c, 0x47, 0x31, 0x26, 0x25, 0x98, 0x00, 0x00, 
	0x00, 0x00, 0x14, 0x3c, 0x40, 0x4f, 0x94, 0x26, 0x00, 0x00, 0x35, 0x8e, 0x00, 0x00, 0x00, 0x00, 
	0x12, 0x00, 0xa0, 0x12, 0x20, 0x00, 0x06, 0x24, 0x25, 0x28, 0x00, 0x00, 0x83, 0x07, 0x11, 0x04, 
	0x98, 0x00, 0xa4, 0x27, 0x98, 0x00, 0xa4, 0x27, 0x86, 0x07, 0x11, 0x04, 0x25, 0x28, 0xa0, 0x02, 
	0x04, 0x00, 0x44, 0x8e, 0x02, 0x00, 0x60, 0x12, 0x25, 0x38, 0x00, 0x00, 0x10, 0x00, 0x07, 0x8e, 
	0xd8, 0x00, 0xa2, 0x27, 0x10, 0x00, 0xa2, 0xaf, 0x18, 0x00, 0xa6, 0x27, 0x26, 0x05, 0x11, 0x04, 
	0x98, 0x00, 0xa5, 0x27, 0x04, 0x00, 0x40, 0x14, 0x25, 0x80, 0x40, 0x00, 0xd8, 0x00, 0xa2, 0x8f, 
	0x87, 0xff, 0x00, 0x10, 0x00, 0x00, 0x00, 0x00, 0x6e, 0x0a, 0x11, 0x04, 0x25, 0x20, 0x40, 0x00, 
	0x04, 0x00, 0x42, 0x8e, 0x00, 0x00, 0x00, 0x00, 0x00, 0x11, 0x02, 0x00, 0x21, 0x10, 0x82, 0x02, 
	0x04, 0x00, 0x43, 0x8c, 0xc8, 0x00, 0xa2, 0x8f, 0x00, 0x00, 0x00, 0x00, 0x40, 0x10, 0x02, 0x00, 
	0x2b, 0x20, 0x62, 0x00, 0x02, 0x00, 0x80, 0x10, 0x04, 0x00, 0x31, 0x26, 0x25, 0x10, 0x60, 0x00, 
	0xc8, 0x00, 0xa2, 0xaf, 0xd8, 0xff, 0x00, 0x10, 0x01, 0x00, 0x73, 0x26, 0x90, 0xff, 0xbd, 0x27, 
	0x64, 0x00, 0xb2, 0xaf, 0x25, 0x90, 0x80, 0x00, 0x25, 0x20, 0xa0, 0x00, 0x10, 0x00, 0xa5, 0x27, 
	0x5c, 0x00, 0xb0, 0xaf, 0x6c, 0x00, 0xbf, 0xaf, 0x68, 0x00, 0xb3, 0xaf, 0xa6, 0xfe, 0x11, 0x04, 
	0x60, 0x00, 0xb1, 0xaf, 0x33, 0x00, 0x40, 0x14, 0xea, 0xff, 0x10, 0x24, 0x00, 0x00, 0x04, 0x3c, 
	0x30, 0x4f, 0x84, 0x8c, 0x84, 0x07, 0x11, 0x04, 0x25, 0x88, 0x40, 0x00, 0x00, 0x00, 0x10, 0x3c, 
	0x34, 0x4f, 0x10, 0x8e, 0x00, 0x00, 0x13, 0x3c, 0x80, 0x4e, 0x73, 0x8e, 0x0c, 0x00, 0x10, 0x26, 
	0x2a, 0x10, 0x33, 0x02, 0x0e, 0x00, 0x40, 0x14, 0x5f, 0x5f, 0x02, 0x24, 0x10, 0x00, 0xa3, 0x97, 
	0x00, 0x00, 0x00, 0x00, 0x1e, 0x00, 0x62, 0x10, 0x50, 0x00, 0xa6, 0x27, 0x04, 0x00, 0x52, 0x8e, 
	0x10, 0x00, 0xa5, 0x27, 0x38, 0x0e, 0x11, 0x04, 0x25, 0x20, 0x40, 0x02, 0x10, 0x00, 0x40, 0x14, 
	0x25, 0x80, 0x40, 0x00, 0x50, 0x00, 0xb0, 0x8f, 0x16, 0x00, 0x00, 0x10, 0x00, 0x00, 0x00, 0x00, 
	0xf4, 0xff, 0x02, 0x8e, 0x00, 0x00, 0x00, 0x00, 0x06, 0x00, 0x40, 0x10, 0x20, 0x00, 0x06, 0x24, 
	0x10, 0x00, 0xa5, 0x27, 0x31, 0x07, 0x11, 0x04, 0x25, 0x20, 0x00, 0x02, 0x42, 0x00, 0x40, 0x10, 
	0x00, 0x00, 0x00, 0x00, 0x01, 0x00, 0x31, 0x26, 0xe5, 0xff, 0x00, 0x10, 0x34, 0x02, 0x10, 0x26, 
	0x14, 0x00, 0x44, 0x8c, 0x30, 0x00, 0xa5, 0x27, 0x38, 0x08, 0x11, 0x04, 0x38, 0x00, 0x84, 0x24, 
	0x10, 0x00, 0x40, 0x10, 0x00, 0x00, 0x00, 0x00, 0x26, 0x0a, 0x11, 0x04, 0x25, 0x20, 0x00, 0x02, 
	0xf3, 0xff, 0x10, 0x24, 0x00, 0x00, 0x04, 0x3c, 0x30, 0x4f, 0x84, 0x8c, 0x54, 0x07, 0x11, 0x04, 
	0x00, 0x00, 0x00, 0x00, 0x6c, 0x00, 0xbf, 0x8f, 0x68, 0x00, 0xb3, 0x8f, 0x64, 0x00, 0xb2, 0x8f, 
	0x60, 0x00, 0xb1, 0x8f, 0x25, 0x10, 0x00, 0x02, 0x5c, 0x00, 0xb0, 0x8f, 0x08, 0x00, 0xe0, 0x03, 
	0x70, 0x00, 0xbd, 0x27, 0x14, 0x00, 0x02, 0x8e, 0x25, 0x20, 0x40, 0x02, 0x4c, 0x00, 0x51, 0x8c, 
	0x4c, 0x00, 0x40, 0xac, 0x08, 0x00, 0x02, 0x96, 0xff, 0xff, 0x31, 0x26, 0x01, 0x00, 0x42, 0x34, 
	0x6b, 0x09, 0x11, 0x04, 0x08, 0x00, 0x02, 0xa6, 0xff, 0xff, 0x13, 0x24, 0x09, 0x00, 0x33, 0x16, 
	0x40, 0x00, 0x23, 0x26, 0x50, 0x00, 0xa2, 0x8f, 0x00, 0x00, 0x00, 0x00, 0x14, 0x00, 0x40, 0x14, 
	0x25, 0x20, 0x00, 0x02, 0x99, 0x0c, 0x11, 0x04, 0x00, 0x00, 0x00, 0x00, 0xe1, 0xff, 0x00, 0x10, 
	0x25, 0x80, 0x40, 0x00, 0x14, 0x00, 0x02, 0x8e, 0xc0, 0x18, 0x03, 0x00, 0x21, 0x10, 0x43, 0x00, 
	0x00, 0x00, 0x45, 0x8c, 0x50, 0x00, 0xa7, 0x27, 0x25, 0x30, 0x00, 0x00, 0x98, 0x09, 0x11, 0x04, 
	0x25, 0x20, 0x40, 0x02, 0x0a, 0x00, 0x40, 0x10, 0x00, 0x00, 0x00, 0x00, 0x8b, 0x0c, 0x11, 0x04, 
	0x25, 0x20, 0x40, 0x00, 0x06, 0x00, 0x40, 0x10, 0x50, 0x00, 0xa2, 0xaf, 0x25, 0x20, 0x00, 0x02, 
	0xf4, 0x09, 0x11, 0x04, 0x00, 0x00, 0x00, 0x00, 0xb6, 0xff, 0x00, 0x10, 0x00, 0x00, 0x00, 0x00, 
	0xe2, 0xff, 0x00, 0x10, 0xff, 0xff, 0x31, 0x26, 0xca, 0xff, 0x00, 0x10, 0xf0, 0xff, 0x10, 0x24, 
	0x04, 0x00, 0x82, 0x8c, 0xf8, 0xfe, 0xbd, 0x27, 0x02, 0x00, 0x43, 0x28, 0xe8, 0x00, 0xb1, 0xaf, 
	0x04, 0x01, 0xbf, 0xaf, 0x00, 0x01, 0xb7, 0xaf, 0xfc, 0x00, 0xb6, 0xaf, 0xf8, 0x00, 0xb5, 0xaf, 
	0xf4, 0x00, 0xb4, 0xaf, 0xf0, 0x00, 0xb3, 0xaf, 0xec, 0x00, 0xb2, 0xaf, 0xe4, 0x00, 0xb0, 0xaf, 
	0x22, 0x00, 0x60, 0x10, 0xed, 0xff, 0x11, 0x24, 0x00, 0x11, 0x02, 0x00, 0x00, 0x00, 0x03, 0x3c, 
	0x40, 0x4f, 0x63, 0x24, 0x21, 0x10, 0x62, 0x00, 0x0c, 0x00, 0x51, 0x8c, 0x00, 0x00, 0x00, 0x00, 
	0x62, 0x00, 0x20, 0x16, 0x25, 0x98, 0x80, 0x00, 0x00, 0x00, 0x62, 0x8e, 0x25, 0xa0, 0xc0, 0x00, 
	0x08, 0x00, 0x42, 0x30, 0x21, 0x00, 0x40, 0x10, 0x25, 0x20, 0xa0, 0x00, 0x00, 0x00, 0x04, 0x3c, 
	0x30, 0x4f, 0x84, 0x8c, 0x04, 0x07, 0x11, 0x04, 0x25, 0xa8, 0x00, 0x00, 0x00, 0x00, 0x12, 0x3c, 
	0x34, 0x4f, 0x52, 0x8e, 0x00, 0x00, 0x16, 0x3c, 0x80, 0x4e, 0xd6, 0x8e, 0x0c, 0x00, 0x50, 0x26, 
	0x2a, 0x10, 0xb6, 0x02, 0x1b, 0x00, 0x40, 0x14, 0x00, 0x00, 0x00, 0x00, 0x2a, 0x18, 0x56, 0x00, 
	0x29, 0x00, 0x60, 0x14, 0x00, 0x00, 0x00, 0x00, 0xe8, 0xff, 0x11, 0x24, 0x00, 0x00, 0x04, 0x3c, 
	0x30, 0x4f, 0x84, 0x8c, 0xf2, 0x06, 0x11, 0x04, 0x00, 0x00, 0x00, 0x00, 0x04, 0x01, 0xbf, 0x8f, 
	0x00, 0x01, 0xb7, 0x8f, 0xfc, 0x00, 0xb6, 0x8f, 0xf8, 0x00, 0xb5, 0x8f, 0xf4, 0x00, 0xb4, 0x8f, 
	0xf0, 0x00, 0xb3, 0x8f, 0xec, 0x00, 0xb2, 0x8f, 0xe4, 0x00, 0xb0, 0x8f, 0x25, 0x10, 0x20, 0x02, 
	0xe8, 0x00, 0xb1, 0x8f, 0x08, 0x00, 0xe0, 0x03, 0x08, 0x01, 0xbd, 0x27, 0x02, 0xfe, 0x11, 0x04, 
	0x98, 0x00, 0xa5, 0x27, 0xdd, 0xff, 0x40, 0x10, 0x00, 0x00, 0x00, 0x00, 0xef, 0xff, 0x00, 0x10, 
	0xea, 0xff, 0x11, 0x24, 0xf4, 0xff, 0x02, 0x8e, 0x00, 0x00, 0x00, 0x00, 0x0b, 0x00, 0x40, 0x10, 
	0x00, 0x00, 0x00, 0x00, 0x04, 0x00, 0x43, 0x8c, 0x04, 0x00, 0x62, 0x8e, 0x00, 0x00, 0x00, 0x00, 
	0x06, 0x00, 0x62, 0x14, 0x20, 0x00, 0x06, 0x24, 0x98, 0x00, 0xa5, 0x27, 0x9f, 0x06, 0x11, 0x04, 
	0x25, 0x20, 0x00, 0x02, 0x90, 0x00, 0x40, 0x10, 0x00, 0x00, 0x00, 0x00, 0x01, 0x00, 0xb5, 0x26, 
	0xd3, 0xff, 0x00, 0x10, 0x34, 0x02, 0x10, 0x26, 0x00, 0x00, 0x43, 0x8e, 0x00, 0x00, 0x00, 0x00, 
	0x24, 0x00, 0x60, 0x10, 0x01, 0x00, 0x42, 0x24, 0xd0, 0xff, 0x00, 0x10, 0x34, 0x02, 0x52, 0x26, 
	0x14, 0x00, 0x11, 0x8e, 0x10, 0x00, 0x17, 0x8e, 0x4a, 0x00, 0x22, 0x96, 0x00, 0x00, 0x00, 0x00, 
	0x01, 0x00, 0x42, 0x30, 0x06, 0x00, 0x40, 0x14, 0x20, 0x00, 0x06, 0x24, 0x98, 0x00, 0xa5, 0x27, 
	0x8a, 0x06, 0x11, 0x04, 0x10, 0x00, 0x24, 0x26, 0x2a, 0x00, 0x40, 0x10, 0x00, 0x00, 0x00, 0x00, 
	0x18, 0x00, 0xa5, 0x27, 0x7d, 0x0a, 0x11, 0x04, 0x25, 0x20, 0x20, 0x02, 0x25, 0x20, 0x00, 0x02, 
	0x09, 0x0d, 0x11, 0x04, 0x25, 0x28, 0xc0, 0x02, 0x20, 0x00, 0x00, 0x10, 0x25, 0x80, 0x40, 0x00, 
	0xd8, 0x00, 0xb1, 0x8f, 0x00, 0x00, 0x00, 0x00, 0xbc, 0xff, 0x20, 0x16, 0x00, 0x00, 0x00, 0x00, 
	0x00, 0x00, 0x53, 0xae, 0x25, 0x88, 0x00, 0x00, 0xb8, 0xff, 0x00, 0x10, 0x0c, 0x00, 0x72, 0xae, 
	0x00, 0x00, 0x53, 0xae, 0xb5, 0xff, 0x00, 0x10, 0x0c, 0x00, 0x72, 0xae, 0xb7, 0xff, 0x00, 0x10, 
	0xed, 0xff, 0x11, 0x24, 0x00, 0x00, 0x62, 0x8e, 0x00, 0x00, 0x00, 0x00, 0x08, 0x00, 0x42, 0x30, 
	0xf7, 0xff, 0x40, 0x14, 0xd8, 0x00, 0xb6, 0x27, 0x04, 0x00, 0x75, 0x8e, 0x25, 0x38, 0xc0, 0x02, 
	0x25, 0x30, 0x00, 0x00, 0x25, 0x28, 0x00, 0x00, 0x25, 0x20, 0xa0, 0x02, 0x04, 0x09, 0x11, 0x04, 
	0xd8, 0x00, 0xa0, 0xaf, 0x80, 0x00, 0x06, 0x24, 0x25, 0x28, 0x00, 0x00, 0x18, 0x00, 0xa4, 0x27, 
	0x25, 0x80, 0x40, 0x00, 0x65, 0x06, 0x11, 0x04, 0x25, 0xb8, 0x00, 0x00, 0xcc, 0xff, 0x00, 0x16, 
	0x00, 0x00, 0x00, 0x00, 0xd8, 0x00, 0xb1, 0x8f, 0x00, 0x00, 0x00, 0x00, 0x9b, 0xff, 0x20, 0x16, 
	0x00, 0x00, 0x00, 0x00, 0xfe, 0xff, 0x02, 0x24, 0x29, 0x00, 0x00, 0x16, 0xd8, 0x00, 0xa2, 0xaf, 
	0x00, 0x02, 0x82, 0x32, 0xd6, 0xff, 0x40, 0x10, 0x00, 0x00, 0x00, 0x00, 0xc8, 0x00, 0xa5, 0x8f, 
	0xf9, 0x03, 0x11, 0x04, 0x25, 0x20, 0xa0, 0x02, 0xd1, 0xff, 0x40, 0x04, 0xd8, 0x00, 0xa2, 0xaf, 
	0x10, 0x00, 0xb6, 0xaf, 0x25, 0x38, 0xe0, 0x02, 0x18, 0x00, 0xa6, 0x27, 0x98, 0x00, 0xa5, 0x27, 
	0xfd, 0x03, 0x11, 0x04, 0x25, 0x20, 0xa0, 0x02, 0xc9, 0xff, 0x40, 0x10, 0x25, 0x80, 0x40, 0x00, 
	0x14, 0x00, 0x42, 0x8c, 0x00, 0x00, 0x00, 0x00, 0x40, 0x00, 0x56, 0x8c, 0x72, 0x09, 0x11, 0x04, 
	0x01, 0x00, 0x17, 0x24, 0x14, 0x00, 0x44, 0x8c, 0x25, 0x88, 0x40, 0x00, 0x00, 0x04, 0x06, 0x24, 
	0x42, 0x06, 0x11, 0x04, 0x25, 0x28, 0x00, 0x00, 0x14, 0x00, 0x25, 0x8e, 0x02, 0x00, 0x07, 0x24, 
	0x08, 0x00, 0xc6, 0x26, 0x25, 0x20, 0xa0, 0x02, 0xec, 0x05, 0x11, 0x04, 0x10, 0x00, 0xb7, 0xaf, 
	0x14, 0x00, 0x25, 0x8e, 0x25, 0x20, 0xa0, 0x02, 0x10, 0x00, 0xb7, 0xaf, 0x02, 0x00, 0x07, 0x24, 
	0xe6, 0x05, 0x11, 0x04, 0x00, 0x20, 0xc6, 0x26, 0x32, 0x09, 0x11, 0x04, 0x25, 0x20, 0x20, 0x02, 
	0x14, 0x00, 0x05, 0x8e, 0x00, 0x02, 0x06, 0x24, 0x40, 0x00, 0xa2, 0x8c, 0x34, 0x00, 0x44, 0x26, 
	0x2c, 0x00, 0x42, 0xae, 0x44, 0x00, 0xa2, 0x8c, 0x00, 0x02, 0xa5, 0x24, 0x29, 0x06, 0x11, 0x04, 
	0x30, 0x00, 0x42, 0xae, 0x14, 0x00, 0x05, 0x8e, 0x20, 0x00, 0x06, 0x24, 0x48, 0x00, 0xa2, 0x94, 
	0x0c, 0x00, 0x44, 0x26, 0x0a, 0x00, 0x42, 0xa6, 0x4c, 0x00, 0xa2, 0x8c, 0x10, 0x00, 0xa5, 0x24, 
	0x20, 0x06, 0x11, 0x04, 0x08, 0x00, 0x42, 0xa6, 0x1e, 0x09, 0x11, 0x04, 0x25, 0x20, 0x00, 0x02, 
	0x14, 0x00, 0x04, 0x8e, 0xb8, 0x00, 0xa5, 0x27, 0x28, 0x07, 0x11, 0x04, 0x38, 0x00, 0x84, 0x24, 
	0x9b, 0xff, 0x40, 0x10, 0x02, 0x00, 0x94, 0x32, 0x54, 0xff, 0x80, 0x16, 0xf3, 0xff, 0x11, 0x24, 
	0x14, 0x00, 0x04, 0x8e, 0xc0, 0x00, 0xa5, 0x27, 0x20, 0x07, 0x11, 0x04, 0x30, 0x00, 0x84, 0x24, 
	0x91, 0xff, 0x00, 0x10, 0x25, 0x88, 0x40, 0x00, 0x4c, 0xff, 0x00, 0x10, 0xf0, 0xff, 0x11, 0x24, 
	0xe8, 0xff, 0xbd, 0x27, 0x10, 0x00, 0xb0, 0xaf, 0x25, 0x80, 0x80, 0x00, 0x00, 0x00, 0x04, 0x3c, 
	0x30, 0x4f, 0x84, 0x8c, 0x14, 0x00, 0xbf, 0xaf, 0x3b, 0x06, 0x11, 0x04, 0x00, 0x00, 0x00, 0x00, 
	0x0c, 0x00, 0x04, 0x8e, 0x34, 0x02, 0x06, 0x24, 0x04, 0x06, 0x11, 0x04, 0x25, 0x28, 0x00, 0x00, 
	0x00, 0x00, 0x04, 0x3c, 0x30, 0x4f, 0x84, 0x8c, 0x31, 0x06, 0x11, 0x04, 0x00, 0x00, 0x00, 0x00, 
	0x14, 0x00, 0xbf, 0x8f, 0x10, 0x00, 0xb0, 0x8f, 0x25, 0x10, 0x00, 0x00, 0x08, 0x00, 0xe0, 0x03, 
	0x18, 0x00, 0xbd, 0x27, 0xb8, 0xfc, 0x00, 0x10, 0x25, 0x38, 0x00, 0x00, 0x00, 0x00, 0x82, 0x8c, 
	0x00, 0x00, 0x00, 0x00, 0x02, 0x00, 0x42, 0x30, 0x03, 0x00, 0x40, 0x10, 0x00, 0x00, 0x00, 0x00, 
	0xb1, 0xfc, 0x00, 0x10, 0x01, 0x00, 0x07, 0x24, 0x08, 0x00, 0xe0, 0x03, 0xf3, 0xff, 0x02, 0x24, 
	0xe0, 0xff, 0xbd, 0x27, 0x02, 0x00, 0x02, 0x24, 0x10, 0x00, 0xb0, 0xaf, 0x1c, 0x00, 0xbf, 0xaf, 
	0x18, 0x00, 0xb2, 0xaf, 0x14, 0x00, 0xb1, 0xaf, 0x1e, 0x00, 0xc2, 0x10, 0xea, 0xff, 0x10, 0x24, 
	0xff, 0x01, 0xb0, 0x30, 0x2a, 0x00, 0x00, 0x16, 0x25, 0x90, 0x80, 0x00, 0x00, 0x00, 0x04, 0x3c, 
	0x30, 0x4f, 0x84, 0x8c, 0x43, 0x8a, 0x05, 0x00, 0x24, 0x00, 0xa5, 0xaf, 0x12, 0x06, 0x11, 0x04, 
	0x28, 0x00, 0xa6, 0xaf, 0x28, 0x00, 0xa6, 0x8f, 0x01, 0x00, 0x02, 0x24, 0x0c, 0x00, 0x43, 0x8e, 
	0x24, 0x00, 0xa5, 0x8f, 0x16, 0x00, 0xc2, 0x14, 0x00, 0x00, 0x00, 0x00, 0x04, 0x00, 0x62, 0x8c, 
	0x00, 0x00, 0x00, 0x00, 0x21, 0x10, 0x51, 0x00, 0x06, 0x00, 0x40, 0x04, 0xea, 0xff, 0x10, 0x24, 
	0xf9, 0x1f, 0x44, 0x2c, 0x03, 0x00, 0x80, 0x10, 0x00, 0x00, 0x00, 0x00, 0x04, 0x00, 0x62, 0xac, 
	0x40, 0x82, 0x02, 0x00, 0x00, 0x00, 0x04, 0x3c, 0x30, 0x4f, 0x84, 0x8c, 0xfc, 0x05, 0x11, 0x04, 
	0x00, 0x00, 0x00, 0x00, 0x1c, 0x00, 0xbf, 0x8f, 0x18, 0x00, 0xb2, 0x8f, 0x14, 0x00, 0xb1, 0x8f, 
	0x25, 0x10, 0x00, 0x02, 0x10, 0x00, 0xb0, 0x8f, 0x08, 0x00, 0xe0, 0x03, 0x20, 0x00, 0xbd, 0x27, 
	0xf4, 0xff, 0xc0, 0x14, 0xf9, 0x1f, 0x22, 0x2e, 0xf2, 0xff, 0x40, 0x10, 0xea, 0xff, 0x10, 0x24, 
	0x00, 0xfe, 0x10, 0x24, 0x04, 0x00, 0x71, 0xac, 0xee, 0xff, 0x00, 0x10, 0x24, 0x80, 0xb0, 0x00, 
	0xf0, 0xff, 0x00, 0x10, 0xea, 0xff, 0x10, 0x24, 0xa0, 0xff, 0xbd, 0x27, 0x58, 0x00, 0xb0, 0xaf, 
	0x25, 0x80, 0x80, 0x00, 0x25, 0x20, 0xa0, 0x00, 0x10, 0x00, 0xa5, 0x27, 0x5c, 0x00, 0xbf, 0xaf, 
	0x01, 0xfd, 0x11, 0x04, 0x68, 0x00, 0xa6, 0xaf, 0x25, 0x18, 0x40, 0x00, 0x50, 0x00, 0xa2, 0xaf, 
	0x1b, 0x00, 0x60, 0x14, 0xea, 0xff, 0x02, 0x24, 0x00, 0x00, 0x04, 0x3c, 0x30, 0x4f, 0x84, 0x8c, 
	0xdd, 0x05, 0x11, 0x04, 0x00, 0x00, 0x00, 0x00, 0x04, 0x00, 0x04, 0x8e, 0x50, 0x00, 0xa6, 0x27, 
	0x9d, 0x0c, 0x11, 0x04, 0x10, 0x00, 0xa5, 0x27, 0x0c, 0x00, 0x40, 0x10, 0x25, 0x80, 0x40, 0x00, 
	0x14, 0x00, 0x44, 0x8c, 0x30, 0x00, 0xa5, 0x27, 0xac, 0x06, 0x11, 0x04, 0x38, 0x00, 0x84, 0x24, 
	0x0f, 0x00, 0x40, 0x14, 0x50, 0x00, 0xa2, 0xaf, 0x68, 0x00, 0xa5, 0x8f, 0x18, 0xfc, 0x11, 0x04, 
	0x25, 0x20, 0x00, 0x02, 0x97, 0x08, 0x11, 0x04, 0x25, 0x20, 0x00, 0x02, 0x00, 0x00, 0x04, 0x3c, 
	0x30, 0x4f, 0x84, 0x8c, 0xc6, 0x05, 0x11, 0x04, 0x00, 0x00, 0x00, 0x00, 0x50, 0x00, 0xa2, 0x8f, 
	0x5c, 0x00, 0xbf, 0x8f, 0x58, 0x00, 0xb0, 0x8f, 0x08, 0x00, 0xe0, 0x03, 0x60, 0x00, 0xbd, 0x27, 
	0x14, 0x00, 0x04, 0x8e, 0x38, 0x00, 0xa5, 0x27, 0x98, 0x06, 0x11, 0x04, 0x30, 0x00, 0x84, 0x24, 
	0xed, 0xff, 0x40, 0x10, 0x50, 0x00, 0xa2, 0xaf, 0xee, 0xff, 0x00, 0x10, 0x00, 0x00, 0x00, 0x00, 
	0x25, 0x38, 0x00, 0x00, 0x96, 0xfe, 0x00, 0x10, 0x25, 0x30, 0x00, 0x00, 0x00, 0x00, 0x83, 0x8c, 
	0x00, 0x00, 0x00, 0x00, 0x08, 0x00, 0x63, 0x30, 0x56, 0x00, 0x60, 0x10, 0xec, 0xff, 0x02, 0x24, 
	0xd0, 0xff, 0xbd, 0x27, 0x28, 0x00, 0xb3, 0xaf, 0x0c, 0x00, 0x93, 0x8c, 0x20, 0x00, 0xb1, 0xaf, 
	0x25, 0x88, 0x80, 0x00, 0x2c, 0x00, 0x64, 0x8e, 0xff, 0xff, 0x03, 0x24, 0x2c, 0x00, 0xbf, 0xaf, 
	0x24, 0x00, 0xb2, 0xaf, 0x1c, 0x00, 0xb0, 0xaf, 0x3b, 0x00, 0x83, 0x10, 0x25, 0x10, 0x00, 0x00, 
	0x00, 0x00, 0x04, 0x3c, 0x30, 0x4f, 0x84, 0x8c, 0xa3, 0x05, 0x11, 0x04, 0x25, 0x80, 0xa0, 0x00, 
	0x2c, 0x00, 0x65, 0x8e, 0x04, 0x00, 0x24, 0x8e, 0x10, 0x00, 0xa7, 0x27, 0x04, 0x08, 0x11, 0x04, 
	0x25, 0x30, 0x00, 0x00, 0x2b, 0x00, 0x40, 0x10, 0x25, 0x90, 0x40, 0x00, 0x14, 0x00, 0x45, 0x8c, 
	0x00, 0x00, 0x00, 0x00, 0x44, 0x00, 0xa2, 0x8c, 0x00, 0x00, 0x00, 0x00, 0x25, 0x00, 0x40, 0x10, 
	0x00, 0x00, 0x00, 0x00, 0x4a, 0x00, 0xa2, 0x94, 0x00, 0x00, 0x00, 0x00, 0x01, 0x00, 0x42, 0x30, 
	0x2c, 0x00, 0x40, 0x10, 0x40, 0x00, 0x04, 0x26, 0x04, 0x00, 0x24, 0x8e, 0x58, 0x00, 0xa5, 0x8c, 
	0x10, 0x00, 0xa7, 0x27, 0xf2, 0x07, 0x11, 0x04, 0x25, 0x30, 0x00, 0x00, 0x0c, 0x00, 0x40, 0x10, 
	0x25, 0x88, 0x40, 0x00, 0x14, 0x00, 0x45, 0x8c, 0x40, 0x00, 0x04, 0x26, 0x20, 0x00, 0x06, 0x24, 
	0x5e, 0x05, 0x11, 0x04, 0x10, 0x00, 0xa5, 0x24, 0x25, 0x20, 0x40, 0x00, 0x57, 0x05, 0x11, 0x04, 
	0x60, 0x00, 0x00, 0xa2, 0x25, 0x20, 0x20, 0x02, 0x4a, 0x08, 0x11, 0x04, 0x10, 0x00, 0xa2, 0xaf, 
	0x25, 0x28, 0x00, 0x02, 0xc6, 0xfb, 0x11, 0x04, 0x25, 0x20, 0x40, 0x02, 0x14, 0x00, 0x42, 0x8e, 
	0x00, 0x00, 0x00, 0x00, 0x08, 0x00, 0x42, 0x8c, 0x00, 0x00, 0x00, 0x00, 0x02, 0x00, 0x40, 0x14, 
	0x00, 0x00, 0x00, 0x00, 0xff, 0xff, 0x02, 0x24, 0x2c, 0x00, 0x62, 0xae, 0x3d, 0x08, 0x11, 0x04, 
	0x25, 0x20, 0x40, 0x02, 0x00, 0x00, 0x04, 0x3c, 0x30, 0x4f, 0x84, 0x8c, 0x6c, 0x05, 0x11, 0x04, 
	0x00, 0x00, 0x00, 0x00, 0x10, 0x00, 0xa2, 0x8f, 0x2c, 0x00, 0xbf, 0x8f, 0x28, 0x00, 0xb3, 0x8f, 
	0x24, 0x00, 0xb2, 0x8f, 0x20, 0x00, 0xb1, 0x8f, 0x1c, 0x00, 0xb0, 0x8f, 0x08, 0x00, 0xe0, 0x03, 
	0x30, 0x00, 0xbd, 0x27, 0x20, 0x00, 0x06, 0x24, 0x3c, 0x05, 0x11, 0x04, 0x10, 0x00, 0xa5, 0x24, 
	0x25, 0x20, 0x40, 0x00, 0x35, 0x05, 0x11, 0x04, 0x60, 0x00, 0x00, 0xa2, 0xe0, 0xff, 0x00, 0x10, 
	0x10, 0x00, 0xa2, 0xaf, 0x08, 0x00, 0xe0, 0x03, 0x00, 0x00, 0x00, 0x00, 0xc8, 0xff, 0xbd, 0x27, 
	0x24, 0x00, 0xb1, 0xaf, 0x25, 0x88, 0x80, 0x00, 0x00, 0x00, 0x04, 0x3c, 0x30, 0x4f, 0x84, 0x8c, 
	0x2c, 0x00, 0xb3, 0xaf, 0x28, 0x00, 0xb2, 0xaf, 0x20, 0x00, 0xb0, 0xaf, 0x25, 0x90, 0xc0, 0x00, 
	0x34, 0x00, 0xbf, 0xaf, 0x30, 0x00, 0xb4, 0xaf, 0x4f, 0x05, 0x11, 0x04, 0x25, 0x80, 0xa0, 0x00, 
	0x04, 0x00, 0x33, 0x8e, 0x10, 0x00, 0xa6, 0x27, 0x25, 0x28, 0x40, 0x02, 0x0e, 0x0c, 0x11, 0x04, 
	0x25, 0x20, 0x60, 0x02, 0x1e, 0x00, 0x40, 0x14, 0x25, 0x88, 0x00, 0x00, 0x00, 0x00, 0x04, 0x3c, 
	0x34, 0x4f, 0x84, 0x8c, 0x00, 0x00, 0x14, 0x3c, 0x80, 0x4e, 0x94, 0x8e, 0x0c, 0x00, 0x84, 0x24, 
	0x2a, 0x10, 0x34, 0x02, 0x29, 0x00, 0x40, 0x14, 0x5f, 0x00, 0x03, 0x24, 0x00, 0x00, 0x02, 0x82, 
	0x00, 0x00, 0x00, 0x00, 0x06, 0x00, 0x43, 0x14, 0x25, 0x28, 0x00, 0x02, 0x01, 0x00, 0x03, 0x82, 
	0x00, 0x00, 0x00, 0x00, 0x14, 0x00, 0x62, 0x10, 0xf3, 0xff, 0x11, 0x24, 0x25, 0x28, 0x00, 0x02, 
	0x10, 0x00, 0xa6, 0x27, 0xf8, 0x0b, 0x11, 0x04, 0x25, 0x20, 0x60, 0x02, 0x2f, 0x00, 0x40, 0x14, 
	0x25, 0x80, 0x40, 0x00, 0x00, 0x00, 0x04, 0x3c, 0x30, 0x4f, 0x84, 0x8c, 0x2c, 0x05, 0x11, 0x04, 
	0x00, 0x00, 0x00, 0x00, 0x10, 0x00, 0xb1, 0x8f, 0x07, 0x00, 0x00, 0x10, 0x00, 0x00, 0x00, 0x00, 
	0xf4, 0x07, 0x11, 0x04, 0x25, 0x20, 0x40, 0x00, 0x00, 0x00, 0x04, 0x3c, 0x30, 0x4f, 0x84, 0x8c, 
	0x23, 0x05, 0x11, 0x04, 0xef, 0xff, 0x11, 0x24, 0x00, 0x00, 0x04, 0x3c, 0x30, 0x4f, 0x84, 0x8c, 
	0x1f, 0x05, 0x11, 0x04, 0x00, 0x00, 0x00, 0x00, 0x34, 0x00, 0xbf, 0x8f, 0x30, 0x00, 0xb4, 0x8f, 
	0x2c, 0x00, 0xb3, 0x8f, 0x28, 0x00, 0xb2, 0x8f, 0x20, 0x00, 0xb0, 0x8f, 0x25, 0x10, 0x20, 0x02, 
	0x24, 0x00, 0xb1, 0x8f, 0x08, 0x00, 0xe0, 0x03, 0x38, 0x00, 0xbd, 0x27, 0xf4, 0xff, 0x82, 0x8c, 
	0x00, 0x00, 0x00, 0x00, 0x0e, 0x00, 0x40, 0x10, 0x20, 0x00, 0x06, 0x24, 0x25, 0x28, 0x00, 0x02, 
	0xda, 0x04, 0x11, 0x04, 0x18, 0x00, 0xa4, 0xaf, 0x18, 0x00, 0xa4, 0x8f, 0x09, 0x00, 0x40, 0x14, 
	0x01, 0x00, 0x31, 0x26, 0xff, 0xff, 0x31, 0x26, 0x00, 0x00, 0x04, 0x3c, 0x30, 0x4f, 0x84, 0x8c, 
	0x07, 0x05, 0x11, 0x04, 0xf0, 0xff, 0x11, 0x24, 0xe3, 0xff, 0x00, 0x10, 0x00, 0x00, 0x00, 0x00, 
	0x01, 0x00, 0x31, 0x26, 0xc2, 0xff, 0x00, 0x10, 0x34, 0x02, 0x84, 0x24, 0x14, 0x00, 0x44, 0x8c, 
	0x20, 0x00, 0x06, 0x24, 0x25, 0x28, 0x00, 0x00, 0xcc, 0x04, 0x11, 0x04, 0x10, 0x00, 0x84, 0x24, 
	0x14, 0x00, 0x04, 0x8e, 0x1f, 0x00, 0x06, 0x24, 0x25, 0x28, 0x40, 0x02, 0xd3, 0x04, 0x11, 0x04, 
	0x10, 0x00, 0x84, 0x24, 0x14, 0x00, 0x04, 0x8e, 0x25, 0x88, 0x00, 0x00, 0x0a, 0x06, 0x11, 0x04, 
	0x50, 0x00, 0x84, 0x24, 0x14, 0x00, 0x04, 0x8e, 0xbc, 0x0a, 0x11, 0x04, 0x01, 0x00, 0x05, 0x24, 
	0x14, 0x00, 0x03, 0x8e, 0x25, 0x20, 0x60, 0x02, 0x00, 0x00, 0x62, 0xac, 0x08, 0x00, 0x02, 0x96, 
	0x00, 0x00, 0x00, 0x00, 0x01, 0x00, 0x42, 0x34, 0x11, 0x07, 0x11, 0x04, 0x08, 0x00, 0x02, 0xa6, 
	0xb4, 0x07, 0x11, 0x04, 0x25, 0x20, 0x00, 0x02, 0xc3, 0xff, 0x00, 0x10, 0x00, 0x00, 0x00, 0x00, 
	0x00, 0xff, 0xbd, 0x27, 0xec, 0x00, 0xb2, 0xaf, 0xe8, 0x00, 0xb1, 0xaf, 0x25, 0x90, 0x80, 0x00, 
	0x0c, 0x00, 0x91, 0x8c, 0x00, 0x00, 0x04, 0x3c, 0x30, 0x4f, 0x84, 0x8c, 0xf0, 0x00, 0xb3, 0xaf, 
	0xe4, 0x00, 0xb0, 0xaf, 0xfc, 0x00, 0xbf, 0xaf, 0xf8, 0x00, 0xb5, 0xaf, 0xf4, 0x00, 0xb4, 0xaf, 
	0x25, 0x80, 0xa0, 0x00, 0xd8, 0x04, 0x11, 0x04, 0x25, 0x98, 0xc0, 0x00, 0x32, 0x68, 0x02, 0x24, 
	0xde, 0x00, 0x02, 0x12, 0x33, 0x68, 0x02, 0x2a, 0x20, 0x00, 0x40, 0x10, 0x03, 0x68, 0x02, 0x24, 
	0xd7, 0x00, 0x02, 0x12, 0x04, 0x68, 0x02, 0x2a, 0x14, 0x00, 0x40, 0x10, 0x01, 0x68, 0x02, 0x24, 
	0x29, 0x00, 0x02, 0x12, 0x02, 0x68, 0x02, 0x24, 0x9b, 0x00, 0x02, 0x12, 0x00, 0x00, 0x00, 0x00, 
	0xea, 0xff, 0x10, 0x24, 0x00, 0x00, 0x04, 0x3c, 0x30, 0x4f, 0x84, 0x8c, 0xc4, 0x04, 0x11, 0x04, 
	0x00, 0x00, 0x00, 0x00, 0xfc, 0x00, 0xbf, 0x8f, 0xf8, 0x00, 0xb5, 0x8f, 0xf4, 0x00, 0xb4, 0x8f, 
	0xf0, 0x00, 0xb3, 0x8f, 0xec, 0x00, 0xb2, 0x8f, 0xe8, 0x00, 0xb1, 0x8f, 0x25, 0x10, 0x00, 0x02, 
	0xe4, 0x00, 0xb0, 0x8f, 0x08, 0x00, 0xe0, 0x03, 0x00, 0x01, 0xbd, 0x27, 0x04, 0x68, 0x02, 0x24, 
	0xef, 0xff, 0x02, 0x16, 0x00, 0x00, 0x00, 0x00, 0x04, 0x00, 0x44, 0x8e, 0x3f, 0x04, 0x11, 0x04, 
	0x00, 0x00, 0x00, 0x00, 0xeb, 0xff, 0x00, 0x10, 0x25, 0x80, 0x00, 0x00, 0x34, 0x68, 0x02, 0x24, 
	0xda, 0x00, 0x02, 0x12, 0x35, 0x68, 0x02, 0x24, 0xde, 0x00, 0x02, 0x12, 0x33, 0x68, 0x02, 0x24, 
	0xe3, 0xff, 0x02, 0x16, 0x00, 0x00, 0x00, 0x00, 0x00, 0x00, 0x62, 0x8e, 0x00, 0x00, 0x00, 0x00, 
	0x05, 0x00, 0x42, 0x24, 0xc0, 0x10, 0x02, 0x00, 0x21, 0x10, 0x22, 0x02, 0x08, 0x00, 0x50, 0x8c, 
	0xdc, 0xff, 0x00, 0x10, 0x00, 0x00, 0x00, 0x00, 0x00, 0x00, 0x23, 0x8e, 0x00, 0x00, 0x00, 0x00, 
	0x00, 0x00, 0x62, 0x8c, 0x00, 0x00, 0x00, 0x00, 0x02, 0x00, 0x42, 0x30, 0xd5, 0xff, 0x40, 0x10, 
	0xf3, 0xff, 0x10, 0x24, 0x08, 0x00, 0x22, 0x96, 0x00, 0x00, 0x00, 0x00, 0x40, 0x00, 0x42, 0x2c, 
	0xd0, 0xff, 0x40, 0x10, 0xe5, 0xff, 0x10, 0x24, 0x40, 0x00, 0x06, 0x24, 0x25, 0x28, 0x00, 0x00, 
	0x04, 0x00, 0x72, 0x8c, 0x61, 0x04, 0x11, 0x04, 0x98, 0x00, 0xa4, 0x27, 0x58, 0xfb, 0x11, 0x04, 
	0x25, 0x20, 0x60, 0x02, 0xd8, 0x00, 0xa2, 0xaf, 0xc6, 0xff, 0x40, 0x04, 0xea, 0xff, 0x10, 0x24, 
	0x01, 0x00, 0x03, 0x24, 0xce, 0x00, 0xa3, 0xa7, 0x0a, 0x00, 0x23, 0x96, 0xc8, 0x00, 0xa2, 0xaf, 
	0xcc, 0x00, 0xa3, 0xa7, 0x2c, 0x00, 0x23, 0x8e, 0x25, 0x28, 0x40, 0x00, 0xd0, 0x00, 0xa3, 0xaf, 
	0x08, 0x00, 0x23, 0x96, 0x25, 0x20, 0x40, 0x02, 0x01, 0x00, 0x63, 0x24, 0xf2, 0x01, 0x11, 0x04, 
	0xd4, 0x00, 0xa3, 0xaf, 0x25, 0x80, 0x40, 0x00, 0xb6, 0xff, 0x40, 0x04, 0xd8, 0x00, 0xa2, 0xaf, 
	0x80, 0x00, 0x06, 0x24, 0x25, 0x28, 0x00, 0x00, 0x18, 0x00, 0xa4, 0x27, 0x47, 0x04, 0x11, 0x04, 
	0xd8, 0x00, 0xb3, 0x27, 0x25, 0x38, 0x60, 0x02, 0x25, 0x30, 0x00, 0x00, 0x25, 0x28, 0x00, 0x00, 
	0xdb, 0x06, 0x11, 0x04, 0x25, 0x20, 0x40, 0x02, 0x25, 0x80, 0x40, 0x00, 0x25, 0xa0, 0x00, 0x00, 
	0x0f, 0x00, 0x00, 0x16, 0x00, 0x00, 0x00, 0x00, 0xd8, 0x00, 0xb0, 0x8f, 0x00, 0x00, 0x00, 0x00, 
	0xa4, 0xff, 0x00, 0x16, 0x25, 0x38, 0x80, 0x02, 0x10, 0x00, 0xb3, 0xaf, 0x18, 0x00, 0xa6, 0x27, 
	0x98, 0x00, 0xa5, 0x27, 0xe4, 0x01, 0x11, 0x04, 0x25, 0x20, 0x40, 0x02, 0x0d, 0x00, 0x40, 0x14, 
	0x00, 0x00, 0x00, 0x00, 0xd8, 0x00, 0xb0, 0x8f, 0x9a, 0xff, 0x00, 0x10, 0x00, 0x00, 0x00, 0x00, 
	0x14, 0x00, 0x04, 0x8e, 0x10, 0x00, 0x14, 0x8e, 0x20, 0x08, 0x11, 0x04, 0x18, 0x00, 0xa5, 0x27, 
	0x25, 0x20, 0x00, 0x02, 0xac, 0x0a, 0x11, 0x04, 0x25, 0x28, 0x60, 0x02, 0xe8, 0xff, 0x00, 0x10, 
	0x25, 0x80, 0x40, 0x00, 0x14, 0x00, 0x43, 0x8c, 0x00, 0x00, 0x00, 0x00, 0x40, 0x00, 0x75, 0x8c, 
	0x44, 0x00, 0x74, 0x8c, 0x1f, 0x07, 0x11, 0x04, 0x25, 0x20, 0x40, 0x00, 0x2c, 0x00, 0x25, 0x8e, 
	0x25, 0x38, 0x60, 0x02, 0x25, 0x30, 0x00, 0x00, 0xb5, 0x06, 0x11, 0x04, 0x25, 0x20, 0x40, 0x02, 
	0xe8, 0xff, 0x40, 0x10, 0x25, 0x80, 0x40, 0x00, 0x14, 0x00, 0x44, 0x8c, 0x00, 0x00, 0x00, 0x00, 
	0x4c, 0x00, 0x82, 0x8c, 0x00, 0x00, 0x00, 0x00, 0xc0, 0x18, 0x02, 0x00, 0x21, 0x18, 0x83, 0x00, 
	0x00, 0x02, 0x75, 0xac, 0x04, 0x02, 0x74, 0xac, 0x01, 0x00, 0x42, 0x24, 0x4c, 0x00, 0x82, 0xac, 
	0x08, 0x00, 0x22, 0x96, 0x25, 0x20, 0x40, 0x02, 0x01, 0x00, 0x42, 0x24, 0xff, 0xff, 0x42, 0x30, 
	0x08, 0x00, 0x22, 0xa6, 0xc0, 0x10, 0x02, 0x00, 0x21, 0x10, 0x22, 0x02, 0x2c, 0x00, 0x55, 0xac, 
	0x30, 0x00, 0x54, 0xac, 0x08, 0x00, 0x02, 0x96, 0x00, 0x00, 0x00, 0x00, 0x01, 0x00, 0x42, 0x34, 
	0x5b, 0x06, 0x11, 0x04, 0x08, 0x00, 0x02, 0xa6, 0xfe, 0x06, 0x11, 0x04, 0x25, 0x20, 0x00, 0x02, 
	0xcc, 0xff, 0x00, 0x10, 0x00, 0x00, 0x00, 0x00, 0x00, 0x00, 0x23, 0x8e, 0x00, 0x00, 0x00, 0x00, 
	0x00, 0x00, 0x62, 0x8c, 0x00, 0x00, 0x00, 0x00, 0x02, 0x00, 0x42, 0x30, 0x61, 0xff, 0x40, 0x10, 
	0xf3, 0xff, 0x10, 0x24, 0x08, 0x00, 0x22, 0x96, 0x00, 0x00, 0x00, 0x00, 0x5d, 0xff, 0x40, 0x10, 
	0xfe, 0xff, 0x10, 0x24, 0x04, 0x00, 0x72, 0x8c, 0x2c, 0x00, 0x25, 0x8e, 0x18, 0x00, 0xa7, 0x27, 
	0x25, 0x30, 0x00, 0x00, 0x86, 0x06, 0x11, 0x04, 0x25, 0x20, 0x40, 0x02, 0x04, 0x00, 0x40, 0x14, 
	0x25, 0x80, 0x40, 0x00, 0x18, 0x00, 0xb0, 0x8f, 0x52, 0xff, 0x00, 0x10, 0x00, 0x00, 0x00, 0x00, 
	0x14, 0x00, 0x43, 0x8c, 0x18, 0x00, 0xa7, 0x27, 0x4c, 0x00, 0x62, 0x8c, 0x25, 0x30, 0x00, 0x00, 
	0x3f, 0x00, 0x42, 0x24, 0xc0, 0x10, 0x02, 0x00, 0x21, 0x18, 0x62, 0x00, 0x00, 0x00, 0x65, 0x8c, 
	0x77, 0x06, 0x11, 0x04, 0x25, 0x20, 0x40, 0x02, 0x11, 0x00, 0x40, 0x10, 0x25, 0x98, 0x40, 0x00, 
	0x08, 0x00, 0x22, 0x96, 0x14, 0x00, 0x03, 0x8e, 0xff, 0xff, 0x42, 0x24, 0x08, 0x00, 0x22, 0xa6, 
	0x4c, 0x00, 0x62, 0x8c, 0x25, 0x20, 0x40, 0x02, 0xff, 0xff, 0x42, 0x24, 0x4c, 0x00, 0x62, 0xac, 
	0x08, 0x00, 0x02, 0x96, 0x00, 0x00, 0x00, 0x00, 0x01, 0x00, 0x42, 0x34, 0x28, 0x06, 0x11, 0x04, 
	0x08, 0x00, 0x02, 0xa6, 0x5d, 0x09, 0x11, 0x04, 0x25, 0x20, 0x60, 0x02, 0x18, 0x00, 0xa2, 0xaf, 
	0xc8, 0x06, 0x11, 0x04, 0x25, 0x20, 0x00, 0x02, 0xde, 0xff, 0x00, 0x10, 0x00, 0x00, 0x00, 0x00, 
	0x08, 0x00, 0x30, 0x96, 0x2f, 0xff, 0x00, 0x10, 0x00, 0x00, 0x00, 0x00, 0x00, 0x00, 0x62, 0x8e, 
	0x08, 0x00, 0x23, 0x96, 0x00, 0x00, 0x00, 0x00, 0x2b, 0x18, 0x62, 0x00, 0x29, 0xff, 0x60, 0x14, 
	0xed, 0xff, 0x10, 0x24, 0x04, 0x00, 0x63, 0x8e, 0x02, 0x00, 0x40, 0x10, 0x00, 0x20, 0x64, 0x2c, 
	0x02, 0x00, 0x64, 0x2c, 0x23, 0xff, 0x80, 0x14, 0xea, 0xff, 0x10, 0x24, 0xc0, 0x10, 0x02, 0x00, 
	0x08, 0x00, 0x67, 0x8e, 0x21, 0x10, 0x22, 0x02, 0x30, 0x00, 0x44, 0x8c, 0x21, 0x28, 0xe3, 0x00, 
	0x2b, 0x20, 0x85, 0x00, 0x1b, 0xff, 0x80, 0x14, 0xfa, 0xff, 0x10, 0x24, 0x2c, 0x00, 0x46, 0x8c, 
	0x0c, 0x00, 0x62, 0x8e, 0x00, 0x00, 0x00, 0x00, 0x10, 0x00, 0xa2, 0xaf, 0x10, 0x00, 0x65, 0x8e, 
	0x04, 0x00, 0x44, 0x8e, 0x59, 0x03, 0x11, 0x04, 0x21, 0x30, 0x66, 0x00, 0x11, 0xff, 0x40, 0x10, 
	0x25, 0x80, 0x40, 0x00, 0x0f, 0xff, 0x00, 0x10, 0xfb, 0xff, 0x10, 0x24, 0x2c, 0x00, 0x25, 0x8e, 
	0x04, 0x00, 0x44, 0x8e, 0x10, 0x07, 0x11, 0x04, 0x25, 0x80, 0x00, 0x00, 0x09, 0xff, 0x00, 0x10, 
	0x00, 0x00, 0x00, 0x00, 0x04, 0x00, 0x44, 0x8e, 0x18, 0x00, 0xa6, 0x27, 0x19, 0x07, 0x11, 0x04, 
	0x07, 0x00, 0x05, 0x24, 0x17, 0xff, 0x40, 0x10, 0x25, 0x80, 0x40, 0x00, 0x2c, 0x00, 0x23, 0x8e, 
	0x18, 0x00, 0xa2, 0x8f, 0x00, 0x00, 0x00, 0x00, 0xfe, 0xfe, 0x62, 0x14, 0x25, 0x28, 0x00, 0x00, 
	0xef, 0xff, 0x00, 0x10, 0x00, 0x00, 0x00, 0x00, 0x70, 0xff, 0xbd, 0x27, 0x88, 0x00, 0xb2, 0xaf, 
	0x25, 0x90, 0x80, 0x00, 0x00, 0x00, 0x04, 0x3c, 0x30, 0x4f, 0x84, 0x8c, 0x84, 0x00, 0xb1, 0xaf, 
	0x98, 0x00, 0xa6, 0xaf, 0x8c, 0x00, 0xbf, 0xaf, 0x80, 0x00, 0xb0, 0xaf, 0xba, 0x03, 0x11, 0x04, 
	0x25, 0x88, 0xe0, 0x00, 0x98, 0x00, 0xa6, 0x8f, 0xa4, 0x00, 0xa5, 0x8f, 0x0c, 0x48, 0xc2, 0x28, 
	0x19, 0x00, 0x40, 0x10, 0x01, 0x48, 0xc2, 0x28, 0x1b, 0x00, 0x40, 0x14, 0xea, 0xff, 0x10, 0x24, 
	0xfe, 0xb7, 0xc6, 0x24, 0x0a, 0x00, 0xc2, 0x2c, 0x2c, 0x00, 0x40, 0x10, 0x80, 0x30, 0x06, 0x00, 
	0x00, 0x00, 0x02, 0x3c, 0xb0, 0x46, 0x42, 0x24, 0x21, 0x10, 0x46, 0x00, 0x00, 0x00, 0x42, 0x8c, 
	0x00, 0x00, 0x00, 0x00, 0x08, 0x00, 0x40, 0x00, 0x00, 0x00, 0x00, 0x00, 0xcd, 0x97, 0xc6, 0x24, 
	0x06, 0x00, 0xc2, 0x2c, 0xb5, 0x00, 0x40, 0x10, 0x80, 0x30, 0x06, 0x00, 0x00, 0x00, 0x02, 0x3c, 
	0xd8, 0x46, 0x42, 0x24, 0x21, 0x10, 0x46, 0x00, 0x00, 0x00, 0x42, 0x8c, 0x04, 0x00, 0x50, 0x8e, 
	0x08, 0x00, 0x40, 0x00, 0x00, 0x00, 0x00, 0x00, 0xce, 0x97, 0xc2, 0x24, 0x07, 0x00, 0x42, 0x2c, 
	0xf2, 0xff, 0x40, 0x14, 0xea, 0xff, 0x10, 0x24, 0x00, 0x00, 0x04, 0x3c, 0x30, 0x4f, 0x84, 0x8c, 
	0x93, 0x03, 0x11, 0x04, 0x00, 0x00, 0x00, 0x00, 0x8c, 0x00, 0xbf, 0x8f, 0x88, 0x00, 0xb2, 0x8f, 
	0x84, 0x00, 0xb1, 0x8f, 0x25, 0x10, 0x00, 0x02, 0x80, 0x00, 0xb0, 0x8f, 0x08, 0x00, 0xe0, 0x03, 
	0x90, 0x00, 0xbd, 0x27, 0x2b, 0x03, 0x11, 0x04, 0x00, 0x00, 0x00, 0x00, 0xf2, 0xff, 0x00, 0x10, 
	0x25, 0x80, 0x00, 0x00, 0x00, 0x00, 0x25, 0x82, 0x04, 0x00, 0x44, 0x8e, 0x07, 0x03, 0x11, 0x04, 
	0x00, 0x00, 0x00, 0x00, 0xec, 0xff, 0x00, 0x10, 0x25, 0x80, 0x40, 0x00, 0x04, 0x00, 0x43, 0x8e, 
	0x00, 0x00, 0x02, 0x3c, 0x40, 0x4f, 0x42, 0x24, 0x00, 0x19, 0x03, 0x00, 0x21, 0x10, 0x43, 0x00, 
	0x04, 0x00, 0x50, 0x8c, 0xe4, 0xff, 0x00, 0x10, 0x00, 0x00, 0x00, 0x00, 0x04, 0x00, 0x43, 0x8e, 
	0x00, 0x00, 0x02, 0x3c, 0x40, 0x4f, 0x42, 0x24, 0x00, 0x19, 0x03, 0x00, 0x21, 0x10, 0x43, 0x00, 
	0x00, 0x00, 0x50, 0x8c, 0xdc, 0xff, 0x00, 0x10, 0x00, 0x00, 0x00, 0x00, 0x04, 0x00, 0x44, 0x8e, 
	0xfa, 0x02, 0x11, 0x04, 0xfb, 0xff, 0x10, 0x24, 0xe4, 0xff, 0x40, 0x10, 0x00, 0x00, 0x00, 0x00, 
	0xd5, 0xff, 0x00, 0x10, 0x00, 0x00, 0x00, 0x00, 0x18, 0x00, 0xa5, 0x27, 0x04, 0x00, 0x52, 0x8e, 
	0x85, 0xfa, 0x11, 0x04, 0x25, 0x20, 0x20, 0x02, 0x78, 0x00, 0xa2, 0xaf, 0xce, 0xff, 0x40, 0x14, 
	0xea, 0xff, 0x10, 0x24, 0x18, 0x00, 0xa3, 0x97, 0x5f, 0x5f, 0x02, 0x24, 0xca, 0xff, 0x62, 0x10, 
	0x00, 0x00, 0x00, 0x00, 0x20, 0x00, 0x06, 0x24, 0x25, 0x28, 0x00, 0x00, 0x2b, 0x03, 0x11, 0x04, 
	0x58, 0x00, 0xa4, 0x27, 0x00, 0x00, 0x05, 0x3c, 0xe0, 0x48, 0xa5, 0x24, 0x2d, 0x03, 0x11, 0x04, 
	0x58, 0x00, 0xa4, 0x27, 0x78, 0x00, 0xa6, 0x27, 0x58, 0x00, 0xa5, 0x27, 0x1a, 0x0a, 0x11, 0x04, 
	0x25, 0x20, 0x40, 0x02, 0x04, 0x00, 0x40, 0x14, 0x25, 0x88, 0x40, 0x00, 0x78, 0x00, 0xb0, 0x8f, 
	0xb9, 0xff, 0x00, 0x10, 0x00, 0x00, 0x00, 0x00, 0x78, 0x00, 0xa6, 0x27, 0x18, 0x00, 0xa5, 0x27, 
	0x11, 0x0a, 0x11, 0x04, 0x25, 0x20, 0x40, 0x02, 0x38, 0x00, 0x40, 0x10, 0x25, 0x80, 0x40, 0x00, 
	0x14, 0x00, 0x44, 0x8c, 0x38, 0x00, 0xa5, 0x27, 0x20, 0x04, 0x11, 0x04, 0x38, 0x00, 0x84, 0x24, 
	0x30, 0x00, 0x40, 0x14, 0x78, 0x00, 0xa2, 0xaf, 0x14, 0x00, 0x24, 0x8e, 0x14, 0x00, 0x05, 0x8e, 
	0x20, 0x00, 0x06, 0x24, 0x10, 0x00, 0xa5, 0x24, 0x0a, 0x03, 0x11, 0x04, 0x10, 0x00, 0x84, 0x24, 
	0x14, 0x00, 0x24, 0x8e, 0x14, 0x00, 0x05, 0x8e, 0x08, 0x00, 0x06, 0x24, 0x30, 0x00, 0xa5, 0x24, 
	0x04, 0x03, 0x11, 0x04, 0x30, 0x00, 0x84, 0x24, 0x14, 0x00, 0x24, 0x8e, 0x14, 0x00, 0x05, 0x8e, 
	0x08, 0x00, 0x06, 0x24, 0x38, 0x00, 0xa5, 0x24, 0xfe, 0x02, 0x11, 0x04, 0x38, 0x00, 0x84, 0x24, 
	0x14, 0x00, 0x04, 0x8e, 0x20, 0x00, 0x06, 0x24, 0x25, 0x28, 0x00, 0x00, 0xfb, 0x02, 0x11, 0x04, 
	0x10, 0x00, 0x84, 0x24, 0x14, 0x00, 0x04, 0x8e, 0x00, 0x00, 0x05, 0x3c, 0xe0, 0x48, 0xa5, 0x24, 
	0xfc, 0x02, 0x11, 0x04, 0x10, 0x00, 0x84, 0x24, 0x14, 0x00, 0x04, 0x8e, 0x08, 0x00, 0x06, 0x24, 
	0x25, 0x28, 0x00, 0x00, 0xf1, 0x02, 0x11, 0x04, 0x30, 0x00, 0x84, 0x24, 0x14, 0x00, 0x04, 0x8e, 
	0x08, 0x00, 0x06, 0x24, 0x38, 0x00, 0x84, 0x24, 0xec, 0x02, 0x11, 0x04, 0x25, 0x28, 0x00, 0x00, 
	0x08, 0x00, 0x22, 0x96, 0x25, 0x20, 0x40, 0x02, 0x01, 0x00, 0x42, 0x34, 0x08, 0x00, 0x22, 0xa6, 
	0x08, 0x00, 0x02, 0x96, 0x00, 0x00, 0x00, 0x00, 0x01, 0x00, 0x42, 0x34, 0x3c, 0x05, 0x11, 0x04, 
	0x08, 0x00, 0x02, 0xa6, 0xdf, 0x05, 0x11, 0x04, 0x25, 0x20, 0x00, 0x02, 0xdd, 0x05, 0x11, 0x04, 
	0x25, 0x20, 0x20, 0x02, 0xbd, 0xff, 0x00, 0x10, 0x00, 0x00, 0x00, 0x00, 0x04, 0x00, 0x44, 0x8e, 
	0x92, 0x02, 0x11, 0x04, 0x00, 0x00, 0x00, 0x00, 0x73, 0xff, 0x00, 0x10, 0x25, 0x80, 0x40, 0x00, 
	0x04, 0x00, 0x43, 0x8e, 0x00, 0x00, 0x02, 0x3c, 0x40, 0x4f, 0x42, 0x24, 0x00, 0x19, 0x03, 0x00, 
	0x21, 0x10, 0x43, 0x00, 0x0c, 0x00, 0x50, 0x8c, 0x6b, 0xff, 0x00, 0x10, 0x00, 0x00, 0x00, 0x00, 
	0x04, 0x00, 0x43, 0x8e, 0x00, 0x00, 0x02, 0x3c, 0x40, 0x4f, 0x42, 0x24, 0x00, 0x19, 0x03, 0x00, 
	0x21, 0x10, 0x43, 0x00, 0x08, 0x00, 0x50, 0x8c, 0x63, 0xff, 0x00, 0x10, 0x00, 0x00, 0x00, 0x00, 
	0x04, 0x00, 0x44, 0x8e, 0x00, 0x00, 0x06, 0x3c, 0xa0, 0x0a, 0x11, 0x04, 0x40, 0x4f, 0xc6, 0x24, 
	0x5d, 0xff, 0x00, 0x10, 0x25, 0x80, 0x40, 0x00, 0x04, 0x00, 0x44, 0x8e, 0x7d, 0x02, 0x11, 0x04, 
	0x00, 0x00, 0x00, 0x00, 0x58, 0xff, 0x00, 0x10, 0x25, 0x80, 0x40, 0x00, 0x02, 0x04, 0x11, 0x04, 
	0x25, 0x20, 0xa0, 0x00, 0x54, 0xff, 0x00, 0x10, 0x25, 0x80, 0x40, 0x00, 0x18, 0x00, 0xa7, 0x27, 
	0x25, 0x30, 0x00, 0x00, 0x25, 0x28, 0x00, 0x00, 0x4d, 0x05, 0x11, 0x04, 0x25, 0x20, 0x00, 0x02, 
	0x04, 0x00, 0x40, 0x14, 0x25, 0x90, 0x40, 0x00, 0x18, 0x00, 0xb0, 0x8f, 0x4a, 0xff, 0x00, 0x10, 
	0x00, 0x00, 0x00, 0x00, 0x04, 0x00, 0x26, 0x8e, 0x00, 0x00, 0x25, 0x8e, 0x00, 0x00, 0x04, 0x3c, 
	0x9d, 0x02, 0x11, 0x04, 0xe8, 0x48, 0x84, 0x24, 0x00, 0x00, 0x23, 0x8e, 0x14, 0x00, 0x42, 0x8e, 
	0x25, 0x20, 0x00, 0x02, 0x30, 0x01, 0x43, 0xac, 0x04, 0x00, 0x23, 0x8e, 0x00, 0x00, 0x00, 0x00, 
	0x34, 0x01, 0x43, 0xac, 0x08, 0x00, 0x42, 0x96, 0x00, 0x00, 0x00, 0x00, 0x01, 0x00, 0x42, 0x34, 
	0xf7, 0x04, 0x11, 0x04, 0x08, 0x00, 0x42, 0xa6, 0x9a, 0x05, 0x11, 0x04, 0x25, 0x20, 0x40, 0x02, 
	0xe9, 0xff, 0x00, 0x10, 0x00, 0x00, 0x00, 0x00, 0x25, 0x30, 0x00, 0x00, 0x06, 0x00, 0x05, 0x24, 
	0x14, 0x06, 0x11, 0x04, 0x25, 0x20, 0x00, 0x02, 0x2f, 0xff, 0x00, 0x10, 0x25, 0x80, 0x40, 0x00, 
	0x43, 0x09, 0x11, 0x04, 0x25, 0x20, 0x00, 0x02, 0x2b, 0xff, 0x00, 0x10, 0x25, 0x80, 0x40, 0x00, 
	0x10, 0x00, 0xa0, 0xaf, 0x04, 0x00, 0x27, 0x8e, 0x00, 0x00, 0x26, 0x8e, 0x3b, 0x02, 0x11, 0x04, 
	0x25, 0x20, 0x00, 0x02, 0x24, 0xff, 0x00, 0x10, 0x25, 0x80, 0x40, 0x00, 0x01, 0x00, 0x02, 0x24, 
	0x10, 0x00, 0xa2, 0xaf, 0x04, 0x00, 0x27, 0x8e, 0x00, 0x00, 0x26, 0x8e, 0xf7, 0xff, 0x00, 0x10, 
	0x08, 0x00, 0x25, 0x26, 0x37, 0x02, 0x11, 0x04, 0x25, 0x20, 0x00, 0x02, 0x1a, 0xff, 0x00, 0x10, 
	0x25, 0x80, 0x40, 0x00, 0x00, 0x00, 0x00, 0x00, 0x00, 0x00, 0x00, 0x00, 0x00, 0x00, 0x00, 0x00, 
	0x08, 0x00, 0xe0, 0x03, 0xff, 0xff, 0x02, 0x24, 0xff, 0xff, 0x02, 0x24, 0x08, 0x00, 0xe0, 0x03, 
	0xff, 0xff, 0x03, 0x24, 0x25, 0x28, 0x00, 0x00, 0x48, 0x02, 0x00, 0x10, 0x25, 0x20, 0x00, 0x00, 
	0xe8, 0xff, 0xbd, 0x27, 0x10, 0x00, 0xb0, 0xaf, 0x00, 0x00, 0x10, 0x3c, 0x40, 0x4f, 0x10, 0x26, 
	0x0c, 0x00, 0x02, 0x8e, 0x00, 0x00, 0x00, 0x00, 0x03, 0x00, 0x40, 0x14, 0x14, 0x00, 0xbf, 0xaf, 
	0x24, 0x02, 0x11, 0x04, 0x25, 0x20, 0x00, 0x00, 0x1c, 0x00, 0x02, 0x8e, 0x00, 0x00, 0x00, 0x00, 
	0x05, 0x00, 0x40, 0x14, 0x01, 0x00, 0x04, 0x24, 0x14, 0x00, 0xbf, 0x8f, 0x10, 0x00, 0xb0, 0x8f, 
	0x1c, 0x02, 0x00, 0x10, 0x18, 0x00, 0xbd, 0x27, 0x14, 0x00, 0xbf, 0x8f, 0x10, 0x00, 0xb0, 0x8f, 
	0x08, 0x00, 0xe0, 0x03, 0x18, 0x00, 0xbd, 0x27, 0x00, 0x21, 0x04, 0x00, 0x00, 0x00, 0x02, 0x3c, 
	0x40, 0x4f, 0x42, 0x24, 0x21, 0x10, 0x44, 0x00, 0x04, 0x00, 0x42, 0x8c, 0x00, 0x00, 0x00, 0x00, 
	0x2b, 0x28, 0x45, 0x00, 0x02, 0x00, 0xa0, 0x14, 0xea, 0xff, 0x02, 0x24, 0x25, 0x10, 0x00, 0x00, 
	0x08, 0x00, 0xe0, 0x03, 0x00, 0x00, 0x00, 0x00, 0xb8, 0xff, 0xbd, 0x27, 0x30, 0x00, 0xa9, 0x8c, 
	0x34, 0x00, 0xb5, 0xaf, 0x58, 0x00, 0xb5, 0x8f, 0x44, 0x00, 0xbf, 0xaf, 0x40, 0x00, 0xbe, 0xaf, 
	0x3c, 0x00, 0xb7, 0xaf, 0x38, 0x00, 0xb6, 0xaf, 0x30, 0x00, 0xb4, 0xaf, 0x2c, 0x00, 0xb3, 0xaf, 
	0x28, 0x00, 0xb2, 0xaf, 0x24, 0x00, 0xb1, 0xaf, 0x20, 0x00, 0xb0, 0xaf, 0x25, 0x10, 0x00, 0x00, 
	0x01, 0x00, 0x0a, 0x24, 0x20, 0x00, 0x08, 0x24, 0x04, 0x18, 0x4a, 0x00, 0x2b, 0x18, 0x69, 0x00, 
	0x15, 0x00, 0x60, 0x14, 0x80, 0x18, 0x02, 0x00, 0x21, 0x18, 0xc3, 0x00, 0x00, 0x00, 0x63, 0x8c, 
	0x00, 0x00, 0x00, 0x00, 0x11, 0x00, 0x60, 0x10, 0x01, 0x00, 0x42, 0x24, 0xff, 0xff, 0x42, 0x24, 
	0x44, 0x00, 0xbf, 0x8f, 0x40, 0x00, 0xbe, 0x8f, 0x3c, 0x00, 0xb7, 0x8f, 0x38, 0x00, 0xb6, 0x8f, 
	0x30, 0x00, 0xb4, 0x8f, 0x2c, 0x00, 0xb3, 0x8f, 0x28, 0x00, 0xb2, 0x8f, 0x24, 0x00, 0xb1, 0x8f, 
	0x20, 0x00, 0xb0, 0x8f, 0x25, 0x38, 0xa0, 0x02, 0x34, 0x00, 0xb5, 0x8f, 0x25, 0x30, 0x60, 0x00, 
	0x62, 0x06, 0x00, 0x10, 0x48, 0x00, 0xbd, 0x27, 0x01, 0x00, 0x42, 0x24, 0xe7, 0xff, 0x48, 0x14, 
	0x04, 0x18, 0x4a, 0x00, 0x25, 0x98, 0xe0, 0x00, 0x25, 0xa0, 0xa0, 0x00, 0x25, 0x38, 0xa0, 0x02, 
	0x25, 0x30, 0x00, 0x00, 0x25, 0x28, 0x60, 0x02, 0xb9, 0x04, 0x11, 0x04, 0x25, 0x90, 0x80, 0x00, 
	0x25, 0x80, 0x40, 0x00, 0x14, 0x00, 0x42, 0x8c, 0x00, 0x00, 0x00, 0x00, 0x40, 0x00, 0x51, 0x8c, 
	0x44, 0x00, 0x42, 0x8c, 0x00, 0x00, 0x00, 0x00, 0x21, 0x88, 0x22, 0x02, 0x30, 0x00, 0x82, 0x8e, 
	0x00, 0x00, 0x00, 0x00, 0x02, 0x00, 0x40, 0x14, 0x1b, 0x00, 0x22, 0x02, 0x0d, 0x00, 0x07, 0x00, 
	0x10, 0x18, 0x00, 0x00, 0x02, 0x00, 0x60, 0x10, 0x00, 0x29, 0x12, 0x00, 0x23, 0x18, 0x43, 0x00, 
	0x00, 0x00, 0x04, 0x3c, 0x40, 0x4f, 0x84, 0x24, 0x21, 0x20, 0x85, 0x00, 0x21, 0x10, 0x51, 0x00, 
	0x21, 0x10, 0x43, 0x00, 0x00, 0x00, 0x83, 0x8c, 0x00, 0x00, 0x00, 0x00, 0x2b, 0x10, 0x62, 0x00, 
	0x03, 0x00, 0x40, 0x14, 0x2b, 0x98, 0x33, 0x02, 0x13, 0x00, 0x60, 0x12, 0x25, 0x38, 0xa0, 0x02, 
	0xe4, 0xff, 0x02, 0x24, 0x00, 0x00, 0xa2, 0xae, 0xfe, 0x04, 0x11, 0x04, 0x25, 0x20, 0x00, 0x02, 
	0x25, 0xa0, 0x00, 0x00, 0x44, 0x00, 0xbf, 0x8f, 0x40, 0x00, 0xbe, 0x8f, 0x3c, 0x00, 0xb7, 0x8f, 
	0x38, 0x00, 0xb6, 0x8f, 0x34, 0x00, 0xb5, 0x8f, 0x2c, 0x00, 0xb3, 0x8f, 0x28, 0x00, 0xb2, 0x8f, 
	0x24, 0x00, 0xb1, 0x8f, 0x20, 0x00, 0xb0, 0x8f, 0x25, 0x10, 0x80, 0x02, 0x30, 0x00, 0xb4, 0x8f, 
	0x08, 0x00, 0xe0, 0x03, 0x48, 0x00, 0xbd, 0x27, 0x25, 0x30, 0x00, 0x00, 0x25, 0x28, 0x00, 0x00, 
	0x87, 0x04, 0x11, 0x04, 0x25, 0x20, 0x40, 0x02, 0x25, 0x98, 0x40, 0x00, 0xea, 0xff, 0x40, 0x10, 
	0x04, 0x00, 0x1e, 0x3c, 0x30, 0x00, 0x82, 0x8e, 0x00, 0x00, 0x00, 0x00, 0x02, 0x00, 0x40, 0x14, 
	0x1b, 0x00, 0x22, 0x02, 0x0d, 0x00, 0x07, 0x00, 0x10, 0x18, 0x00, 0x00, 0x26, 0x00, 0x60, 0x14, 
	0x42, 0xb0, 0x02, 0x00, 0x18, 0x00, 0xb5, 0xaf, 0x14, 0x00, 0xa2, 0xaf, 0x14, 0x00, 0x02, 0x8e, 
	0x25, 0x28, 0x80, 0x02, 0x40, 0x00, 0x42, 0x8c, 0x25, 0x38, 0x00, 0x00, 0x10, 0x00, 0xa2, 0xaf, 
	0x25, 0x30, 0x20, 0x02, 0x7c, 0x05, 0x11, 0x04, 0x25, 0x20, 0x40, 0x02, 0x13, 0x00, 0x40, 0x10, 
	0x25, 0xa0, 0x40, 0x00, 0x14, 0x00, 0x02, 0x8e, 0x25, 0x20, 0x40, 0x02, 0x08, 0x00, 0x51, 0xac, 
	0x08, 0x00, 0x02, 0x96, 0x00, 0x00, 0x00, 0x00, 0x01, 0x00, 0x42, 0x34, 0x08, 0x00, 0x02, 0xa6, 
	0x14, 0x00, 0x82, 0x8e, 0x00, 0x00, 0x00, 0x00, 0x40, 0x00, 0x43, 0x8c, 0x14, 0x00, 0x62, 0x8e, 
	0x00, 0x00, 0x00, 0x00, 0x0c, 0x00, 0x43, 0xac, 0x08, 0x00, 0x62, 0x96, 0x00, 0x00, 0x00, 0x00, 
	0x01, 0x00, 0x42, 0x34, 0x1e, 0x04, 0x11, 0x04, 0x08, 0x00, 0x62, 0xa6, 0xc1, 0x04, 0x11, 0x04, 
	0x25, 0x20, 0x00, 0x02, 0xbf, 0x04, 0x11, 0x04, 0x25, 0x20, 0x60, 0x02, 0xc1, 0xff, 0x00, 0x10, 
	0x00, 0x00, 0x00, 0x00, 0x42, 0xb0, 0x02, 0x00, 0x2b, 0x18, 0xde, 0x02, 0xfd, 0xff, 0x60, 0x14, 
	0x00, 0x00, 0x00, 0x00, 0x02, 0x00, 0xc0, 0x16, 0x1b, 0x00, 0x36, 0x02, 0x0d, 0x00, 0x07, 0x00, 
	0x10, 0x18, 0x00, 0x00, 0x1f, 0x00, 0x60, 0x14, 0x25, 0x28, 0x20, 0x02, 0x14, 0x00, 0x02, 0x8e, 
	0x00, 0x00, 0x00, 0x00, 0x40, 0x00, 0x47, 0x8c, 0x25, 0x30, 0x00, 0x00, 0x25, 0x20, 0x40, 0x02, 
	0xb8, 0x05, 0x11, 0x04, 0x10, 0x00, 0xb6, 0xaf, 0x25, 0xb8, 0x40, 0x00, 0x14, 0x00, 0x02, 0x8e, 
	0x25, 0x20, 0x40, 0x02, 0x08, 0x00, 0x51, 0xac, 0x08, 0x00, 0x02, 0x96, 0x21, 0x88, 0x36, 0x02, 
	0x01, 0x00, 0x42, 0x34, 0x08, 0x00, 0x02, 0xa6, 0x14, 0x00, 0xe2, 0x8e, 0x00, 0x00, 0x00, 0x00, 
	0x40, 0x00, 0x43, 0x8c, 0x14, 0x00, 0x62, 0x8e, 0x00, 0x00, 0x00, 0x00, 0x0c, 0x00, 0x43, 0xac, 
	0x08, 0x00, 0x62, 0x96, 0x00, 0x00, 0x00, 0x00, 0x01, 0x00, 0x42, 0x34, 0xf4, 0x03, 0x11, 0x04, 
	0x08, 0x00, 0x62, 0xa6, 0x97, 0x04, 0x11, 0x04, 0x25, 0x20, 0x00, 0x02, 0xad, 0xff, 0x00, 0x10, 
	0x25, 0x80, 0xe0, 0x02, 0xd8, 0xff, 0x00, 0x10, 0x42, 0xb0, 0x16, 0x00, 0x80, 0xff, 0xbd, 0x27, 
	0x7c, 0x00, 0xbf, 0xaf, 0x78, 0x00, 0xbe, 0xaf, 0x74, 0x00, 0xb7, 0xaf, 0x70, 0x00, 0xb6, 0xaf, 
	0x6c, 0x00, 0xb5, 0xaf, 0x68, 0x00, 0xb4, 0xaf, 0x64, 0x00, 0xb3, 0xaf, 0x60, 0x00, 0xb2, 0xaf, 
	0x5c, 0x00, 0xb1, 0xaf, 0x34, 0x00, 0x81, 0x04, 0x58, 0x00, 0xb0, 0xaf, 0x00, 0x00, 0x05, 0x3c, 
	0x80, 0x4e, 0xa5, 0x8c, 0x00, 0x00, 0x03, 0x3c, 0x34, 0x4f, 0x63, 0x8c, 0x25, 0x10, 0x00, 0x00, 
	0x2a, 0x20, 0x45, 0x00, 0x15, 0x00, 0x80, 0x14, 0x00, 0x00, 0x00, 0x00, 0x53, 0x01, 0x11, 0x04, 
	0x25, 0x28, 0x00, 0x00, 0x00, 0x00, 0x04, 0x3c, 0x90, 0x4e, 0x84, 0x8c, 0x65, 0x01, 0x11, 0x04, 
	0x00, 0x00, 0x00, 0x00, 0x00, 0x00, 0x04, 0x3c, 0x34, 0x4f, 0x84, 0x8c, 0x00, 0x00, 0x00, 0x00, 
	0x03, 0x00, 0x80, 0x10, 0x00, 0x00, 0x00, 0x00, 0xac, 0x02, 0x11, 0x04, 0x00, 0x00, 0x00, 0x00, 
	0x76, 0x03, 0x11, 0x04, 0x01, 0x00, 0x10, 0x24, 0x00, 0x00, 0x04, 0x3c, 0x62, 0x01, 0x11, 0x04, 
	0xc8, 0x49, 0x84, 0x24, 0x09, 0x00, 0x00, 0x10, 0x00, 0x00, 0x00, 0x00, 0x00, 0x00, 0x64, 0x8c, 
	0x00, 0x00, 0x00, 0x00, 0x12, 0x00, 0x80, 0x10, 0x34, 0x02, 0x63, 0x24, 0x00, 0x00, 0x04, 0x3c, 
	0xa0, 0x49, 0x84, 0x24, 0x58, 0x01, 0x11, 0x04, 0x02, 0x00, 0x10, 0x24, 0x7c, 0x00, 0xbf, 0x8f, 
	0x78, 0x00, 0xbe, 0x8f, 0x74, 0x00, 0xb7, 0x8f, 0x70, 0x00, 0xb6, 0x8f, 0x6c, 0x00, 0xb5, 0x8f, 
	0x68, 0x00, 0xb4, 0x8f, 0x64, 0x00, 0xb3, 0x8f, 0x60, 0x00, 0xb2, 0x8f, 0x5c, 0x00, 0xb1, 0x8f, 
	0x25, 0x10, 0x00, 0x02, 0x58, 0x00, 0xb0, 0x8f, 0x08, 0x00, 0xe0, 0x03, 0x80, 0x00, 0xbd, 0x27, 
	0xd3, 0xff, 0x00, 0x10, 0x01, 0x00, 0x42, 0x24, 0x25, 0x80, 0xa0, 0x00, 0x25, 0x88, 0x80, 0x00, 
	0x02, 0x00, 0x05, 0x24, 0x00, 0x00, 0x04, 0x3c, 0xe0, 0x49, 0x84, 0x24, 0x05, 0x00, 0x06, 0x24, 
	0x41, 0x01, 0x11, 0x04, 0x25, 0x90, 0xe0, 0x00, 0x00, 0x00, 0x14, 0x8e, 0x2f, 0x00, 0x05, 0x24, 
	0x58, 0x01, 0x11, 0x04, 0x25, 0x20, 0x80, 0x02, 0x02, 0x00, 0x40, 0x10, 0x00, 0x00, 0x00, 0x00, 
	0x01, 0x00, 0x54, 0x24, 0x00, 0x00, 0x02, 0x3c, 0x0c, 0x4a, 0x42, 0x24, 0x48, 0x00, 0xa2, 0xaf, 
	0x00, 0x00, 0x02, 0x3c, 0x4c, 0x4a, 0x42, 0x24, 0xff, 0xff, 0x31, 0x26, 0x04, 0x00, 0x10, 0x26, 
	0x03, 0x00, 0x13, 0x24, 0x2d, 0x00, 0x17, 0x24, 0x4c, 0x00, 0xa2, 0xaf, 0x01, 0x00, 0x1e, 0x24, 
	0x36, 0x00, 0x20, 0x16, 0x00, 0x00, 0x00, 0x00, 0x00, 0x00, 0x05, 0x3c, 0x80, 0x4e, 0xa5, 0x8c, 
	0x00, 0x00, 0x04, 0x3c, 0x50, 0x4a, 0x84, 0x24, 0x27, 0x01, 0x11, 0x04, 0x25, 0x30, 0x60, 0x02, 
	0x00, 0x00, 0x05, 0x3c, 0x40, 0x1c, 0xa5, 0x24, 0x04, 0x01, 0x11, 0x04, 0x25, 0x20, 0x00, 0x00, 
	0x00, 0x00, 0x04, 0x3c, 0x23, 0x00, 0x40, 0x14, 0x70, 0x4a, 0x84, 0x24, 0x72, 0x02, 0x11, 0x04, 
	0x40, 0x00, 0xa4, 0x27, 0x00, 0x00, 0x04, 0x3c, 0x98, 0x4a, 0x84, 0x24, 0x1d, 0x00, 0x40, 0x14, 
	0x25, 0x88, 0x40, 0x00, 0x46, 0x00, 0xa2, 0x97, 0x41, 0x00, 0xa7, 0x93, 0x18, 0x00, 0xa2, 0xaf, 
	0x44, 0x00, 0xa2, 0x93, 0x42, 0x00, 0xa6, 0x93, 0x14, 0x00, 0xa2, 0xaf, 0x45, 0x00, 0xa2, 0x93, 
	0x43, 0x00, 0xa5, 0x93, 0x00, 0x00, 0x04, 0x3c, 0xbc, 0x4a, 0x84, 0x24, 0x0e, 0x01, 0x11, 0x04, 
	0x10, 0x00, 0xa2, 0xaf, 0x20, 0x00, 0x06, 0x24, 0x00, 0x00, 0x04, 0x3c, 0x40, 0x4f, 0x84, 0x24, 
	0x16, 0x01, 0x11, 0x04, 0x25, 0x28, 0x00, 0x00, 0x00, 0x00, 0x10, 0x3c, 0x40, 0x4f, 0x10, 0x26, 
	0x03, 0x00, 0x15, 0x24, 0x02, 0x00, 0x14, 0x24, 0x0c, 0x00, 0x15, 0xae, 0xbd, 0x00, 0x11, 0x04, 
	0x25, 0x20, 0x20, 0x02, 0x3b, 0x00, 0x40, 0x14, 0x00, 0x00, 0x00, 0x00, 0x00, 0x00, 0x04, 0x3c, 
	0xe0, 0x4a, 0x84, 0x24, 0xfc, 0x00, 0x11, 0x04, 0x01, 0x00, 0x10, 0x24, 0x91, 0xfe, 0x11, 0x04, 
	0x00, 0x00, 0x00, 0x00, 0xa1, 0xff, 0x00, 0x10, 0x00, 0x00, 0x00, 0x00, 0x00, 0x00, 0x05, 0x8e, 
	0x00, 0x00, 0x00, 0x00, 0x00, 0x00, 0xa2, 0x80, 0x00, 0x00, 0x00, 0x00, 0xc6, 0xff, 0x57, 0x14, 
	0x00, 0x00, 0x00, 0x00, 0x48, 0x00, 0xa4, 0x8f, 0x00, 0x01, 0x11, 0x04, 0x50, 0x00, 0xa5, 0xaf, 
	0xff, 0xff, 0x35, 0x26, 0x50, 0x00, 0xa5, 0x8f, 0x14, 0x00, 0x40, 0x14, 0x04, 0x00, 0x16, 0x26, 
	0x07, 0x00, 0xa0, 0x16, 0x0a, 0x00, 0x06, 0x24, 0x00, 0x00, 0x04, 0x3c, 0x10, 0x4a, 0x84, 0x24, 
	0xe5, 0x00, 0x11, 0x04, 0x25, 0x28, 0x80, 0x02, 0x8c, 0xff, 0x00, 0x10, 0x01, 0x00, 0x10, 0x24, 
	0x04, 0x00, 0x04, 0x8e, 0xfd, 0x00, 0x11, 0x04, 0x25, 0x28, 0x00, 0x00, 0x21, 0x00, 0x43, 0x28, 
	0x04, 0x00, 0x60, 0x10, 0xff, 0xff, 0xb1, 0x26, 0x00, 0x00, 0x01, 0x3c, 0x80, 0x4e, 0x22, 0xac, 
	0xff, 0xff, 0xb1, 0x26, 0xaa, 0xff, 0x00, 0x10, 0x04, 0x00, 0xd0, 0x26, 0x4c, 0x00, 0xa4, 0x8f, 
	0xe6, 0x00, 0x11, 0x04, 0x00, 0x00, 0x00, 0x00, 0x0b, 0x00, 0x40, 0x14, 0x00, 0x00, 0x00, 0x00, 
	0xe9, 0xff, 0x3e, 0x12, 0x0a, 0x00, 0x06, 0x24, 0x04, 0x00, 0x04, 0x8e, 0xeb, 0x00, 0x11, 0x04, 
	0x25, 0x28, 0x00, 0x00, 0x2a, 0x18, 0x62, 0x02, 0xf1, 0xff, 0x60, 0x10, 0x00, 0x00, 0x00, 0x00, 
	0xef, 0xff, 0x00, 0x10, 0x25, 0x98, 0x40, 0x00, 0x25, 0xb0, 0x00, 0x02, 0xec, 0xff, 0x00, 0x10, 
	0x25, 0xa8, 0x20, 0x02, 0x00, 0x00, 0x43, 0x8c, 0x00, 0x00, 0x00, 0x00, 0x1e, 0x00, 0x60, 0x10, 
	0x00, 0x00, 0x00, 0x00, 0x04, 0x00, 0x43, 0x8c, 0x00, 0x00, 0x00, 0x00, 0x1a, 0x00, 0x60, 0x14, 
	0x00, 0x00, 0x00, 0x00, 0x0c, 0x00, 0x03, 0x8e, 0x08, 0x00, 0x44, 0x8c, 0xff, 0xff, 0x63, 0x24, 
	0x00, 0x00, 0x04, 0xae, 0x33, 0x07, 0x11, 0x04, 0x0c, 0x00, 0x03, 0xae, 0x04, 0x00, 0x02, 0xae, 
	0x66, 0x02, 0x11, 0x04, 0x20, 0x00, 0xa4, 0x27, 0x09, 0x00, 0x40, 0x14, 0x20, 0x00, 0xa5, 0x27, 
	0x70, 0x00, 0x11, 0x04, 0x25, 0x20, 0x20, 0x02, 0x05, 0x00, 0x40, 0x14, 0x00, 0x00, 0x00, 0x00, 
	0x0c, 0x00, 0x02, 0x8e, 0x00, 0x00, 0x00, 0x00, 0xff, 0xff, 0x42, 0x24, 0x0c, 0x00, 0x02, 0xae, 
	0x04, 0x00, 0x07, 0x8e, 0x00, 0x00, 0x06, 0x8e, 0x00, 0x00, 0x04, 0x3c, 0x08, 0x4b, 0x84, 0x24, 
	0xa5, 0x00, 0x11, 0x04, 0x25, 0x28, 0x20, 0x02, 0x01, 0x00, 0x22, 0x26, 0x10, 0x00, 0x10, 0x26, 
	0x9d, 0xff, 0x54, 0x14, 0x01, 0x00, 0x11, 0x24, 0x00, 0x00, 0x02, 0x3c, 0x80, 0x4e, 0x42, 0x8c, 
	0x34, 0x02, 0x03, 0x24, 0x18, 0x00, 0x62, 0x00, 0x12, 0x20, 0x00, 0x00, 0xc8, 0x01, 0x11, 0x04, 
	0x00, 0x00, 0x00, 0x00, 0x00, 0x00, 0x01, 0x3c, 0x34, 0x4f, 0x22, 0xac, 0x00, 0x00, 0x04, 0x3c, 
	0x34, 0x4b, 0x84, 0x24, 0x97, 0xff, 0x40, 0x10, 0x25, 0x28, 0x00, 0x00, 0x00, 0x00, 0x03, 0x3c, 
	0x80, 0x4e, 0x63, 0x8c, 0x34, 0x02, 0x04, 0x24, 0x18, 0x00, 0x83, 0x00, 0x00, 0x00, 0x10, 0x3c, 
	0x48, 0x4f, 0x10, 0x26, 0x12, 0x30, 0x00, 0x00, 0x98, 0x00, 0x11, 0x04, 0x25, 0x20, 0x40, 0x00, 
	0x63, 0x02, 0x11, 0x04, 0x25, 0x20, 0x60, 0x02, 0x25, 0x88, 0x40, 0x00, 0x00, 0x00, 0x04, 0x3c, 
	0x68, 0x4b, 0x84, 0x24, 0x87, 0xff, 0x40, 0x14, 0x02, 0x00, 0x13, 0x24, 0x04, 0x00, 0x02, 0x8e, 
	0x00, 0x00, 0x00, 0x00, 0x02, 0x00, 0x43, 0x28, 0x17, 0x00, 0x60, 0x10, 0x01, 0x00, 0x03, 0x24, 
	0x08, 0x00, 0x43, 0x10, 0x25, 0x28, 0x00, 0x02, 0xfb, 0x07, 0x11, 0x04, 0x25, 0x20, 0x20, 0x02, 
	0x04, 0x00, 0x40, 0x10, 0x25, 0x28, 0x00, 0x02, 0x00, 0x00, 0x04, 0x3c, 0x79, 0xff, 0x00, 0x10, 
	0x9c, 0x4b, 0x84, 0x24, 0xbb, 0x06, 0x11, 0x04, 0x25, 0x20, 0x20, 0x02, 0x05, 0x00, 0x40, 0x10, 
	0x00, 0x00, 0x00, 0x00, 0x04, 0x00, 0x02, 0x8e, 0x00, 0x00, 0x00, 0x00, 0xff, 0xff, 0x42, 0x24, 
	0x04, 0x00, 0x02, 0xae, 0x00, 0x00, 0x06, 0x8e, 0x04, 0x00, 0x05, 0x8e, 0x00, 0x00, 0x04, 0x3c, 
	0x69, 0x00, 0x11, 0x04, 0xbc, 0x4b, 0x84, 0x24, 0x01, 0x00, 0x22, 0x26, 0x10, 0x00, 0x10, 0x26, 
	0xe2, 0xff, 0x53, 0x14, 0x01, 0x00, 0x11, 0x24, 0x00, 0x00, 0x04, 0x3c, 0x90, 0x4e, 0x84, 0x8c, 
	0x58, 0x00, 0x11, 0x04, 0x00, 0x00, 0x00, 0x00, 0x00, 0x00, 0x04, 0x3c, 0x53, 0x00, 0x11, 0x04, 
	0x90, 0x4e, 0x84, 0x24, 0x00, 0x00, 0x04, 0x3c, 0x20, 0x4c, 0x84, 0x24, 0x5d, 0xff, 0x40, 0x14, 
	0x25, 0x80, 0x40, 0x00, 0x00, 0x00, 0x04, 0x3c, 0xe8, 0x4b, 0x84, 0x24, 0x56, 0x00, 0x11, 0x04, 
	0x05, 0x02, 0x05, 0x24, 0xfd, 0xfe, 0x40, 0x12, 0x00, 0x00, 0x00, 0x00, 0x0a, 0x00, 0x42, 0x96, 
	0x00, 0x00, 0x00, 0x00, 0x02, 0x00, 0x43, 0x30, 0xf8, 0xfe, 0x60, 0x10, 0x00, 0x00, 0x00, 0x00, 
	0x10, 0x00, 0x42, 0x34, 0xf5, 0xfe, 0x00, 0x10, 0x0a, 0x00, 0x42, 0xa6, 0x00, 0x00, 0x00, 0x00, 
	0x00, 0x00, 0xe0, 0x41, 0x00, 0x00, 0x00, 0x00, 0x03, 0x01, 0x00, 0x00, 0x61, 0x74, 0x61, 0x64, 
	0x00, 0x00, 0x00, 0x00, 0x08, 0x00, 0xe0, 0x03, 0x04, 0x00, 0x00, 0x24, 0x08, 0x00, 0xe0, 0x03, 
	0x09, 0x00, 0x00, 0x24, 0x08, 0x00, 0xe0, 0x03, 0x0b, 0x00, 0x00, 0x24, 0x08, 0x00, 0xe0, 0x03, 
	0x0d, 0x00, 0x00, 0x24, 0x08, 0x00, 0xe0, 0x03, 0x0e, 0x00, 0x00, 0x24, 0x08, 0x00, 0xe0, 0x03, 
	0x0f, 0x00, 0x00, 0x24, 0x08, 0x00, 0xe0, 0x03, 0x10, 0x00, 0x00, 0x24, 0x08, 0x00, 0xe0, 0x03, 
	0x11, 0x00, 0x00, 0x24, 0x08, 0x00, 0xe0, 0x03, 0x12, 0x00, 0x00, 0x24, 0x00, 0x00, 0x00, 0x00, 
	0x00, 0x00, 0x00, 0x00, 0x00, 0x00, 0xe0, 0x41, 0x00, 0x00, 0x00, 0x00, 0x01, 0x01, 0x00, 0x00, 
	0x63, 0x64, 0x76, 0x64, 0x6d, 0x61, 0x6e, 0x00, 0x08, 0x00, 0xe0, 0x03, 0x18, 0x00, 0x00, 0x24, 
	0x08, 0x00, 0xe0, 0x03, 0x16, 0x00, 0x00, 0x24, 0x00, 0x00, 0x00, 0x00, 0x00, 0x00, 0x00, 0x00, 
	0x00, 0x00, 0xe0, 0x41, 0x00, 0x00, 0x00, 0x00, 0x09, 0x01, 0x00, 0x00, 0x64, 0x65, 0x76, 0x39, 
	0x00, 0x00, 0x00, 0x00, 0x08, 0x00, 0xe0, 0x03, 0x06, 0x00, 0x00, 0x24, 0x08, 0x00, 0xe0, 0x03, 
	0x0b, 0x00, 0x00, 0x24, 0x00, 0x00, 0x00, 0x00, 0x00, 0x00, 0x00, 0x00, 0x00, 0x00, 0xe0, 0x41, 
	0x00, 0x00, 0x00, 0x00, 0x02, 0x01, 0x00, 0x00, 0x69, 0x6e, 0x74, 0x72, 0x6d, 0x61, 0x6e, 0x00, 
	0x08, 0x00, 0xe0, 0x03, 0x11, 0x00, 0x00, 0x24, 0x08, 0x00, 0xe0, 0x03, 0x12, 0x00, 0x00, 0x24, 
	0x00, 0x00, 0x00, 0x00, 0x00, 0x00, 0x00, 0x00, 0x00, 0x00, 0xe0, 0x41, 0x00, 0x00, 0x00, 0x00, 
	0x01, 0x01, 0x00, 0x00, 0x69, 0x6f, 0x6d, 0x61, 0x6e, 0x78, 0x00, 0x00, 0x08, 0x00, 0xe0, 0x03, 
	0x14, 0x00, 0x00, 0x24, 0x08, 0x00, 0xe0, 0x03, 0x15, 0x00, 0x00, 0x24, 0x00, 0x00, 0x00, 0x00, 
	0x00, 0x00, 0x00, 0x00, 0x00, 0x00, 0xe0, 0x41, 0x00, 0x00, 0x00, 0x00, 0x02, 0x01, 0x00, 0x00, 
	0x73, 0x74, 0x64, 0x69, 0x6f, 0x00, 0x00, 0x00, 0x08, 0x00, 0xe0, 0x03, 0x04, 0x00, 0x00, 0x24, 
	0x00, 0x00, 0x00, 0x00, 0x00, 0x00, 0x00, 0x00, 0x00, 0x00, 0xe0, 0x41, 0x00, 0x00, 0x00, 0x00, 
	0x01, 0x01, 0x00, 0x00, 0x73, 0x79, 0x73, 0x63, 0x6c, 0x69, 0x62, 0x00, 0x08, 0x00, 0xe0, 0x03, 
	0x0b, 0x00, 0x00, 0x24, 0x08, 0x00, 0xe0, 0x03, 0x0c, 0x00, 0x00, 0x24, 0x08, 0x00, 0xe0, 0x03, 
	0x0e, 0x00, 0x00, 0x24, 0x08, 0x00, 0xe0, 0x03, 0x15, 0x00, 0x00, 0x24, 0x08, 0x00, 0xe0, 0x03, 
	0x16, 0x00, 0x00, 0x24, 0x08, 0x00, 0xe0, 0x03, 0x17, 0x00, 0x00, 0x24, 0x08, 0x00, 0xe0, 0x03, 
	0x1b, 0x00, 0x00, 0x24, 0x08, 0x00, 0xe0, 0x03, 0x1d, 0x00, 0x00, 0x24, 0x08, 0x00, 0xe0, 0x03, 
	0x1e, 0x00, 0x00, 0x24, 0x08, 0x00, 0xe0, 0x03, 0x20, 0x00, 0x00, 0x24, 0x08, 0x00, 0xe0, 0x03, 
	0x24, 0x00, 0x00, 0x24, 0x00, 0x00, 0x00, 0x00, 0x00, 0x00, 0x00, 0x00, 0x00, 0x00, 0xe0, 0x41, 
	0x00, 0x00, 0x00, 0x00, 0x01, 0x01, 0x00, 0x00, 0x73, 0x79, 0x73, 0x6d, 0x65, 0x6d, 0x00, 0x00, 
	0x08, 0x00, 0xe0, 0x03, 0x04, 0x00, 0x00, 0x24, 0x08, 0x00, 0xe0, 0x03, 0x05, 0x00, 0x00, 0x24, 
	0x00, 0x00, 0x00, 0x00, 0x00, 0x00, 0x00, 0x00, 0x00, 0x00, 0xe0, 0x41, 0x00, 0x00, 0x00, 0x00, 
	0x01, 0x01, 0x00, 0x00, 0x74, 0x68, 0x62, 0x61, 0x73, 0x65, 0x00, 0x00, 0x08, 0x00, 0xe0, 0x03, 
	0x21, 0x00, 0x00, 0x24, 0x00, 0x00, 0x00, 0x00, 0x00, 0x00, 0x00, 0x00, 0x00, 0x00, 0xe0, 0x41, 
	0x00, 0x00, 0x00, 0x00, 0x02, 0x01, 0x00, 0x00, 0x74, 0x68, 0x73, 0x65, 0x6d, 0x61, 0x70, 0x00, 
	0x08, 0x00, 0xe0, 0x03, 0x04, 0x00, 0x00, 0x24, 0x08, 0x00, 0xe0, 0x03, 0x05, 0x00, 0x00, 0x24, 
	0x08, 0x00, 0xe0, 0x03, 0x06, 0x00, 0x00, 0x24, 0x08, 0x00, 0xe0, 0x03, 0x08, 0x00, 0x00, 0x24, 
	0x00, 0x00, 0x00, 0x00, 0x00, 0x00, 0x00, 0x00, 0x00, 0x00, 0x00, 0x00, 0x00, 0x00, 0x00, 0x00, 
	0x48, 0xfd, 0xbd, 0x27, 0x04, 0x00, 0xcb, 0x8c, 0x25, 0x30, 0x00, 0x00, 0xb4, 0x02, 0xb0, 0xaf, 
	0x00, 0x80, 0x09, 0x3c, 0x25, 0x10, 0x00, 0x00, 0x25, 0x38, 0x00, 0x00, 0x25, 0x40, 0x00, 0x00, 
	0x00, 0x00, 0x0c, 0x3c, 0x10, 0x48, 0x8c, 0x25, 0x00, 0x80, 0x0d, 0x3c, 0x38, 0x00, 0x0a, 0x24, 
	0x21, 0x18, 0x88, 0x01, 0x00, 0x00, 0x63, 0x90, 0x00, 0x00, 0x00, 0x00, 0xff, 0xff, 0x63, 0x24, 
	0x80, 0x76, 0x03, 0x00, 0x06, 0x00, 0xc0, 0x05, 0x06, 0x18, 0x6d, 0x00, 0x24, 0x18, 0x6b, 0x00, 
	0x03, 0x00, 0x60, 0x10, 0x00, 0x00, 0x00, 0x00, 0x25, 0x10, 0x47, 0x00, 0x25, 0x30, 0xc9, 0x00, 
	0xc0, 0x1f, 0x09, 0x00, 0x42, 0x38, 0x07, 0x00, 0x01, 0x00, 0x08, 0x25, 0x25, 0x38, 0x67, 0x00, 
	0xef, 0xff, 0x0a, 0x15, 0x42, 0x48, 0x09, 0x00, 0x02, 0x19, 0x06, 0x00, 0x02, 0x12, 0x02, 0x00, 
	0x00, 0x36, 0x06, 0x00, 0xff, 0x0f, 0x0a, 0x3c, 0x25, 0x10, 0x46, 0x00, 0xff, 0xff, 0x4a, 0x35, 
	0x24, 0x10, 0x4a, 0x00, 0x20, 0x02, 0xa7, 0x27, 0x98, 0x01, 0xa6, 0x27, 0x20, 0x02, 0xa3, 0xaf, 
	0x98, 0x01, 0xa2, 0xaf, 0x9c, 0x01, 0xa0, 0xaf, 0x25, 0x40, 0xc0, 0x00, 0x25, 0x48, 0xe0, 0x00, 
	0x25, 0x58, 0x00, 0x00, 0x00, 0x00, 0x0e, 0x3c, 0x00, 0x48, 0xce, 0x25, 0x01, 0x00, 0x0c, 0x24, 
	0x10, 0x00, 0x0d, 0x24, 0x21, 0x10, 0xcb, 0x01, 0x00, 0x00, 0x4f, 0x90, 0x00, 0x00, 0x23, 0x8d, 
	0x86, 0x00, 0xec, 0x11, 0x82, 0x16, 0x03, 0x00, 0x03, 0x00, 0x42, 0x30, 0x80, 0x18, 0x03, 0x00, 
	0x25, 0x10, 0x43, 0x00, 0x24, 0x10, 0x4a, 0x00, 0x00, 0x00, 0x03, 0x8d, 0x01, 0x00, 0x6b, 0x25, 
	0x08, 0x00, 0x22, 0xad, 0x81, 0x00, 0xec, 0x11, 0x0c, 0x00, 0x20, 0xad, 0x82, 0x16, 0x03, 0x00, 
	0x03, 0x00, 0x42, 0x30, 0x80, 0x18, 0x03, 0x00, 0x25, 0x10, 0x43, 0x00, 0x24, 0x10, 0x4a, 0x00, 
	0x08, 0x00, 0x02, 0xad, 0x0c, 0x00, 0x00, 0xad, 0x08, 0x00, 0x29, 0x25, 0xe9, 0xff, 0x6d, 0x15, 
	0x08, 0x00, 0x08, 0x25, 0x10, 0x01, 0xa8, 0x27, 0x90, 0x01, 0xae, 0x27, 0x00, 0x00, 0x0f, 0x3c, 
	0xd0, 0x47, 0xef, 0x25, 0x00, 0x80, 0x19, 0x3c, 0x30, 0x00, 0x18, 0x24, 0x08, 0x00, 0xe3, 0x8c, 
	0x0c, 0x00, 0xc2, 0x8c, 0x00, 0x19, 0x03, 0x00, 0x00, 0x12, 0x02, 0x00, 0x25, 0x18, 0x62, 0x00, 
	0x0b, 0x00, 0xc2, 0x90, 0x25, 0x60, 0x00, 0x00, 0x25, 0x18, 0x62, 0x00, 0x00, 0x80, 0x0b, 0x3c, 
	0x25, 0x68, 0x00, 0x00, 0x25, 0x48, 0x00, 0x00, 0x25, 0x50, 0x00, 0x00, 0x21, 0x10, 0xea, 0x01, 
	0x00, 0x00, 0x42, 0x90, 0x00, 0x00, 0x00, 0x00, 0xff, 0xff, 0x42, 0x24, 0x80, 0x86, 0x02, 0x00, 
	0x06, 0x00, 0x00, 0x06, 0x06, 0x10, 0x59, 0x00, 0x24, 0x10, 0x43, 0x00, 0x03, 0x00, 0x40, 0x10, 
	0x00, 0x00, 0x00, 0x00, 0x25, 0x68, 0xa9, 0x01, 0x25, 0x60, 0x8b, 0x01, 0xc0, 0x17, 0x0b, 0x00, 
	0x42, 0x48, 0x09, 0x00, 0x01, 0x00, 0x4a, 0x25, 0x25, 0x48, 0x49, 0x00, 0xef, 0xff, 0x58, 0x15, 
	0x42, 0x58, 0x0b, 0x00, 0x08, 0x00, 0x0d, 0xad, 0x0c, 0x00, 0x0c, 0xad, 0x08, 0x00, 0x08, 0x25, 
	0x08, 0x00, 0xc6, 0x24, 0xdd, 0xff, 0xc8, 0x15, 0x08, 0x00, 0xe7, 0x24, 0x25, 0x48, 0x00, 0x00, 
	0x00, 0x80, 0x07, 0x3c, 0x25, 0x40, 0x00, 0x00, 0x25, 0x18, 0x00, 0x00, 0x25, 0x30, 0x00, 0x00, 
	0x00, 0x00, 0x0b, 0x3c, 0x90, 0x47, 0x6b, 0x25, 0x00, 0x80, 0x0c, 0x3c, 0x40, 0x00, 0x0a, 0x24, 
	0x21, 0x10, 0x66, 0x01, 0x00, 0x00, 0x42, 0x90, 0x00, 0x00, 0x00, 0x00, 0xff, 0xff, 0x42, 0x24, 
	0x80, 0x6e, 0x02, 0x00, 0x06, 0x00, 0xa0, 0x05, 0x06, 0x10, 0x4c, 0x00, 0x24, 0x10, 0x44, 0x00, 
	0x03, 0x00, 0x40, 0x10, 0x00, 0x00, 0x00, 0x00, 0x25, 0x40, 0x03, 0x01, 0x25, 0x48, 0x27, 0x01, 
	0xc0, 0x17, 0x07, 0x00, 0x42, 0x18, 0x03, 0x00, 0x01, 0x00, 0xc6, 0x24, 0x25, 0x18, 0x43, 0x00, 
	0xef, 0xff, 0xca, 0x14, 0x42, 0x38, 0x07, 0x00, 0x88, 0x00, 0xa2, 0x27, 0x88, 0x00, 0xa0, 0xaf, 
	0x8c, 0x00, 0xa9, 0xaf, 0x00, 0x00, 0xa0, 0xaf, 0x04, 0x00, 0xa8, 0xaf, 0xa8, 0x02, 0xbd, 0xaf, 
	0x25, 0x18, 0x40, 0x00, 0xa8, 0x02, 0xa4, 0x8f, 0x00, 0x00, 0x00, 0x00, 0x08, 0x00, 0x84, 0x24, 
	0x2a, 0x00, 0x64, 0x14, 0xa8, 0x02, 0xa4, 0xaf, 0x84, 0x00, 0xaa, 0x8f, 0x25, 0x38, 0x00, 0x00, 
	0x00, 0x80, 0x06, 0x3c, 0x25, 0x40, 0x00, 0x00, 0x25, 0x18, 0x00, 0x00, 0x25, 0x20, 0x00, 0x00, 
	0x00, 0x00, 0x0b, 0x3c, 0x50, 0x47, 0x6b, 0x25, 0x00, 0x80, 0x0c, 0x3c, 0x40, 0x00, 0x09, 0x24, 
	0x21, 0x10, 0x64, 0x01, 0x00, 0x00, 0x42, 0x90, 0x00, 0x00, 0x00, 0x00, 0xff, 0xff, 0x42, 0x24, 
	0x80, 0x6e, 0x02, 0x00, 0x06, 0x00, 0xa0, 0x05, 0x06, 0x10, 0x4c, 0x00, 0x24, 0x10, 0x4a, 0x00, 
	0x03, 0x00, 0x40, 0x10, 0x00, 0x00, 0x00, 0x00, 0x25, 0x40, 0x03, 0x01, 0x25, 0x38, 0xe6, 0x00, 
	0xc0, 0x17, 0x06, 0x00, 0x42, 0x18, 0x03, 0x00, 0x01, 0x00, 0x84, 0x24, 0x25, 0x18, 0x43, 0x00, 
	0xef, 0xff, 0x89, 0x14, 0x42, 0x30, 0x06, 0x00, 0xb4, 0x02, 0xb0, 0x8f, 0x00, 0x00, 0xa8, 0xac, 
	0x04, 0x00, 0xa7, 0xac, 0x08, 0x00, 0xe0, 0x03, 0xb8, 0x02, 0xbd, 0x27, 0xc2, 0x16, 0x03, 0x00, 
	0x01, 0x00, 0x42, 0x30, 0x7a, 0xff, 0x00, 0x10, 0x40, 0x18, 0x03, 0x00, 0xc2, 0x16, 0x03, 0x00, 
	0x01, 0x00, 0x42, 0x30, 0x80, 0xff, 0x00, 0x10, 0x40, 0x18, 0x03, 0x00, 0xa8, 0x02, 0xa4, 0x8f, 
	0x08, 0x00, 0x42, 0x24, 0xf8, 0xff, 0x84, 0x8c, 0xa8, 0x02, 0xa6, 0x8f, 0x00, 0x00, 0x44, 0xac, 
	0xa8, 0x02, 0xa4, 0x8f, 0x00, 0x00, 0x00, 0x00, 0xfc, 0xff, 0x84, 0x8c, 0x00, 0x00, 0x00, 0x00, 
	0x04, 0x00, 0x44, 0xac, 0xf8, 0xff, 0x44, 0x8c, 0x00, 0x00, 0x00, 0x00, 0x00, 0x00, 0xc4, 0xac, 
	0xfc, 0xff, 0x44, 0x8c, 0xc3, 0xff, 0x00, 0x10, 0x04, 0x00, 0xc4, 0xac, 0x08, 0x00, 0xe0, 0x03, 
	0x25, 0x10, 0x00, 0x00, 0xe0, 0xff, 0xbd, 0x27, 0x18, 0x00, 0xb0, 0xaf, 0x24, 0x00, 0xa5, 0xaf, 
	0x25, 0x80, 0x80, 0x00, 0x25, 0x28, 0xc0, 0x00, 0x10, 0x00, 0xa4, 0x27, 0x1c, 0x00, 0xbf, 0xaf, 
	0xe8, 0xfe, 0x11, 0x04, 0x08, 0x00, 0x06, 0x24, 0x24, 0x00, 0xa5, 0x8f, 0x04, 0x00, 0x04, 0x8e, 
	0x1f, 0xff, 0x11, 0x04, 0x10, 0x00, 0xa6, 0x27, 0x1c, 0x00, 0xbf, 0x8f, 0x18, 0x00, 0xb0, 0x8f, 
	0x08, 0x00, 0xe0, 0x03, 0x20, 0x00, 0xbd, 0x27, 0x00, 0x00, 0x00, 0x00, 0x00, 0x00, 0x00, 0x00, 
	0xe0, 0xff, 0xbd, 0x27, 0x18, 0x00, 0xb0, 0xaf, 0x25, 0x80, 0x80, 0x00, 0x1c, 0x00, 0xbf, 0xaf, 
	0xb7, 0xfe, 0x11, 0x04, 0x10, 0x00, 0xa4, 0x27, 0x25, 0x28, 0x00, 0x02, 0x25, 0x30, 0x00, 0x00, 
	0xef, 0xfe, 0x11, 0x04, 0x25, 0x20, 0x00, 0x00, 0x04, 0x00, 0x40, 0x14, 0x25, 0x80, 0x40, 0x00, 
	0x00, 0x00, 0x04, 0x3c, 0xc4, 0xfe, 0x11, 0x04, 0x60, 0x4c, 0x84, 0x24, 0x10, 0x00, 0xa4, 0x8f, 
	0xad, 0xfe, 0x11, 0x04, 0x00, 0x00, 0x00, 0x00, 0x1c, 0x00, 0xbf, 0x8f, 0x25, 0x10, 0x00, 0x02, 
	0x18, 0x00, 0xb0, 0x8f, 0x08, 0x00, 0xe0, 0x03, 0x20, 0x00, 0xbd, 0x27, 0xe0, 0xff, 0xbd, 0x27, 
	0x20, 0x00, 0xa4, 0xaf, 0x1c, 0x00, 0xbf, 0xaf, 0xa1, 0xfe, 0x11, 0x04, 0x10, 0x00, 0xa4, 0x27, 
	0x20, 0x00, 0xa4, 0x8f, 0xdc, 0xfe, 0x11, 0x04, 0x00, 0x00, 0x00, 0x00, 0x10, 0x00, 0xa4, 0x8f, 
	0x9d, 0xfe, 0x11, 0x04, 0x00, 0x00, 0x00, 0x00, 0x1c, 0x00, 0xbf, 0x8f, 0x00, 0x00, 0x00, 0x00, 
	0x08, 0x00, 0xe0, 0x03, 0x20, 0x00, 0xbd, 0x27, 0xd8, 0xff, 0xbd, 0x27, 0x01, 0x00, 0x02, 0x3c, 
	0x20, 0x00, 0xb1, 0xaf, 0x1c, 0x00, 0xb0, 0xaf, 0x24, 0x00, 0xbf, 0xaf, 0x28, 0x00, 0xa4, 0xaf, 
	0x14, 0x00, 0x10, 0x24, 0xa0, 0x86, 0x51, 0x34, 0x77, 0xfe, 0x11, 0x04, 0x10, 0x00, 0xa4, 0x27, 
	0x10, 0x00, 0xa3, 0x93, 0x47, 0x00, 0x40, 0x10, 0x00, 0x00, 0x00, 0x00, 0x45, 0x00, 0x60, 0x14, 
	0x00, 0x00, 0x00, 0x00, 0x11, 0x00, 0xa3, 0x93, 0x00, 0x00, 0x00, 0x00, 0x02, 0x11, 0x03, 0x00, 
	0x80, 0x20, 0x02, 0x00, 0x21, 0x10, 0x44, 0x00, 0x0f, 0x00, 0x63, 0x30, 0x40, 0x10, 0x02, 0x00, 
	0x21, 0x10, 0x43, 0x00, 0x12, 0x00, 0xa3, 0x93, 0x00, 0x00, 0x01, 0x3c, 0x21, 0x4f, 0x22, 0xa0, 
	0x02, 0x11, 0x03, 0x00, 0x80, 0x20, 0x02, 0x00, 0x21, 0x10, 0x44, 0x00, 0x0f, 0x00, 0x63, 0x30, 
	0x40, 0x10, 0x02, 0x00, 0x21, 0x10, 0x43, 0x00, 0x13, 0x00, 0xa3, 0x93, 0x00, 0x00, 0x01, 0x3c, 
	0x22, 0x4f, 0x22, 0xa0, 0x02, 0x11, 0x03, 0x00, 0x80, 0x20, 0x02, 0x00, 0x21, 0x10, 0x44, 0x00, 
	0x0f, 0x00, 0x63, 0x30, 0x40, 0x10, 0x02, 0x00, 0x21, 0x10, 0x43, 0x00, 0x15, 0x00, 0xa3, 0x93, 
	0x00, 0x00, 0x01, 0x3c, 0x23, 0x4f, 0x22, 0xa0, 0x02, 0x11, 0x03, 0x00, 0x80, 0x20, 0x02, 0x00, 
	0x21, 0x10, 0x44, 0x00, 0x0f, 0x00, 0x63, 0x30, 0x40, 0x10, 0x02, 0x00, 0x21, 0x10, 0x43, 0x00, 
	0x16, 0x00, 0xa3, 0x93, 0x00, 0x00, 0x01, 0x3c, 0x24, 0x4f, 0x22, 0xa0, 0x7f, 0x00, 0x62, 0x30, 
	0x03, 0x11, 0x02, 0x00, 0x80, 0x20, 0x02, 0x00, 0x21, 0x10, 0x44, 0x00, 0x0f, 0x00, 0x63, 0x30, 
	0x40, 0x10, 0x02, 0x00, 0x21, 0x10, 0x43, 0x00, 0x17, 0x00, 0xa3, 0x93, 0x00, 0x00, 0x01, 0x3c, 
	0x25, 0x4f, 0x22, 0xa0, 0x02, 0x21, 0x03, 0x00, 0x80, 0x10, 0x04, 0x00, 0x21, 0x10, 0x44, 0x00, 
	0x0f, 0x00, 0x63, 0x30, 0x40, 0x10, 0x02, 0x00, 0xd0, 0x07, 0x63, 0x24, 0x21, 0x10, 0x43, 0x00, 
	0x00, 0x00, 0x01, 0x3c, 0x26, 0x4f, 0x22, 0xa4, 0x28, 0x00, 0xa4, 0x8f, 0x00, 0x00, 0x05, 0x3c, 
	0x20, 0x4f, 0xa5, 0x24, 0x6b, 0xfe, 0x11, 0x04, 0x08, 0x00, 0x06, 0x24, 0x24, 0x00, 0xbf, 0x8f, 
	0x20, 0x00, 0xb1, 0x8f, 0x1c, 0x00, 0xb0, 0x8f, 0x25, 0x10, 0x00, 0x00, 0x08, 0x00, 0xe0, 0x03, 
	0x28, 0x00, 0xbd, 0x27, 0x00, 0x1e, 0x03, 0x00, 0x03, 0x1e, 0x03, 0x00, 0xf2, 0xff, 0x61, 0x04, 
	0x25, 0x20, 0x20, 0x02, 0x85, 0xfe, 0x11, 0x04, 0xff, 0xff, 0x10, 0x26, 0xae, 0xff, 0x00, 0x16, 
	0x00, 0x00, 0x00, 0x00, 0xec, 0xff, 0x00, 0x10, 0x00, 0x00, 0x00, 0x00, 0xd8, 0xff, 0xbd, 0x27, 
	0x01, 0x00, 0x02, 0x3c, 0x20, 0x00, 0xb2, 0xaf, 0x1c, 0x00, 0xb1, 0xaf, 0x18, 0x00, 0xb0, 0xaf, 
	0x24, 0x00, 0xbf, 0xaf, 0x25, 0x80, 0x80, 0x00, 0x15, 0x00, 0x11, 0x24, 0xa0, 0x86, 0x52, 0x34, 
	0x25, 0x28, 0x00, 0x00, 0x25, 0x20, 0x00, 0x02, 0x20, 0x00, 0x06, 0x24, 0x4f, 0xfe, 0x11, 0x04, 
	0x10, 0x00, 0xa0, 0xaf, 0x10, 0x00, 0xa5, 0x27, 0x15, 0xfe, 0x11, 0x04, 0x25, 0x20, 0x00, 0x02, 
	0x05, 0x00, 0x40, 0x10, 0x00, 0x00, 0x00, 0x00, 0x10, 0x00, 0xa2, 0x8f, 0x00, 0x00, 0x00, 0x00, 
	0x0c, 0x00, 0x40, 0x10, 0x00, 0x00, 0x00, 0x00, 0xff, 0xff, 0x31, 0x26, 0x05, 0x00, 0x20, 0x12, 
	0x00, 0x00, 0x00, 0x00, 0x65, 0xfe, 0x11, 0x04, 0x25, 0x20, 0x40, 0x02, 0xed, 0xff, 0x00, 0x10, 
	0x25, 0x28, 0x00, 0x00, 0x00, 0x00, 0x04, 0x3c, 0x2f, 0xfe, 0x11, 0x04, 0x7c, 0x4c, 0x84, 0x24, 
	0xfb, 0xff, 0x02, 0x24, 0x24, 0x00, 0xbf, 0x8f, 0x20, 0x00, 0xb2, 0x8f, 0x1c, 0x00, 0xb1, 0x8f, 
	0x18, 0x00, 0xb0, 0x8f, 0x08, 0x00, 0xe0, 0x03, 0x28, 0x00, 0xbd, 0x27, 0x00, 0x00, 0x00, 0x00, 
	0xd8, 0xff, 0xbd, 0x27, 0x00, 0x00, 0x01, 0x3c, 0x60, 0x4f, 0x24, 0xac, 0x1c, 0x00, 0xb0, 0xaf, 
	0x25, 0x80, 0x80, 0x00, 0x80, 0x22, 0x04, 0x00, 0x24, 0x00, 0xbf, 0xaf, 0x4c, 0xff, 0x11, 0x04, 
	0x20, 0x00, 0xb1, 0xaf, 0x08, 0x00, 0x40, 0x14, 0x01, 0x00, 0x10, 0x26, 0xff, 0xff, 0x10, 0x26, 
	0xf4, 0xff, 0x02, 0x24, 0x24, 0x00, 0xbf, 0x8f, 0x20, 0x00, 0xb1, 0x8f, 0x1c, 0x00, 0xb0, 0x8f, 
	0x08, 0x00, 0xe0, 0x03, 0x28, 0x00, 0xbd, 0x27, 0x40, 0x30, 0x10, 0x00, 0x21, 0x30, 0xd0, 0x00, 
	0xc0, 0x30, 0x06, 0x00, 0x25, 0x20, 0xc0, 0x00, 0x25, 0x88, 0x40, 0x00, 0x3c, 0xff, 0x11, 0x04, 
	0x10, 0x00, 0xa6, 0xaf, 0x00, 0x00, 0x01, 0x3c, 0x64, 0x4f, 0x22, 0xac, 0xf0, 0xff, 0x40, 0x10, 
	0x25, 0x20, 0x40, 0x00, 0x10, 0x00, 0xa6, 0x8f, 0x14, 0xfe, 0x11, 0x04, 0x25, 0x28, 0x00, 0x00, 
	0x25, 0x18, 0x40, 0x00, 0x00, 0x00, 0x42, 0xac, 0x04, 0x00, 0x42, 0xac, 0x18, 0x00, 0x44, 0x24, 
	0xff, 0xff, 0x07, 0x24, 0x01, 0x00, 0x02, 0x24, 0x2b, 0x28, 0x50, 0x00, 0x03, 0x00, 0xa0, 0x14, 
	0x00, 0x00, 0x00, 0x00, 0xe3, 0xff, 0x00, 0x10, 0x25, 0x10, 0x00, 0x00, 0x04, 0x00, 0x65, 0x8c, 
	0x14, 0x00, 0x91, 0xac, 0x04, 0x00, 0x85, 0xac, 0x00, 0x00, 0xa6, 0x8c, 0x0c, 0x00, 0x87, 0xac, 
	0x00, 0x00, 0x86, 0xac, 0x01, 0x00, 0x42, 0x24, 0x04, 0x00, 0xc4, 0xac, 0x00, 0x04, 0x31, 0x26, 
	0x00, 0x00, 0xa4, 0xac, 0xf0, 0xff, 0x00, 0x10, 0x18, 0x00, 0x84, 0x24, 0x00, 0x00, 0x02, 0x3c, 
	0x60, 0x4f, 0x42, 0x8c, 0xe8, 0xff, 0xbd, 0x27, 0x02, 0x00, 0x42, 0x28, 0x07, 0x00, 0x40, 0x14, 
	0x14, 0x00, 0xbf, 0xaf, 0x00, 0x00, 0x02, 0x3c, 0x64, 0x4f, 0x42, 0x8c, 0x00, 0x00, 0x00, 0x00, 
	0x2c, 0x00, 0x44, 0x8c, 0x29, 0xff, 0x11, 0x04, 0x00, 0x00, 0x00, 0x00, 0x00, 0x00, 0x04, 0x3c, 
	0x64, 0x4f, 0x84, 0x8c, 0x25, 0xff, 0x11, 0x04, 0x00, 0x00, 0x00, 0x00, 0x14, 0x00, 0xbf, 0x8f, 
	0x25, 0x10, 0x00, 0x00, 0x08, 0x00, 0xe0, 0x03, 0x18, 0x00, 0xbd, 0x27, 0x00, 0x00, 0x82, 0x8c, 
	0x04, 0x00, 0xa4, 0xac, 0x00, 0x00, 0xa2, 0xac, 0x04, 0x00, 0x45, 0xac, 0x08, 0x00, 0xe0, 0x03, 
	0x00, 0x00, 0x85, 0xac, 0x25, 0x10, 0x80, 0x00, 0x00, 0x00, 0x43, 0x8c, 0x04, 0x00, 0x84, 0x8c, 
	0x00, 0x00, 0x00, 0x00, 0x00, 0x00, 0x83, 0xac, 0x08, 0x00, 0xe0, 0x03, 0x04, 0x00, 0x64, 0xac, 
	0xd8, 0xff, 0xbd, 0x27, 0x20, 0x00, 0xb2, 0xaf, 0x18, 0x00, 0xb0, 0xaf, 0x25, 0x90, 0xa0, 0x00, 
	0x25, 0x80, 0x80, 0x00, 0x14, 0x00, 0x05, 0x8e, 0x0c, 0x00, 0x84, 0x8c, 0x10, 0x00, 0x06, 0x8e, 
	0x24, 0x00, 0xbf, 0xaf, 0x1d, 0x00, 0x40, 0x12, 0x1c, 0x00, 0xb1, 0xaf, 0xfc, 0x03, 0x11, 0x04, 
	0x00, 0x00, 0x00, 0x00, 0x0f, 0x00, 0x40, 0x10, 0x25, 0x88, 0x40, 0x00, 0x10, 0x00, 0xb2, 0xaf, 
	0x10, 0x00, 0x07, 0x8e, 0x0c, 0x00, 0x06, 0x8e, 0x00, 0x00, 0x04, 0x3c, 0xa0, 0x4c, 0x84, 0x24, 
	0xb9, 0xfd, 0x11, 0x04, 0x25, 0x28, 0x40, 0x00, 0x06, 0x00, 0x40, 0x16, 0x00, 0x00, 0x00, 0x00, 
	0x10, 0x00, 0x07, 0x8e, 0x14, 0x00, 0x05, 0x8e, 0x0c, 0x00, 0x04, 0x8e, 0x14, 0x01, 0x11, 0x04, 
	0x06, 0x00, 0x06, 0x24, 0x08, 0x00, 0x02, 0x96, 0x24, 0x00, 0xbf, 0x8f, 0xfe, 0xff, 0x42, 0x30, 
	0x08, 0x00, 0x02, 0xa6, 0x20, 0x00, 0xb2, 0x8f, 0x18, 0x00, 0xb0, 0x8f, 0x25, 0x10, 0x20, 0x02, 
	0x1c, 0x00, 0xb1, 0x8f, 0x08, 0x00, 0xe0, 0x03, 0x28, 0x00, 0xbd, 0x27, 0xb8, 0x03, 0x11, 0x04, 
	0x00, 0x00, 0x00, 0x00, 0xe3, 0xff, 0x00, 0x10, 0x00, 0x00, 0x00, 0x00, 0x08, 0x00, 0x82, 0x94, 
	0x00, 0x00, 0x00, 0x00, 0x01, 0x00, 0x42, 0x30, 0x03, 0x00, 0x40, 0x10, 0x00, 0x00, 0x00, 0x00, 
	0xcf, 0xff, 0x00, 0x10, 0x01, 0x00, 0x05, 0x24, 0x08, 0x00, 0xe0, 0x03, 0x00, 0x00, 0x00, 0x00, 
	0xe0, 0xff, 0xbd, 0x27, 0x18, 0x00, 0xb1, 0xaf, 0x14, 0x00, 0xb0, 0xaf, 0x1c, 0x00, 0xbf, 0xaf, 
	0x25, 0x88, 0x80, 0x00, 0x01, 0x00, 0x10, 0x24, 0x00, 0x00, 0x02, 0x3c, 0x60, 0x4f, 0x42, 0x8c, 
	0x00, 0x00, 0x00, 0x00, 0x2a, 0x10, 0x50, 0x00, 0x0f, 0x00, 0x40, 0x10, 0x00, 0x00, 0x00, 0x00, 
	0xbb, 0x04, 0x11, 0x04, 0x25, 0x20, 0x20, 0x02, 0x01, 0x00, 0x10, 0x24, 0x00, 0x00, 0x02, 0x3c, 
	0x60, 0x4f, 0x42, 0x8c, 0x00, 0x00, 0x00, 0x00, 0x2a, 0x10, 0x50, 0x00, 0x19, 0x00, 0x40, 0x10, 
	0x25, 0x20, 0x20, 0x02, 0x1c, 0x00, 0xbf, 0x8f, 0x14, 0x00, 0xb0, 0x8f, 0x18, 0x00, 0xb1, 0x8f, 
	0xca, 0x04, 0x00, 0x10, 0x20, 0x00, 0xbd, 0x27, 0x40, 0x10, 0x10, 0x00, 0x00, 0x00, 0x04, 0x3c, 
	0x64, 0x4f, 0x84, 0x8c, 0x21, 0x10, 0x50, 0x00, 0xc0, 0x10, 0x02, 0x00, 0x21, 0x20, 0x82, 0x00, 
	0x08, 0x00, 0x82, 0x94, 0x00, 0x00, 0x00, 0x00, 0x01, 0x00, 0x42, 0x30, 0x07, 0x00, 0x40, 0x10, 
	0x00, 0x00, 0x00, 0x00, 0x0c, 0x00, 0x82, 0x8c, 0x00, 0x00, 0x00, 0x00, 0x03, 0x00, 0x51, 0x14, 
	0x00, 0x00, 0x00, 0x00, 0xcb, 0x04, 0x11, 0x04, 0x00, 0x00, 0x00, 0x00, 0xda, 0xff, 0x00, 0x10, 
	0x01, 0x00, 0x10, 0x26, 0x40, 0x10, 0x10, 0x00, 0x00, 0x00, 0x04, 0x3c, 0x64, 0x4f, 0x84, 0x8c, 
	0x21, 0x10, 0x50, 0x00, 0xc0, 0x10, 0x02, 0x00, 0x21, 0x20, 0x82, 0x00, 0x08, 0x00, 0x82, 0x94, 
	0x00, 0x00, 0x00, 0x00, 0x01, 0x00, 0x42, 0x30, 0x07, 0x00, 0x40, 0x10, 0x00, 0x00, 0x00, 0x00, 
	0x0c, 0x00, 0x82, 0x8c, 0x00, 0x00, 0x00, 0x00, 0x03, 0x00, 0x51, 0x14, 0x00, 0x00, 0x00, 0x00, 
	0x8f, 0xff, 0x11, 0x04, 0x01, 0x00, 0x05, 0x24, 0xd0, 0xff, 0x00, 0x10, 0x01, 0x00, 0x10, 0x26, 
	0x00, 0x00, 0x03, 0x3c, 0x64, 0x4f, 0x63, 0x8c, 0xe0, 0xff, 0xbd, 0x27, 0x00, 0x00, 0x08, 0x3c, 
	0x60, 0x4f, 0x08, 0x8d, 0x18, 0x00, 0x62, 0x24, 0x18, 0x00, 0xb2, 0xaf, 0x14, 0x00, 0xb1, 0xaf, 
	0x1c, 0x00, 0xbf, 0xaf, 0x10, 0x00, 0xb0, 0xaf, 0x25, 0x90, 0x80, 0x00, 0x25, 0x88, 0xe0, 0x00, 
	0x00, 0x00, 0xe0, 0xac, 0x01, 0x00, 0x04, 0x24, 0x2a, 0x38, 0x04, 0x01, 0x11, 0x00, 0xe0, 0x10, 
	0x00, 0x00, 0x00, 0x00, 0x04, 0x00, 0x62, 0x8c, 0x00, 0x00, 0x00, 0x00, 0x18, 0x00, 0x62, 0x14, 
	0x00, 0x00, 0x00, 0x00, 0x00, 0x00, 0x62, 0x8c, 0x00, 0x00, 0x00, 0x00, 0x14, 0x00, 0x62, 0x14, 
	0x00, 0x00, 0x00, 0x00, 0x00, 0x00, 0x04, 0x3c, 0xdc, 0x4c, 0x84, 0x24, 0x3e, 0xfd, 0x11, 0x04, 
	0x00, 0x00, 0x00, 0x00, 0xf4, 0xff, 0x02, 0x24, 0x00, 0x00, 0x22, 0xae, 0x3e, 0x00, 0x00, 0x10, 
	0x25, 0x80, 0x00, 0x00, 0x10, 0x00, 0x47, 0x8c, 0x00, 0x00, 0x00, 0x00, 0x05, 0x00, 0xe5, 0x14, 
	0x25, 0x80, 0x40, 0x00, 0x0c, 0x00, 0x47, 0x8c, 0x00, 0x00, 0x00, 0x00, 0x2b, 0x00, 0xf2, 0x10, 
	0x00, 0x00, 0x00, 0x00, 0x01, 0x00, 0x84, 0x24, 0xe3, 0xff, 0x00, 0x10, 0x18, 0x00, 0x42, 0x24, 
	0x00, 0x00, 0x70, 0x8c, 0x00, 0x00, 0x00, 0x00, 0x08, 0x00, 0x02, 0x96, 0x00, 0x00, 0x00, 0x00, 
	0x01, 0x00, 0x42, 0x30, 0x08, 0x00, 0x40, 0x10, 0x00, 0x00, 0x00, 0x00, 0x00, 0x00, 0x04, 0x3c, 
	0xfc, 0x4c, 0x84, 0x24, 0x28, 0x00, 0xa6, 0xaf, 0x23, 0xfd, 0x11, 0x04, 0x24, 0x00, 0xa5, 0xaf, 
	0x28, 0x00, 0xa6, 0x8f, 0x24, 0x00, 0xa5, 0x8f, 0x01, 0x00, 0x02, 0x3c, 0x08, 0x00, 0x02, 0xae, 
	0x04, 0x00, 0x03, 0x8e, 0x00, 0x00, 0x02, 0x8e, 0x0c, 0x00, 0x12, 0xae, 0x10, 0x00, 0x05, 0xae, 
	0x00, 0x00, 0x62, 0xac, 0x1c, 0x00, 0xc0, 0x14, 0x04, 0x00, 0x43, 0xac, 0x25, 0x28, 0x00, 0x00, 
	0x47, 0xff, 0x11, 0x04, 0x25, 0x20, 0x00, 0x02, 0x17, 0x00, 0x41, 0x04, 0x00, 0x00, 0x22, 0xae, 
	0xff, 0xff, 0x02, 0x24, 0x0c, 0x00, 0x02, 0xae, 0x00, 0x00, 0x02, 0x3c, 0x64, 0x4f, 0x42, 0x8c, 
	0x0a, 0x00, 0x00, 0xa6, 0x00, 0x00, 0x43, 0x8c, 0x04, 0x00, 0x02, 0xae, 0x00, 0x00, 0x03, 0xae, 
	0x04, 0x00, 0x70, 0xac, 0xcd, 0xff, 0x00, 0x10, 0x00, 0x00, 0x50, 0xac, 0x0a, 0x00, 0x43, 0x94, 
	0x00, 0x00, 0x00, 0x00, 0x06, 0x00, 0x60, 0x14, 0x00, 0x00, 0x00, 0x00, 0x04, 0x00, 0x45, 0x8c, 
	0x00, 0x00, 0x44, 0x8c, 0x00, 0x00, 0x00, 0x00, 0x00, 0x00, 0xa4, 0xac, 0x04, 0x00, 0x85, 0xac, 
	0x01, 0x00, 0x63, 0x24, 0x0a, 0x00, 0x43, 0xa4, 0x1c, 0x00, 0xbf, 0x8f, 0x18, 0x00, 0xb2, 0x8f, 
	0x14, 0x00, 0xb1, 0x8f, 0x25, 0x10, 0x00, 0x02, 0x10, 0x00, 0xb0, 0x8f, 0x08, 0x00, 0xe0, 0x03, 
	0x20, 0x00, 0xbd, 0x27, 0x05, 0x00, 0x80, 0x14, 0x00, 0x00, 0x00, 0x00, 0x00, 0x00, 0x04, 0x3c, 
	0x20, 0x4d, 0x84, 0x24, 0xf0, 0xfc, 0x00, 0x10, 0x00, 0x00, 0x00, 0x00, 0x0a, 0x00, 0x82, 0x94, 
	0x00, 0x00, 0x00, 0x00, 0x05, 0x00, 0x40, 0x14, 0x00, 0x00, 0x00, 0x00, 0x00, 0x00, 0x04, 0x3c, 
	0x44, 0x4d, 0x84, 0x24, 0xf7, 0xff, 0x00, 0x10, 0x00, 0x00, 0x00, 0x00, 0x08, 0x00, 0x82, 0x94, 
	0xe8, 0xff, 0xbd, 0x27, 0x01, 0x00, 0x42, 0x30, 0x10, 0x00, 0xb0, 0xaf, 0x14, 0x00, 0xbf, 0xaf, 
	0x05, 0x00, 0x40, 0x10, 0x25, 0x80, 0x80, 0x00, 0x00, 0x00, 0x04, 0x3c, 0x68, 0x4d, 0x84, 0x24, 
	0xdd, 0xfc, 0x11, 0x04, 0x00, 0x00, 0x00, 0x00, 0x0a, 0x00, 0x02, 0x96, 0x00, 0x00, 0x00, 0x00, 
	0xff, 0xff, 0x42, 0x24, 0xff, 0xff, 0x42, 0x30, 0x0b, 0x00, 0x40, 0x14, 0x0a, 0x00, 0x02, 0xa6, 
	0x00, 0x00, 0x02, 0x3c, 0x64, 0x4f, 0x42, 0x8c, 0x00, 0x00, 0x00, 0x00, 0x04, 0x00, 0x42, 0x8c, 
	0x00, 0x00, 0x00, 0x00, 0x00, 0x00, 0x43, 0x8c, 0x04, 0x00, 0x02, 0xae, 0x00, 0x00, 0x03, 0xae, 
	0x04, 0x00, 0x70, 0xac, 0x00, 0x00, 0x50, 0xac, 0x14, 0x00, 0xbf, 0x8f, 0x10, 0x00, 0xb0, 0x8f, 
	0x08, 0x00, 0xe0, 0x03, 0x18, 0x00, 0xbd, 0x27, 0x00, 0x00, 0x02, 0x3c, 0x64, 0x4f, 0x42, 0x8c, 
	0xe8, 0xff, 0xbd, 0x27, 0x04, 0x00, 0x43, 0x8c, 0x14, 0x00, 0xbf, 0xaf, 0x0e, 0x00, 0x43, 0x14, 
	0x10, 0x00, 0xb0, 0xaf, 0x00, 0x00, 0x43, 0x8c, 0x00, 0x00, 0x00, 0x00, 0x0a, 0x00, 0x43, 0x14, 
	0x00, 0x00, 0x00, 0x00, 0x00, 0x00, 0x04, 0x3c, 0xdc, 0x4c, 0x84, 0x24, 0xba, 0xfc, 0x11, 0x04, 
	0x25, 0x80, 0x00, 0x00, 0x14, 0x00, 0xbf, 0x8f, 0x25, 0x10, 0x00, 0x02, 0x10, 0x00, 0xb0, 0x8f, 
	0x08, 0x00, 0xe0, 0x03, 0x18, 0x00, 0xbd, 0x27, 0x00, 0x00, 0x50, 0x8c, 0x00, 0x00, 0x00, 0x00, 
	0x08, 0x00, 0x02, 0x96, 0x00, 0x00, 0x00, 0x00, 0x01, 0x00, 0x42, 0x30, 0x04, 0x00, 0x40, 0x10, 
	0x00, 0x00, 0x00, 0x00, 0x00, 0x00, 0x04, 0x3c, 0xab, 0xfc, 0x11, 0x04, 0xfc, 0x4c, 0x84, 0x24, 
	0x01, 0x00, 0x02, 0x3c, 0x08, 0x00, 0x02, 0xae, 0xff, 0xff, 0x02, 0x24, 0x0c, 0x00, 0x02, 0xae, 
	0x10, 0x00, 0x02, 0xae, 0x04, 0x00, 0x03, 0x8e, 0x00, 0x00, 0x02, 0x8e, 0x00, 0x00, 0x00, 0x00, 
	0x00, 0x00, 0x62, 0xac, 0xe7, 0xff, 0x00, 0x10, 0x04, 0x00, 0x43, 0xac, 0x00, 0x00, 0x00, 0x00, 
	0xd0, 0xff, 0xbd, 0x27, 0x28, 0x00, 0xb1, 0xaf, 0x24, 0x00, 0xb0, 0xaf, 0x25, 0x88, 0xc0, 0x00, 
	0x25, 0x80, 0x80, 0x00, 0x00, 0x02, 0x06, 0x24, 0x25, 0x20, 0xa0, 0x00, 0x25, 0x28, 0x00, 0x00, 
	0x2c, 0x00, 0xbf, 0xaf, 0xa1, 0xfc, 0x11, 0x04, 0x18, 0x00, 0xa7, 0xaf, 0x18, 0x00, 0xa7, 0x8f, 
	0x25, 0x28, 0x40, 0x00, 0x00, 0x00, 0x47, 0xac, 0x01, 0x00, 0x02, 0x24, 0x25, 0x20, 0x00, 0x02, 
	0x10, 0x00, 0xa2, 0xaf, 0x25, 0x30, 0x20, 0x02, 0x48, 0xfc, 0x11, 0x04, 0x01, 0x00, 0x07, 0x24, 
	0x2c, 0x00, 0xbf, 0x8f, 0x28, 0x00, 0xb1, 0x8f, 0x25, 0x20, 0x00, 0x02, 0x24, 0x00, 0xb0, 0x8f, 
	0x4e, 0xfc, 0x00, 0x10, 0x30, 0x00, 0xbd, 0x27, 0xe0, 0xff, 0xbd, 0x27, 0x1c, 0x00, 0xbf, 0xaf, 
	0x14, 0x00, 0xa4, 0xaf, 0xb8, 0xff, 0x11, 0x04, 0x10, 0x00, 0xa5, 0xaf, 0x14, 0x00, 0x45, 0x8c, 
	0x10, 0x00, 0xa7, 0x8f, 0x14, 0x00, 0xa4, 0x8f, 0x07, 0x00, 0x06, 0x24, 0xdc, 0xff, 0x11, 0x04, 
	0x10, 0x00, 0xa2, 0xaf, 0x10, 0x00, 0xa4, 0x8f, 0x1c, 0x00, 0xbf, 0x8f, 0x81, 0xff, 0x00, 0x10, 
	0x20, 0x00, 0xbd, 0x27, 0xd8, 0xff, 0xbd, 0x27, 0x20, 0x00, 0xb2, 0xaf, 0x18, 0x00, 0xb0, 0xaf, 
	0x24, 0x00, 0xbf, 0xaf, 0x1c, 0x00, 0xb1, 0xaf, 0x28, 0x00, 0xa4, 0xaf, 0x2c, 0x00, 0xa5, 0xaf, 
	0xa5, 0xff, 0x11, 0x04, 0x25, 0x90, 0xc0, 0x00, 0x14, 0x00, 0x40, 0x10, 0xf4, 0xff, 0x10, 0x24, 
	0x14, 0x00, 0x45, 0x8c, 0x2c, 0x00, 0xa6, 0x8f, 0x28, 0x00, 0xa4, 0x8f, 0x10, 0x00, 0xa0, 0xaf, 
	0x01, 0x00, 0x07, 0x24, 0x21, 0xfc, 0x11, 0x04, 0x25, 0x88, 0x40, 0x00, 0x0b, 0x00, 0x40, 0x14, 
	0xfb, 0xff, 0x10, 0x24, 0x14, 0x00, 0x22, 0x8e, 0x04, 0x00, 0x40, 0x12, 0x00, 0x00, 0x00, 0x00, 
	0x00, 0x00, 0x43, 0x8c, 0x00, 0x00, 0x00, 0x00, 0x00, 0x00, 0x43, 0xae, 0x00, 0x00, 0x50, 0x8c, 
	0x25, 0x20, 0x20, 0x02, 0x63, 0xff, 0x11, 0x04, 0x2b, 0x80, 0x10, 0x00, 0x24, 0x00, 0xbf, 0x8f, 
	0x20, 0x00, 0xb2, 0x8f, 0x1c, 0x00, 0xb1, 0x8f, 0x25, 0x10, 0x00, 0x02, 0x18, 0x00, 0xb0, 0x8f, 
	0x08, 0x00, 0xe0, 0x03, 0x28, 0x00, 0xbd, 0x27, 0xd8, 0xff, 0xbd, 0x27, 0x20, 0x00, 0xb3, 0xaf, 
	0x1c, 0x00, 0xb2, 0xaf, 0x25, 0x98, 0xe0, 0x00, 0x25, 0x90, 0xc0, 0x00, 0x40, 0x00, 0xa7, 0x8f, 
	0x14, 0x00, 0xb0, 0xaf, 0x01, 0x00, 0x06, 0x24, 0x25, 0x80, 0xa0, 0x00, 0x18, 0x00, 0xb1, 0xaf, 
	0x24, 0x00, 0xbf, 0xaf, 0xea, 0xfe, 0x11, 0x04, 0x25, 0x28, 0x40, 0x02, 0x2b, 0x00, 0x40, 0x10, 
	0x25, 0x88, 0x40, 0x00, 0x14, 0x00, 0x44, 0x8c, 0x00, 0x04, 0x06, 0x24, 0x4b, 0xfc, 0x11, 0x04, 
	0x25, 0x28, 0x00, 0x00, 0x14, 0x00, 0x24, 0x8e, 0x41, 0x00, 0x02, 0x3c, 0x41, 0x50, 0x42, 0x24, 
	0x04, 0x00, 0x82, 0xac, 0x38, 0x00, 0xa2, 0x8f, 0x40, 0x00, 0x92, 0xac, 0x0c, 0x00, 0x82, 0xac, 
	0x3c, 0x00, 0xa2, 0x8f, 0x08, 0x00, 0x93, 0xac, 0x44, 0x00, 0x82, 0xac, 0x34, 0x00, 0x02, 0x96, 
	0x20, 0x00, 0x06, 0x24, 0x48, 0x00, 0x82, 0xa4, 0x36, 0x00, 0x02, 0x96, 0x25, 0x28, 0x00, 0x02, 
	0x4a, 0x00, 0x82, 0xa4, 0x05, 0x02, 0x02, 0x24, 0x60, 0x00, 0x82, 0xac, 0x35, 0xfc, 0x11, 0x04, 
	0x10, 0x00, 0x84, 0x24, 0x36, 0x00, 0x02, 0x96, 0x14, 0x00, 0x32, 0x8e, 0x01, 0x00, 0x42, 0x30, 
	0x16, 0x00, 0x40, 0x10, 0x00, 0x00, 0x00, 0x00, 0x38, 0x00, 0x02, 0x8e, 0x00, 0x00, 0x00, 0x00, 
	0x58, 0x00, 0x42, 0xae, 0x3c, 0x00, 0x02, 0x8e, 0x00, 0x00, 0x00, 0x00, 0x5c, 0x00, 0x42, 0xae, 
	0x14, 0x00, 0x24, 0x8e, 0x70, 0xfd, 0x11, 0x04, 0x50, 0x00, 0x84, 0x24, 0x08, 0x00, 0x22, 0x96, 
	0x00, 0x00, 0x00, 0x00, 0x01, 0x00, 0x42, 0x34, 0x08, 0x00, 0x22, 0xa6, 0x24, 0x00, 0xbf, 0x8f, 
	0x20, 0x00, 0xb3, 0x8f, 0x1c, 0x00, 0xb2, 0x8f, 0x14, 0x00, 0xb0, 0x8f, 0x25, 0x10, 0x20, 0x02, 
	0x18, 0x00, 0xb1, 0x8f, 0x08, 0x00, 0xe0, 0x03, 0x28, 0x00, 0xbd, 0x27, 0x00, 0x00, 0x05, 0x3c, 
	0x90, 0x4d, 0xa5, 0x24, 0x1d, 0xfc, 0x11, 0x04, 0x10, 0x00, 0x44, 0x26, 0xec, 0xff, 0x40, 0x10, 
	0x28, 0x00, 0x05, 0x26, 0x30, 0x00, 0x44, 0x26, 0x12, 0xfc, 0x11, 0x04, 0x08, 0x00, 0x06, 0x24, 
	0x14, 0x00, 0x24, 0x8e, 0x08, 0x00, 0x06, 0x24, 0x20, 0x00, 0x05, 0x26, 0x0d, 0xfc, 0x11, 0x04, 
	0x38, 0x00, 0x84, 0x24, 0xe2, 0xff, 0x00, 0x10, 0x00, 0x00, 0x00, 0x00, 0x48, 0x00, 0x82, 0x94, 
	0x00, 0x00, 0x00, 0x00, 0x11, 0x00, 0x40, 0x14, 0x01, 0x00, 0x07, 0x24, 0x44, 0x00, 0x86, 0x8c, 
	0x20, 0x00, 0x03, 0x24, 0x04, 0x40, 0x47, 0x00, 0x09, 0x00, 0xc8, 0x14, 0x00, 0x00, 0x00, 0x00, 
	0x00, 0x00, 0xa8, 0x8c, 0x00, 0x00, 0x00, 0x00, 0x06, 0x00, 0x00, 0x15, 0x01, 0x00, 0x42, 0x24, 
	0xff, 0xff, 0x42, 0x24, 0x40, 0x00, 0x82, 0x8c, 0x08, 0x00, 0xe0, 0x03, 0x00, 0x00, 0xa2, 0xac, 
	0x01, 0x00, 0x42, 0x24, 0xf3, 0xff, 0x43, 0x14, 0x04, 0x00, 0xa5, 0x24, 0x08, 0x00, 0xe0, 0x03, 
	0x00, 0x00, 0x00, 0x00, 0xd0, 0xff, 0xbd, 0x27, 0x24, 0x00, 0xb2, 0xaf, 0x20, 0x00, 0xb1, 0xaf, 
	0x25, 0x90, 0xc0, 0x00, 0x25, 0x88, 0xe0, 0x00, 0x01, 0x00, 0x06, 0x24, 0x10, 0x00, 0xa7, 0x27, 
	0x28, 0x00, 0xb3, 0xaf, 0x1c, 0x00, 0xb0, 0xaf, 0x2c, 0x00, 0xbf, 0xaf, 0x84, 0xfe, 0x11, 0x04, 
	0x25, 0x98, 0xa0, 0x00, 0x19, 0x00, 0x40, 0x10, 0x25, 0x80, 0x40, 0x00, 0x14, 0x00, 0x44, 0x8c, 
	0x00, 0x04, 0x06, 0x24, 0xe5, 0xfb, 0x11, 0x04, 0x25, 0x28, 0x00, 0x00, 0x14, 0x00, 0x04, 0x8e, 
	0x41, 0x00, 0x02, 0x3c, 0x41, 0x50, 0x42, 0x24, 0x04, 0x00, 0x82, 0xac, 0x40, 0x00, 0xa2, 0x8f, 
	0x40, 0x00, 0x93, 0xac, 0x08, 0x00, 0x92, 0xac, 0x0c, 0x00, 0x91, 0xac, 0x44, 0x00, 0x82, 0xac, 
	0x00, 0x00, 0x05, 0x3c, 0x98, 0x4d, 0xa5, 0x24, 0xde, 0xfb, 0x11, 0x04, 0x10, 0x00, 0x84, 0x24, 
	0x14, 0x00, 0x04, 0x8e, 0x1c, 0xfd, 0x11, 0x04, 0x50, 0x00, 0x84, 0x24, 0x08, 0x00, 0x02, 0x96, 
	0x00, 0x00, 0x00, 0x00, 0x01, 0x00, 0x42, 0x34, 0x08, 0x00, 0x02, 0xa6, 0x2c, 0x00, 0xbf, 0x8f, 
	0x28, 0x00, 0xb3, 0x8f, 0x24, 0x00, 0xb2, 0x8f, 0x20, 0x00, 0xb1, 0x8f, 0x25, 0x10, 0x00, 0x02, 
	0x1c, 0x00, 0xb0, 0x8f, 0x08, 0x00, 0xe0, 0x03, 0x30, 0x00, 0xbd, 0x27, 0xc0, 0xff, 0xbd, 0x27, 
	0x2c, 0x00, 0xb2, 0xaf, 0x25, 0x90, 0xa0, 0x00, 0x25, 0x28, 0xc0, 0x00, 0x25, 0x30, 0x00, 0x00, 
	0x34, 0x00, 0xb4, 0xaf, 0x28, 0x00, 0xb1, 0xaf, 0x24, 0x00, 0xb0, 0xaf, 0x3c, 0x00, 0xbf, 0xaf, 
	0x38, 0x00, 0xb5, 0xaf, 0x30, 0x00, 0xb3, 0xaf, 0x25, 0x88, 0x80, 0x00, 0x54, 0xfe, 0x11, 0x04, 
	0x25, 0xa0, 0xe0, 0x00, 0x37, 0x00, 0x40, 0x14, 0x25, 0x80, 0x40, 0x00, 0x25, 0x80, 0x00, 0x00, 
	0x3c, 0x00, 0xbf, 0x8f, 0x38, 0x00, 0xb5, 0x8f, 0x34, 0x00, 0xb4, 0x8f, 0x30, 0x00, 0xb3, 0x8f, 
	0x2c, 0x00, 0xb2, 0x8f, 0x28, 0x00, 0xb1, 0x8f, 0x25, 0x10, 0x00, 0x02, 0x24, 0x00, 0xb0, 0x8f, 
	0x08, 0x00, 0xe0, 0x03, 0x40, 0x00, 0xbd, 0x27, 0x08, 0x00, 0x45, 0x8c, 0x25, 0x30, 0x00, 0x00, 
	0x43, 0xfe, 0x11, 0x04, 0x25, 0x20, 0x20, 0x02, 0x05, 0x00, 0x40, 0x14, 0x25, 0x98, 0x40, 0x00, 
	0xa4, 0xfe, 0x11, 0x04, 0x25, 0x20, 0x00, 0x02, 0xed, 0xff, 0x00, 0x10, 0x25, 0x80, 0x00, 0x00, 
	0x14, 0x00, 0x02, 0x8e, 0x25, 0x20, 0x20, 0x02, 0x44, 0x00, 0x45, 0x8c, 0x40, 0x00, 0x47, 0x8c, 
	0x08, 0x00, 0x46, 0x8c, 0x42, 0x28, 0x05, 0x00, 0x44, 0x00, 0x45, 0xac, 0x10, 0x00, 0xa5, 0xaf, 
	0xa4, 0xff, 0x11, 0x04, 0x21, 0x28, 0xa7, 0x00, 0x25, 0xa8, 0x40, 0x00, 0x14, 0x00, 0x42, 0x8c, 
	0x25, 0x20, 0x20, 0x02, 0x40, 0x00, 0x43, 0x8c, 0x14, 0x00, 0x02, 0x8e, 0x00, 0x00, 0x00, 0x00, 
	0x08, 0x00, 0x43, 0xac, 0x08, 0x00, 0x02, 0x96, 0x00, 0x00, 0x00, 0x00, 0x01, 0x00, 0x42, 0x34, 
	0x08, 0x00, 0x02, 0xa6, 0x14, 0x00, 0x62, 0x8e, 0x00, 0x00, 0x00, 0x00, 0x0c, 0x00, 0x43, 0xac, 
	0x08, 0x00, 0x62, 0x96, 0x00, 0x00, 0x00, 0x00, 0x01, 0x00, 0x42, 0x34, 0xe0, 0xfd, 0x11, 0x04, 
	0x08, 0x00, 0x62, 0xa6, 0x83, 0xfe, 0x11, 0x04, 0x25, 0x20, 0xa0, 0x02, 0x81, 0xfe, 0x11, 0x04, 
	0x25, 0x20, 0x60, 0x02, 0x14, 0x00, 0x02, 0x8e, 0x30, 0x00, 0x43, 0x8e, 0x44, 0x00, 0x44, 0x8c, 
	0x00, 0x00, 0x00, 0x00, 0xd0, 0xff, 0x83, 0x14, 0x25, 0x38, 0x80, 0x02, 0x79, 0xfe, 0x11, 0x04, 
	0x25, 0x20, 0x00, 0x02, 0x14, 0x00, 0x02, 0x8e, 0x25, 0x20, 0x20, 0x02, 0x08, 0x00, 0x47, 0x8c, 
	0x40, 0x00, 0x46, 0x8c, 0x18, 0x00, 0xb4, 0xaf, 0x30, 0x00, 0x43, 0x8e, 0x25, 0x28, 0x40, 0x02, 
	0x14, 0x00, 0xa3, 0xaf, 0x0c, 0x00, 0x42, 0x8c, 0x13, 0xff, 0x11, 0x04, 0x10, 0x00, 0xa2, 0xaf, 
	0x25, 0x20, 0x20, 0x02, 0xc6, 0xfd, 0x11, 0x04, 0x25, 0x80, 0x40, 0x00, 0xb4, 0xff, 0x00, 0x10, 
	0x00, 0x00, 0x00, 0x00, 0xd8, 0xff, 0xbd, 0x27, 0x10, 0x00, 0xb0, 0xaf, 0x25, 0x80, 0x80, 0x00, 
	0x14, 0x00, 0x84, 0x8c, 0x00, 0x04, 0x06, 0x24, 0x24, 0x00, 0xbf, 0xaf, 0x20, 0x00, 0xb4, 0xaf, 
	0x1c, 0x00, 0xb3, 0xaf, 0x18, 0x00, 0xb2, 0xaf, 0x14, 0x00, 0xb1, 0xaf, 0x40, 0x00, 0x94, 0x8c, 
	0x08, 0x00, 0x93, 0x8c, 0x0c, 0x00, 0x92, 0x8c, 0x44, 0x00, 0x91, 0x8c, 0x5b, 0xfb, 0x11, 0x04, 
	0x25, 0x28, 0x00, 0x00, 0x14, 0x00, 0x04, 0x8e, 0x41, 0x00, 0x02, 0x3c, 0x41, 0x50, 0x42, 0x24, 
	0x40, 0x00, 0x94, 0xac, 0x08, 0x00, 0x93, 0xac, 0x0c, 0x00, 0x92, 0xac, 0x44, 0x00, 0x91, 0xac, 
	0x04, 0x00, 0x82, 0xac, 0x98, 0xfc, 0x11, 0x04, 0x50, 0x00, 0x84, 0x24, 0x14, 0x00, 0x04, 0x8e, 
	0x00, 0x00, 0x05, 0x3c, 0x98, 0x4d, 0xa5, 0x24, 0x52, 0xfb, 0x11, 0x04, 0x10, 0x00, 0x84, 0x24, 
	0x08, 0x00, 0x02, 0x96, 0x24, 0x00, 0xbf, 0x8f, 0x01, 0x00, 0x42, 0x34, 0x20, 0x00, 0xb4, 0x8f, 
	0x1c, 0x00, 0xb3, 0x8f, 0x18, 0x00, 0xb2, 0x8f, 0x14, 0x00, 0xb1, 0x8f, 0x08, 0x00, 0x02, 0xa6, 
	0x10, 0x00, 0xb0, 0x8f, 0x08, 0x00, 0xe0, 0x03, 0x28, 0x00, 0xbd, 0x27, 0xc0, 0xff, 0xbd, 0x27, 
	0x1c, 0x00, 0xb1, 0xaf, 0x14, 0x00, 0x91, 0x8c, 0x30, 0x00, 0xb6, 0xaf, 0x08, 0x00, 0x22, 0x8e, 
	0x44, 0x00, 0x36, 0x8e, 0x2c, 0x00, 0xb5, 0xaf, 0x0c, 0x00, 0x95, 0x8c, 0x38, 0x00, 0xbe, 0xaf, 
	0x34, 0x00, 0xb7, 0xaf, 0x28, 0x00, 0xb4, 0xaf, 0x24, 0x00, 0xb3, 0xaf, 0x18, 0x00, 0xb0, 0xaf, 
	0x3c, 0x00, 0xbf, 0xaf, 0x20, 0x00, 0xb2, 0xaf, 0x25, 0xa0, 0xa0, 0x00, 0x25, 0xf0, 0x40, 0x00, 
	0x25, 0x98, 0xc0, 0x02, 0x25, 0x80, 0x80, 0x00, 0x20, 0x00, 0x17, 0x3c, 0x40, 0x00, 0x22, 0x8e, 
	0x00, 0x00, 0x00, 0x00, 0x21, 0x00, 0x40, 0x10, 0x25, 0x38, 0x80, 0x02, 0x0c, 0x00, 0x25, 0x8e, 
	0x25, 0x30, 0x00, 0x00, 0xbe, 0xfd, 0x11, 0x04, 0x25, 0x20, 0xa0, 0x02, 0x11, 0x00, 0x40, 0x14, 
	0x00, 0x00, 0x00, 0x00, 0x1f, 0xfe, 0x11, 0x04, 0x25, 0x20, 0x00, 0x02, 0x25, 0x80, 0x00, 0x00, 
	0x3c, 0x00, 0xbf, 0x8f, 0x38, 0x00, 0xbe, 0x8f, 0x34, 0x00, 0xb7, 0x8f, 0x30, 0x00, 0xb6, 0x8f, 
	0x2c, 0x00, 0xb5, 0x8f, 0x28, 0x00, 0xb4, 0x8f, 0x24, 0x00, 0xb3, 0x8f, 0x20, 0x00, 0xb2, 0x8f, 
	0x1c, 0x00, 0xb1, 0x8f, 0x25, 0x10, 0x00, 0x02, 0x18, 0x00, 0xb0, 0x8f, 0x08, 0x00, 0xe0, 0x03, 
	0x40, 0x00, 0xbd, 0x27, 0x14, 0x00, 0x51, 0x8c, 0x00, 0x00, 0x00, 0x00, 0x44, 0x00, 0x32, 0x8e, 
	0x00, 0x00, 0x00, 0x00, 0x21, 0x90, 0x72, 0x02, 0x2b, 0x18, 0x57, 0x02, 0x21, 0x00, 0x60, 0x14, 
	0x00, 0x00, 0x00, 0x00, 0x07, 0xfe, 0x11, 0x04, 0x25, 0x20, 0x40, 0x00, 0xe8, 0xff, 0x76, 0x12, 
	0x25, 0x38, 0x80, 0x02, 0x25, 0x30, 0x00, 0x00, 0x25, 0x28, 0xc0, 0x03, 0x9c, 0xfd, 0x11, 0x04, 
	0x25, 0x20, 0xa0, 0x02, 0xdf, 0xff, 0x40, 0x10, 0x25, 0x88, 0x40, 0x00, 0x14, 0x00, 0x02, 0x8e, 
	0x25, 0x20, 0xa0, 0x02, 0x40, 0x00, 0x43, 0x8c, 0x44, 0x00, 0x53, 0xac, 0x21, 0x98, 0x73, 0x00, 
	0x08, 0x00, 0x53, 0xac, 0x14, 0x00, 0x22, 0x8e, 0x00, 0x00, 0x00, 0x00, 0x0c, 0x00, 0x43, 0xac, 
	0x08, 0x00, 0x22, 0x96, 0x00, 0x00, 0x00, 0x00, 0x01, 0x00, 0x42, 0x34, 0x08, 0x00, 0x22, 0xa6, 
	0x08, 0x00, 0x02, 0x96, 0x00, 0x00, 0x00, 0x00, 0x01, 0x00, 0x42, 0x34, 0x48, 0xfd, 0x11, 0x04, 
	0x08, 0x00, 0x02, 0xa6, 0xeb, 0xfd, 0x11, 0x04, 0x25, 0x20, 0x20, 0x02, 0xcc, 0xff, 0x00, 0x10, 
	0x00, 0x00, 0x00, 0x00, 0x48, 0x00, 0x23, 0x96, 0x00, 0x00, 0x00, 0x00, 0xdd, 0xff, 0x60, 0x14, 
	0x00, 0x00, 0x00, 0x00, 0x40, 0x00, 0x23, 0x8e, 0xff, 0xff, 0x44, 0x26, 0x02, 0x00, 0x40, 0x16, 
	0x1b, 0x00, 0x72, 0x00, 0x0d, 0x00, 0x07, 0x00, 0x24, 0x20, 0x92, 0x00, 0x10, 0x18, 0x00, 0x00, 
	0x25, 0x18, 0x64, 0x00, 0xd3, 0xff, 0x60, 0x14, 0x00, 0x00, 0x00, 0x00, 0x25, 0x20, 0x00, 0x02, 
	0x10, 0x00, 0xa2, 0xaf, 0xd7, 0xfd, 0x11, 0x04, 0x25, 0x98, 0x40, 0x02, 0x10, 0x00, 0xb0, 0x8f, 
	0xaa, 0xff, 0x00, 0x10, 0x00, 0x00, 0x00, 0x00, 0x14, 0x00, 0x82, 0x8c, 0xc8, 0xff, 0xbd, 0x27, 
	0x28, 0x00, 0xb6, 0xaf, 0x44, 0x00, 0x56, 0x8c, 0x24, 0x00, 0xb5, 0xaf, 0x18, 0x00, 0xb2, 0xaf, 
	0x0c, 0x00, 0x95, 0x8c, 0x08, 0x00, 0x52, 0x8c, 0x2c, 0x00, 0xb7, 0xaf, 0x20, 0x00, 0xb4, 0xaf, 
	0x1c, 0x00, 0xb3, 0xaf, 0x10, 0x00, 0xb0, 0xaf, 0x34, 0x00, 0xbf, 0xaf, 0x30, 0x00, 0xbe, 0xaf, 
	0x14, 0x00, 0xb1, 0xaf, 0x25, 0x80, 0x80, 0x00, 0x25, 0xa0, 0xa0, 0x00, 0x25, 0x98, 0xc0, 0x02, 
	0x20, 0x00, 0x17, 0x3c, 0x21, 0x00, 0x40, 0x12, 0x25, 0x20, 0xa0, 0x02, 0x25, 0x38, 0x80, 0x02, 
	0x25, 0x30, 0x00, 0x00, 0x56, 0xfd, 0x11, 0x04, 0x25, 0x28, 0x40, 0x02, 0x11, 0x00, 0x40, 0x14, 
	0x25, 0x20, 0x40, 0x00, 0xb7, 0xfd, 0x11, 0x04, 0x25, 0x20, 0x00, 0x02, 0x25, 0x80, 0x00, 0x00, 
	0x34, 0x00, 0xbf, 0x8f, 0x30, 0x00, 0xbe, 0x8f, 0x2c, 0x00, 0xb7, 0x8f, 0x28, 0x00, 0xb6, 0x8f, 
	0x24, 0x00, 0xb5, 0x8f, 0x20, 0x00, 0xb4, 0x8f, 0x1c, 0x00, 0xb3, 0x8f, 0x18, 0x00, 0xb2, 0x8f, 
	0x14, 0x00, 0xb1, 0x8f, 0x25, 0x10, 0x00, 0x02, 0x10, 0x00, 0xb0, 0x8f, 0x08, 0x00, 0xe0, 0x03, 
	0x38, 0x00, 0xbd, 0x27, 0x14, 0x00, 0x5e, 0x8c, 0x00, 0x00, 0x00, 0x00, 0x44, 0x00, 0xd1, 0x8f, 
	0x00, 0x00, 0x00, 0x00, 0x21, 0x88, 0x71, 0x02, 0x2b, 0x10, 0x37, 0x02, 0x1f, 0x00, 0x40, 0x14, 
	0x00, 0x00, 0x00, 0x00, 0x9f, 0xfd, 0x11, 0x04, 0x00, 0x00, 0x00, 0x00, 0xe8, 0xff, 0x76, 0x12, 
	0x25, 0x38, 0x80, 0x02, 0x25, 0x30, 0x00, 0x00, 0x25, 0x28, 0x40, 0x02, 0x34, 0xfd, 0x11, 0x04, 
	0x25, 0x20, 0xa0, 0x02, 0xdf, 0xff, 0x40, 0x10, 0x25, 0x88, 0x40, 0x00, 0x14, 0x00, 0x02, 0x8e, 
	0x25, 0x20, 0x00, 0x02, 0x44, 0x00, 0x53, 0xac, 0x2a, 0xff, 0x11, 0x04, 0x08, 0x00, 0x52, 0xac, 
	0x14, 0x00, 0x02, 0x8e, 0x25, 0x20, 0xa0, 0x02, 0x40, 0x00, 0x43, 0x8c, 0x14, 0x00, 0x22, 0x8e, 
	0x00, 0x00, 0x00, 0x00, 0x0c, 0x00, 0x43, 0xac, 0x08, 0x00, 0x22, 0x96, 0x00, 0x00, 0x00, 0x00, 
	0x01, 0x00, 0x42, 0x34, 0xe2, 0xfc, 0x11, 0x04, 0x08, 0x00, 0x22, 0xa6, 0x85, 0xfd, 0x11, 0x04, 
	0x25, 0x20, 0x20, 0x02, 0xce, 0xff, 0x00, 0x10, 0x00, 0x00, 0x00, 0x00, 0x48, 0x00, 0xc2, 0x97, 
	0x00, 0x00, 0x00, 0x00, 0xdf, 0xff, 0x40, 0x14, 0xff, 0xff, 0x23, 0x26, 0x14, 0x00, 0x02, 0x8e, 
	0x00, 0x00, 0x00, 0x00, 0x40, 0x00, 0x42, 0x8c, 0x24, 0x18, 0x71, 0x00, 0x02, 0x00, 0x20, 0x16, 
	0x1b, 0x00, 0x51, 0x00, 0x0d, 0x00, 0x07, 0x00, 0x10, 0x10, 0x00, 0x00, 0x25, 0x10, 0x43, 0x00, 
	0xd4, 0xff, 0x40, 0x14, 0x00, 0x00, 0x00, 0x00, 0x72, 0xfd, 0x11, 0x04, 0x25, 0x98, 0x20, 0x02, 
	0x08, 0x00, 0xd2, 0x8f, 0xaf, 0xff, 0x00, 0x10, 0x00, 0x00, 0x00, 0x00, 0x14, 0x00, 0x82, 0x8c, 
	0xd0, 0xff, 0xbd, 0x27, 0x1c, 0x00, 0xb1, 0xaf, 0x40, 0x00, 0x51, 0x8c, 0x2c, 0x00, 0xbf, 0xaf, 
	0x28, 0x00, 0xb4, 0xaf, 0x24, 0x00, 0xb3, 0xaf, 0x20, 0x00, 0xb2, 0xaf, 0x18, 0x00, 0xb0, 0xaf, 
	0x0c, 0x00, 0x20, 0x16, 0x10, 0x00, 0xa0, 0xaf, 0x62, 0xfd, 0x11, 0x04, 0x00, 0x00, 0x00, 0x00, 
	0xf3, 0xff, 0x02, 0x24, 0x2c, 0x00, 0xbf, 0x8f, 0x28, 0x00, 0xb4, 0x8f, 0x24, 0x00, 0xb3, 0x8f, 
	0x20, 0x00, 0xb2, 0x8f, 0x1c, 0x00, 0xb1, 0x8f, 0x18, 0x00, 0xb0, 0x8f, 0x08, 0x00, 0xe0, 0x03, 
	0x30, 0x00, 0xbd, 0x27, 0x08, 0x00, 0x43, 0x8c, 0x00, 0x00, 0x00, 0x00, 0x32, 0x00, 0x60, 0x14, 
	0x25, 0x80, 0x80, 0x00, 0x0c, 0x00, 0x92, 0x8c, 0x10, 0x00, 0xa7, 0x27, 0x25, 0x30, 0x00, 0x00, 
	0x25, 0x28, 0x00, 0x00, 0xea, 0xfc, 0x11, 0x04, 0x25, 0x20, 0x40, 0x02, 0x06, 0x00, 0x40, 0x14, 
	0x25, 0x88, 0x40, 0x00, 0x4b, 0xfd, 0x11, 0x04, 0x25, 0x20, 0x00, 0x02, 0x10, 0x00, 0xa2, 0x8f, 
	0xe8, 0xff, 0x00, 0x10, 0x00, 0x00, 0x00, 0x00, 0x46, 0xfd, 0x11, 0x04, 0x25, 0x20, 0x00, 0x02, 
	0x14, 0x00, 0x02, 0x8e, 0x0c, 0x00, 0x04, 0x8e, 0x0c, 0x00, 0x45, 0x8c, 0x10, 0x00, 0xa7, 0x27, 
	0xdb, 0xfc, 0x11, 0x04, 0x25, 0x30, 0x00, 0x00, 0x03, 0x00, 0x40, 0x14, 0x25, 0x80, 0x40, 0x00, 
	0xdc, 0xff, 0x00, 0x10, 0x25, 0x10, 0x00, 0x00, 0x14, 0x00, 0x43, 0x8c, 0x08, 0x00, 0x42, 0x94, 
	0x08, 0x00, 0x60, 0xac, 0x01, 0x00, 0x42, 0x34, 0x08, 0x00, 0x02, 0xa6, 0x40, 0x00, 0x63, 0x8c, 
	0x14, 0x00, 0x22, 0x8e, 0x25, 0x20, 0x40, 0x02, 0x0c, 0x00, 0x43, 0xac, 0x08, 0x00, 0x22, 0x96, 
	0x00, 0x00, 0x00, 0x00, 0x01, 0x00, 0x42, 0x34, 0x89, 0xfc, 0x11, 0x04, 0x08, 0x00, 0x22, 0xa6, 
	0x14, 0x00, 0x02, 0x8e, 0x00, 0x00, 0x00, 0x00, 0x48, 0x00, 0x42, 0x94, 0x00, 0x00, 0x00, 0x00, 
	0xe1, 0xff, 0x40, 0x10, 0x00, 0x00, 0x00, 0x00, 0x26, 0xfd, 0x11, 0x04, 0x25, 0x20, 0x20, 0x02, 
	0xd8, 0xff, 0x00, 0x10, 0x00, 0x00, 0x00, 0x00, 0x44, 0x00, 0x53, 0x8c, 0x02, 0x00, 0x12, 0x24, 
	0x01, 0x00, 0x14, 0x24, 0x10, 0x00, 0xa5, 0x27, 0xe0, 0xfe, 0x11, 0x04, 0x25, 0x20, 0x00, 0x02, 
	0xdf, 0xff, 0x40, 0x10, 0x10, 0x00, 0xa5, 0x27, 0x47, 0xff, 0x11, 0x04, 0x25, 0x20, 0x40, 0x00, 
	0xdb, 0xff, 0x40, 0x10, 0x25, 0x80, 0x40, 0x00, 0x12, 0x00, 0x54, 0x16, 0x00, 0x00, 0x00, 0x00, 
	0x14, 0x00, 0x42, 0x8c, 0x00, 0x00, 0x00, 0x00, 0x40, 0x00, 0x43, 0x8c, 0x00, 0x00, 0x00, 0x00, 
	0xc4, 0xff, 0x71, 0x14, 0x00, 0x00, 0x00, 0x00, 0x44, 0x00, 0x42, 0x8c, 0x00, 0x00, 0x00, 0x00, 
	0xc0, 0xff, 0x53, 0x14, 0x00, 0x00, 0x00, 0x00, 0xa2, 0xfe, 0x11, 0x04, 0x25, 0x20, 0x00, 0x02, 
	0x0c, 0x00, 0x04, 0x8e, 0x62, 0xfc, 0x11, 0x04, 0x00, 0x00, 0x00, 0x00, 0xb9, 0xff, 0x00, 0x10, 
	0x00, 0x00, 0x00, 0x00, 0xe3, 0xff, 0x00, 0x10, 0x01, 0x00, 0x12, 0x24, 0x04, 0x00, 0x83, 0x24, 
	0x25, 0x10, 0x00, 0x00, 0x00, 0x04, 0x84, 0x24, 0x00, 0x00, 0x65, 0x8c, 0x04, 0x00, 0x63, 0x24, 
	0xfd, 0xff, 0x64, 0x14, 0x21, 0x10, 0x45, 0x00, 0x08, 0x00, 0xe0, 0x03, 0x00, 0x00, 0x00, 0x00, 
	0xd8, 0xff, 0xbd, 0x27, 0x02, 0x00, 0x07, 0x24, 0x10, 0x00, 0xa0, 0xaf, 0x20, 0x00, 0xb1, 0xaf, 
	0x1c, 0x00, 0xb0, 0xaf, 0x24, 0x00, 0xbf, 0xaf, 0x25, 0x80, 0xa0, 0x00, 0xa3, 0xf9, 0x11, 0x04, 
	0x25, 0x88, 0xc0, 0x00, 0x17, 0x00, 0x40, 0x14, 0x25, 0x38, 0x40, 0x00, 0x04, 0x00, 0x03, 0x8e, 
	0x41, 0x00, 0x02, 0x3c, 0x41, 0x50, 0x42, 0x24, 0x12, 0x00, 0x62, 0x14, 0x01, 0x00, 0x05, 0x24, 
	0xe6, 0xff, 0x11, 0x04, 0x25, 0x20, 0x00, 0x02, 0x00, 0x00, 0x03, 0x8e, 0x00, 0x00, 0x00, 0x00, 
	0x0c, 0x00, 0x43, 0x14, 0x00, 0x00, 0x00, 0x00, 0x0b, 0x00, 0x20, 0x16, 0x20, 0x00, 0x06, 0x24, 
	0x00, 0x00, 0x05, 0x3c, 0x50, 0x48, 0xa5, 0x24, 0xea, 0xf9, 0x11, 0x04, 0x00, 0x01, 0x04, 0x26, 
	0x05, 0x00, 0x40, 0x10, 0x25, 0x38, 0x40, 0x00, 0x00, 0x00, 0x04, 0x3c, 0xce, 0xf9, 0x11, 0x04, 
	0xa0, 0x4d, 0x84, 0x24, 0xfb, 0xff, 0x07, 0x24, 0x24, 0x00, 0xbf, 0x8f, 0x20, 0x00, 0xb1, 0x8f, 
	0x1c, 0x00, 0xb0, 0x8f, 0x25, 0x10, 0xe0, 0x00, 0x08, 0x00, 0xe0, 0x03, 0x28, 0x00, 0xbd, 0x27, 
	0xe0, 0xff, 0xbd, 0x27, 0x01, 0x00, 0x02, 0x24, 0x10, 0x00, 0xa2, 0xaf, 0x1c, 0x00, 0xbf, 0xaf, 
	0x7e, 0xf9, 0x11, 0x04, 0x02, 0x00, 0x07, 0x24, 0x02, 0x00, 0x40, 0x10, 0x00, 0x00, 0x00, 0x00, 
	0xfb, 0xff, 0x02, 0x24, 0x1c, 0x00, 0xbf, 0x8f, 0x00, 0x00, 0x00, 0x00, 0x08, 0x00, 0xe0, 0x03, 
	0x20, 0x00, 0xbd, 0x27, 0xd8, 0xff, 0xbd, 0x27, 0x20, 0x00, 0xb2, 0xaf, 0x1c, 0x00, 0xb1, 0xaf, 
	0x18, 0x00, 0xb0, 0xaf, 0x25, 0x90, 0xa0, 0x00, 0x24, 0x00, 0xbf, 0xaf, 0xea, 0xfc, 0x11, 0x04, 
	0x25, 0x88, 0x80, 0x00, 0x14, 0x00, 0x45, 0x8c, 0x00, 0x00, 0x40, 0xae, 0x25, 0x30, 0x00, 0x00, 
	0x25, 0x20, 0x20, 0x02, 0xbe, 0xff, 0x11, 0x04, 0x25, 0x80, 0x40, 0x00, 0x23, 0x00, 0x40, 0x14, 
	0x25, 0x20, 0x20, 0x02, 0x14, 0x00, 0x05, 0x8e, 0x00, 0x00, 0x00, 0x00, 0x20, 0x01, 0xa2, 0x8c, 
	0x02, 0x00, 0x07, 0x24, 0x00, 0x00, 0x42, 0xae, 0x06, 0x00, 0x06, 0x24, 0x5f, 0xf9, 0x11, 0x04, 
	0x10, 0x00, 0xa0, 0xaf, 0x19, 0x00, 0x40, 0x14, 0x25, 0x88, 0x40, 0x00, 0x14, 0x00, 0x06, 0x8e, 
	0x25, 0x18, 0x00, 0x00, 0x00, 0x01, 0x05, 0x24, 0x7f, 0x00, 0x64, 0x30, 0x03, 0x00, 0x80, 0x14, 
	0x00, 0x00, 0x00, 0x00, 0xfc, 0xff, 0x00, 0x10, 0x01, 0x00, 0x63, 0x24, 0x80, 0x20, 0x03, 0x00, 
	0x21, 0x20, 0xc4, 0x00, 0x00, 0x00, 0x84, 0x8c, 0x01, 0x00, 0x63, 0x24, 0x2b, 0x20, 0x04, 0x00, 
	0xf5, 0xff, 0x65, 0x14, 0x25, 0x88, 0x24, 0x02, 0x9a, 0xfc, 0x11, 0x04, 0x25, 0x20, 0x00, 0x02, 
	0x24, 0x00, 0xbf, 0x8f, 0x20, 0x00, 0xb2, 0x8f, 0x18, 0x00, 0xb0, 0x8f, 0x01, 0x00, 0x22, 0x2e, 
	0x1c, 0x00, 0xb1, 0x8f, 0x08, 0x00, 0xe0, 0x03, 0x28, 0x00, 0xbd, 0x27, 0xf6, 0xff, 0x00, 0x10, 
	0xfb, 0xff, 0x11, 0x24, 0x82, 0x21, 0x04, 0x00, 0x00, 0x80, 0x05, 0x3c, 0x1f, 0x00, 0x03, 0x24, 
	0x01, 0x00, 0x06, 0x24, 0x25, 0x10, 0x60, 0x00, 0xff, 0xff, 0x63, 0x24, 0x03, 0x00, 0x60, 0x14, 
	0x00, 0x00, 0x00, 0x00, 0x05, 0x00, 0x00, 0x10, 0x01, 0x00, 0x02, 0x24, 0x04, 0x28, 0x66, 0x00, 
	0x24, 0x38, 0x85, 0x00, 0xf7, 0xff, 0xe0, 0x10, 0x00, 0x00, 0x00, 0x00, 0x2b, 0x28, 0xa4, 0x00, 
	0x02, 0x00, 0xa0, 0x14, 0x00, 0x00, 0x00, 0x00, 0x25, 0x10, 0x60, 0x00, 0x01, 0x00, 0x03, 0x24, 
	0x08, 0x00, 0xe0, 0x03, 0x04, 0x10, 0x43, 0x00, 0xe0, 0xff, 0xbd, 0x27, 0x14, 0x00, 0x82, 0x8c, 
	0x14, 0x00, 0xb0, 0xaf, 0x18, 0x00, 0xb1, 0xaf, 0x24, 0x00, 0xa5, 0xaf, 0x40, 0x00, 0x51, 0x8c, 
	0x1c, 0x00, 0xbf, 0xaf, 0x73, 0xfc, 0x11, 0x04, 0x25, 0x80, 0x80, 0x00, 0x14, 0x00, 0x02, 0x8e, 
	0x24, 0x00, 0xa7, 0x8f, 0x08, 0x00, 0x45, 0x8c, 0x00, 0x00, 0x00, 0x00, 0x08, 0x00, 0xa0, 0x14, 
	0x00, 0x00, 0x00, 0x00, 0x25, 0x80, 0x00, 0x00, 0x1c, 0x00, 0xbf, 0x8f, 0x18, 0x00, 0xb1, 0x8f, 
	0x25, 0x10, 0x00, 0x02, 0x14, 0x00, 0xb0, 0x8f, 0x08, 0x00, 0xe0, 0x03, 0x20, 0x00, 0xbd, 0x27, 
	0x0c, 0x00, 0x04, 0x8e, 0xfe, 0xfb, 0x11, 0x04, 0x25, 0x30, 0x00, 0x00, 0xf5, 0xff, 0x40, 0x10, 
	0x25, 0x80, 0x40, 0x00, 0x14, 0x00, 0x42, 0x8c, 0x00, 0x00, 0x00, 0x00, 0x0c, 0x00, 0x42, 0x8c, 
	0x00, 0x00, 0x00, 0x00, 0xf0, 0xff, 0x51, 0x10, 0x00, 0x00, 0x00, 0x00, 0x00, 0x00, 0x04, 0x3c, 
	0x4d, 0xf9, 0x11, 0x04, 0xe4, 0x4d, 0x84, 0x24, 0x14, 0x00, 0x02, 0x8e, 0x00, 0x00, 0x00, 0x00, 
	0x0c, 0x00, 0x51, 0xac, 0x08, 0x00, 0x02, 0x96, 0x0c, 0x00, 0x04, 0x8e, 0x01, 0x00, 0x42, 0x34, 
	0xab, 0xfb, 0x11, 0x04, 0x08, 0x00, 0x02, 0xa6, 0xe3, 0xff, 0x00, 0x10, 0x00, 0x00, 0x00, 0x00, 
	0xd0, 0xff, 0xbd, 0x27, 0x14, 0x00, 0xa6, 0x27, 0x24, 0x00, 0xb2, 0xaf, 0x25, 0x90, 0xa0, 0x00, 
	0x07, 0x00, 0x05, 0x24, 0x28, 0x00, 0xb3, 0xaf, 0x20, 0x00, 0xb1, 0xaf, 0x2c, 0x00, 0xbf, 0xaf, 
	0x1c, 0x00, 0xb0, 0xaf, 0x25, 0x98, 0x80, 0x00, 0xc2, 0xfc, 0x11, 0x04, 0x10, 0x00, 0xa0, 0xaf, 
	0x25, 0x88, 0x40, 0x00, 0x10, 0x00, 0xa2, 0xaf, 0x01, 0x00, 0x02, 0x24, 0x22, 0x00, 0x22, 0x16, 
	0x10, 0x00, 0xa7, 0x27, 0x25, 0x30, 0x00, 0x00, 0x25, 0x28, 0x00, 0x00, 0xd4, 0xfb, 0x11, 0x04, 
	0x25, 0x20, 0x60, 0x02, 0x04, 0x00, 0x40, 0x14, 0x25, 0x80, 0x40, 0x00, 0x10, 0x00, 0xb1, 0x8f, 
	0x19, 0x00, 0x00, 0x10, 0x00, 0x00, 0x00, 0x00, 0x14, 0x00, 0x05, 0x8e, 0x00, 0x00, 0x00, 0x00, 
	0x48, 0x00, 0xa2, 0x94, 0x00, 0x00, 0x00, 0x00, 0x1b, 0x00, 0x40, 0x10, 0x25, 0x20, 0x00, 0x02, 
	0x4a, 0x00, 0xa2, 0x94, 0x00, 0x00, 0x00, 0x00, 0x01, 0x00, 0x42, 0x30, 0x16, 0x00, 0x40, 0x14, 
	0x00, 0x00, 0x00, 0x00, 0x40, 0x00, 0xa3, 0x8c, 0x14, 0x00, 0xa2, 0x8f, 0x00, 0x00, 0x00, 0x00, 
	0x11, 0x00, 0x62, 0x14, 0x00, 0x00, 0x00, 0x00, 0x05, 0x00, 0x40, 0x12, 0x1f, 0x00, 0x06, 0x24, 
	0x10, 0x00, 0xa5, 0x24, 0x2d, 0xf9, 0x11, 0x04, 0x25, 0x20, 0x40, 0x02, 0x1f, 0x00, 0x40, 0xa2, 
	0x1c, 0xfc, 0x11, 0x04, 0x25, 0x20, 0x00, 0x02, 0x2c, 0x00, 0xbf, 0x8f, 0x28, 0x00, 0xb3, 0x8f, 
	0x24, 0x00, 0xb2, 0x8f, 0x1c, 0x00, 0xb0, 0x8f, 0x25, 0x10, 0x20, 0x02, 0x20, 0x00, 0xb1, 0x8f, 
	0x08, 0x00, 0xe0, 0x03, 0x30, 0x00, 0xbd, 0x27, 0x97, 0xff, 0x11, 0x04, 0x10, 0x00, 0xa5, 0x27, 
	0xdd, 0xff, 0x40, 0x14, 0x25, 0x80, 0x40, 0x00, 0x10, 0x00, 0xa2, 0x8f, 0x00, 0x00, 0x00, 0x00, 
	0xd6, 0xff, 0x40, 0x14, 0x25, 0x28, 0x00, 0x00, 0x7b, 0xfc, 0x11, 0x04, 0x25, 0x20, 0x60, 0x02, 
	0xd2, 0xff, 0x00, 0x10, 0x00, 0x00, 0x00, 0x00, 0xe0, 0xff, 0xbd, 0x27, 0x25, 0x38, 0xc0, 0x00, 
	0x18, 0x00, 0xb1, 0xaf, 0x24, 0x00, 0xa5, 0xaf, 0x25, 0x88, 0xc0, 0x00, 0x25, 0x28, 0x00, 0x00, 
	0x25, 0x30, 0x00, 0x00, 0x1c, 0x00, 0xbf, 0xaf, 0x99, 0xfb, 0x11, 0x04, 0x14, 0x00, 0xb0, 0xaf, 
	0x0d, 0x00, 0x40, 0x14, 0x25, 0x80, 0x40, 0x00, 0x00, 0x00, 0x23, 0x8e, 0x00, 0x00, 0x00, 0x00, 
	0x02, 0x00, 0x60, 0x14, 0x25, 0x10, 0x00, 0x00, 0xfe, 0xff, 0x02, 0x24, 0x00, 0x00, 0x22, 0xae, 
	0x1c, 0x00, 0xbf, 0x8f, 0x18, 0x00, 0xb1, 0x8f, 0x25, 0x10, 0x00, 0x02, 0x14, 0x00, 0xb0, 0x8f, 
	0x08, 0x00, 0xe0, 0x03, 0x20, 0x00, 0xbd, 0x27, 0x14, 0x00, 0x04, 0x8e, 0x00, 0x00, 0x00, 0x00, 
	0x4a, 0x00, 0x82, 0x94, 0x00, 0x00, 0x00, 0x00, 0x01, 0x00, 0x42, 0x30, 0x06, 0x00, 0x40, 0x14, 
	0x20, 0x00, 0x06, 0x24, 0x24, 0x00, 0xa5, 0x8f, 0xe4, 0xf8, 0x11, 0x04, 0x10, 0x00, 0x84, 0x24, 
	0xef, 0xff, 0x40, 0x10, 0x00, 0x00, 0x00, 0x00, 0x25, 0x28, 0x20, 0x02, 0x66, 0xff, 0x11, 0x04, 
	0x25, 0x20, 0x00, 0x02, 0xe2, 0xff, 0x00, 0x10, 0x00, 0x00, 0x00, 0x00, 0x00, 0x00, 0x00, 0x00, 
	0xe0, 0xff, 0xbd, 0x27, 0x18, 0x00, 0xb0, 0xaf, 0x1c, 0x00, 0xbf, 0xaf, 0x97, 0xf8, 0x11, 0x04, 
	0x25, 0x80, 0x80, 0x00, 0x06, 0x00, 0x40, 0x10, 0x01, 0x00, 0x02, 0x24, 0xfb, 0xff, 0x02, 0x24, 
	0x1c, 0x00, 0xbf, 0x8f, 0x18, 0x00, 0xb0, 0x8f, 0x08, 0x00, 0xe0, 0x03, 0x20, 0x00, 0xbd, 0x27, 
	0x10, 0x00, 0xa2, 0xaf, 0x01, 0x00, 0x07, 0x24, 0x08, 0x00, 0x06, 0x24, 0x00, 0x00, 0x05, 0x3c, 
	0x70, 0x4f, 0xa5, 0x24, 0x7d, 0xf8, 0x11, 0x04, 0x25, 0x20, 0x00, 0x02, 0xf3, 0xff, 0x40, 0x14, 
	0x00, 0x00, 0x00, 0x00, 0x85, 0xf8, 0x11, 0x04, 0x25, 0x20, 0x00, 0x02, 0xf0, 0xff, 0x40, 0x10, 
	0x00, 0x00, 0x00, 0x00, 0xee, 0xff, 0x00, 0x10, 0xfb, 0xff, 0x02, 0x24, 0xe8, 0xff, 0xbd, 0x27, 
	0x00, 0x02, 0x06, 0x24, 0x10, 0x00, 0xb0, 0xaf, 0x25, 0x80, 0x80, 0x00, 0x00, 0x00, 0x04, 0x3c, 
	0x70, 0x4f, 0x84, 0x24, 0x14, 0x00, 0xbf, 0xaf, 0xbc, 0xf8, 0x11, 0x04, 0x25, 0x28, 0x00, 0x00, 
	0x14, 0x00, 0xbf, 0x8f, 0x50, 0x41, 0x02, 0x3c, 0x25, 0x20, 0x00, 0x02, 0x10, 0x00, 0xb0, 0x8f, 
	0x4c, 0x41, 0x42, 0x24, 0x00, 0x00, 0x01, 0x3c, 0x70, 0x4f, 0x22, 0xac, 0xd4, 0xff, 0x00, 0x10, 
	0x18, 0x00, 0xbd, 0x27, 0xd8, 0xff, 0xbd, 0x27, 0x1c, 0x00, 0xb0, 0xaf, 0x25, 0x80, 0x80, 0x00, 
	0x14, 0x00, 0x84, 0x8c, 0x20, 0x00, 0xb1, 0xaf, 0x24, 0x00, 0xbf, 0xaf, 0xa7, 0xfe, 0x11, 0x04, 
	0x01, 0x00, 0x05, 0x24, 0x14, 0x00, 0x05, 0x8e, 0x00, 0x00, 0x11, 0x3c, 0x70, 0x4f, 0x31, 0x26, 
	0x00, 0x00, 0xa2, 0xac, 0x04, 0x00, 0x26, 0x8e, 0x01, 0x00, 0x02, 0x24, 0x10, 0x00, 0xa2, 0xaf, 
	0x40, 0x30, 0x06, 0x00, 0x0c, 0x00, 0x04, 0x8e, 0x02, 0x00, 0x07, 0x24, 0x4f, 0xf8, 0x11, 0x04, 
	0x0a, 0x00, 0xc6, 0x24, 0x0e, 0x00, 0x40, 0x14, 0x00, 0x00, 0x00, 0x00, 0x04, 0x00, 0x24, 0x8e, 
	0x10, 0x00, 0x05, 0x8e, 0x02, 0x00, 0x83, 0x24, 0x80, 0x18, 0x03, 0x00, 0x21, 0x18, 0x23, 0x02, 
	0x01, 0x00, 0x84, 0x24, 0x00, 0x00, 0x65, 0xac, 0x04, 0x00, 0x24, 0xae, 0x24, 0x00, 0xbf, 0x8f, 
	0x20, 0x00, 0xb1, 0x8f, 0x1c, 0x00, 0xb0, 0x8f, 0x08, 0x00, 0xe0, 0x03, 0x28, 0x00, 0xbd, 0x27, 
	0xfa, 0xff, 0x00, 0x10, 0xfb, 0xff, 0x02, 0x24, 0xc8, 0xff, 0xbd, 0x27, 0x20, 0x00, 0xb1, 0xaf, 
	0x25, 0x88, 0x80, 0x00, 0x00, 0x00, 0x04, 0x3c, 0x20, 0x4e, 0x84, 0x24, 0x34, 0x00, 0xbf, 0xaf, 
	0x30, 0x00, 0xb5, 0xaf, 0x2c, 0x00, 0xb4, 0xaf, 0x28, 0x00, 0xb3, 0xaf, 0x24, 0x00, 0xb2, 0xaf, 
	0x75, 0xf8, 0x11, 0x04, 0x1c, 0x00, 0xb0, 0xaf, 0x10, 0x00, 0xa0, 0xaf, 0x01, 0x00, 0x07, 0x24, 
	0x08, 0x00, 0x06, 0x24, 0x00, 0x00, 0x05, 0x3c, 0x70, 0x4f, 0xa5, 0x24, 0x2b, 0xf8, 0x11, 0x04, 
	0x25, 0x20, 0x20, 0x02, 0x1f, 0x00, 0x40, 0x14, 0x50, 0x41, 0x03, 0x3c, 0x00, 0x00, 0x12, 0x3c, 
	0x70, 0x4f, 0x52, 0x26, 0x00, 0x00, 0x44, 0x8e, 0x4c, 0x41, 0x63, 0x24, 0x19, 0x00, 0x83, 0x14, 
	0x00, 0x00, 0x00, 0x00, 0x04, 0x00, 0x43, 0x8e, 0x00, 0x00, 0x00, 0x00, 0x29, 0x00, 0x60, 0x10, 
	0x00, 0x00, 0x00, 0x00, 0x98, 0xfb, 0x11, 0x04, 0x25, 0x80, 0x40, 0x00, 0x25, 0x98, 0x40, 0x00, 
	0x25, 0xa0, 0x40, 0x02, 0x01, 0x00, 0x15, 0x24, 0x04, 0x00, 0x42, 0x8e, 0x00, 0x00, 0x00, 0x00, 
	0x2a, 0x10, 0x02, 0x02, 0x09, 0x00, 0x40, 0x10, 0x40, 0x30, 0x10, 0x00, 0x14, 0x00, 0x65, 0x8e, 
	0x10, 0x00, 0xa0, 0xaf, 0x02, 0x00, 0x07, 0x24, 0x0a, 0x00, 0xc6, 0x24, 0x0f, 0xf8, 0x11, 0x04, 
	0x25, 0x20, 0x20, 0x02, 0x0d, 0x00, 0x40, 0x10, 0x02, 0x00, 0x07, 0x24, 0x59, 0xfb, 0x11, 0x04, 
	0x25, 0x20, 0x60, 0x02, 0x34, 0x00, 0xbf, 0x8f, 0x30, 0x00, 0xb5, 0x8f, 0x2c, 0x00, 0xb4, 0x8f, 
	0x28, 0x00, 0xb3, 0x8f, 0x24, 0x00, 0xb2, 0x8f, 0x1c, 0x00, 0xb0, 0x8f, 0x25, 0x20, 0x20, 0x02, 
	0x20, 0x00, 0xb1, 0x8f, 0x8d, 0xff, 0x00, 0x10, 0x38, 0x00, 0xbd, 0x27, 0x14, 0x00, 0x65, 0x8e, 
	0x10, 0x00, 0xb5, 0xaf, 0x08, 0x00, 0x86, 0x8e, 0xfc, 0xf7, 0x11, 0x04, 0x25, 0x20, 0x20, 0x02, 
	0xee, 0xff, 0x40, 0x14, 0x00, 0x00, 0x00, 0x00, 0x04, 0x00, 0x94, 0x26, 0xde, 0xff, 0x00, 0x10, 
	0x01, 0x00, 0x10, 0x26, 0x34, 0x00, 0xbf, 0x8f, 0x30, 0x00, 0xb5, 0x8f, 0x2c, 0x00, 0xb4, 0x8f, 
	0x28, 0x00, 0xb3, 0x8f, 0x24, 0x00, 0xb2, 0x8f, 0x20, 0x00, 0xb1, 0x8f, 0x1c, 0x00, 0xb0, 0x8f, 
	0x08, 0x00, 0xe0, 0x03, 0x38, 0x00, 0xbd, 0x27, 0x00, 0x00, 0x00, 0x00, 0x00, 0x00, 0x00, 0x00, 
	0x20, 0x00, 0x03, 0x3c, 0x2b, 0x18, 0xa3, 0x00, 0x00, 0x00, 0x82, 0x8c, 0x04, 0x00, 0x60, 0x14, 
	0x24, 0x30, 0x45, 0x00, 0x21, 0x10, 0x45, 0x00, 0x08, 0x00, 0xe0, 0x03, 0x00, 0x00, 0x82, 0xac, 
	0x42, 0x18, 0x05, 0x00, 0x08, 0x00, 0xc0, 0x14, 0x04, 0x00, 0x07, 0x3c, 0xfa, 0xff, 0x00, 0x10, 
	0x25, 0x10, 0x45, 0x00, 0x00, 0x00, 0x82, 0x8c, 0x00, 0x00, 0x00, 0x00, 0x25, 0x10, 0x43, 0x00, 
	0x00, 0x00, 0x82, 0xac, 0x42, 0x18, 0x03, 0x00, 0x2b, 0x10, 0x67, 0x00, 0xf9, 0xff, 0x40, 0x10, 
	0x00, 0x00, 0x00, 0x00, 0x08, 0x00, 0xe0, 0x03, 0x00, 0x00, 0x00, 0x00, 0xd0, 0xff, 0xbd, 0x27, 
	0x10, 0x00, 0xa7, 0x27, 0x28, 0x00, 0xb3, 0xaf, 0x24, 0x00, 0xb2, 0xaf, 0x20, 0x00, 0xb1, 0xaf, 
	0x1c, 0x00, 0xb0, 0xaf, 0x2c, 0x00, 0xbf, 0xaf, 0x25, 0x90, 0xa0, 0x00, 0x00, 0x00, 0xa0, 0xac, 
	0x25, 0x88, 0xc0, 0x00, 0x25, 0x28, 0x00, 0x00, 0x25, 0x30, 0x00, 0x00, 0xb0, 0xfa, 0x11, 0x04, 
	0x25, 0x98, 0x80, 0x00, 0x12, 0x00, 0x40, 0x10, 0x25, 0x80, 0x00, 0x00, 0x25, 0x40, 0x40, 0x00, 
	0x14, 0x00, 0x09, 0x8d, 0x00, 0x00, 0x00, 0x00, 0x48, 0x00, 0x22, 0x95, 0x00, 0x00, 0x00, 0x00, 
	0x04, 0x00, 0x40, 0x14, 0x00, 0x00, 0x00, 0x00, 0x44, 0x00, 0x25, 0x8d, 0xd0, 0xff, 0x11, 0x04, 
	0x25, 0x20, 0x40, 0x02, 0x44, 0x00, 0x22, 0x8d, 0x25, 0x20, 0x00, 0x01, 0x10, 0x00, 0xa5, 0x27, 
	0x89, 0xfe, 0x11, 0x04, 0x21, 0x80, 0x02, 0x02, 0xf1, 0xff, 0x40, 0x14, 0x25, 0x40, 0x40, 0x00, 
	0x10, 0x00, 0xa2, 0x8f, 0x00, 0x00, 0x00, 0x00, 0x0c, 0x00, 0x40, 0x14, 0x00, 0x99, 0x13, 0x00, 
	0x21, 0x88, 0x33, 0x02, 0x04, 0x00, 0x25, 0x8e, 0x04, 0x00, 0x0a, 0x3c, 0x2b, 0x10, 0xaa, 0x00, 
	0x0e, 0x00, 0x40, 0x10, 0x00, 0x00, 0x00, 0x00, 0x00, 0x00, 0x46, 0x8e, 0x00, 0x00, 0x04, 0x3c, 
	0x40, 0x4e, 0x84, 0x24, 0xe8, 0xf7, 0x11, 0x04, 0x25, 0x28, 0x00, 0x02, 0x2c, 0x00, 0xbf, 0x8f, 
	0x10, 0x00, 0xa2, 0x8f, 0x28, 0x00, 0xb3, 0x8f, 0x24, 0x00, 0xb2, 0x8f, 0x20, 0x00, 0xb1, 0x8f, 
	0x1c, 0x00, 0xb0, 0x8f, 0x08, 0x00, 0xe0, 0x03, 0x30, 0x00, 0xbd, 0x27, 0x02, 0x00, 0xa0, 0x14, 
	0x1b, 0x00, 0x05, 0x02, 0x0d, 0x00, 0x07, 0x00, 0x10, 0x10, 0x00, 0x00, 0x0c, 0x00, 0x40, 0x14, 
	0x21, 0x48, 0x05, 0x02, 0x2b, 0x18, 0x30, 0x01, 0x00, 0x00, 0x22, 0x8e, 0x08, 0x00, 0x60, 0x14, 
	0x2b, 0x10, 0x22, 0x01, 0x06, 0x00, 0x40, 0x10, 0x00, 0x00, 0x00, 0x00, 0xa4, 0xff, 0x11, 0x04, 
	0x25, 0x20, 0x40, 0x02, 0x04, 0x00, 0x25, 0x8e, 0xe0, 0xff, 0x00, 0x10, 0x25, 0x80, 0x20, 0x01, 
	0xde, 0xff, 0x00, 0x10, 0x42, 0x28, 0x05, 0x00, 0x00, 0x00, 0x00, 0x00, 0x00, 0x00, 0x00, 0x00, 
	0xec, 0x18, 0x00, 0x00, 0xb4, 0x18, 0x00, 0x00, 0x0c, 0x19, 0x00, 0x00, 0x28, 0x19, 0x00, 0x00, 
	0xa4, 0x18, 0x00, 0x00, 0xb0, 0x1a, 0x00, 0x00, 0xd0, 0x1a, 0x00, 0x00, 0x9c, 0x1a, 0x00, 0x00, 
	0xf0, 0x1a, 0x00, 0x00, 0x08, 0x1b, 0x00, 0x00, 0x2c, 0x1b, 0x00, 0x00, 0xa8, 0x1b, 0x00, 0x00, 
	0xc0, 0x1b, 0x00, 0x00, 0xd0, 0x1b, 0x00, 0x00, 0xec, 0x1b, 0x00, 0x00, 0x04, 0x1c, 0x00, 0x00, 
	0x14, 0x49, 0x00, 0x00, 0x82, 0x00, 0x00, 0x00, 0x20, 0x49, 0x00, 0x00, 0x83, 0x00, 0x00, 0x00, 
	0x28, 0x49, 0x00, 0x00, 0x88, 0x00, 0x00, 0x00, 0x30, 0x49, 0x00, 0x00, 0x00, 0x01, 0x00, 0x00, 
	0x34, 0x49, 0x00, 0x00, 0x01, 0x01, 0x00, 0x00, 0x38, 0x49, 0x00, 0x00, 0x40, 0x49, 0x00, 0x00, 
	0x48, 0x49, 0x00, 0x00, 0x50, 0x49, 0x00, 0x00, 0x54, 0x49, 0x00, 0x00, 0x58, 0x49, 0x00, 0x00, 
	0x5c, 0x49, 0x00, 0x00, 0x60, 0x49, 0x00, 0x00, 0x64, 0x49, 0x00, 0x00, 0x68, 0x49, 0x00, 0x00, 
	0x70, 0x49, 0x00, 0x00, 0x7c, 0x49, 0x00, 0x00, 0x88, 0x49, 0x00, 0x00, 0x00, 0x00, 0x00, 0x00, 
	0x28, 0x08, 0x30, 0x10, 0x38, 0x18, 0x40, 0x20, 0x27, 0x07, 0x2f, 0x0f, 0x37, 0x17, 0x3f, 0x1f, 
	0x26, 0x06, 0x2e, 0x0e, 0x36, 0x16, 0x3e, 0x1e, 0x25, 0x05, 0x2d, 0x0d, 0x35, 0x15, 0x3d, 0x1d, 
	0x24, 0x04, 0x2c, 0x0c, 0x34, 0x14, 0x3c, 0x1c, 0x23, 0x03, 0x2b, 0x0b, 0x33, 0x13, 0x3b, 0x1b, 
	0x22, 0x02, 0x2a, 0x0a, 0x32, 0x12, 0x3a, 0x1a, 0x21, 0x01, 0x29, 0x09, 0x31, 0x11, 0x39, 0x19, 
	0x3a, 0x32, 0x2a, 0x22, 0x1a, 0x12, 0x0a, 0x02, 0x3c, 0x34, 0x2c, 0x24, 0x1c, 0x14, 0x0c, 0x04, 
	0x3e, 0x36, 0x2e, 0x26, 0x1e, 0x16, 0x0e, 0x06, 0x40, 0x38, 0x30, 0x28, 0x20, 0x18, 0x10, 0x08, 
	0x39, 0x31, 0x29, 0x21, 0x19, 0x11, 0x09, 0x01, 0x3b, 0x33, 0x2b, 0x23, 0x1b, 0x13, 0x0b, 0x03, 
	0x3d, 0x35, 0x2d, 0x25, 0x1d, 0x15, 0x0d, 0x05, 0x3f, 0x37, 0x2f, 0x27, 0x1f, 0x17, 0x0f, 0x07, 
	0x0e, 0x11, 0x0b, 0x18, 0x01, 0x05, 0x03, 0x1c, 0x0f, 0x06, 0x15, 0x0a, 0x17, 0x13, 0x0c, 0x04, 
	0x1a, 0x08, 0x10, 0x07, 0x1b, 0x14, 0x0d, 0x02, 0x29, 0x34, 0x1f, 0x25, 0x2f, 0x37, 0x1e, 0x28, 
	0x33, 0x2d, 0x21, 0x30, 0x2c, 0x31, 0x27, 0x38, 0x22, 0x35, 0x2e, 0x2a, 0x32, 0x24, 0x1d, 0x20, 
	0x01, 0x01, 0x02, 0x02, 0x02, 0x02, 0x02, 0x02, 0x01, 0x02, 0x02, 0x02, 0x02, 0x02, 0x02, 0x01, 
	0x39, 0x31, 0x29, 0x21, 0x19, 0x11, 0x09, 0x01, 0x3a, 0x32, 0x2a, 0x22, 0x1a, 0x12, 0x0a, 0x02, 
	0x3b, 0x33, 0x2b, 0x23, 0x1b, 0x13, 0x0b, 0x03, 0x3c, 0x34, 0x2c, 0x24, 0x3f, 0x37, 0x2f, 0x27, 
	0x1f, 0x17, 0x0f, 0x07, 0x3e, 0x36, 0x2e, 0x26, 0x1e, 0x16, 0x0e, 0x06, 0x3d, 0x35, 0x2d, 0x25, 
	0x1d, 0x15, 0x0d, 0x05, 0x1c, 0x14, 0x0c, 0x04, 0x00, 0x00, 0x00, 0x00, 0x00, 0x00, 0x00, 0x00, 
	0x53, 0x6f, 0x6e, 0x79, 0x20, 0x43, 0x6f, 0x6d, 0x70, 0x75, 0x74, 0x65, 0x72, 0x20, 0x45, 0x6e, 
	0x74, 0x65, 0x72, 0x74, 0x61, 0x69, 0x6e, 0x6d, 0x65, 0x6e, 0x74, 0x20, 0x49, 0x6e, 0x63, 0x2e, 
	0x00, 0x00, 0x00, 0x00, 0x00, 0x00, 0x00, 0x00, 0x00, 0x00, 0x00, 0x00, 0x00, 0x00, 0x00, 0x00, 
	0x68, 0x64, 0x64, 0x3a, 0x20, 0x45, 0x72, 0x72, 0x6f, 0x72, 0x3a, 0x20, 0x49, 0x6e, 0x76, 0x61, 
	0x6c, 0x69, 0x64, 0x20, 0x70, 0x61, 0x72, 0x74, 0x69, 0x74, 0x69, 0x6f, 0x6e, 0x20, 0x73, 0x69, 
	0x7a, 0x65, 0x2c, 0x20, 0x25, 0x73, 0x2e, 0x0a, 0x00, 0x00, 0x00, 0x00, 0x68, 0x64, 0x64, 0x3a, 
	0x20, 0x65, 0x72, 0x72, 0x6f, 0x72, 0x3a, 0x20, 0x49, 0x6e, 0x76, 0x61, 0x6c, 0x69, 0x64, 0x20, 
	0x66, 0x73, 0x74, 0x79, 0x70, 0x65, 0x2c, 0x20, 0x25, 0x73, 0x2e, 0x0a, 0x00, 0x00, 0x00, 0x00, 
	0x5f, 0x5f, 0x6d, 0x62, 0x72, 0x00, 0x00, 0x00, 0x73, 0x63, 0x65, 0x5f, 0x6d, 0x62, 0x72, 0x00, 
	0x5f, 0x74, 0x6d, 0x70, 0x00, 0x00, 0x00, 0x00, 0x68, 0x64, 0x64, 0x3a, 0x20, 0x6d, 0x62, 0x72, 
	0x20, 0x73, 0x74, 0x61, 0x72, 0x74, 0x3a, 0x20, 0x25, 0x6c, 0x64, 0x0a, 0x68, 0x64, 0x64, 0x3a, 
	0x20, 0x6d, 0x62, 0x72, 0x20, 0x73, 0x69, 0x7a, 0x65, 0x20, 0x3a, 0x20, 0x25, 0x6c, 0x64, 0x0a, 
	0x00, 0x00, 0x00, 0x00, 0x45, 0x58, 0x54, 0x32, 0x53, 0x57, 0x41, 0x50, 0x00, 0x00, 0x00, 0x00, 
	0x45, 0x58, 0x54, 0x32, 0x00, 0x00, 0x00, 0x00, 0x52, 0x45, 0x49, 0x53, 0x45, 0x52, 0x00, 0x00, 
	0x50, 0x46, 0x53, 0x00, 0x43, 0x46, 0x53, 0x00, 0x31, 0x32, 0x38, 0x4d, 0x00, 0x00, 0x00, 0x00, 
	0x32, 0x35, 0x36, 0x4d, 0x00, 0x00, 0x00, 0x00, 0x35, 0x31, 0x32, 0x4d, 0x00, 0x00, 0x00, 0x00, 
	0x31, 0x47, 0x00, 0x00, 0x32, 0x47, 0x00, 0x00, 0x34, 0x47, 0x00, 0x00, 0x38, 0x47, 0x00, 0x00, 
	0x31, 0x36, 0x47, 0x00, 0x33, 0x32, 0x47, 0x00, 0x5f, 0x5f, 0x6e, 0x65, 0x74, 0x00, 0x00, 0x00, 
	0x5f, 0x5f, 0x73, 0x79, 0x73, 0x74, 0x65, 0x6d, 0x00, 0x00, 0x00, 0x00, 0x5f, 0x5f, 0x73, 0x79, 
	0x73, 0x63, 0x6f, 0x6e, 0x66, 0x00, 0x00, 0x00, 0x5f, 0x5f, 0x63, 0x6f, 0x6d, 0x6d, 0x6f, 0x6e, 
	0x00, 0x00, 0x00, 0x00, 0x00, 0x00, 0x00, 0x00, 0x00, 0x00, 0x00, 0x00, 0x00, 0x00, 0x00, 0x00, 
	0x68, 0x64, 0x64, 0x3a, 0x20, 0x65, 0x72, 0x72, 0x6f, 0x72, 0x3a, 0x20, 0x63, 0x61, 0x6e, 0x27, 
	0x74, 0x20, 0x73, 0x74, 0x6f, 0x70, 0x20, 0x6d, 0x6f, 0x64, 0x75, 0x6c, 0x65, 0x28, 0x66, 0x64, 
	0x20, 0x62, 0x75, 0x73, 0x79, 0x29, 0x0a, 0x00, 0x68, 0x64, 0x64, 0x3a, 0x20, 0x73, 0x74, 0x6f, 
	0x70, 0x70, 0x65, 0x64, 0x20, 0x6d, 0x6f, 0x64, 0x75, 0x6c, 0x65, 0x0a, 0x00, 0x00, 0x00, 0x00, 
	0x68, 0x64, 0x64, 0x3a, 0x20, 0x50, 0x53, 0x32, 0x20, 0x41, 0x50, 0x41, 0x20, 0x44, 0x72, 0x69, 
	0x76, 0x65, 0x72, 0x20, 0x76, 0x25, 0x64, 0x2e, 0x25, 0x64, 0x20, 0x28, 0x63, 0x29, 0x20, 0x32, 
	0x30, 0x30, 0x33, 0x20, 0x56, 0x65, 0x63, 0x74, 0x6f, 0x72, 0x0a, 0x00, 0x2d, 0x6f, 0x00, 0x00, 
	0x68, 0x64, 0x64, 0x3a, 0x20, 0x45, 0x72, 0x72, 0x6f, 0x72, 0x3a, 0x20, 0x55, 0x73, 0x61, 0x67, 
	0x65, 0x3a, 0x20, 0x25, 0x73, 0x20, 0x5b, 0x2d, 0x6f, 0x20, 0x3c, 0x61, 0x70, 0x61, 0x4d, 0x61, 
	0x78, 0x4f, 0x70, 0x65, 0x6e, 0x3e, 0x5d, 0x20, 0x5b, 0x2d, 0x6e, 0x20, 0x3c, 0x6d, 0x61, 0x78, 
	0x63, 0x61, 0x63, 0x68, 0x65, 0x3e, 0x5d, 0x0a, 0x00, 0x00, 0x00, 0x00, 0x2d, 0x6e, 0x00, 0x00, 
	0x68, 0x64, 0x64, 0x3a, 0x20, 0x6d, 0x61, 0x78, 0x20, 0x6f, 0x70, 0x65, 0x6e, 0x20, 0x3d, 0x20, 
	0x25, 0x64, 0x2c, 0x20, 0x25, 0x64, 0x20, 0x62, 0x75, 0x66, 0x66, 0x65, 0x72, 0x73, 0x0a, 0x00, 
	0x68, 0x64, 0x64, 0x3a, 0x20, 0x65, 0x72, 0x72, 0x6f, 0x72, 0x3a, 0x20, 0x64, 0x65, 0x76, 0x39, 
	0x20, 0x6d, 0x61, 0x79, 0x20, 0x6e, 0x6f, 0x74, 0x20, 0x62, 0x65, 0x20, 0x72, 0x65, 0x73, 0x69, 
	0x64, 0x65, 0x6e, 0x74, 0x2e, 0x0a, 0x00, 0x00, 0x68, 0x64, 0x64, 0x3a, 0x20, 0x65, 0x72, 0x72, 
	0x6f, 0x72, 0x3a, 0x20, 0x63, 0x6f, 0x75, 0x6c, 0x64, 0x20, 0x6e, 0x6f, 0x74, 0x20, 0x67, 0x65, 
	0x74, 0x20, 0x64, 0x61, 0x74, 0x65, 0x2e, 0x0a, 0x00, 0x00, 0x00, 0x00, 0x68, 0x64, 0x64, 0x3a, 
	0x20, 0x25, 0x30, 0x32, 0x64, 0x3a, 0x25, 0x30, 0x32, 0x64, 0x3a, 0x25, 0x30, 0x32, 0x64, 0x20, 
	0x25, 0x30, 0x32, 0x64, 0x2f, 0x25, 0x30, 0x32, 0x64, 0x2f, 0x25, 0x64, 0x0a, 0x00, 0x00, 0x00, 
	0x68, 0x64, 0x64, 0x3a, 0x20, 0x45, 0x72, 0x72, 0x6f, 0x72, 0x3a, 0x20, 0x61, 0x74, 0x61, 0x20, 
	0x69, 0x6e, 0x69, 0x74, 0x69, 0x61, 0x6c, 0x69, 0x7a, 0x61, 0x74, 0x69, 0x6f, 0x6e, 0x20, 0x66, 
	0x61, 0x69, 0x6c, 0x65, 0x64, 0x2e, 0x0a, 0x00, 0x68, 0x64, 0x64, 0x3a, 0x20, 0x64, 0x69, 0x73, 
	0x6b, 0x25, 0x64, 0x3a, 0x20, 0x30, 0x78, 0x25, 0x30, 0x38, 0x6c, 0x78, 0x20, 0x73, 0x65, 0x63, 
	0x74, 0x6f, 0x72, 0x73, 0x2c, 0x20, 0x6d, 0x61, 0x78, 0x20, 0x30, 0x78, 0x25, 0x30, 0x38, 0x6c, 
	0x78, 0x0a, 0x00, 0x00, 0x68, 0x64, 0x64, 0x3a, 0x20, 0x65, 0x72, 0x72, 0x6f, 0x72, 0x3a, 0x20, 
	0x66, 0x69, 0x6c, 0x65, 0x20, 0x64, 0x65, 0x73, 0x63, 0x72, 0x69, 0x70, 0x74, 0x6f, 0x72, 0x20, 
	0x69, 0x6e, 0x69, 0x74, 0x69, 0x61, 0x6c, 0x69, 0x7a, 0x61, 0x74, 0x69, 0x6f, 0x6e, 0x20, 0x66, 
	0x61, 0x69, 0x6c, 0x65, 0x64, 0x2e, 0x0a, 0x00, 0x68, 0x64, 0x64, 0x3a, 0x20, 0x65, 0x72, 0x72, 
	0x6f, 0x72, 0x3a, 0x20, 0x63, 0x61, 0x63, 0x68, 0x65, 0x20, 0x62, 0x75, 0x66, 0x66, 0x65, 0x72, 
	0x20, 0x69, 0x6e, 0x69, 0x74, 0x69, 0x61, 0x6c, 0x69, 0x7a, 0x61, 0x74, 0x69, 0x6f, 0x6e, 0x20, 
	0x66, 0x61, 0x69, 0x6c, 0x65, 0x64, 0x2e, 0x0a, 0x00, 0x00, 0x00, 0x00, 0x68, 0x64, 0x64, 0x3a, 
	0x20, 0x65, 0x72, 0x72, 0x6f, 0x72, 0x3a, 0x20, 0x6c, 0x6f, 0x67, 0x20, 0x63, 0x68, 0x65, 0x63, 
	0x6b, 0x20, 0x66, 0x61, 0x69, 0x6c, 0x65, 0x64, 0x2e, 0x0a, 0x00, 0x00, 0x68, 0x64, 0x64, 0x3a, 
	0x20, 0x64, 0x72, 0x69, 0x76, 0x65, 0x20, 0x73, 0x74, 0x61, 0x74, 0x75, 0x73, 0x20, 0x25, 0x64, 
	0x2c, 0x20, 0x66, 0x6f, 0x72, 0x6d, 0x61, 0x74, 0x20, 0x76, 0x65, 0x72, 0x73, 0x69, 0x6f, 0x6e, 
	0x20, 0x25, 0x30, 0x38, 0x78, 0x0a, 0x00, 0x00, 0x68, 0x64, 0x64, 0x3a, 0x20, 0x76, 0x65, 0x72, 
	0x73, 0x69, 0x6f, 0x6e, 0x20, 0x25, 0x30, 0x34, 0x78, 0x20, 0x64, 0x72, 0x69, 0x76, 0x65, 0x72, 
	0x20, 0x73, 0x74, 0x61, 0x72, 0x74, 0x2e, 0x20, 0x54, 0x68, 0x69, 0x73, 0x20, 0x69, 0x73, 0x20, 
	0x4f, 0x53, 0x44, 0x20, 0x76, 0x65, 0x72, 0x73, 0x69, 0x6f, 0x6e, 0x21, 0x0a, 0x00, 0x00, 0x00, 
	0x68, 0x64, 0x64, 0x3a, 0x20, 0x65, 0x72, 0x72, 0x6f, 0x72, 0x3a, 0x20, 0x61, 0x64, 0x64, 0x20, 
	0x64, 0x65, 0x76, 0x69, 0x63, 0x65, 0x20, 0x66, 0x61, 0x69, 0x6c, 0x65, 0x64, 0x2e, 0x0a, 0x00, 
	0x68, 0x64, 0x64, 0x00, 0x48, 0x44, 0x44, 0x00, 0x68, 0x64, 0x64, 0x5f, 0x64, 0x72, 0x69, 0x76, 
	0x65, 0x72, 0x00, 0x00, 0x00, 0x00, 0x00, 0x00, 0x00, 0x00, 0x00, 0x00, 0x00, 0x00, 0x00, 0x00, 
	0x68, 0x64, 0x64, 0x3a, 0x20, 0x65, 0x72, 0x72, 0x6f, 0x72, 0x3a, 0x20, 0x6f, 0x75, 0x74, 0x20, 
	0x6f, 0x66, 0x20, 0x6d, 0x65, 0x6d, 0x6f, 0x72, 0x79, 0x0a, 0x00, 0x00, 0x68, 0x64, 0x64, 0x3a, 
	0x20, 0x45, 0x72, 0x72, 0x6f, 0x72, 0x3a, 0x20, 0x63, 0x61, 0x6e, 0x6e, 0x6f, 0x74, 0x20, 0x67, 
	0x65, 0x74, 0x20, 0x69, 0x64, 0x0a, 0x00, 0x00, 0x00, 0x00, 0x00, 0x00, 0x00, 0x00, 0x00, 0x00, 
	0x68, 0x64, 0x64, 0x3a, 0x20, 0x65, 0x72, 0x72, 0x6f, 0x72, 0x3a, 0x20, 0x64, 0x69, 0x73, 0x6b, 
	0x20, 0x65, 0x72, 0x72, 0x20, 0x25, 0x64, 0x20, 0x6f, 0x6e, 0x20, 0x64, 0x65, 0x76, 0x69, 0x63, 
	0x65, 0x20, 0x25, 0x6c, 0x64, 0x2c, 0x20, 0x73, 0x65, 0x63, 0x74, 0x6f, 0x72, 0x20, 0x25, 0x6c, 
	0x64, 0x2c, 0x20, 0x74, 0x79, 0x70, 0x65, 0x20, 0x25, 0x64, 0x0a, 0x00, 0x68, 0x64, 0x64, 0x3a, 
	0x20, 0x65, 0x72, 0x72, 0x6f, 0x72, 0x3a, 0x20, 0x66, 0x72, 0x65, 0x65, 0x20, 0x62, 0x75, 0x66, 
	0x66, 0x65, 0x72, 0x20, 0x65, 0x6d, 0x70, 0x74, 0x79, 0x0a, 0x00, 0x00, 0x68, 0x64, 0x64, 0x3a, 
	0x20, 0x65, 0x72, 0x72, 0x6f, 0x72, 0x3a, 0x20, 0x64, 0x69, 0x72, 0x74, 0x79, 0x20, 0x62, 0x75, 
	0x66, 0x66, 0x65, 0x72, 0x20, 0x61, 0x6c, 0x6c, 0x6f, 0x63, 0x61, 0x74, 0x65, 0x64, 0x0a, 0x00, 
	0x68, 0x64, 0x64, 0x3a, 0x20, 0x65, 0x72, 0x72, 0x6f, 0x72, 0x3a, 0x20, 0x6e, 0x75, 0x6c, 0x6c, 
	0x20, 0x62, 0x75, 0x66, 0x66, 0x65, 0x72, 0x20, 0x72, 0x65, 0x74, 0x75, 0x72, 0x6e, 0x65, 0x64, 
	0x0a, 0x00, 0x00, 0x00, 0x68, 0x64, 0x64, 0x3a, 0x20, 0x65, 0x72, 0x72, 0x6f, 0x72, 0x3a, 0x20, 
	0x75, 0x6e, 0x75, 0x73, 0x65, 0x64, 0x20, 0x63, 0x61, 0x63, 0x68, 0x65, 0x20, 0x72, 0x65, 0x74, 
	0x75, 0x72, 0x6e, 0x65, 0x64, 0x0a, 0x00, 0x00, 0x68, 0x64, 0x64, 0x3a, 0x20, 0x65, 0x72, 0x72, 
	0x6f, 0x72, 0x3a, 0x20, 0x64, 0x69, 0x72, 0x74, 0x79, 0x20, 0x62, 0x75, 0x66, 0x66, 0x65, 0x72, 
	0x20, 0x72, 0x65, 0x74, 0x75, 0x72, 0x6e, 0x65, 0x64, 0x0a, 0x00, 0x00, 0x00, 0x00, 0x00, 0x00, 
	0x5f, 0x74, 0x6d, 0x70, 0x00, 0x00, 0x00, 0x00, 0x5f, 0x5f, 0x65, 0x6d, 0x70, 0x74, 0x79, 0x00, 
	0x68, 0x64, 0x64, 0x3a, 0x20, 0x65, 0x72, 0x72, 0x6f, 0x72, 0x3a, 0x20, 0x69, 0x6e, 0x76, 0x61, 
	0x6c, 0x69, 0x64, 0x20, 0x70, 0x61, 0x72, 0x74, 0x69, 0x74, 0x69, 0x6f, 0x6e, 0x20, 0x74, 0x61, 
	0x62, 0x6c, 0x65, 0x20, 0x6f, 0x72, 0x20, 0x76, 0x65, 0x72, 0x73, 0x69, 0x6f, 0x6e, 0x20, 0x6e, 
	0x65, 0x77, 0x65, 0x72, 0x20, 0x74, 0x68, 0x61, 0x6e, 0x20, 0x49, 0x20, 0x6b, 0x6e, 0x6f, 0x77, 
	0x2e, 0x0a, 0x00, 0x00, 0x68, 0x64, 0x64, 0x3a, 0x20, 0x57, 0x61, 0x72, 0x6e, 0x69, 0x6e, 0x67, 
	0x3a, 0x20, 0x49, 0x6e, 0x76, 0x61, 0x6c, 0x69, 0x64, 0x20, 0x70, 0x61, 0x72, 0x74, 0x69, 0x74, 
	0x69, 0x6f, 0x6e, 0x20, 0x69, 0x6e, 0x66, 0x6f, 0x72, 0x6d, 0x61, 0x74, 0x69, 0x6f, 0x6e, 0x2e, 
	0x20, 0x73, 0x74, 0x61, 0x72, 0x74, 0x20, 0x21, 0x3d, 0x20, 0x70, 0x72, 0x65, 0x76, 0x0a, 0x00, 
	0x68, 0x64, 0x64, 0x3a, 0x20, 0x63, 0x68, 0x65, 0x63, 0x6b, 0x69, 0x6e, 0x67, 0x20, 0x6c, 0x6f, 
	0x67, 0x2e, 0x2e, 0x2e, 0x0a, 0x00, 0x00, 0x00, 0x00, 0x00, 0x00, 0x00, 0x00, 0x00, 0x00, 0x00, 
	0x68, 0x64, 0x64, 0x3a, 0x20, 0x74, 0x6f, 0x74, 0x61, 0x6c, 0x20, 0x3d, 0x20, 0x25, 0x30, 0x38, 
	0x6c, 0x78, 0x20, 0x73, 0x65, 0x63, 0x74, 0x6f, 0x72, 0x73, 0x2c, 0x20, 0x69, 0x6e, 0x73, 0x74, 
	0x61, 0x6c, 0x6c, 0x61, 0x62, 0x6c, 0x65, 0x20, 0x3d, 0x20, 0x25, 0x30, 0x38, 0x6c, 0x78, 0x20, 
	0x73, 0x65, 0x63, 0x74, 0x6f, 0x72, 0x73, 0x2e, 0x0a, 0x00, 0x00, 0x00, 0x00, 0x00, 0x00, 0x00, 
	0x01, 0x00, 0x00, 0x00, 0x00, 0x00, 0x00, 0x00, 0x00, 0x00, 0x00, 0x00, 0x00, 0x00, 0x00, 0x00, 
	0x40, 0x4c, 0x00, 0x00, 0x04, 0x00, 0x00, 0x10, 0x01, 0x00, 0x00, 0x00, 0x44, 0x4c, 0x00, 0x00, 
	0xa4, 0x4e, 0x00, 0x00, 0x60, 0x05, 0x00, 0x00, 0x9c, 0x05, 0x00, 0x00, 0xc4, 0x05, 0x00, 0x00, 
	0x50, 0x0a, 0x00, 0x00, 0xd0, 0x0d, 0x00, 0x00, 0x24, 0x0e, 0x00, 0x00, 0x2c, 0x0e, 0x00, 0x00, 
	0x50, 0x0e, 0x00, 0x00, 0x20, 0x1c, 0x00, 0x00, 0x8c, 0x08, 0x00, 0x00, 0x20, 0x1c, 0x00, 0x00, 
	0x20, 0x1c, 0x00, 0x00, 0xf0, 0x0f, 0x00, 0x00, 0xd0, 0x0d, 0x00, 0x00, 0xfc, 0x0f, 0x00, 0x00, 
	0x28, 0x0f, 0x00, 0x00, 0x20, 0x1c, 0x00, 0x00, 0x6c, 0x11, 0x00, 0x00, 0x20, 0x1c, 0x00, 0x00, 
	0x20, 0x1c, 0x00, 0x00, 0x20, 0x1c, 0x00, 0x00, 0x20, 0x1c, 0x00, 0x00, 0x28, 0x1c, 0x00, 0x00, 
	0xc8, 0x17, 0x00, 0x00, 0x20, 0x1c, 0x00, 0x00, 0x20, 0x1c, 0x00, 0x00, 0x40, 0x13, 0x00, 0x00, 
	0x48, 0x4c, 0x00, 0x00, 0x05, 0x02, 0x00, 0x00, 0x00, 0x00, 0x00, 0x00, 0x00, 0x00, 0x00, 0x00, 
	0x00, 0x07, 0x06, 0x05, 0x04, 0x03, 0xd0, 0x07, 0x00, 0x00, 0x00, 0x00, 0x00, 0x00, 0x00, 0x00, 
	0x00, 0x2e, 0x69, 0x6f, 0x70, 0x6d, 0x6f, 0x64, 0x00, 0x2e, 0x74, 0x65, 0x78, 0x74, 0x00, 0x2e, 
	0x72, 0x65, 0x6c, 0x2e, 0x74, 0x65, 0x78, 0x74, 0x00, 0x2e, 0x72, 0x6f, 0x64, 0x61, 0x74, 0x61, 
	0x00, 0x2e, 0x72, 0x65, 0x6c, 0x2e, 0x72, 0x6f, 0x64, 0x61, 0x74, 0x61, 0x00, 0x2e, 0x64, 0x61, 
	0x74, 0x61, 0x00, 0x2e, 0x72, 0x65, 0x6c, 0x2e, 0x64, 0x61, 0x74, 0x61, 0x00, 0x2e, 0x62, 0x73, 
	0x73, 0x00, 0x2e, 0x73, 0x68, 0x73, 0x74, 0x72, 0x74, 0x61, 0x62, 0x00, 0x2e, 0x73, 0x79, 0x6d, 
	0x74, 0x61, 0x62, 0x00, 0x2e, 0x73, 0x74, 0x72, 0x74, 0x61, 0x62, 0x00, 0x00, 0x00, 0x00, 0x00, 
	0x00, 0x00, 0x00, 0x00, 0x00, 0x00, 0x00, 0x00, 0x00, 0x00, 0x00, 0x00, 0x00, 0x00, 0x00, 0x00, 
	0x00, 0x00, 0x00, 0x00, 0x00, 0x00, 0x00, 0x00, 0x00, 0x00, 0x00, 0x00, 0x00, 0x00, 0x00, 0x00, 
	0x00, 0x00, 0x00, 0x00, 0x01, 0x00, 0x00, 0x00, 0x80, 0x00, 0x00, 0x70, 0x00, 0x00, 0x00, 0x00, 
	0x00, 0x00, 0x00, 0x00, 0x74, 0x00, 0x00, 0x00, 0x1b, 0x00, 0x00, 0x00, 0x00, 0x00, 0x00, 0x00, 
	0x00, 0x00, 0x00, 0x00, 0x04, 0x00, 0x00, 0x00, 0x00, 0x00, 0x00, 0x00, 0x09, 0x00, 0x00, 0x00, 
	0x01, 0x00, 0x00, 0x00, 0x06, 0x00, 0x00, 0x00, 0x00, 0x00, 0x00, 0x00, 0x90, 0x00, 0x00, 0x00, 
	0xa8, 0x46, 0x00, 0x00, 0x00, 0x00, 0x00, 0x00, 0x00, 0x00, 0x00, 0x00, 0x10, 0x00, 0x00, 0x00, 
	0x00, 0x00, 0x00, 0x00, 0x0f, 0x00, 0x00, 0x00, 0x09, 0x00, 0x00, 0x00, 0x40, 0x00, 0x00, 0x00, 
	0x00, 0x00, 0x00, 0x00, 0xfc, 0x51, 0x00, 0x00, 0xb0, 0x08, 0x00, 0x00, 0x0a, 0x00, 0x00, 0x00, 
	0x02, 0x00, 0x00, 0x00, 0x04, 0x00, 0x00, 0x00, 0x08, 0x00, 0x00, 0x00, 0x19, 0x00, 0x00, 0x00, 
	0x01, 0x00, 0x00, 0x00, 0x02, 0x00, 0x00, 0x00, 0xb0, 0x46, 0x00, 0x00, 0x40, 0x47, 0x00, 0x00, 
	0xca, 0x07, 0x00, 0x00, 0x00, 0x00, 0x00, 0x00, 0x00, 0x00, 0x00, 0x00, 0x10, 0x00, 0x00, 0x00, 
	0x00, 0x00, 0x00, 0x00, 0x21, 0x00, 0x00, 0x00, 0x09, 0x00, 0x00, 0x00, 0x40, 0x00, 0x00, 0x00, 
	0x00, 0x00, 0x00, 0x00, 0xac, 0x5a, 0x00, 0x00, 0x10, 0x01, 0x00, 0x00, 0x0a, 0x00, 0x00, 0x00, 
	0x04, 0x00, 0x00, 0x00, 0x04, 0x00, 0x00, 0x00, 0x08, 0x00, 0x00, 0x00, 0x2d, 0x00, 0x00, 0x00, 
	0x01, 0x00, 0x00, 0x00, 0x03, 0x00, 0x00, 0x00, 0x80, 0x4e, 0x00, 0x00, 0x10, 0x4f, 0x00, 0x00, 
	0xb0, 0x00, 0x00, 0x00, 0x00, 0x00, 0x00, 0x00, 0x00, 0x00, 0x00, 0x00, 0x10, 0x00, 0x00, 0x00, 
	0x00, 0x00, 0x00, 0x00, 0x33, 0x00, 0x00, 0x00, 0x09, 0x00, 0x00, 0x00, 0x40, 0x00, 0x00, 0x00, 
	0x00, 0x00, 0x00, 0x00, 0xbc, 0x5b, 0x00, 0x00, 0xf8, 0x00, 0x00, 0x00, 0x0a, 0x00, 0x00, 0x00, 
	0x06, 0x00, 0x00, 0x00, 0x04, 0x00, 0x00, 0x00, 0x08, 0x00, 0x00, 0x00, 0x3d, 0x00, 0x00, 0x00, 
	0x08, 0x00, 0x00, 0x00, 0x03, 0x00, 0x00, 0x00, 0x30, 0x4f, 0x00, 0x00, 0xc0, 0x4f, 0x00, 0x00, 
	0x40, 0x02, 0x00, 0x00, 0x00, 0x00, 0x00, 0x00, 0x00, 0x00, 0x00, 0x00, 0x10, 0x00, 0x00, 0x00, 
	0x00, 0x00, 0x00, 0x00, 0x42, 0x00, 0x00, 0x00, 0x03, 0x00, 0x00, 0x00, 0x00, 0x00, 0x00, 0x00, 
	0x00, 0x00, 0x00, 0x00, 0xc0, 0x4f, 0x00, 0x00, 0x5c, 0x00, 0x00, 0x00, 0x00, 0x00, 0x00, 0x00, 
	0x00, 0x00, 0x00, 0x00, 0x01, 0x00, 0x00, 0x00, 0x00, 0x00, 0x00, 0x00, 0x4c, 0x00, 0x00, 0x00, 
	0x02, 0x00, 0x00, 0x00, 0x00, 0x00, 0x00, 0x00, 0x00, 0x00, 0x00, 0x00, 0xb4, 0x5c, 0x00, 0x00, 
	0x10, 0x00, 0x00, 0x00, 0x0b, 0x00, 0x00, 0x00, 0x01, 0x00, 0x00, 0x00, 0x04, 0x00, 0x00, 0x00, 
	0x10, 0x00, 0x00, 0x00, 0x54, 0x00, 0x00, 0x00, 0x03, 0x00, 0x00, 0x00, 0x00, 0x00, 0x00, 0x00, 
	0x00, 0x00, 0x00, 0x00, 0xc4, 0x5c, 0x00, 0x00, 0x01, 0x00, 0x00, 0x00, 0x00, 0x00, 0x00, 0x00, 
	0x00, 0x00, 0x00, 0x00, 0x01, 0x00, 0x00, 0x00, 0x00, 0x00, 0x00, 0x00, 0x58, 0x01, 0x00, 0x00, 
	0x05, 0x00, 0x00, 0x00, 0x5c, 0x01, 0x00, 0x00, 0x06, 0x00, 0x00, 0x00, 0xa0, 0x01, 0x00, 0x00, 
	0x05, 0x00, 0x00, 0x00, 0xa4, 0x01, 0x00, 0x00, 0x06, 0x00, 0x00, 0x00, 0x04, 0x02, 0x00, 0x00, 
	0x05, 0x00, 0x00, 0x00, 0x08, 0x02, 0x00, 0x00, 0x06, 0x00, 0x00, 0x00, 0x5c, 0x02, 0x00, 0x00, 
	0x05, 0x00, 0x00, 0x00, 0x64, 0x02, 0x00, 0x00, 0x06, 0x00, 0x00, 0x00, 0xd4, 0x04, 0x00, 0x00, 
	0x05, 0x00, 0x00, 0x00, 0xd8, 0x04, 0x00, 0x00, 0x06, 0x00, 0x00, 0x00, 0x48, 0x05, 0x00, 0x00, 
	0x05, 0x00, 0x00, 0x00, 0x4c, 0x05, 0x00, 0x00, 0x06, 0x00, 0x00, 0x00, 0x88, 0x05, 0x00, 0x00, 
	0x05, 0x00, 0x00, 0x00, 0x8c, 0x05, 0x00, 0x00, 0x06, 0x00, 0x00, 0x00, 0x9c, 0x05, 0x00, 0x00, 
	0x05, 0x00, 0x00, 0x00, 0xa0, 0x05, 0x00, 0x00, 0x06, 0x00, 0x00, 0x00, 0xe4, 0x06, 0x00, 0x00, 
	0x05, 0x00, 0x00, 0x00, 0xe8, 0x06, 0x00, 0x00, 0x06, 0x00, 0x00, 0x00, 0xf8, 0x06, 0x00, 0x00, 
	0x05, 0x00, 0x00, 0x00, 0xfc, 0x06, 0x00, 0x00, 0x06, 0x00, 0x00, 0x00, 0x0c, 0x07, 0x00, 0x00, 
	0x05, 0x00, 0x00, 0x00, 0x10, 0x07, 0x00, 0x00, 0x06, 0x00, 0x00, 0x00, 0x28, 0x07, 0x00, 0x00, 
	0x05, 0x00, 0x00, 0x00, 0x2c, 0x07, 0x00, 0x00, 0x06, 0x00, 0x00, 0x00, 0x8c, 0x07, 0x00, 0x00, 
	0x05, 0x00, 0x00, 0x00, 0x90, 0x07, 0x00, 0x00, 0x06, 0x00, 0x00, 0x00, 0xd4, 0x07, 0x00, 0x00, 
	0x05, 0x00, 0x00, 0x00, 0xd8, 0x07, 0x00, 0x00, 0x06, 0x00, 0x00, 0x00, 0xe0, 0x07, 0x00, 0x00, 
	0x05, 0x00, 0x00, 0x00, 0xe4, 0x07, 0x00, 0x00, 0x06, 0x00, 0x00, 0x00, 0xbc, 0x08, 0x00, 0x00, 
	0x05, 0x00, 0x00, 0x00, 0xc0, 0x08, 0x00, 0x00, 0x06, 0x00, 0x00, 0x00, 0xcc, 0x08, 0x00, 0x00, 
	0x05, 0x00, 0x00, 0x00, 0xd0, 0x08, 0x00, 0x00, 0x06, 0x00, 0x00, 0x00, 0xd4, 0x08, 0x00, 0x00, 
	0x05, 0x00, 0x00, 0x00, 0xd8, 0x08, 0x00, 0x00, 0x06, 0x00, 0x00, 0x00, 0x74, 0x09, 0x00, 0x00, 
	0x05, 0x00, 0x00, 0x00, 0x78, 0x09, 0x00, 0x00, 0x06, 0x00, 0x00, 0x00, 0x8c, 0x0a, 0x00, 0x00, 
	0x05, 0x00, 0x00, 0x00, 0x90, 0x0a, 0x00, 0x00, 0x06, 0x00, 0x00, 0x00, 0xbc, 0x0a, 0x00, 0x00, 
	0x05, 0x00, 0x00, 0x00, 0xc0, 0x0a, 0x00, 0x00, 0x06, 0x00, 0x00, 0x00, 0xcc, 0x0a, 0x00, 0x00, 
	0x05, 0x00, 0x00, 0x00, 0xd0, 0x0a, 0x00, 0x00, 0x06, 0x00, 0x00, 0x00, 0xd4, 0x0a, 0x00, 0x00, 
	0x05, 0x00, 0x00, 0x00, 0xd8, 0x0a, 0x00, 0x00, 0x06, 0x00, 0x00, 0x00, 0xfc, 0x0a, 0x00, 0x00, 
	0x05, 0x00, 0x00, 0x00, 0x00, 0x0b, 0x00, 0x00, 0x06, 0x00, 0x00, 0x00, 0xdc, 0x0d, 0x00, 0x00, 
	0x05, 0x00, 0x00, 0x00, 0xe0, 0x0d, 0x00, 0x00, 0x06, 0x00, 0x00, 0x00, 0x00, 0x0e, 0x00, 0x00, 
	0x05, 0x00, 0x00, 0x00, 0x04, 0x0e, 0x00, 0x00, 0x06, 0x00, 0x00, 0x00, 0x7c, 0x0e, 0x00, 0x00, 
	0x05, 0x00, 0x00, 0x00, 0x80, 0x0e, 0x00, 0x00, 0x06, 0x00, 0x00, 0x00, 0xd4, 0x0e, 0x00, 0x00, 
	0x05, 0x00, 0x00, 0x00, 0xd8, 0x0e, 0x00, 0x00, 0x06, 0x00, 0x00, 0x00, 0x58, 0x0f, 0x00, 0x00, 
	0x05, 0x00, 0x00, 0x00, 0x5c, 0x0f, 0x00, 0x00, 0x06, 0x00, 0x00, 0x00, 0xac, 0x0f, 0x00, 0x00, 
	0x05, 0x00, 0x00, 0x00, 0xb0, 0x0f, 0x00, 0x00, 0x06, 0x00, 0x00, 0x00, 0x40, 0x10, 0x00, 0x00, 
	0x05, 0x00, 0x00, 0x00, 0x44, 0x10, 0x00, 0x00, 0x06, 0x00, 0x00, 0x00, 0x14, 0x11, 0x00, 0x00, 
	0x05, 0x00, 0x00, 0x00, 0x18, 0x11, 0x00, 0x00, 0x06, 0x00, 0x00, 0x00, 0x78, 0x11, 0x00, 0x00, 
	0x05, 0x00, 0x00, 0x00, 0x7c, 0x11, 0x00, 0x00, 0x06, 0x00, 0x00, 0x00, 0xbc, 0x11, 0x00, 0x00, 
	0x05, 0x00, 0x00, 0x00, 0xc0, 0x11, 0x00, 0x00, 0x06, 0x00, 0x00, 0x00, 0xc4, 0x11, 0x00, 0x00, 
	0x05, 0x00, 0x00, 0x00, 0xc8, 0x11, 0x00, 0x00, 0x06, 0x00, 0x00, 0x00, 0x14, 0x12, 0x00, 0x00, 
	0x05, 0x00, 0x00, 0x00, 0x18, 0x12, 0x00, 0x00, 0x06, 0x00, 0x00, 0x00, 0x38, 0x12, 0x00, 0x00, 
	0x05, 0x00, 0x00, 0x00, 0x3c, 0x12, 0x00, 0x00, 0x06, 0x00, 0x00, 0x00, 0x48, 0x12, 0x00, 0x00, 
	0x05, 0x00, 0x00, 0x00, 0x4c, 0x12, 0x00, 0x00, 0x06, 0x00, 0x00, 0x00, 0xa8, 0x12, 0x00, 0x00, 
	0x05, 0x00, 0x00, 0x00, 0xac, 0x12, 0x00, 0x00, 0x06, 0x00, 0x00, 0x00, 0x54, 0x13, 0x00, 0x00, 
	0x05, 0x00, 0x00, 0x00, 0x58, 0x13, 0x00, 0x00, 0x06, 0x00, 0x00, 0x00, 0xb4, 0x13, 0x00, 0x00, 
	0x05, 0x00, 0x00, 0x00, 0xb8, 0x13, 0x00, 0x00, 0x06, 0x00, 0x00, 0x00, 0xd4, 0x17, 0x00, 0x00, 
	0x05, 0x00, 0x00, 0x00, 0xd8, 0x17, 0x00, 0x00, 0x06, 0x00, 0x00, 0x00, 0x20, 0x18, 0x00, 0x00, 
	0x05, 0x00, 0x00, 0x00, 0x24, 0x18, 0x00, 0x00, 0x06, 0x00, 0x00, 0x00, 0x4c, 0x18, 0x00, 0x00, 
	0x05, 0x00, 0x00, 0x00, 0x50, 0x18, 0x00, 0x00, 0x06, 0x00, 0x00, 0x00, 0x78, 0x18, 0x00, 0x00, 
	0x05, 0x00, 0x00, 0x00, 0x7c, 0x18, 0x00, 0x00, 0x06, 0x00, 0x00, 0x00, 0xd0, 0x18, 0x00, 0x00, 
	0x05, 0x00, 0x00, 0x00, 0xd4, 0x18, 0x00, 0x00, 0x06, 0x00, 0x00, 0x00, 0xf0, 0x18, 0x00, 0x00, 
	0x05, 0x00, 0x00, 0x00, 0xf4, 0x18, 0x00, 0x00, 0x06, 0x00, 0x00, 0x00, 0x64, 0x19, 0x00, 0x00, 
	0x05, 0x00, 0x00, 0x00, 0x68, 0x19, 0x00, 0x00, 0x06, 0x00, 0x00, 0x00, 0x28, 0x1a, 0x00, 0x00, 
	0x05, 0x00, 0x00, 0x00, 0x2c, 0x1a, 0x00, 0x00, 0x06, 0x00, 0x00, 0x00, 0xb4, 0x1a, 0x00, 0x00, 
	0x05, 0x00, 0x00, 0x00, 0xb8, 0x1a, 0x00, 0x00, 0x06, 0x00, 0x00, 0x00, 0xd4, 0x1a, 0x00, 0x00, 
	0x05, 0x00, 0x00, 0x00, 0xd8, 0x1a, 0x00, 0x00, 0x06, 0x00, 0x00, 0x00, 0xf4, 0x1a, 0x00, 0x00, 
	0x05, 0x00, 0x00, 0x00, 0xfc, 0x1a, 0x00, 0x00, 0x06, 0x00, 0x00, 0x00, 0x5c, 0x1b, 0x00, 0x00, 
	0x05, 0x00, 0x00, 0x00, 0x64, 0x1b, 0x00, 0x00, 0x06, 0x00, 0x00, 0x00, 0x48, 0x1c, 0x00, 0x00, 
	0x05, 0x00, 0x00, 0x00, 0x4c, 0x1c, 0x00, 0x00, 0x06, 0x00, 0x00, 0x00, 0x9c, 0x1c, 0x00, 0x00, 
	0x05, 0x00, 0x00, 0x00, 0xa0, 0x1c, 0x00, 0x00, 0x06, 0x00, 0x00, 0x00, 0xd0, 0x1d, 0x00, 0x00, 
	0x05, 0x00, 0x00, 0x00, 0xd4, 0x1d, 0x00, 0x00, 0x06, 0x00, 0x00, 0x00, 0xec, 0x1f, 0x00, 0x00, 
	0x05, 0x00, 0x00, 0x00, 0xf0, 0x1f, 0x00, 0x00, 0x06, 0x00, 0x00, 0x00, 0xf4, 0x1f, 0x00, 0x00, 
	0x05, 0x00, 0x00, 0x00, 0xf8, 0x1f, 0x00, 0x00, 0x06, 0x00, 0x00, 0x00, 0x14, 0x20, 0x00, 0x00, 
	0x05, 0x00, 0x00, 0x00, 0x18, 0x20, 0x00, 0x00, 0x06, 0x00, 0x00, 0x00, 0x24, 0x20, 0x00, 0x00, 
	0x05, 0x00, 0x00, 0x00, 0x28, 0x20, 0x00, 0x00, 0x06, 0x00, 0x00, 0x00, 0x48, 0x20, 0x00, 0x00, 
	0x05, 0x00, 0x00, 0x00, 0x50, 0x20, 0x00, 0x00, 0x06, 0x00, 0x00, 0x00, 0x6c, 0x20, 0x00, 0x00, 
	0x05, 0x00, 0x00, 0x00, 0x70, 0x20, 0x00, 0x00, 0x06, 0x00, 0x00, 0x00, 0xc4, 0x20, 0x00, 0x00, 
	0x05, 0x00, 0x00, 0x00, 0xc8, 0x20, 0x00, 0x00, 0x06, 0x00, 0x00, 0x00, 0xf4, 0x20, 0x00, 0x00, 
	0x05, 0x00, 0x00, 0x00, 0xf8, 0x20, 0x00, 0x00, 0x06, 0x00, 0x00, 0x00, 0x00, 0x21, 0x00, 0x00, 
	0x05, 0x00, 0x00, 0x00, 0x04, 0x21, 0x00, 0x00, 0x06, 0x00, 0x00, 0x00, 0x28, 0x21, 0x00, 0x00, 
	0x05, 0x00, 0x00, 0x00, 0x2c, 0x21, 0x00, 0x00, 0x06, 0x00, 0x00, 0x00, 0x30, 0x21, 0x00, 0x00, 
	0x05, 0x00, 0x00, 0x00, 0x34, 0x21, 0x00, 0x00, 0x06, 0x00, 0x00, 0x00, 0x40, 0x21, 0x00, 0x00, 
	0x05, 0x00, 0x00, 0x00, 0x44, 0x21, 0x00, 0x00, 0x06, 0x00, 0x00, 0x00, 0x50, 0x21, 0x00, 0x00, 
	0x05, 0x00, 0x00, 0x00, 0x58, 0x21, 0x00, 0x00, 0x06, 0x00, 0x00, 0x00, 0x64, 0x21, 0x00, 0x00, 
	0x05, 0x00, 0x00, 0x00, 0x68, 0x21, 0x00, 0x00, 0x06, 0x00, 0x00, 0x00, 0x94, 0x21, 0x00, 0x00, 
	0x05, 0x00, 0x00, 0x00, 0x98, 0x21, 0x00, 0x00, 0x06, 0x00, 0x00, 0x00, 0xa8, 0x21, 0x00, 0x00, 
	0x05, 0x00, 0x00, 0x00, 0xac, 0x21, 0x00, 0x00, 0x06, 0x00, 0x00, 0x00, 0xb8, 0x21, 0x00, 0x00, 
	0x05, 0x00, 0x00, 0x00, 0xbc, 0x21, 0x00, 0x00, 0x06, 0x00, 0x00, 0x00, 0xdc, 0x21, 0x00, 0x00, 
	0x05, 0x00, 0x00, 0x00, 0xe0, 0x21, 0x00, 0x00, 0x06, 0x00, 0x00, 0x00, 0x38, 0x22, 0x00, 0x00, 
	0x05, 0x00, 0x00, 0x00, 0x3c, 0x22, 0x00, 0x00, 0x06, 0x00, 0x00, 0x00, 0x68, 0x22, 0x00, 0x00, 
	0x05, 0x00, 0x00, 0x00, 0x6c, 0x22, 0x00, 0x00, 0x06, 0x00, 0x00, 0x00, 0x38, 0x23, 0x00, 0x00, 
	0x05, 0x00, 0x00, 0x00, 0x3c, 0x23, 0x00, 0x00, 0x06, 0x00, 0x00, 0x00, 0x58, 0x23, 0x00, 0x00, 
	0x05, 0x00, 0x00, 0x00, 0x5c, 0x23, 0x00, 0x00, 0x06, 0x00, 0x00, 0x00, 0x74, 0x23, 0x00, 0x00, 
	0x05, 0x00, 0x00, 0x00, 0x78, 0x23, 0x00, 0x00, 0x06, 0x00, 0x00, 0x00, 0x7c, 0x23, 0x00, 0x00, 
	0x05, 0x00, 0x00, 0x00, 0x80, 0x23, 0x00, 0x00, 0x06, 0x00, 0x00, 0x00, 0x8c, 0x23, 0x00, 0x00, 
	0x05, 0x00, 0x00, 0x00, 0x90, 0x23, 0x00, 0x00, 0x06, 0x00, 0x00, 0x00, 0x9c, 0x23, 0x00, 0x00, 
	0x05, 0x00, 0x00, 0x00, 0xa0, 0x23, 0x00, 0x00, 0x06, 0x00, 0x00, 0x00, 0xbc, 0x23, 0x00, 0x00, 
	0x05, 0x00, 0x00, 0x00, 0xc0, 0x23, 0x00, 0x00, 0x06, 0x00, 0x00, 0x00, 0xf8, 0x23, 0x00, 0x00, 
	0x05, 0x00, 0x00, 0x00, 0x00, 0x24, 0x00, 0x00, 0x06, 0x00, 0x00, 0x00, 0x2c, 0x24, 0x00, 0x00, 
	0x05, 0x00, 0x00, 0x00, 0x34, 0x24, 0x00, 0x00, 0x06, 0x00, 0x00, 0x00, 0x48, 0x24, 0x00, 0x00, 
	0x05, 0x00, 0x00, 0x00, 0x4c, 0x24, 0x00, 0x00, 0x06, 0x00, 0x00, 0x00, 0x58, 0x24, 0x00, 0x00, 
	0x05, 0x00, 0x00, 0x00, 0x60, 0x24, 0x00, 0x00, 0x06, 0x00, 0x00, 0x00, 0x64, 0x24, 0x00, 0x00, 
	0x05, 0x00, 0x00, 0x00, 0x68, 0x24, 0x00, 0x00, 0x06, 0x00, 0x00, 0x00, 0x74, 0x24, 0x00, 0x00, 
	0x05, 0x00, 0x00, 0x00, 0x78, 0x24, 0x00, 0x00, 0x06, 0x00, 0x00, 0x00, 0x10, 0x27, 0x00, 0x00, 
	0x05, 0x00, 0x00, 0x00, 0x14, 0x27, 0x00, 0x00, 0x06, 0x00, 0x00, 0x00, 0xa4, 0x27, 0x00, 0x00, 
	0x05, 0x00, 0x00, 0x00, 0xa8, 0x27, 0x00, 0x00, 0x06, 0x00, 0x00, 0x00, 0x1c, 0x28, 0x00, 0x00, 
	0x05, 0x00, 0x00, 0x00, 0x20, 0x28, 0x00, 0x00, 0x06, 0x00, 0x00, 0x00, 0xd0, 0x28, 0x00, 0x00, 
	0x05, 0x00, 0x00, 0x00, 0xd4, 0x28, 0x00, 0x00, 0x06, 0x00, 0x00, 0x00, 0x70, 0x29, 0x00, 0x00, 
	0x05, 0x00, 0x00, 0x00, 0x74, 0x29, 0x00, 0x00, 0x06, 0x00, 0x00, 0x00, 0xc0, 0x2a, 0x00, 0x00, 
	0x05, 0x00, 0x00, 0x00, 0xc8, 0x2a, 0x00, 0x00, 0x06, 0x00, 0x00, 0x00, 0x88, 0x2b, 0x00, 0x00, 
	0x05, 0x00, 0x00, 0x00, 0x8c, 0x2b, 0x00, 0x00, 0x06, 0x00, 0x00, 0x00, 0xac, 0x2b, 0x00, 0x00, 
	0x05, 0x00, 0x00, 0x00, 0xb0, 0x2b, 0x00, 0x00, 0x06, 0x00, 0x00, 0x00, 0xd0, 0x2b, 0x00, 0x00, 
	0x05, 0x00, 0x00, 0x00, 0xd4, 0x2b, 0x00, 0x00, 0x06, 0x00, 0x00, 0x00, 0xf4, 0x2b, 0x00, 0x00, 
	0x05, 0x00, 0x00, 0x00, 0xf8, 0x2b, 0x00, 0x00, 0x06, 0x00, 0x00, 0x00, 0x1c, 0x2c, 0x00, 0x00, 
	0x05, 0x00, 0x00, 0x00, 0x20, 0x2c, 0x00, 0x00, 0x06, 0x00, 0x00, 0x00, 0x40, 0x2c, 0x00, 0x00, 
	0x05, 0x00, 0x00, 0x00, 0x44, 0x2c, 0x00, 0x00, 0x06, 0x00, 0x00, 0x00, 0x4c, 0x2c, 0x00, 0x00, 
	0x05, 0x00, 0x00, 0x00, 0x50, 0x2c, 0x00, 0x00, 0x06, 0x00, 0x00, 0x00, 0x14, 0x2d, 0x00, 0x00, 
	0x05, 0x00, 0x00, 0x00, 0x1c, 0x2d, 0x00, 0x00, 0x06, 0x00, 0x00, 0x00, 0x44, 0x2d, 0x00, 0x00, 
	0x05, 0x00, 0x00, 0x00, 0x48, 0x2d, 0x00, 0x00, 0x06, 0x00, 0x00, 0x00, 0xa4, 0x2d, 0x00, 0x00, 
	0x05, 0x00, 0x00, 0x00, 0xa8, 0x2d, 0x00, 0x00, 0x06, 0x00, 0x00, 0x00, 0x1c, 0x2e, 0x00, 0x00, 
	0x05, 0x00, 0x00, 0x00, 0x20, 0x2e, 0x00, 0x00, 0x06, 0x00, 0x00, 0x00, 0x34, 0x2e, 0x00, 0x00, 
	0x05, 0x00, 0x00, 0x00, 0x38, 0x2e, 0x00, 0x00, 0x06, 0x00, 0x00, 0x00, 0x4c, 0x2e, 0x00, 0x00, 
	0x05, 0x00, 0x00, 0x00, 0x50, 0x2e, 0x00, 0x00, 0x06, 0x00, 0x00, 0x00, 0xe8, 0x2e, 0x00, 0x00, 
	0x05, 0x00, 0x00, 0x00, 0xec, 0x2e, 0x00, 0x00, 0x06, 0x00, 0x00, 0x00, 0x88, 0x2f, 0x00, 0x00, 
	0x05, 0x00, 0x00, 0x00, 0x8c, 0x2f, 0x00, 0x00, 0x06, 0x00, 0x00, 0x00, 0xac, 0x2f, 0x00, 0x00, 
	0x05, 0x00, 0x00, 0x00, 0xb0, 0x2f, 0x00, 0x00, 0x06, 0x00, 0x00, 0x00, 0xdc, 0x2f, 0x00, 0x00, 
	0x05, 0x00, 0x00, 0x00, 0xe0, 0x2f, 0x00, 0x00, 0x06, 0x00, 0x00, 0x00, 0x28, 0x30, 0x00, 0x00, 
	0x05, 0x00, 0x00, 0x00, 0x2c, 0x30, 0x00, 0x00, 0x06, 0x00, 0x00, 0x00, 0x70, 0x30, 0x00, 0x00, 
	0x05, 0x00, 0x00, 0x00, 0x74, 0x30, 0x00, 0x00, 0x06, 0x00, 0x00, 0x00, 0x7c, 0x30, 0x00, 0x00, 
	0x05, 0x00, 0x00, 0x00, 0x80, 0x30, 0x00, 0x00, 0x06, 0x00, 0x00, 0x00, 0xd4, 0x30, 0x00, 0x00, 
	0x05, 0x00, 0x00, 0x00, 0xd8, 0x30, 0x00, 0x00, 0x06, 0x00, 0x00, 0x00, 0x3c, 0x31, 0x00, 0x00, 
	0x05, 0x00, 0x00, 0x00, 0x40, 0x31, 0x00, 0x00, 0x06, 0x00, 0x00, 0x00, 0x98, 0x31, 0x00, 0x00, 
	0x05, 0x00, 0x00, 0x00, 0x9c, 0x31, 0x00, 0x00, 0x06, 0x00, 0x00, 0x00, 0x0c, 0x32, 0x00, 0x00, 
	0x05, 0x00, 0x00, 0x00, 0x10, 0x32, 0x00, 0x00, 0x06, 0x00, 0x00, 0x00, 0x2c, 0x32, 0x00, 0x00, 
	0x05, 0x00, 0x00, 0x00, 0x30, 0x32, 0x00, 0x00, 0x06, 0x00, 0x00, 0x00, 0x58, 0x32, 0x00, 0x00, 
	0x05, 0x00, 0x00, 0x00, 0x5c, 0x32, 0x00, 0x00, 0x06, 0x00, 0x00, 0x00, 0x80, 0x32, 0x00, 0x00, 
	0x05, 0x00, 0x00, 0x00, 0x84, 0x32, 0x00, 0x00, 0x06, 0x00, 0x00, 0x00, 0xb8, 0x32, 0x00, 0x00, 
	0x05, 0x00, 0x00, 0x00, 0xbc, 0x32, 0x00, 0x00, 0x06, 0x00, 0x00, 0x00, 0xe4, 0x32, 0x00, 0x00, 
	0x05, 0x00, 0x00, 0x00, 0xe8, 0x32, 0x00, 0x00, 0x06, 0x00, 0x00, 0x00, 0x24, 0x33, 0x00, 0x00, 
	0x05, 0x00, 0x00, 0x00, 0x2c, 0x33, 0x00, 0x00, 0x06, 0x00, 0x00, 0x00, 0x9c, 0x35, 0x00, 0x00, 
	0x05, 0x00, 0x00, 0x00, 0xa0, 0x35, 0x00, 0x00, 0x06, 0x00, 0x00, 0x00, 0xa0, 0x36, 0x00, 0x00, 
	0x05, 0x00, 0x00, 0x00, 0xa4, 0x36, 0x00, 0x00, 0x06, 0x00, 0x00, 0x00, 0xd0, 0x38, 0x00, 0x00, 
	0x05, 0x00, 0x00, 0x00, 0xd4, 0x38, 0x00, 0x00, 0x06, 0x00, 0x00, 0x00, 0x80, 0x3e, 0x00, 0x00, 
	0x05, 0x00, 0x00, 0x00, 0x84, 0x3e, 0x00, 0x00, 0x06, 0x00, 0x00, 0x00, 0x98, 0x3e, 0x00, 0x00, 
	0x05, 0x00, 0x00, 0x00, 0xa0, 0x3e, 0x00, 0x00, 0x06, 0x00, 0x00, 0x00, 0x9c, 0x40, 0x00, 0x00, 
	0x05, 0x00, 0x00, 0x00, 0xa4, 0x40, 0x00, 0x00, 0x06, 0x00, 0x00, 0x00, 0xcc, 0x42, 0x00, 0x00, 
	0x05, 0x00, 0x00, 0x00, 0xd0, 0x42, 0x00, 0x00, 0x06, 0x00, 0x00, 0x00, 0x0c, 0x43, 0x00, 0x00, 
	0x05, 0x00, 0x00, 0x00, 0x10, 0x43, 0x00, 0x00, 0x06, 0x00, 0x00, 0x00, 0x34, 0x43, 0x00, 0x00, 
	0x05, 0x00, 0x00, 0x00, 0x38, 0x43, 0x00, 0x00, 0x06, 0x00, 0x00, 0x00, 0x68, 0x43, 0x00, 0x00, 
	0x05, 0x00, 0x00, 0x00, 0x6c, 0x43, 0x00, 0x00, 0x06, 0x00, 0x00, 0x00, 0xe4, 0x43, 0x00, 0x00, 
	0x05, 0x00, 0x00, 0x00, 0xe8, 0x43, 0x00, 0x00, 0x06, 0x00, 0x00, 0x00, 0x14, 0x44, 0x00, 0x00, 
	0x05, 0x00, 0x00, 0x00, 0x18, 0x44, 0x00, 0x00, 0x06, 0x00, 0x00, 0x00, 0x2c, 0x44, 0x00, 0x00, 
	0x05, 0x00, 0x00, 0x00, 0x30, 0x44, 0x00, 0x00, 0x06, 0x00, 0x00, 0x00, 0x2c, 0x46, 0x00, 0x00, 
	0x05, 0x00, 0x00, 0x00, 0x30, 0x46, 0x00, 0x00, 0x06, 0x00, 0x00, 0x00, 0xb0, 0x46, 0x00, 0x00, 
	0x02, 0x00, 0x00, 0x00, 0xb4, 0x46, 0x00, 0x00, 0x02, 0x00, 0x00, 0x00, 0xb8, 0x46, 0x00, 0x00, 
	0x02, 0x00, 0x00, 0x00, 0xbc, 0x46, 0x00, 0x00, 0x02, 0x00, 0x00, 0x00, 0xc0, 0x46, 0x00, 0x00, 
	0x02, 0x00, 0x00, 0x00, 0xc4, 0x46, 0x00, 0x00, 0x02, 0x00, 0x00, 0x00, 0xc8, 0x46, 0x00, 0x00, 
	0x02, 0x00, 0x00, 0x00, 0xcc, 0x46, 0x00, 0x00, 0x02, 0x00, 0x00, 0x00, 0xd0, 0x46, 0x00, 0x00, 
	0x02, 0x00, 0x00, 0x00, 0xd4, 0x46, 0x00, 0x00, 0x02, 0x00, 0x00, 0x00, 0xd8, 0x46, 0x00, 0x00, 
	0x02, 0x00, 0x00, 0x00, 0xdc, 0x46, 0x00, 0x00, 0x02, 0x00, 0x00, 0x00, 0xe0, 0x46, 0x00, 0x00, 
	0x02, 0x00, 0x00, 0x00, 0xe4, 0x46, 0x00, 0x00, 0x02, 0x00, 0x00, 0x00, 0xe8, 0x46, 0x00, 0x00, 
	0x02, 0x00, 0x00, 0x00, 0xec, 0x46, 0x00, 0x00, 0x02, 0x00, 0x00, 0x00, 0xf0, 0x46, 0x00, 0x00, 
	0x02, 0x00, 0x00, 0x00, 0xf8, 0x46, 0x00, 0x00, 0x02, 0x00, 0x00, 0x00, 0x00, 0x47, 0x00, 0x00, 
	0x02, 0x00, 0x00, 0x00, 0x08, 0x47, 0x00, 0x00, 0x02, 0x00, 0x00, 0x00, 0x10, 0x47, 0x00, 0x00, 
	0x02, 0x00, 0x00, 0x00, 0x18, 0x47, 0x00, 0x00, 0x02, 0x00, 0x00, 0x00, 0x1c, 0x47, 0x00, 0x00, 
	0x02, 0x00, 0x00, 0x00, 0x20, 0x47, 0x00, 0x00, 0x02, 0x00, 0x00, 0x00, 0x24, 0x47, 0x00, 0x00, 
	0x02, 0x00, 0x00, 0x00, 0x28, 0x47, 0x00, 0x00, 0x02, 0x00, 0x00, 0x00, 0x2c, 0x47, 0x00, 0x00, 
	0x02, 0x00, 0x00, 0x00, 0x30, 0x47, 0x00, 0x00, 0x02, 0x00, 0x00, 0x00, 0x34, 0x47, 0x00, 0x00, 
	0x02, 0x00, 0x00, 0x00, 0x38, 0x47, 0x00, 0x00, 0x02, 0x00, 0x00, 0x00, 0x3c, 0x47, 0x00, 0x00, 
	0x02, 0x00, 0x00, 0x00, 0x40, 0x47, 0x00, 0x00, 0x02, 0x00, 0x00, 0x00, 0x44, 0x47, 0x00, 0x00, 
	0x02, 0x00, 0x00, 0x00, 0x48, 0x47, 0x00, 0x00, 0x02, 0x00, 0x00, 0x00, 0x90, 0x4e, 0x00, 0x00, 
	0x02, 0x00, 0x00, 0x00, 0x9c, 0x4e, 0x00, 0x00, 0x02, 0x00, 0x00, 0x00, 0xa0, 0x4e, 0x00, 0x00, 
	0x02, 0x00, 0x00, 0x00, 0xa4, 0x4e, 0x00, 0x00, 0x02, 0x00, 0x00, 0x00, 0xa8, 0x4e, 0x00, 0x00, 
	0x02, 0x00, 0x00, 0x00, 0xac, 0x4e, 0x00, 0x00, 0x02, 0x00, 0x00, 0x00, 0xb0, 0x4e, 0x00, 0x00, 
	0x02, 0x00, 0x00, 0x00, 0xb4, 0x4e, 0x00, 0x00, 0x02, 0x00, 0x00, 0x00, 0xb8, 0x4e, 0x00, 0x00, 
	0x02, 0x00, 0x00, 0x00, 0xbc, 0x4e, 0x00, 0x00, 0x02, 0x00, 0x00, 0x00, 0xc0, 0x4e, 0x00, 0x00, 
	0x02, 0x00, 0x00, 0x00, 0xc4, 0x4e, 0x00, 0x00, 0x02, 0x00, 0x00, 0x00, 0xc8, 0x4e, 0x00, 0x00, 
	0x02, 0x00, 0x00, 0x00, 0xcc, 0x4e, 0x00, 0x00, 0x02, 0x00, 0x00, 0x00, 0xd0, 0x4e, 0x00, 0x00, 
	0x02, 0x00, 0x00, 0x00, 0xd4, 0x4e, 0x00, 0x00, 0x02, 0x00, 0x00, 0x00, 0xd8, 0x4e, 0x00, 0x00, 
	0x02, 0x00, 0x00, 0x00, 0xdc, 0x4e, 0x00, 0x00, 0x02, 0x00, 0x00, 0x00, 0xe0, 0x4e, 0x00, 0x00, 
	0x02, 0x00, 0x00, 0x00, 0xe4, 0x4e, 0x00, 0x00, 0x02, 0x00, 0x00, 0x00, 0xe8, 0x4e, 0x00, 0x00, 
	0x02, 0x00, 0x00, 0x00, 0xec, 0x4e, 0x00, 0x00, 0x02, 0x00, 0x00, 0x00, 0xf0, 0x4e, 0x00, 0x00, 
	0x02, 0x00, 0x00, 0x00, 0xf4, 0x4e, 0x00, 0x00, 0x02, 0x00, 0x00, 0x00, 0xf8, 0x4e, 0x00, 0x00, 
	0x02, 0x00, 0x00, 0x00, 0xfc, 0x4e, 0x00, 0x00, 0x02, 0x00, 0x00, 0x00, 0x00, 0x4f, 0x00, 0x00, 
	0x02, 0x00, 0x00, 0x00, 0x04, 0x4f, 0x00, 0x00, 0x02, 0x00, 0x00, 0x00, 0x08, 0x4f, 0x00, 0x00, 
	0x02, 0x00, 0x00, 0x00, 0x0c, 0x4f, 0x00, 0x00, 0x02, 0x00, 0x00, 0x00, 0x10, 0x4f, 0x00, 0x00, 
	0x02, 0x00, 0x00, 0x00, 0x00, 0x00, 0x00, 0x00, 0x00, 0x00, 0x00, 0x00, 0x00, 0x00, 0x00, 0x00, 
	0x00, 0x00, 0x00, 0x00, 0x00, 
};

#endif
