unsigned char ps2fs_irx[] = {
  0x7f, 0x45, 0x4c, 0x46, 0x01, 0x01, 0x01, 0x00, 0x00, 0x00, 0x00, 0x00,
  0x00, 0x00, 0x00, 0x00, 0x80, 0xff, 0x08, 0x00, 0x01, 0x00, 0x00, 0x00,
  0x70, 0x00, 0x00, 0x00, 0x34, 0x00, 0x00, 0x00, 0x54, 0x95, 0x00, 0x00,
  0x01, 0x10, 0x00, 0x00, 0x34, 0x00, 0x20, 0x00, 0x02, 0x00, 0x28, 0x00,
  0x0e, 0x00, 0x0b, 0x00, 0x80, 0x00, 0x00, 0x70, 0x74, 0x00, 0x00, 0x00,
  0x00, 0x00, 0x00, 0x00, 0x00, 0x00, 0x00, 0x00, 0x1b, 0x00, 0x00, 0x00,
  0x00, 0x00, 0x00, 0x00, 0x04, 0x00, 0x00, 0x00, 0x04, 0x00, 0x00, 0x00,
  0x01, 0x00, 0x00, 0x00, 0x90, 0x00, 0x00, 0x00, 0x00, 0x00, 0x00, 0x00,
  0x00, 0x00, 0x00, 0x00, 0x50, 0x94, 0x00, 0x00, 0x90, 0x98, 0x00, 0x00,
  0x07, 0x00, 0x00, 0x00, 0x10, 0x00, 0x00, 0x00, 0xb8, 0x93, 0x00, 0x00,
  0x70, 0x00, 0x00, 0x00, 0x40, 0x14, 0x01, 0x00, 0x70, 0x89, 0x00, 0x00,
  0xe0, 0x0a, 0x00, 0x00, 0x40, 0x04, 0x00, 0x00, 0x02, 0x02, 0x00, 0x00,
  0x01, 0x00, 0x05, 0x3c, 0x50, 0x94, 0xa5, 0x8c, 0x01, 0x00, 0x04, 0x3c,
  0xce, 0x0c, 0x00, 0x10, 0xd0, 0x8a, 0x84, 0x24, 0x44, 0x01, 0x06, 0x24,
  0xd6, 0x0c, 0x00, 0x10, 0x25, 0x28, 0x00, 0x00, 0x01, 0x00, 0x03, 0x3c,
  0x30, 0x93, 0x63, 0x8c, 0x00, 0x00, 0x00, 0x00, 0x2b, 0x18, 0x83, 0x00,
  0x0d, 0x00, 0x60, 0x10, 0x25, 0x10, 0x00, 0x00, 0x44, 0x01, 0x02, 0x24,
  0x18, 0x00, 0x82, 0x00, 0x01, 0x00, 0x02, 0x3c, 0x54, 0x94, 0x42, 0x8c,
  0x12, 0x18, 0x00, 0x00, 0x21, 0x10, 0x43, 0x00, 0x08, 0x00, 0x43, 0x8c,
  0x00, 0x00, 0x00, 0x00, 0x00, 0x80, 0x63, 0x30, 0x02, 0x00, 0x60, 0x14,
  0x00, 0x00, 0x00, 0x00, 0x25, 0x10, 0x00, 0x00, 0x08, 0x00, 0xe0, 0x03,
  0x00, 0x00, 0x00, 0x00, 0xc0, 0xff, 0xbd, 0x27, 0x3c, 0x00, 0xbf, 0xaf,
  0x38, 0x00, 0xb5, 0xaf, 0x34, 0x00, 0xb4, 0xaf, 0x30, 0x00, 0xb3, 0xaf,
  0x2c, 0x00, 0xb2, 0xaf, 0x28, 0x00, 0xb1, 0xaf, 0x31, 0x00, 0x81, 0x04,
  0x24, 0x00, 0xb0, 0xaf, 0x01, 0x00, 0x02, 0x3c, 0x60, 0x94, 0x42, 0x8c,
  0x01, 0x00, 0x04, 0x3c, 0x34, 0x93, 0x84, 0x8c, 0x04, 0x00, 0x42, 0x24,
  0x25, 0x18, 0x00, 0x00, 0x15, 0x00, 0x64, 0x14, 0x00, 0x00, 0x00, 0x00,
  0x01, 0x00, 0x04, 0x3c, 0x38, 0x93, 0x84, 0x8c, 0x99, 0x0c, 0x11, 0x04,
  0x00, 0x00, 0x00, 0x00, 0x01, 0x00, 0x04, 0x3c, 0x54, 0x94, 0x84, 0x8c,
  0x02, 0x18, 0x11, 0x04, 0x00, 0x00, 0x00, 0x00, 0x01, 0x00, 0x04, 0x3c,
  0x60, 0x94, 0x84, 0x8c, 0xfe, 0x17, 0x11, 0x04, 0x00, 0x00, 0x00, 0x00,
  0x4e, 0x1d, 0x11, 0x04, 0x00, 0x00, 0x00, 0x00, 0x01, 0x00, 0x04, 0x3c,
  0x40, 0x8b, 0x84, 0x24, 0x94, 0x0c, 0x11, 0x04, 0x01, 0x00, 0x10, 0x24,
  0x09, 0x00, 0x00, 0x10, 0x00, 0x00, 0x00, 0x00, 0x00, 0x00, 0x45, 0x8c,
  0x00, 0x00, 0x00, 0x00, 0x0f, 0x00, 0xa0, 0x10, 0x30, 0x02, 0x42, 0x24,
  0x01, 0x00, 0x04, 0x3c, 0x18, 0x8b, 0x84, 0x24, 0x8a, 0x0c, 0x11, 0x04,
  0x02, 0x00, 0x10, 0x24, 0x3c, 0x00, 0xbf, 0x8f, 0x38, 0x00, 0xb5, 0x8f,
  0x34, 0x00, 0xb4, 0x8f, 0x30, 0x00, 0xb3, 0x8f, 0x2c, 0x00, 0xb2, 0x8f,
  0x28, 0x00, 0xb1, 0x8f, 0x25, 0x10, 0x00, 0x02, 0x24, 0x00, 0xb0, 0x8f,
  0x08, 0x00, 0xe0, 0x03, 0x40, 0x00, 0xbd, 0x27, 0xd7, 0xff, 0x00, 0x10,
  0x01, 0x00, 0x63, 0x24, 0x25, 0x88, 0xa0, 0x00, 0x25, 0x80, 0x80, 0x00,
  0x02, 0x00, 0x05, 0x24, 0x01, 0x00, 0x04, 0x3c, 0x58, 0x8b, 0x84, 0x24,
  0x02, 0x00, 0x06, 0x24, 0x76, 0x0c, 0x11, 0x04, 0x25, 0x90, 0xe0, 0x00,
  0x00, 0x00, 0x33, 0x8e, 0x2f, 0x00, 0x05, 0x24, 0x8b, 0x0c, 0x11, 0x04,
  0x25, 0x20, 0x60, 0x02, 0x02, 0x00, 0x40, 0x10, 0x00, 0x00, 0x00, 0x00,
  0x01, 0x00, 0x53, 0x24, 0x01, 0x00, 0x02, 0x3c, 0xec, 0x8b, 0x42, 0x24,
  0x10, 0x00, 0xa2, 0xaf, 0x01, 0x00, 0x02, 0x3c, 0xf0, 0x8b, 0x42, 0x24,
  0x14, 0x00, 0xa2, 0xaf, 0x01, 0x00, 0x02, 0x3c, 0xf4, 0x8b, 0x42, 0x24,
  0x01, 0x00, 0x01, 0x3c, 0x50, 0x94, 0x33, 0xac, 0xfe, 0xff, 0x10, 0x26,
  0x08, 0x00, 0x31, 0x26, 0x08, 0x00, 0x14, 0x24, 0x2d, 0x00, 0x15, 0x24,
  0x18, 0x00, 0xa2, 0xaf, 0x01, 0x00, 0x02, 0x26, 0x07, 0x00, 0x40, 0x18,
  0x00, 0x00, 0x00, 0x00, 0xfc, 0xff, 0x33, 0x8e, 0x00, 0x00, 0x00, 0x00,
  0x00, 0x00, 0x62, 0x82, 0x00, 0x00, 0x00, 0x00, 0x2e, 0x00, 0x55, 0x10,
  0x00, 0x00, 0x00, 0x00, 0x01, 0x00, 0x10, 0x3c, 0x30, 0x93, 0x10, 0x26,
  0x00, 0x00, 0x05, 0x8e, 0x04, 0x00, 0x06, 0x8e, 0x01, 0x00, 0x04, 0x3c,
  0xb0, 0x8b, 0x84, 0x24, 0x4f, 0x0c, 0x11, 0x04, 0x25, 0x38, 0x80, 0x02,
  0x04, 0x00, 0x05, 0x8e, 0x00, 0x00, 0x00, 0x00, 0x04, 0x00, 0xa5, 0x24,
  0x40, 0x28, 0x05, 0x00, 0x2a, 0x10, 0x85, 0x02, 0x05, 0x00, 0x40, 0x10,
  0x00, 0x00, 0x00, 0x00, 0x01, 0x00, 0x04, 0x3c, 0x2c, 0x8c, 0x84, 0x24,
  0x44, 0x0c, 0x11, 0x04, 0x25, 0x30, 0x80, 0x02, 0x00, 0x00, 0x02, 0x8e,
  0x44, 0x01, 0x03, 0x24, 0x18, 0x00, 0x62, 0x00, 0x12, 0x88, 0x00, 0x00,
  0x90, 0x17, 0x11, 0x04, 0x25, 0x20, 0x20, 0x02, 0x01, 0x00, 0x01, 0x3c,
  0x54, 0x94, 0x22, 0xac, 0x1a, 0x00, 0x40, 0x10, 0x25, 0x30, 0x20, 0x02,
  0x25, 0x28, 0x00, 0x00, 0x42, 0x0c, 0x11, 0x04, 0x25, 0x20, 0x40, 0x00,
  0x04, 0x00, 0x02, 0x8e, 0x30, 0x02, 0x03, 0x24, 0x18, 0x00, 0x62, 0x00,
  0x12, 0x80, 0x00, 0x00, 0x83, 0x17, 0x11, 0x04, 0x25, 0x20, 0x00, 0x02,
  0x01, 0x00, 0x01, 0x3c, 0x60, 0x94, 0x22, 0xac, 0x43, 0x00, 0x40, 0x14,
  0x25, 0x28, 0x00, 0x00, 0x01, 0x00, 0x04, 0x3c, 0x95, 0xff, 0x00, 0x10,
  0x78, 0x8c, 0x84, 0x24, 0x10, 0x00, 0xa5, 0x8f, 0x42, 0x0c, 0x11, 0x04,
  0x25, 0x20, 0x60, 0x02, 0x12, 0x00, 0x40, 0x14, 0x00, 0x00, 0x00, 0x00,
  0x05, 0x00, 0x00, 0x16, 0x0a, 0x00, 0x06, 0x24, 0x4f, 0xff, 0x11, 0x04,
  0x00, 0x00, 0x00, 0x00, 0x96, 0xff, 0x00, 0x10, 0x01, 0x00, 0x10, 0x24,
  0x00, 0x00, 0x24, 0x8e, 0x39, 0x0c, 0x11, 0x04, 0x25, 0x28, 0x00, 0x00,
  0x21, 0x00, 0x43, 0x28, 0x03, 0x00, 0x60, 0x10, 0x00, 0x00, 0x00, 0x00,
  0x01, 0x00, 0x01, 0x3c, 0x30, 0x93, 0x22, 0xac, 0xfe, 0xff, 0x10, 0x26,
  0xb5, 0xff, 0x00, 0x10, 0x08, 0x00, 0x31, 0x26, 0x14, 0x00, 0xa5, 0x8f,
  0x2c, 0x0c, 0x11, 0x04, 0x25, 0x20, 0x60, 0x02, 0x0d, 0x00, 0x40, 0x14,
  0x00, 0x00, 0x00, 0x00, 0xeb, 0xff, 0x00, 0x12, 0x0a, 0x00, 0x06, 0x24,
  0x00, 0x00, 0x24, 0x8e, 0x27, 0x0c, 0x11, 0x04, 0x25, 0x28, 0x00, 0x00,
  0x21, 0x00, 0x43, 0x28, 0xf1, 0xff, 0x60, 0x10, 0x00, 0x00, 0x00, 0x00,
  0x01, 0x00, 0x01, 0x3c, 0x34, 0x93, 0x22, 0xac, 0xee, 0xff, 0x00, 0x10,
  0xfe, 0xff, 0x10, 0x26, 0x18, 0x00, 0xa5, 0x8f, 0x1b, 0x0c, 0x11, 0x04,
  0x25, 0x20, 0x60, 0x02, 0xdc, 0xff, 0x40, 0x14, 0x00, 0x00, 0x00, 0x00,
  0xda, 0xff, 0x00, 0x12, 0x0a, 0x00, 0x06, 0x24, 0x00, 0x00, 0x24, 0x8e,
  0x16, 0x0c, 0x11, 0x04, 0x25, 0x28, 0x00, 0x00, 0x2a, 0x18, 0x82, 0x02,
  0x02, 0x00, 0x60, 0x10, 0x00, 0x00, 0x00, 0x00, 0x25, 0xa0, 0x40, 0x00,
  0x80, 0x00, 0x82, 0x2a, 0xdd, 0xff, 0x40, 0x14, 0xfe, 0xff, 0x10, 0x26,
  0x02, 0x00, 0x10, 0x26, 0x01, 0x00, 0x04, 0x3c, 0xf8, 0x8b, 0x84, 0x24,
  0xed, 0x0b, 0x11, 0x04, 0xea, 0xff, 0x10, 0x24, 0x62, 0xff, 0x00, 0x10,
  0x00, 0x00, 0x00, 0x00, 0x25, 0x20, 0x40, 0x00, 0xf3, 0x0b, 0x11, 0x04,
  0x25, 0x30, 0x00, 0x02, 0x01, 0x00, 0x05, 0x3c, 0xf0, 0x93, 0xa5, 0x8c,
  0x57, 0x1c, 0x11, 0x04, 0x25, 0x20, 0x80, 0x02, 0xc2, 0xff, 0x40, 0x04,
  0x00, 0x00, 0x00, 0x00, 0x01, 0x00, 0x04, 0x3c, 0x38, 0x93, 0x84, 0x8c,
  0xd5, 0x0b, 0x11, 0x04, 0x00, 0x00, 0x00, 0x00, 0x01, 0x00, 0x04, 0x3c,
  0xd0, 0x0b, 0x11, 0x04, 0x38, 0x93, 0x84, 0x24, 0xb9, 0xff, 0x40, 0x14,
  0x25, 0x80, 0x40, 0x00, 0x01, 0x00, 0x04, 0x3c, 0xb4, 0x8c, 0x84, 0x24,
  0xd5, 0x0b, 0x11, 0x04, 0x02, 0x02, 0x05, 0x24, 0x4a, 0xff, 0x40, 0x12,
  0x00, 0x00, 0x00, 0x00, 0x0a, 0x00, 0x42, 0x96, 0x00, 0x00, 0x00, 0x00,
  0x02, 0x00, 0x43, 0x30, 0x45, 0xff, 0x60, 0x10, 0x00, 0x00, 0x00, 0x00,
  0x10, 0x00, 0x42, 0x34, 0x42, 0xff, 0x00, 0x10, 0x0a, 0x00, 0x42, 0xa6,
  0xc8, 0xff, 0xbd, 0x27, 0x4c, 0x00, 0xa3, 0x8f, 0x48, 0x00, 0xa2, 0x8f,
  0x08, 0x00, 0x63, 0x30, 0x34, 0x00, 0xbf, 0xaf, 0x30, 0x00, 0xb5, 0xaf,
  0x2c, 0x00, 0xb4, 0xaf, 0x28, 0x00, 0xb3, 0xaf, 0x24, 0x00, 0xb2, 0xaf,
  0x20, 0x00, 0xb1, 0xaf, 0x60, 0x00, 0x60, 0x14, 0x1c, 0x00, 0xb0, 0xaf,
  0x01, 0x00, 0x03, 0x24, 0x08, 0x00, 0x43, 0x10, 0x25, 0x80, 0x80, 0x00,
  0x02, 0x00, 0x03, 0x24, 0x3c, 0x00, 0x43, 0x10, 0x00, 0x00, 0x00, 0x00,
  0x05, 0x00, 0x40, 0x10, 0x25, 0x18, 0x00, 0x00, 0x57, 0x00, 0x00, 0x10,
  0xea, 0xff, 0x12, 0x24, 0x10, 0x00, 0x82, 0x8c, 0x14, 0x00, 0x83, 0x8c,
  0x21, 0xa0, 0x46, 0x00, 0x2b, 0x88, 0x82, 0x02, 0x21, 0x20, 0x67, 0x00,
  0x21, 0x88, 0x24, 0x02, 0x25, 0x90, 0x80, 0x02, 0x37, 0x00, 0xe1, 0x04,
  0x25, 0x98, 0x20, 0x02, 0x2a, 0x20, 0x71, 0x00, 0xf3, 0xff, 0x80, 0x14,
  0x00, 0x00, 0x00, 0x00, 0x3a, 0x00, 0x23, 0x12, 0x2b, 0x10, 0x54, 0x00,
  0x04, 0x00, 0x02, 0x8e, 0x00, 0x00, 0x00, 0x00, 0x18, 0x00, 0x42, 0x8c,
  0x00, 0x00, 0x00, 0x00, 0xdc, 0x03, 0x43, 0x8c, 0x00, 0x00, 0x00, 0x00,
  0x2b, 0x20, 0x71, 0x00, 0xe8, 0xff, 0x80, 0x14, 0x00, 0x00, 0x00, 0x00,
  0x06, 0x00, 0x71, 0x14, 0x00, 0x00, 0x00, 0x00, 0xd8, 0x03, 0x42, 0x8c,
  0x00, 0x00, 0x00, 0x00, 0x2b, 0x10, 0x54, 0x00, 0xe1, 0xff, 0x40, 0x14,
  0x00, 0x00, 0x00, 0x00, 0x18, 0x00, 0x04, 0x8e, 0x7e, 0x1a, 0x11, 0x04,
  0x00, 0x00, 0x00, 0x00, 0x04, 0x00, 0x04, 0x8e, 0x18, 0x00, 0x05, 0x26,
  0x25, 0x30, 0x80, 0x02, 0x25, 0x38, 0x20, 0x02, 0x18, 0x1d, 0x11, 0x04,
  0x10, 0x00, 0xa5, 0xaf, 0x10, 0x00, 0xa5, 0x8f, 0x22, 0x00, 0x40, 0x14,
  0x25, 0x18, 0x00, 0x00, 0x10, 0x00, 0x14, 0xae, 0x14, 0x00, 0x11, 0xae,
  0x34, 0x00, 0xbf, 0x8f, 0x30, 0x00, 0xb5, 0x8f, 0x2c, 0x00, 0xb4, 0x8f,
  0x20, 0x00, 0xb1, 0x8f, 0x1c, 0x00, 0xb0, 0x8f, 0x25, 0x10, 0x40, 0x02,
  0x25, 0x18, 0x60, 0x02, 0x24, 0x00, 0xb2, 0x8f, 0x28, 0x00, 0xb3, 0x8f,
  0x08, 0x00, 0xe0, 0x03, 0x38, 0x00, 0xbd, 0x27, 0x04, 0x00, 0x82, 0x8c,
  0x00, 0x00, 0x00, 0x00, 0x18, 0x00, 0x43, 0x8c, 0x00, 0x00, 0x00, 0x00,
  0xd8, 0x03, 0x62, 0x8c, 0xdc, 0x03, 0x63, 0x8c, 0xc5, 0xff, 0x00, 0x10,
  0x21, 0xa0, 0x46, 0x00, 0x25, 0x30, 0xc7, 0x00, 0xcd, 0xff, 0xc0, 0x10,
  0x2a, 0x20, 0x23, 0x02, 0xbb, 0xff, 0x80, 0x14, 0x00, 0x00, 0x00, 0x00,
  0xc9, 0xff, 0x71, 0x14, 0x00, 0x00, 0x00, 0x00, 0x2b, 0x10, 0x82, 0x02,
  0xc6, 0xff, 0x40, 0x10, 0x00, 0x00, 0x00, 0x00, 0x0c, 0x00, 0x00, 0x10,
  0xea, 0xff, 0x12, 0x24, 0x25, 0x90, 0x40, 0x00, 0x25, 0x10, 0x00, 0x00,
  0x04, 0x00, 0x04, 0x8e, 0x10, 0x00, 0x02, 0xae, 0x14, 0x00, 0x03, 0xae,
  0x25, 0x30, 0x00, 0x00, 0xec, 0x1c, 0x11, 0x04, 0x25, 0x38, 0x00, 0x00,
  0xd8, 0xff, 0x00, 0x10, 0xc3, 0x9f, 0x12, 0x00, 0xeb, 0xff, 0x12, 0x24,
  0xd5, 0xff, 0x00, 0x10, 0xff, 0xff, 0x13, 0x24, 0xa8, 0xfe, 0xbd, 0x27,
  0x44, 0x01, 0xb5, 0xaf, 0x24, 0x01, 0xb5, 0x27, 0x38, 0x01, 0xb2, 0xaf,
  0x34, 0x01, 0xb1, 0xaf, 0x25, 0x90, 0xa0, 0x00, 0x25, 0x88, 0xe0, 0x00,
  0x10, 0x00, 0xb5, 0xaf, 0x18, 0x00, 0xa7, 0x27, 0x25, 0x28, 0x00, 0x00,
  0x50, 0x01, 0xbe, 0xaf, 0x3c, 0x01, 0xb3, 0xaf, 0x54, 0x01, 0xbf, 0xaf,
  0x4c, 0x01, 0xb7, 0xaf, 0x48, 0x01, 0xb6, 0xaf, 0x40, 0x01, 0xb4, 0xaf,
  0x30, 0x01, 0xb0, 0xaf, 0x68, 0x01, 0xbe, 0x8f, 0x25, 0x98, 0x80, 0x00,
  0x95, 0x11, 0x11, 0x04, 0x24, 0x01, 0xa0, 0xaf, 0x04, 0x00, 0x40, 0x14,
  0x25, 0x30, 0xa0, 0x02, 0x24, 0x01, 0xa2, 0x8f, 0x18, 0x01, 0x00, 0x10,
  0x00, 0x00, 0x00, 0x00, 0x18, 0x00, 0xa5, 0x27, 0x25, 0x20, 0x40, 0x00,
  0x18, 0x11, 0x11, 0x04, 0x25, 0x80, 0x40, 0x00, 0xaa, 0x00, 0x40, 0x10,
  0x25, 0xb8, 0x40, 0x00, 0x03, 0x00, 0x24, 0x32, 0x01, 0x00, 0x02, 0x3c,
  0x70, 0x89, 0x42, 0x24, 0x21, 0x10, 0x44, 0x00, 0x00, 0x04, 0x36, 0x32,
  0x00, 0x00, 0x54, 0x90, 0x02, 0x00, 0xc0, 0x12, 0x00, 0x00, 0x00, 0x00,
  0x02, 0x00, 0x94, 0x36, 0x08, 0x00, 0x22, 0x32, 0x02, 0x00, 0x40, 0x10,
  0x28, 0x01, 0xa2, 0xaf, 0x04, 0x00, 0x94, 0x36, 0x01, 0x00, 0x02, 0x3c,
  0x24, 0x10, 0xc2, 0x03, 0x04, 0x00, 0x40, 0x14, 0x00, 0x0a, 0x24, 0x32,
  0x00, 0x0a, 0x02, 0x24, 0x4f, 0x00, 0x82, 0x14, 0x05, 0x00, 0x1e, 0x24,
  0xef, 0xff, 0x02, 0x24, 0x24, 0x01, 0xa2, 0xaf, 0x0f, 0x1a, 0x11, 0x04,
  0x25, 0x20, 0x00, 0x02, 0x24, 0x01, 0xa2, 0x8f, 0x00, 0x00, 0x00, 0x00,
  0x02, 0x01, 0x40, 0x14, 0x00, 0x00, 0x00, 0x00, 0x00, 0x01, 0x40, 0x12,
  0x00, 0x00, 0x00, 0x00, 0x00, 0x01, 0xe0, 0x12, 0x00, 0x01, 0x22, 0x32,
  0x04, 0x00, 0x57, 0xae, 0x25, 0x30, 0x00, 0x00, 0x05, 0x00, 0x40, 0x10,
  0x25, 0x38, 0x00, 0x00, 0x18, 0x00, 0xe2, 0x8e, 0x00, 0x00, 0x00, 0x00,
  0xd8, 0x03, 0x46, 0x8c, 0xdc, 0x03, 0x47, 0x8c, 0x10, 0x00, 0x46, 0xae,
  0x14, 0x00, 0x47, 0xae, 0x18, 0x00, 0x45, 0x26, 0x9a, 0x1c, 0x11, 0x04,
  0x25, 0x20, 0xe0, 0x02, 0x1c, 0x00, 0x40, 0x14, 0x24, 0x01, 0xa2, 0xaf,
  0x02, 0x00, 0x31, 0x32, 0x14, 0x00, 0x20, 0x12, 0x00, 0x00, 0x00, 0x00,
  0x18, 0x00, 0xe4, 0x8e, 0x00, 0x00, 0x00, 0x00, 0xba, 0x03, 0x82, 0x94,
  0x00, 0x00, 0x00, 0x00, 0x80, 0x00, 0x45, 0x30, 0x0d, 0x00, 0xa0, 0x10,
  0x7f, 0xff, 0x42, 0x30, 0xba, 0x03, 0x82, 0xa4, 0x08, 0x00, 0xe2, 0x96,
  0x00, 0x00, 0x00, 0x00, 0x01, 0x00, 0x42, 0x34, 0x08, 0x00, 0xe2, 0xa6,
  0x08, 0x00, 0x62, 0x8e, 0x00, 0x00, 0x00, 0x00, 0x02, 0x00, 0x42, 0x30,
  0x03, 0x00, 0x40, 0x10, 0x00, 0x00, 0x00, 0x00, 0x80, 0x1a, 0x11, 0x04,
  0x25, 0x20, 0x60, 0x02, 0x3c, 0x00, 0x62, 0x8e, 0x00, 0x00, 0x00, 0x00,
  0xc5, 0x00, 0x40, 0x10, 0x00, 0x00, 0x00, 0x00, 0x24, 0x01, 0xa2, 0xaf,
  0x04, 0x00, 0x40, 0xae, 0xda, 0x19, 0x11, 0x04, 0x25, 0x20, 0xe0, 0x02,
  0xd1, 0x00, 0x00, 0x10, 0x00, 0x00, 0x00, 0x00, 0x03, 0x00, 0xc0, 0x17,
  0x25, 0x28, 0x00, 0x02, 0xc3, 0xff, 0x00, 0x10, 0xa4, 0xff, 0x02, 0x24,
  0x25, 0x20, 0x60, 0x02, 0x10, 0x00, 0xb5, 0xaf, 0x18, 0x00, 0xa7, 0x27,
  0x32, 0x11, 0x11, 0x04, 0x30, 0x00, 0xc6, 0x24, 0x25, 0x80, 0x40, 0x00,
  0xcc, 0x19, 0x11, 0x04, 0x25, 0x20, 0xe0, 0x02, 0xba, 0xff, 0x00, 0x12,
  0x25, 0x30, 0xa0, 0x02, 0x18, 0x00, 0xa5, 0x27, 0xb6, 0x10, 0x11, 0x04,
  0x25, 0x20, 0x00, 0x02, 0xb5, 0xff, 0x40, 0x10, 0x25, 0xb8, 0x40, 0x00,
  0x18, 0x00, 0xe6, 0x8e, 0x00, 0xf0, 0x03, 0x24, 0xb8, 0x03, 0xc2, 0x94,
  0x00, 0x00, 0x00, 0x00, 0x24, 0x10, 0x43, 0x00, 0x00, 0x40, 0x03, 0x24,
  0xe6, 0xff, 0x43, 0x10, 0xff, 0xff, 0xde, 0x27, 0x01, 0x00, 0xde, 0x27,
  0x28, 0x01, 0xa3, 0x8f, 0x00, 0x00, 0x00, 0x00, 0x07, 0x00, 0x60, 0x14,
  0x00, 0x10, 0x05, 0x24, 0x00, 0x10, 0x04, 0x24, 0x06, 0x00, 0x44, 0x14,
  0x00, 0x00, 0x00, 0x00, 0xeb, 0xff, 0x04, 0x24, 0xa2, 0xff, 0x00, 0x10,
  0x24, 0x01, 0xa4, 0xaf, 0xfd, 0xff, 0x45, 0x14, 0xec, 0xff, 0x04, 0x24,
  0x24, 0x01, 0xa2, 0x8f, 0x00, 0x00, 0x00, 0x00, 0x9c, 0xff, 0x40, 0x14,
  0x25, 0x28, 0x80, 0x02, 0x80, 0x10, 0x11, 0x04, 0x25, 0x20, 0xe0, 0x02,
  0x98, 0xff, 0x40, 0x14, 0x24, 0x01, 0xa2, 0xaf, 0x96, 0xff, 0xc0, 0x12,
  0x20, 0x01, 0xa2, 0x27, 0x14, 0x00, 0xe6, 0x8e, 0x10, 0x00, 0xe5, 0x96,
  0x0c, 0x00, 0xe4, 0x8e, 0x10, 0x00, 0xa2, 0xaf, 0x02, 0x00, 0x07, 0x24,
  0xc0, 0x1a, 0x11, 0x04, 0x01, 0x00, 0xc6, 0x24, 0x0d, 0x00, 0x40, 0x10,
  0x25, 0xa0, 0x40, 0x00, 0x18, 0x00, 0x44, 0x8c, 0x00, 0x04, 0x06, 0x24,
  0xba, 0x0a, 0x11, 0x04, 0x25, 0x28, 0x00, 0x00, 0x18, 0x00, 0x82, 0x8e,
  0x00, 0x04, 0x04, 0x24, 0x02, 0x00, 0x44, 0xa4, 0x08, 0x00, 0x82, 0x96,
  0x25, 0x20, 0x80, 0x02, 0x01, 0x00, 0x42, 0x34, 0x91, 0x19, 0x11, 0x04,
  0x08, 0x00, 0x82, 0xa6, 0x20, 0x01, 0xa2, 0x8f, 0x00, 0x00, 0x00, 0x00,
  0x7d, 0xff, 0x40, 0x14, 0x25, 0x28, 0x00, 0x00, 0x18, 0x00, 0xe2, 0x8e,
  0x25, 0x20, 0x00, 0x00, 0xd8, 0x03, 0x44, 0xac, 0xba, 0x03, 0x44, 0x94,
  0x00, 0x00, 0x00, 0x00, 0x7f, 0xff, 0x84, 0x30, 0xdc, 0x03, 0x45, 0xac,
  0xba, 0x03, 0x44, 0xa4, 0x08, 0x00, 0xe2, 0x96, 0x25, 0x20, 0xe0, 0x02,
  0x01, 0x00, 0x42, 0x34, 0xdd, 0x12, 0x11, 0x04, 0x08, 0x00, 0xe2, 0xa6,
  0x6e, 0xff, 0x00, 0x10, 0x00, 0x00, 0x00, 0x00, 0x00, 0x02, 0x22, 0x32,
  0x6b, 0xff, 0x40, 0x10, 0xfe, 0xff, 0x02, 0x24, 0x24, 0x01, 0xa4, 0x8f,
  0x00, 0x00, 0x00, 0x00, 0x67, 0xff, 0x82, 0x14, 0x02, 0x00, 0x05, 0x24,
  0x4b, 0x10, 0x11, 0x04, 0x25, 0x20, 0x00, 0x02, 0x63, 0xff, 0x40, 0x14,
  0x24, 0x01, 0xa2, 0xaf, 0xff, 0xff, 0xd6, 0x33, 0x10, 0x00, 0xb5, 0xaf,
  0xff, 0xff, 0x07, 0x34, 0xff, 0xff, 0x06, 0x34, 0x25, 0x28, 0xc0, 0x02,
  0xa0, 0x11, 0x11, 0x04, 0x25, 0x20, 0x00, 0x02, 0x5a, 0xff, 0x40, 0x10,
  0x25, 0xa0, 0x40, 0x00, 0x00, 0xf0, 0xde, 0x33, 0x00, 0x40, 0x02, 0x24,
  0x1e, 0x00, 0xc2, 0x17, 0x25, 0x28, 0x40, 0x02, 0x18, 0x00, 0x84, 0x8e,
  0x8c, 0x0a, 0x11, 0x04, 0x30, 0x00, 0x84, 0x24, 0x25, 0x90, 0x00, 0x00,
  0x14, 0x00, 0x86, 0x8e, 0x10, 0x00, 0x85, 0x96, 0x0c, 0x00, 0x84, 0x8e,
  0x18, 0x01, 0xa2, 0x27, 0x10, 0x00, 0xa2, 0xaf, 0x02, 0x00, 0x07, 0x24,
  0x7b, 0x1a, 0x11, 0x04, 0x01, 0x00, 0xc6, 0x24, 0x0d, 0x00, 0x40, 0x10,
  0x25, 0xb8, 0x40, 0x00, 0x18, 0x00, 0x44, 0x8c, 0x00, 0x04, 0x06, 0x24,
  0x75, 0x0a, 0x11, 0x04, 0x25, 0x28, 0x00, 0x00, 0x18, 0x00, 0xe2, 0x8e,
  0x00, 0x04, 0x03, 0x24, 0x02, 0x00, 0x43, 0xa4, 0x08, 0x00, 0xe2, 0x96,
  0x25, 0x20, 0xe0, 0x02, 0x01, 0x00, 0x42, 0x34, 0x4c, 0x19, 0x11, 0x04,
  0x08, 0x00, 0xe2, 0xa6, 0x18, 0x01, 0xa2, 0x8f, 0x1d, 0x00, 0x00, 0x10,
  0x24, 0x01, 0xa2, 0xaf, 0x00, 0x10, 0x02, 0x24, 0xe5, 0xff, 0xc2, 0x17,
  0x02, 0x00, 0x07, 0x24, 0x18, 0x00, 0x82, 0x8e, 0x0c, 0x00, 0x84, 0x8e,
  0x30, 0x00, 0x46, 0x8c, 0x18, 0x00, 0x83, 0x8c, 0x34, 0x00, 0x45, 0x94,
  0x1c, 0x01, 0xa2, 0x27, 0x10, 0x00, 0xa2, 0xaf, 0x5e, 0x1a, 0x11, 0x04,
  0x04, 0x30, 0x66, 0x00, 0x0c, 0x00, 0x40, 0x10, 0x25, 0xb8, 0x40, 0x00,
  0x18, 0x00, 0x06, 0x8e, 0x18, 0x00, 0x85, 0x8e, 0x25, 0x20, 0x40, 0x00,
  0x08, 0x00, 0xc6, 0x24, 0x55, 0x0f, 0x11, 0x04, 0x08, 0x00, 0xa5, 0x24,
  0x08, 0x00, 0xe2, 0x96, 0x25, 0x20, 0xe0, 0x02, 0x01, 0x00, 0x42, 0x34,
  0x30, 0x19, 0x11, 0x04, 0x08, 0x00, 0xe2, 0xa6, 0x1c, 0x01, 0xa2, 0x8f,
  0x00, 0x00, 0x00, 0x00, 0x24, 0x01, 0xa2, 0xaf, 0x09, 0x00, 0x40, 0x14,
  0x25, 0x38, 0xc0, 0x02, 0x18, 0x00, 0x86, 0x8e, 0x10, 0x00, 0xb5, 0xaf,
  0x08, 0x00, 0xc6, 0x24, 0x18, 0x00, 0xa5, 0x27, 0x35, 0x12, 0x11, 0x04,
  0x25, 0x20, 0x00, 0x02, 0x03, 0x00, 0x40, 0x14, 0x25, 0xa8, 0x40, 0x00,
  0x11, 0xff, 0x00, 0x10, 0x25, 0xb8, 0x80, 0x02, 0x25, 0x20, 0x00, 0x02,
  0x5d, 0x13, 0x11, 0x04, 0x25, 0x28, 0x40, 0x00, 0x1c, 0x19, 0x11, 0x04,
  0x25, 0x20, 0xa0, 0x02, 0x0a, 0xff, 0x00, 0x10, 0x25, 0xb8, 0x80, 0x02,
  0x24, 0x01, 0xa2, 0x8f, 0x00, 0x00, 0x00, 0x00, 0x3a, 0xff, 0x40, 0x14,
  0x00, 0x00, 0x00, 0x00, 0x54, 0x01, 0xbf, 0x8f, 0x50, 0x01, 0xbe, 0x8f,
  0x4c, 0x01, 0xb7, 0x8f, 0x48, 0x01, 0xb6, 0x8f, 0x44, 0x01, 0xb5, 0x8f,
  0x40, 0x01, 0xb4, 0x8f, 0x3c, 0x01, 0xb3, 0x8f, 0x38, 0x01, 0xb2, 0x8f,
  0x34, 0x01, 0xb1, 0x8f, 0x30, 0x01, 0xb0, 0x8f, 0x08, 0x00, 0xe0, 0x03,
  0x58, 0x01, 0xbd, 0x27, 0x2d, 0xff, 0xe0, 0x16, 0x00, 0x00, 0x00, 0x00,
  0x3c, 0x00, 0x62, 0x8e, 0x00, 0x00, 0x00, 0x00, 0xef, 0xff, 0x40, 0x14,
  0x00, 0x00, 0x00, 0x00, 0xd3, 0xfe, 0x00, 0x10, 0x00, 0x00, 0x00, 0x00,
  0xb0, 0xff, 0xbd, 0x27, 0x18, 0x00, 0x82, 0x24, 0x18, 0x00, 0xa2, 0xaf,
  0x04, 0x00, 0x82, 0x8c, 0x01, 0x00, 0x03, 0x24, 0x48, 0x00, 0xbe, 0xaf,
  0x38, 0x00, 0xb4, 0xaf, 0x34, 0x00, 0xb3, 0xaf, 0x2c, 0x00, 0xb1, 0xaf,
  0x4c, 0x00, 0xbf, 0xaf, 0x0c, 0x00, 0x51, 0x8c, 0x44, 0x00, 0xb7, 0xaf,
  0x40, 0x00, 0xb6, 0xaf, 0x3c, 0x00, 0xb5, 0xaf, 0x30, 0x00, 0xb2, 0xaf,
  0x28, 0x00, 0xb0, 0xaf, 0x25, 0xf0, 0x80, 0x00, 0x25, 0x98, 0xa0, 0x00,
  0x58, 0x00, 0xa6, 0xaf, 0x24, 0x00, 0xe3, 0x14, 0x25, 0xa0, 0xe0, 0x00,
  0x18, 0x00, 0x42, 0x8c, 0x1c, 0x00, 0x83, 0x8c, 0xe4, 0x03, 0x42, 0x8c,
  0x00, 0x00, 0x00, 0x00, 0xff, 0xff, 0x42, 0x24, 0x1d, 0x00, 0x43, 0x14,
  0x00, 0x00, 0x00, 0x00, 0xaa, 0x1c, 0x11, 0x04, 0x18, 0x00, 0x84, 0x24,
  0x06, 0x00, 0x42, 0x94, 0x20, 0x00, 0xc3, 0x8f, 0x1c, 0x00, 0x26, 0x8e,
  0x23, 0x10, 0x43, 0x00, 0x18, 0x00, 0x46, 0x00, 0x24, 0x00, 0xc2, 0x8f,
  0x12, 0x18, 0x00, 0x00, 0x23, 0x18, 0x62, 0x00, 0x58, 0x00, 0xa2, 0x8f,
  0x00, 0x00, 0x00, 0x00, 0x2b, 0x10, 0x62, 0x00, 0x0e, 0x00, 0x40, 0x10,
  0x23, 0x20, 0x06, 0x00, 0x58, 0x00, 0xa2, 0x8f, 0x00, 0x00, 0x00, 0x00,
  0xff, 0xff, 0x42, 0x24, 0x21, 0x10, 0x46, 0x00, 0x23, 0x10, 0x43, 0x00,
  0x24, 0x20, 0x44, 0x00, 0x25, 0x28, 0x00, 0x00, 0xbe, 0x1c, 0x11, 0x04,
  0x25, 0x38, 0x00, 0x00, 0x04, 0x00, 0xc4, 0x8f, 0x25, 0x30, 0x40, 0x00,
  0x8e, 0x1b, 0x11, 0x04, 0x18, 0x00, 0xc5, 0x27, 0x30, 0x00, 0xc2, 0x27,
  0x58, 0x00, 0xb0, 0x8f, 0x1c, 0x00, 0xa2, 0xaf, 0x04, 0x00, 0x00, 0x16,
  0x00, 0x00, 0x00, 0x00, 0x58, 0x00, 0xb6, 0x8f, 0x3e, 0x00, 0x00, 0x10,
  0x00, 0x00, 0x00, 0x00, 0x18, 0x00, 0xa4, 0x8f, 0x85, 0x1c, 0x11, 0x04,
  0x00, 0x00, 0x00, 0x00, 0x06, 0x00, 0x44, 0x94, 0x20, 0x00, 0xc5, 0x8f,
  0x1c, 0x00, 0x26, 0x8e, 0x23, 0x20, 0x85, 0x00, 0x18, 0x00, 0x86, 0x00,
  0x24, 0x00, 0xc3, 0x8f, 0x12, 0x20, 0x00, 0x00, 0x3f, 0x00, 0x83, 0x14,
  0x23, 0x28, 0x83, 0x00, 0x04, 0x00, 0xc4, 0x8f, 0x1c, 0x00, 0xc3, 0x8f,
  0x18, 0x00, 0x82, 0x8c, 0x00, 0x00, 0x00, 0x00, 0xe4, 0x03, 0x42, 0x8c,
  0x00, 0x00, 0x00, 0x00, 0xff, 0xff, 0x42, 0x24, 0x24, 0x00, 0x62, 0x14,
  0x00, 0x00, 0x00, 0x00, 0x07, 0x00, 0x80, 0x16, 0x00, 0x00, 0x00, 0x00,
  0x01, 0x00, 0x04, 0x3c, 0xf0, 0x8c, 0x84, 0x24, 0xbd, 0x09, 0x11, 0x04,
  0x25, 0xb0, 0x00, 0x00, 0x21, 0x00, 0x00, 0x10, 0x00, 0x00, 0x00, 0x00,
  0xff, 0xff, 0xc2, 0x24, 0x21, 0x10, 0x50, 0x00, 0x02, 0x00, 0xc0, 0x14,
  0x1b, 0x00, 0x46, 0x00, 0x0d, 0x00, 0x07, 0x00, 0x18, 0x00, 0xa5, 0x8f,
  0x12, 0x30, 0x00, 0x00, 0x96, 0x1b, 0x11, 0x04, 0x00, 0x00, 0x00, 0x00,
  0x16, 0x00, 0x40, 0x04, 0x25, 0xb0, 0x40, 0x00, 0x18, 0x00, 0xa4, 0x8f,
  0x5d, 0x1c, 0x11, 0x04, 0x00, 0x00, 0x00, 0x00, 0x06, 0x00, 0x44, 0x94,
  0x20, 0x00, 0xc5, 0x8f, 0x24, 0x00, 0xc3, 0x8f, 0x23, 0x20, 0x85, 0x00,
  0x1c, 0x00, 0x25, 0x8e, 0x00, 0x00, 0x00, 0x00, 0x18, 0x00, 0x85, 0x00,
  0x12, 0x20, 0x00, 0x00, 0x16, 0x00, 0x83, 0x14, 0x23, 0x28, 0x83, 0x00,
  0x01, 0x00, 0x04, 0x3c, 0xe2, 0xff, 0x00, 0x10, 0x0c, 0x8d, 0x84, 0x24,
  0x18, 0x00, 0xa5, 0x8f, 0xc6, 0x1a, 0x11, 0x04, 0x00, 0x00, 0x00, 0x00,
  0xec, 0xff, 0x40, 0x10, 0x25, 0xb0, 0x40, 0x00, 0x4c, 0x00, 0xbf, 0x8f,
  0x48, 0x00, 0xbe, 0x8f, 0x44, 0x00, 0xb7, 0x8f, 0x3c, 0x00, 0xb5, 0x8f,
  0x38, 0x00, 0xb4, 0x8f, 0x34, 0x00, 0xb3, 0x8f, 0x30, 0x00, 0xb2, 0x8f,
  0x2c, 0x00, 0xb1, 0x8f, 0x28, 0x00, 0xb0, 0x8f, 0x25, 0x10, 0xc0, 0x02,
  0x40, 0x00, 0xb6, 0x8f, 0x08, 0x00, 0xe0, 0x03, 0x50, 0x00, 0xbd, 0x27,
  0x28, 0x00, 0xc4, 0x97, 0x00, 0x00, 0x00, 0x00, 0x92, 0x00, 0x80, 0x10,
  0x00, 0x02, 0x09, 0x2a, 0x20, 0x00, 0xc6, 0x8f, 0x00, 0x00, 0x44, 0x8c,
  0x42, 0x1a, 0x03, 0x00, 0x21, 0x20, 0x86, 0x00, 0x14, 0x00, 0x26, 0x8e,
  0x2c, 0x00, 0xc7, 0x8f, 0x04, 0x20, 0xc4, 0x00, 0x21, 0x18, 0x83, 0x00,
  0x88, 0x00, 0xe3, 0x14, 0x00, 0x00, 0x00, 0x00, 0x2a, 0x00, 0xc3, 0x97,
  0x04, 0x00, 0x46, 0x94, 0x00, 0x00, 0x00, 0x00, 0x83, 0x00, 0xc3, 0x14,
  0x00, 0x00, 0x00, 0x00, 0x83, 0x00, 0x20, 0x11, 0x00, 0x00, 0x00, 0x00,
  0x00, 0x00, 0x23, 0x8e, 0x01, 0x00, 0x02, 0x24, 0x04, 0x00, 0x24, 0x8e,
  0x14, 0x00, 0xa2, 0xaf, 0x10, 0x00, 0xa2, 0xaf, 0x04, 0x00, 0x62, 0x8c,
  0x00, 0x00, 0x00, 0x00, 0x09, 0xf8, 0x40, 0x00, 0x30, 0x00, 0xc5, 0x27,
  0xd4, 0xff, 0x40, 0x14, 0x25, 0xb0, 0x40, 0x00, 0x28, 0x00, 0xc0, 0xa7,
  0x04, 0x00, 0xc2, 0x8f, 0x18, 0x00, 0xa4, 0x8f, 0x0c, 0x00, 0x52, 0x8c,
  0x18, 0x1c, 0x11, 0x04, 0x00, 0x00, 0x00, 0x00, 0x00, 0x00, 0x57, 0x8c,
  0x25, 0x58, 0x40, 0x00, 0x20, 0x00, 0xc2, 0x8f, 0x24, 0x00, 0xc9, 0x8f,
  0x21, 0xb8, 0xe2, 0x02, 0x14, 0x00, 0x42, 0x8e, 0xff, 0x01, 0x35, 0x31,
  0x04, 0xb8, 0x57, 0x00, 0x42, 0x12, 0x09, 0x00, 0x08, 0x00, 0x80, 0x16,
  0x21, 0xb8, 0xe2, 0x02, 0x01, 0x00, 0x05, 0x3c, 0x60, 0x94, 0xa5, 0x8c,
  0x01, 0x00, 0x04, 0x3c, 0x34, 0x93, 0x84, 0x8c, 0x25, 0x10, 0x00, 0x00,
  0x7f, 0x00, 0x44, 0x14, 0x00, 0x00, 0x00, 0x00, 0x2c, 0x00, 0xc7, 0x8f,
  0x00, 0x00, 0x00, 0x00, 0x06, 0x00, 0xe7, 0x16, 0x00, 0x00, 0x00, 0x00,
  0x2a, 0x00, 0xc3, 0x97, 0x04, 0x00, 0x62, 0x95, 0x00, 0x00, 0x00, 0x00,
  0xa0, 0x00, 0x62, 0x10, 0x00, 0x00, 0x00, 0x00, 0x28, 0x00, 0xc2, 0x97,
  0x00, 0x00, 0x00, 0x00, 0x0e, 0x00, 0x40, 0x10, 0x01, 0x00, 0x02, 0x24,
  0x00, 0x00, 0x43, 0x8e, 0x04, 0x00, 0x44, 0x8e, 0x14, 0x00, 0xa2, 0xaf,
  0x10, 0x00, 0xa2, 0xaf, 0x04, 0x00, 0x62, 0x8c, 0x2a, 0x00, 0xc6, 0x97,
  0x1c, 0x00, 0xa5, 0x8f, 0x09, 0xf8, 0x40, 0x00, 0x20, 0x00, 0xab, 0xaf,
  0x20, 0x00, 0x40, 0x14, 0x25, 0xb0, 0x40, 0x00, 0x20, 0x00, 0xab, 0x8f,
  0x28, 0x00, 0xc0, 0xa7, 0x04, 0x00, 0x66, 0x95, 0x2c, 0x00, 0xd7, 0xaf,
  0x0e, 0x00, 0xa0, 0x16, 0x2a, 0x00, 0xc6, 0xa7, 0x04, 0x00, 0xc2, 0x8f,
  0x10, 0x00, 0xc4, 0x8f, 0x18, 0x00, 0x42, 0x8c, 0x00, 0x00, 0x00, 0x00,
  0xd8, 0x03, 0x43, 0x8c, 0x00, 0x00, 0x00, 0x00, 0x06, 0x00, 0x83, 0x14,
  0x00, 0x00, 0x00, 0x00, 0x14, 0x00, 0xc3, 0x8f, 0xdc, 0x03, 0x42, 0x8c,
  0x00, 0x00, 0x00, 0x00, 0x7e, 0x00, 0x62, 0x10, 0x00, 0x00, 0x00, 0x00,
  0x00, 0x00, 0x42, 0x8e, 0x01, 0x00, 0x03, 0x24, 0x04, 0x00, 0x44, 0x8e,
  0x14, 0x00, 0xa0, 0xaf, 0x10, 0x00, 0xa3, 0xaf, 0x04, 0x00, 0x42, 0x8c,
  0x1c, 0x00, 0xa5, 0x8f, 0x09, 0xf8, 0x40, 0x00, 0x25, 0x38, 0xe0, 0x02,
  0x73, 0x00, 0x40, 0x10, 0x01, 0x00, 0x03, 0x3c, 0x25, 0xb0, 0x43, 0x00,
  0x83, 0xff, 0xc0, 0x06, 0x00, 0x00, 0x00, 0x00, 0x10, 0x00, 0xc4, 0x8f,
  0x14, 0x00, 0xc5, 0x8f, 0x21, 0x20, 0xc4, 0x02, 0x04, 0x00, 0xc6, 0x8f,
  0xc3, 0x3f, 0x16, 0x00, 0x21, 0x28, 0xe5, 0x00, 0x2b, 0x10, 0x96, 0x00,
  0x21, 0x10, 0x45, 0x00, 0x18, 0x00, 0xc5, 0x8c, 0x23, 0x80, 0x16, 0x02,
  0xdc, 0x03, 0xa9, 0x8c, 0x10, 0x00, 0xc4, 0xaf, 0x2b, 0x50, 0x22, 0x01,
  0x14, 0x00, 0xc2, 0xaf, 0x08, 0x00, 0x40, 0x15, 0x21, 0x98, 0x76, 0x02,
  0x0b, 0x00, 0x22, 0x15, 0x00, 0x00, 0x00, 0x00, 0xd8, 0x03, 0xa9, 0x8c,
  0x00, 0x00, 0x00, 0x00, 0x2b, 0x48, 0x24, 0x01, 0x06, 0x00, 0x20, 0x11,
  0x00, 0x00, 0x00, 0x00, 0xdc, 0x03, 0xa2, 0xac, 0x08, 0x00, 0xc2, 0x94,
  0xd8, 0x03, 0xa4, 0xac, 0x01, 0x00, 0x42, 0x34, 0x08, 0x00, 0xc2, 0xa4,
  0x18, 0x00, 0xa4, 0x8f, 0x5e, 0x1a, 0x11, 0x04, 0x25, 0x30, 0xc0, 0x02,
  0x20, 0x00, 0xc3, 0x8f, 0x00, 0x00, 0x00, 0x00, 0x21, 0x18, 0x62, 0x00,
  0x1d, 0xff, 0x00, 0x10, 0x20, 0x00, 0xc3, 0xaf, 0x8b, 0xff, 0x20, 0x15,
  0x00, 0x00, 0x00, 0x00, 0x24, 0x00, 0xc7, 0x8f, 0x03, 0x00, 0x64, 0x32,
  0xff, 0x01, 0xe3, 0x30, 0x25, 0x18, 0x64, 0x00, 0x85, 0xff, 0x60, 0x14,
  0x00, 0x00, 0x00, 0x00, 0x42, 0x2a, 0x05, 0x00, 0x43, 0xb2, 0x10, 0x00,
  0x2b, 0x18, 0xb6, 0x00, 0x02, 0x00, 0x60, 0x10, 0x00, 0x00, 0x00, 0x00,
  0x25, 0xb0, 0xa0, 0x00, 0x00, 0x00, 0x45, 0x8c, 0x20, 0x00, 0xc3, 0x8f,
  0x04, 0x00, 0x46, 0x94, 0x21, 0x28, 0xa3, 0x00, 0x00, 0x00, 0x22, 0x8e,
  0x14, 0x00, 0x23, 0x8e, 0x04, 0x00, 0x24, 0x8e, 0x14, 0x00, 0xb4, 0xaf,
  0x10, 0x00, 0xb6, 0xaf, 0x04, 0x28, 0x65, 0x00, 0x42, 0x3a, 0x07, 0x00,
  0x04, 0x00, 0x42, 0x8c, 0x21, 0x38, 0xa7, 0x00, 0x09, 0xf8, 0x40, 0x00,
  0x25, 0x28, 0x60, 0x02, 0x74, 0x00, 0x41, 0x04, 0x01, 0x00, 0x03, 0x3c,
  0x3e, 0xff, 0x00, 0x10, 0x25, 0xb0, 0x43, 0x00, 0x04, 0x00, 0xa3, 0x8c,
  0x00, 0x00, 0x00, 0x00, 0x24, 0x00, 0x60, 0x10, 0x00, 0x00, 0x00, 0x00,
  0x0c, 0x00, 0x63, 0x8c, 0x00, 0x00, 0x00, 0x00, 0x20, 0x00, 0x43, 0x16,
  0x00, 0x00, 0x00, 0x00, 0x28, 0x00, 0xa3, 0x94, 0x00, 0x00, 0x00, 0x00,
  0x1c, 0x00, 0x60, 0x10, 0x00, 0x00, 0x00, 0x00, 0x2a, 0x00, 0xa6, 0x94,
  0x04, 0x00, 0x63, 0x95, 0x00, 0x00, 0x00, 0x00, 0x17, 0x00, 0xc3, 0x14,
  0x00, 0x00, 0x00, 0x00, 0x2c, 0x00, 0xa3, 0x8c, 0x00, 0x00, 0x00, 0x00,
  0x14, 0x00, 0xe3, 0x16, 0x01, 0x00, 0x42, 0x24, 0xff, 0xff, 0x42, 0x24,
  0x6b, 0xff, 0xc5, 0x13, 0x00, 0x02, 0x06, 0x24, 0x30, 0x00, 0xa5, 0x24,
  0xc6, 0x08, 0x11, 0x04, 0x30, 0x00, 0xc4, 0x27, 0x00, 0x02, 0x02, 0x24,
  0x23, 0xb0, 0x55, 0x00, 0x2a, 0x10, 0x16, 0x02, 0x02, 0x00, 0x40, 0x10,
  0x30, 0x00, 0xa5, 0x26, 0x25, 0xb0, 0x00, 0x02, 0x25, 0x30, 0xc0, 0x02,
  0x21, 0x28, 0xc5, 0x03, 0xbc, 0x08, 0x11, 0x04, 0x25, 0x20, 0x60, 0x02,
  0x93, 0xff, 0x00, 0x10, 0x00, 0x00, 0x00, 0x00, 0x01, 0x00, 0x42, 0x24,
  0x57, 0xff, 0x00, 0x10, 0x30, 0x02, 0xa5, 0x24, 0xf0, 0xff, 0x80, 0x12,
  0x00, 0x02, 0x02, 0x24, 0x23, 0xb8, 0x55, 0x00, 0x2a, 0x10, 0x17, 0x02,
  0x02, 0x00, 0x40, 0x10, 0x30, 0x00, 0xa4, 0x26, 0x25, 0xb8, 0x00, 0x02,
  0x25, 0x30, 0xe0, 0x02, 0x25, 0x28, 0x60, 0x02, 0xac, 0x08, 0x11, 0x04,
  0x21, 0x20, 0xc4, 0x03, 0x08, 0x00, 0x42, 0x8e, 0x00, 0x00, 0x00, 0x00,
  0x02, 0x00, 0x42, 0x30, 0x35, 0x00, 0x40, 0x10, 0x01, 0x00, 0x02, 0x24,
  0x00, 0x00, 0x43, 0x8e, 0x04, 0x00, 0x44, 0x8e, 0x14, 0x00, 0xa2, 0xaf,
  0x10, 0x00, 0xa2, 0xaf, 0x04, 0x00, 0x62, 0x8c, 0x2c, 0x00, 0xc7, 0x8f,
  0x2a, 0x00, 0xc6, 0x97, 0x1c, 0x00, 0xa5, 0x8f, 0x09, 0xf8, 0x40, 0x00,
  0x00, 0x00, 0x00, 0x00, 0x74, 0xff, 0x40, 0x14, 0x25, 0xb0, 0x40, 0x00,
  0x01, 0x00, 0x02, 0x3c, 0x34, 0x93, 0x42, 0x8c, 0x00, 0x00, 0x00, 0x00,
  0x2b, 0x10, 0xc2, 0x02, 0x03, 0x00, 0x40, 0x14, 0x30, 0x02, 0x02, 0x24,
  0x6c, 0xff, 0x00, 0x10, 0x25, 0xb0, 0xe0, 0x02, 0x18, 0x00, 0xc2, 0x02,
  0x01, 0x00, 0x04, 0x3c, 0x60, 0x94, 0x84, 0x8c, 0x12, 0x10, 0x00, 0x00,
  0x21, 0x20, 0x82, 0x00, 0x04, 0x00, 0x82, 0x8c, 0x00, 0x00, 0x00, 0x00,
  0x16, 0x00, 0x40, 0x10, 0x00, 0x00, 0x00, 0x00, 0x0c, 0x00, 0x42, 0x8c,
  0x00, 0x00, 0x00, 0x00, 0x12, 0x00, 0x42, 0x16, 0x00, 0x00, 0x00, 0x00,
  0x2a, 0x00, 0x85, 0x94, 0x2a, 0x00, 0xc2, 0x97, 0x00, 0x00, 0x00, 0x00,
  0x0d, 0x00, 0xa2, 0x14, 0x00, 0x00, 0x00, 0x00, 0x2c, 0x00, 0x85, 0x8c,
  0x2c, 0x00, 0xc2, 0x8f, 0x00, 0x00, 0x00, 0x00, 0x08, 0x00, 0xa2, 0x14,
  0x00, 0x00, 0x00, 0x00, 0x28, 0x00, 0x82, 0x94, 0x00, 0x00, 0x00, 0x00,
  0x04, 0x00, 0x40, 0x14, 0x00, 0x02, 0x06, 0x24, 0x1c, 0x00, 0xa5, 0x8f,
  0x75, 0x08, 0x11, 0x04, 0x30, 0x00, 0x84, 0x24, 0xd9, 0xff, 0x00, 0x10,
  0x01, 0x00, 0xd6, 0x26, 0x01, 0x00, 0x02, 0x24, 0xdc, 0xff, 0x00, 0x10,
  0x28, 0x00, 0xc2, 0xa7, 0x49, 0xff, 0x00, 0x10, 0x40, 0xb2, 0x16, 0x00,
  0xe0, 0xff, 0xbd, 0x27, 0x14, 0x00, 0xb0, 0xaf, 0x25, 0x80, 0xa0, 0x00,
  0x18, 0x00, 0x85, 0x8c, 0x1c, 0x00, 0xbf, 0xaf, 0xb8, 0x03, 0xa2, 0x94,
  0x18, 0x00, 0xb1, 0xaf, 0x00, 0x00, 0x02, 0xae, 0xba, 0x03, 0xa2, 0x94,
  0xd8, 0x03, 0xa3, 0x8c, 0x04, 0x00, 0x02, 0xae, 0xdc, 0x03, 0xa2, 0x8c,
  0x25, 0x88, 0x80, 0x00, 0x08, 0x00, 0x03, 0xae, 0x0c, 0x00, 0x04, 0x26,
  0x24, 0x00, 0x02, 0xae, 0x08, 0x00, 0x06, 0x24, 0x5b, 0x08, 0x11, 0x04,
  0xc8, 0x03, 0xa5, 0x24, 0x18, 0x00, 0x25, 0x8e, 0x14, 0x00, 0x04, 0x26,
  0x08, 0x00, 0x06, 0x24, 0x56, 0x08, 0x11, 0x04, 0xc0, 0x03, 0xa5, 0x24,
  0x18, 0x00, 0x25, 0x8e, 0x1c, 0x00, 0x04, 0x26, 0x08, 0x00, 0x06, 0x24,
  0x51, 0x08, 0x11, 0x04, 0xd0, 0x03, 0xa5, 0x24, 0x18, 0x00, 0x22, 0x8e,
  0x1c, 0x00, 0xbf, 0x8f, 0xbc, 0x03, 0x43, 0x94, 0x18, 0x00, 0xb1, 0x8f,
  0x28, 0x00, 0x03, 0xae, 0xbe, 0x03, 0x43, 0x94, 0x00, 0x00, 0x00, 0x00,
  0x2c, 0x00, 0x03, 0xae, 0xe0, 0x03, 0x43, 0x8c, 0xe4, 0x03, 0x42, 0x8c,
  0x30, 0x00, 0x03, 0xae, 0x34, 0x00, 0x02, 0xae, 0x38, 0x00, 0x00, 0xae,
  0x3c, 0x00, 0x00, 0xae, 0x14, 0x00, 0xb0, 0x8f, 0x08, 0x00, 0xe0, 0x03,
  0x20, 0x00, 0xbd, 0x27, 0xc8, 0xfe, 0xbd, 0x27, 0x24, 0x01, 0xb0, 0xaf,
  0x18, 0x01, 0xb0, 0x27, 0x30, 0x01, 0xb3, 0xaf, 0x10, 0x00, 0xb0, 0xaf,
  0x25, 0x98, 0xc0, 0x00, 0x18, 0x00, 0xa7, 0x27, 0x25, 0x30, 0xa0, 0x00,
  0x25, 0x28, 0x00, 0x00, 0x28, 0x01, 0xb1, 0xaf, 0x34, 0x01, 0xbf, 0xaf,
  0x2c, 0x01, 0xb2, 0xaf, 0x25, 0x88, 0x80, 0x00, 0x75, 0x0e, 0x11, 0x04,
  0x18, 0x01, 0xa0, 0xaf, 0x04, 0x00, 0x40, 0x14, 0x25, 0x30, 0x00, 0x02,
  0x18, 0x01, 0xa2, 0x8f, 0x4c, 0x00, 0x00, 0x10, 0x00, 0x00, 0x00, 0x00,
  0x18, 0x00, 0xa5, 0x27, 0x25, 0x20, 0x40, 0x00, 0xf8, 0x0d, 0x11, 0x04,
  0x25, 0x90, 0x40, 0x00, 0x0b, 0x00, 0x40, 0x10, 0x25, 0x80, 0x40, 0x00,
  0x18, 0x00, 0x42, 0x8c, 0x00, 0x10, 0x03, 0x24, 0xb8, 0x03, 0x42, 0x94,
  0x48, 0x00, 0x60, 0x12, 0x00, 0xf0, 0x42, 0x30, 0x0c, 0x00, 0x43, 0x10,
  0xec, 0xff, 0x02, 0x24, 0x18, 0x01, 0xa2, 0xaf, 0xfd, 0x16, 0x11, 0x04,
  0x25, 0x20, 0x00, 0x02, 0xfb, 0x16, 0x11, 0x04, 0x25, 0x20, 0x40, 0x02,
  0x3c, 0x00, 0x22, 0x8e, 0x00, 0x00, 0x00, 0x00, 0x36, 0x00, 0x40, 0x14,
  0x00, 0x00, 0x00, 0x00, 0xe6, 0xff, 0x00, 0x10, 0x00, 0x00, 0x00, 0x00,
  0x01, 0x0d, 0x11, 0x04, 0x25, 0x20, 0x00, 0x02, 0xf2, 0xff, 0x40, 0x10,
  0xa6, 0xff, 0x02, 0x24, 0x18, 0x00, 0x02, 0x8e, 0x24, 0x00, 0x24, 0x8e,
  0x08, 0x00, 0x43, 0x94, 0x00, 0x00, 0x00, 0x00, 0x08, 0x00, 0x83, 0x14,
  0x00, 0x00, 0x00, 0x00, 0x0c, 0x00, 0x45, 0x94, 0x28, 0x00, 0x24, 0x96,
  0x00, 0x00, 0x00, 0x00, 0x03, 0x00, 0xa4, 0x14, 0x00, 0x00, 0x00, 0x00,
  0xe5, 0xff, 0x00, 0x10, 0xf0, 0xff, 0x02, 0x24, 0x34, 0x00, 0x24, 0x8e,
  0x00, 0x00, 0x00, 0x00, 0x06, 0x00, 0x83, 0x14, 0x00, 0x00, 0x00, 0x00,
  0x0c, 0x00, 0x43, 0x94, 0x38, 0x00, 0x22, 0x96, 0x00, 0x00, 0x00, 0x00,
  0xdc, 0xff, 0x62, 0x10, 0xf0, 0xff, 0x02, 0x24, 0x18, 0x01, 0xa2, 0x8f,
  0x00, 0x00, 0x00, 0x00, 0xd9, 0xff, 0x40, 0x14, 0x00, 0x00, 0x00, 0x00,
  0x18, 0x00, 0x02, 0x8e, 0x00, 0x00, 0x00, 0x00, 0xbc, 0x03, 0x42, 0x94,
  0x00, 0x00, 0x00, 0x00, 0x04, 0x00, 0x40, 0x10, 0x02, 0x00, 0x05, 0x24,
  0xa5, 0x0d, 0x11, 0x04, 0x25, 0x20, 0x00, 0x02, 0x18, 0x01, 0xa2, 0xaf,
  0x0a, 0x00, 0x02, 0x96, 0x00, 0x00, 0x00, 0x00, 0x02, 0x00, 0x42, 0x2c,
  0xe4, 0xff, 0x40, 0x10, 0x00, 0x00, 0x00, 0x00, 0x18, 0x01, 0xa2, 0x8f,
  0x00, 0x00, 0x00, 0x00, 0xc7, 0xff, 0x40, 0x14, 0x18, 0x00, 0xa6, 0x27,
  0x25, 0x28, 0x00, 0x02, 0x71, 0x0d, 0x11, 0x04, 0x25, 0x20, 0x40, 0x02,
  0x34, 0x01, 0xbf, 0x8f, 0x30, 0x01, 0xb3, 0x8f, 0x2c, 0x01, 0xb2, 0x8f,
  0x28, 0x01, 0xb1, 0x8f, 0x24, 0x01, 0xb0, 0x8f, 0x08, 0x00, 0xe0, 0x03,
  0x38, 0x01, 0xbd, 0x27, 0xdf, 0xff, 0x43, 0x14, 0xeb, 0xff, 0x02, 0x24,
  0xb9, 0xff, 0x00, 0x10, 0x18, 0x01, 0xa2, 0xaf, 0x3c, 0x00, 0x83, 0x8c,
  0x00, 0x00, 0x00, 0x00, 0x02, 0x00, 0x60, 0x10, 0x25, 0x10, 0xa0, 0x00,
  0x25, 0x10, 0x60, 0x00, 0x08, 0x00, 0xe0, 0x03, 0x00, 0x00, 0x00, 0x00,
  0xe8, 0xff, 0xbd, 0x27, 0x10, 0x00, 0xb0, 0xaf, 0x25, 0x80, 0x80, 0x00,
  0x01, 0x00, 0x04, 0x3c, 0x64, 0x94, 0x84, 0x8c, 0x14, 0x00, 0xbf, 0xaf,
  0x02, 0x08, 0x11, 0x04, 0x00, 0x00, 0x00, 0x00, 0x04, 0x00, 0x03, 0x8e,
  0x00, 0x00, 0x00, 0x00, 0x06, 0x00, 0x60, 0x14, 0x25, 0x10, 0x00, 0x00,
  0x01, 0x00, 0x04, 0x3c, 0x64, 0x94, 0x84, 0x8c, 0xf8, 0x07, 0x11, 0x04,
  0x00, 0x00, 0x00, 0x00, 0xf7, 0xff, 0x02, 0x24, 0x14, 0x00, 0xbf, 0x8f,
  0x10, 0x00, 0xb0, 0x8f, 0x08, 0x00, 0xe0, 0x03, 0x18, 0x00, 0xbd, 0x27,
  0x00, 0x00, 0x82, 0x8c, 0xd8, 0xff, 0xbd, 0x27, 0x00, 0x00, 0x42, 0x8c,
  0x1c, 0x00, 0xb0, 0xaf, 0x02, 0x00, 0x42, 0x30, 0x24, 0x00, 0xbf, 0xaf,
  0x20, 0x00, 0xb1, 0xaf, 0x23, 0x00, 0x40, 0x10, 0x25, 0x80, 0x80, 0x00,
  0x04, 0x00, 0x82, 0x8c, 0x00, 0x00, 0x00, 0x00, 0x0c, 0x00, 0x51, 0x8c,
  0x28, 0x00, 0x82, 0x94, 0x00, 0x00, 0x00, 0x00, 0x0a, 0x00, 0x40, 0x10,
  0x01, 0x00, 0x02, 0x24, 0x00, 0x00, 0x23, 0x8e, 0x04, 0x00, 0x24, 0x8e,
  0x14, 0x00, 0xa2, 0xaf, 0x10, 0x00, 0xa2, 0xaf, 0x04, 0x00, 0x62, 0x8c,
  0x2c, 0x00, 0x07, 0x8e, 0x2a, 0x00, 0x06, 0x96, 0x09, 0xf8, 0x40, 0x00,
  0x30, 0x00, 0x05, 0x26, 0x04, 0x00, 0x04, 0x8e, 0xa6, 0x10, 0x11, 0x04,
  0x00, 0x00, 0x00, 0x00, 0x04, 0x00, 0x02, 0x8e, 0x00, 0x00, 0x00, 0x00,
  0x18, 0x00, 0x43, 0x8c, 0x00, 0x00, 0x00, 0x00, 0xba, 0x03, 0x62, 0x94,
  0x00, 0x00, 0x00, 0x00, 0x80, 0x00, 0x42, 0x34, 0xba, 0x03, 0x62, 0xa4,
  0x08, 0x00, 0x22, 0x8e, 0x00, 0x00, 0x00, 0x00, 0x02, 0x00, 0x42, 0x30,
  0x03, 0x00, 0x40, 0x10, 0x00, 0x00, 0x00, 0x00, 0x0e, 0x17, 0x11, 0x04,
  0x25, 0x20, 0x20, 0x02, 0x18, 0x00, 0x04, 0x8e, 0x6d, 0x16, 0x11, 0x04,
  0x00, 0x00, 0x00, 0x00, 0x04, 0x00, 0x04, 0x8e, 0x6a, 0x16, 0x11, 0x04,
  0x00, 0x00, 0x00, 0x00, 0x24, 0x00, 0xbf, 0x8f, 0x20, 0x00, 0xb1, 0x8f,
  0x25, 0x20, 0x00, 0x02, 0x1c, 0x00, 0xb0, 0x8f, 0x30, 0x02, 0x06, 0x24,
  0x25, 0x28, 0x00, 0x00, 0x83, 0x07, 0x00, 0x10, 0x28, 0x00, 0xbd, 0x27,
  0xe8, 0xff, 0xbd, 0x27, 0x10, 0x00, 0xb0, 0xaf, 0x25, 0x80, 0x80, 0x00,
  0x01, 0x00, 0x04, 0x3c, 0x64, 0x94, 0x84, 0x8c, 0x14, 0x00, 0xbf, 0xaf,
  0xb4, 0x07, 0x11, 0x04, 0x00, 0x00, 0x00, 0x00, 0xa4, 0xfa, 0x11, 0x04,
  0x25, 0x20, 0x00, 0x02, 0x05, 0x00, 0x40, 0x14, 0x25, 0x80, 0x40, 0x00,
  0x01, 0x00, 0x04, 0x3c, 0x64, 0x94, 0x84, 0x8c, 0xaa, 0x07, 0x11, 0x04,
  0x00, 0x00, 0x00, 0x00, 0x14, 0x00, 0xbf, 0x8f, 0x25, 0x10, 0x00, 0x02,
  0x10, 0x00, 0xb0, 0x8f, 0x08, 0x00, 0xe0, 0x03, 0x18, 0x00, 0xbd, 0x27,
  0xd8, 0xff, 0xbd, 0x27, 0x01, 0x00, 0x02, 0x24, 0x10, 0x00, 0xa4, 0x27,
  0x24, 0x00, 0xbf, 0xaf, 0x10, 0x00, 0xa2, 0xaf, 0x14, 0x00, 0xa0, 0xaf,
  0x18, 0x00, 0xa2, 0xaf, 0x98, 0x07, 0x11, 0x04, 0x1c, 0x00, 0xa2, 0xaf,
  0x24, 0x00, 0xbf, 0x8f, 0x01, 0x00, 0x01, 0x3c, 0x64, 0x94, 0x22, 0xac,
  0x25, 0x10, 0x00, 0x00, 0x08, 0x00, 0xe0, 0x03, 0x28, 0x00, 0xbd, 0x27,
  0xe8, 0xff, 0xbd, 0x27, 0x14, 0x00, 0xbf, 0xaf, 0xbf, 0x06, 0x11, 0x04,
  0x00, 0x00, 0x00, 0x00, 0x01, 0x00, 0x04, 0x3c, 0x64, 0x94, 0x84, 0x8c,
  0x8c, 0x07, 0x11, 0x04, 0x00, 0x00, 0x00, 0x00, 0x14, 0x00, 0xbf, 0x8f,
  0x25, 0x10, 0x00, 0x00, 0x08, 0x00, 0xe0, 0x03, 0x18, 0x00, 0xbd, 0x27,
  0xd8, 0xff, 0xbd, 0x27, 0x38, 0x00, 0xa3, 0x8f, 0x0c, 0x00, 0x02, 0x24,
  0x20, 0x00, 0xb4, 0xaf, 0x18, 0x00, 0xb2, 0xaf, 0x14, 0x00, 0xb1, 0xaf,
  0x24, 0x00, 0xbf, 0xaf, 0x1c, 0x00, 0xb3, 0xaf, 0x10, 0x00, 0xb0, 0xaf,
  0x25, 0x90, 0xc0, 0x00, 0x25, 0x88, 0xe0, 0x00, 0x06, 0x00, 0x62, 0x14,
  0x25, 0xa0, 0x00, 0x00, 0x04, 0x00, 0xe3, 0x8c, 0x66, 0x2d, 0x02, 0x24,
  0x02, 0x00, 0x62, 0x14, 0x00, 0x00, 0x00, 0x00, 0x08, 0x00, 0xf4, 0x8c,
  0x94, 0x13, 0x11, 0x04, 0x25, 0x20, 0x40, 0x02, 0x25, 0x98, 0x40, 0x00,
  0x16, 0x00, 0x40, 0x10, 0xfa, 0xff, 0x10, 0x24, 0x01, 0x00, 0x04, 0x3c,
  0x64, 0x94, 0x84, 0x8c, 0x71, 0x07, 0x11, 0x04, 0x00, 0x00, 0x00, 0x00,
  0x03, 0x00, 0x05, 0x24, 0x19, 0x07, 0x11, 0x04, 0x25, 0x20, 0x40, 0x02,
  0x09, 0x00, 0x40, 0x04, 0x25, 0x80, 0x40, 0x00, 0x00, 0x00, 0x26, 0x8e,
  0x25, 0x20, 0x60, 0x02, 0x25, 0x38, 0x80, 0x02, 0x57, 0x14, 0x11, 0x04,
  0x25, 0x28, 0x40, 0x00, 0x25, 0x20, 0x00, 0x02, 0x11, 0x07, 0x11, 0x04,
  0x25, 0x80, 0x40, 0x00, 0x01, 0x00, 0x04, 0x3c, 0x64, 0x94, 0x84, 0x8c,
  0x5e, 0x07, 0x11, 0x04, 0x00, 0x00, 0x00, 0x00, 0x24, 0x00, 0xbf, 0x8f,
  0x20, 0x00, 0xb4, 0x8f, 0x1c, 0x00, 0xb3, 0x8f, 0x18, 0x00, 0xb2, 0x8f,
  0x14, 0x00, 0xb1, 0x8f, 0x25, 0x10, 0x00, 0x02, 0x10, 0x00, 0xb0, 0x8f,
  0x08, 0x00, 0xe0, 0x03, 0x28, 0x00, 0xbd, 0x27, 0xd8, 0xff, 0xbd, 0x27,
  0x18, 0x00, 0xb0, 0xaf, 0x24, 0x00, 0xbf, 0xaf, 0x20, 0x00, 0xb2, 0xaf,
  0x1c, 0x00, 0xb1, 0xaf, 0x29, 0x00, 0xa0, 0x10, 0xfe, 0xff, 0x10, 0x24,
  0x25, 0x88, 0x80, 0x00, 0x04, 0x00, 0x84, 0x8c, 0x2c, 0x00, 0xa5, 0xaf,
  0x90, 0xff, 0x11, 0x04, 0x34, 0x00, 0xa7, 0xaf, 0x22, 0x00, 0x40, 0x10,
  0xed, 0xff, 0x10, 0x24, 0x01, 0x00, 0x12, 0x3c, 0x60, 0x94, 0x52, 0x8e,
  0x01, 0x00, 0x04, 0x3c, 0x34, 0x93, 0x84, 0x8c, 0x2c, 0x00, 0xa6, 0x8f,
  0x34, 0x00, 0xa7, 0x8f, 0x25, 0x18, 0x00, 0x00, 0x07, 0x00, 0x64, 0x14,
  0x00, 0x00, 0x00, 0x00, 0x01, 0x00, 0x04, 0x3c, 0x2c, 0x8d, 0x84, 0x24,
  0xf8, 0x06, 0x11, 0x04, 0xe8, 0xff, 0x10, 0x24, 0x0f, 0x00, 0x00, 0x10,
  0x00, 0x00, 0x00, 0x00, 0x00, 0x00, 0x45, 0x8e, 0x00, 0x00, 0x00, 0x00,
  0x16, 0x00, 0xa0, 0x14, 0x01, 0x00, 0x63, 0x24, 0xff, 0xff, 0x63, 0x24,
  0xff, 0x0f, 0xe7, 0x30, 0x00, 0x20, 0xe7, 0x34, 0x10, 0x00, 0xa7, 0xaf,
  0x00, 0x00, 0x27, 0x8e, 0x25, 0x28, 0x40, 0x02, 0x8e, 0xfb, 0x11, 0x04,
  0x25, 0x20, 0x40, 0x00, 0x0e, 0x00, 0x40, 0x10, 0x25, 0x80, 0x40, 0x00,
  0x01, 0x00, 0x04, 0x3c, 0x64, 0x94, 0x84, 0x8c, 0x26, 0x07, 0x11, 0x04,
  0x00, 0x00, 0x00, 0x00, 0x24, 0x00, 0xbf, 0x8f, 0x20, 0x00, 0xb2, 0x8f,
  0x1c, 0x00, 0xb1, 0x8f, 0x25, 0x10, 0x00, 0x02, 0x18, 0x00, 0xb0, 0x8f,
  0x08, 0x00, 0xe0, 0x03, 0x28, 0x00, 0xbd, 0x27, 0xde, 0xff, 0x00, 0x10,
  0x30, 0x02, 0x52, 0x26, 0x00, 0x00, 0x51, 0xae, 0xf1, 0xff, 0x00, 0x10,
  0x0c, 0x00, 0x32, 0xae, 0x0c, 0x00, 0x84, 0x8c, 0xe0, 0xff, 0xbd, 0x27,
  0x18, 0x00, 0xb0, 0xaf, 0x1c, 0x00, 0xbf, 0xaf, 0x0d, 0xff, 0x11, 0x04,
  0x10, 0x00, 0xa4, 0xaf, 0x08, 0x00, 0x40, 0x14, 0x25, 0x80, 0x40, 0x00,
  0x10, 0x00, 0xa4, 0x8f, 0x1d, 0xff, 0x11, 0x04, 0x00, 0x00, 0x00, 0x00,
  0x01, 0x00, 0x04, 0x3c, 0x64, 0x94, 0x84, 0x8c, 0x0b, 0x07, 0x11, 0x04,
  0x00, 0x00, 0x00, 0x00, 0x1c, 0x00, 0xbf, 0x8f, 0x25, 0x10, 0x00, 0x02,
  0x18, 0x00, 0xb0, 0x8f, 0x08, 0x00, 0xe0, 0x03, 0x20, 0x00, 0xbd, 0x27,
  0xe0, 0xff, 0xbd, 0x27, 0x18, 0x00, 0xb1, 0xaf, 0x0c, 0x00, 0x91, 0x8c,
  0x14, 0x00, 0xb0, 0xaf, 0x25, 0x20, 0x20, 0x02, 0x1c, 0x00, 0xbf, 0xaf,
  0x24, 0x00, 0xa5, 0xaf, 0xf6, 0xfe, 0x11, 0x04, 0x25, 0x80, 0xc0, 0x00,
  0x25, 0x18, 0x40, 0x00, 0x29, 0x00, 0x60, 0x14, 0xf7, 0xff, 0x02, 0x24,
  0x04, 0x00, 0x22, 0x8e, 0x10, 0x00, 0x26, 0x8e, 0x18, 0x00, 0x42, 0x8c,
  0x14, 0x00, 0x29, 0x8e, 0xdc, 0x03, 0x48, 0x8c, 0xd8, 0x03, 0x47, 0x8c,
  0x21, 0x18, 0x06, 0x02, 0xc3, 0x17, 0x10, 0x00, 0x2b, 0x20, 0x70, 0x00,
  0x21, 0x10, 0x49, 0x00, 0x21, 0x10, 0x82, 0x00, 0x2b, 0x20, 0x02, 0x01,
  0x24, 0x00, 0xa5, 0x8f, 0x05, 0x00, 0x80, 0x14, 0x00, 0x00, 0x00, 0x00,
  0x04, 0x00, 0x48, 0x14, 0x2b, 0x18, 0xe3, 0x00, 0x02, 0x00, 0x60, 0x10,
  0x00, 0x00, 0x00, 0x00, 0x23, 0x80, 0xe6, 0x00, 0x05, 0x00, 0x00, 0x12,
  0x25, 0x30, 0x00, 0x02, 0x25, 0x38, 0x00, 0x00, 0x88, 0xfc, 0x11, 0x04,
  0x25, 0x20, 0x20, 0x02, 0x25, 0x80, 0x40, 0x00, 0x04, 0x00, 0x22, 0x8e,
  0x00, 0x00, 0x00, 0x00, 0x0c, 0x00, 0x42, 0x8c, 0x00, 0x00, 0x00, 0x00,
  0x3c, 0x00, 0x42, 0x8c, 0x00, 0x00, 0x00, 0x00, 0x02, 0x00, 0x40, 0x10,
  0x00, 0x00, 0x00, 0x00, 0x25, 0x80, 0x40, 0x00, 0x01, 0x00, 0x04, 0x3c,
  0x64, 0x94, 0x84, 0x8c, 0xd3, 0x06, 0x11, 0x04, 0x00, 0x00, 0x00, 0x00,
  0x25, 0x10, 0x00, 0x02, 0x1c, 0x00, 0xbf, 0x8f, 0x18, 0x00, 0xb1, 0x8f,
  0x14, 0x00, 0xb0, 0x8f, 0x08, 0x00, 0xe0, 0x03, 0x20, 0x00, 0xbd, 0x27,
  0x0c, 0x00, 0x84, 0x8c, 0xd8, 0xff, 0xbd, 0x27, 0x1c, 0x00, 0xb0, 0xaf,
  0x24, 0x00, 0xbf, 0xaf, 0x20, 0x00, 0xb1, 0xaf, 0x2c, 0x00, 0xa5, 0xaf,
  0x30, 0x00, 0xa6, 0xaf, 0xbd, 0xfe, 0x11, 0x04, 0x10, 0x00, 0xa4, 0xaf,
  0x25, 0x00, 0x40, 0x14, 0xf7, 0xff, 0x10, 0x24, 0x10, 0x00, 0xa4, 0x8f,
  0x30, 0x00, 0xa6, 0x8f, 0x04, 0x00, 0x82, 0x8c, 0x14, 0x00, 0x87, 0x8c,
  0x0c, 0x00, 0x51, 0x8c, 0x10, 0x00, 0x82, 0x8c, 0x2c, 0x00, 0xa5, 0x8f,
  0x21, 0x40, 0xc2, 0x00, 0x2b, 0x18, 0x06, 0x01, 0x21, 0x18, 0x67, 0x00,
  0x2b, 0x48, 0x67, 0x00, 0x1e, 0x00, 0x20, 0x15, 0x00, 0x00, 0x00, 0x00,
  0x03, 0x00, 0xe3, 0x14, 0x2b, 0x10, 0x02, 0x01, 0x1a, 0x00, 0x40, 0x14,
  0x00, 0x00, 0x00, 0x00, 0x56, 0xfc, 0x11, 0x04, 0x01, 0x00, 0x07, 0x24,
  0x25, 0x80, 0x40, 0x00, 0x08, 0x00, 0x22, 0x8e, 0x00, 0x00, 0x00, 0x00,
  0x02, 0x00, 0x42, 0x30, 0x03, 0x00, 0x40, 0x10, 0x00, 0x00, 0x00, 0x00,
  0xed, 0x15, 0x11, 0x04, 0x25, 0x20, 0x20, 0x02, 0x3c, 0x00, 0x22, 0x8e,
  0x00, 0x00, 0x00, 0x00, 0x02, 0x00, 0x40, 0x10, 0x00, 0x00, 0x00, 0x00,
  0x25, 0x80, 0x40, 0x00, 0x01, 0x00, 0x04, 0x3c, 0x64, 0x94, 0x84, 0x8c,
  0x9e, 0x06, 0x11, 0x04, 0x00, 0x00, 0x00, 0x00, 0x24, 0x00, 0xbf, 0x8f,
  0x20, 0x00, 0xb1, 0x8f, 0x25, 0x10, 0x00, 0x02, 0x1c, 0x00, 0xb0, 0x8f,
  0x08, 0x00, 0xe0, 0x03, 0x28, 0x00, 0xbd, 0x27, 0xe9, 0xff, 0x00, 0x10,
  0xea, 0xff, 0x10, 0x24, 0xd0, 0xff, 0xbd, 0x27, 0x28, 0x00, 0xb1, 0xaf,
  0x25, 0x88, 0x80, 0x00, 0x0c, 0x00, 0x84, 0x8c, 0x24, 0x00, 0xb0, 0xaf,
  0x2c, 0x00, 0xbf, 0xaf, 0x34, 0x00, 0xa5, 0xaf, 0x38, 0x00, 0xa6, 0xaf,
  0x85, 0xfe, 0x11, 0x04, 0x18, 0x00, 0xa4, 0xaf, 0x0d, 0x00, 0x40, 0x14,
  0xf7, 0xff, 0x10, 0x24, 0x38, 0x00, 0xa6, 0x8f, 0x00, 0x00, 0x22, 0x8e,
  0x10, 0x00, 0xa6, 0xaf, 0x34, 0x00, 0xa6, 0x8f, 0x18, 0x00, 0xa4, 0x8f,
  0x14, 0x00, 0xa2, 0xaf, 0x76, 0xfa, 0x11, 0x04, 0xc3, 0x3f, 0x06, 0x00,
  0x01, 0x00, 0x04, 0x3c, 0x64, 0x94, 0x84, 0x8c, 0x7e, 0x06, 0x11, 0x04,
  0x25, 0x80, 0x40, 0x00, 0x2c, 0x00, 0xbf, 0x8f, 0x28, 0x00, 0xb1, 0x8f,
  0x25, 0x10, 0x00, 0x02, 0x24, 0x00, 0xb0, 0x8f, 0x08, 0x00, 0xe0, 0x03,
  0x30, 0x00, 0xbd, 0x27, 0xc8, 0xff, 0xbd, 0x27, 0x30, 0x00, 0xb2, 0xaf,
  0x25, 0x90, 0x80, 0x00, 0x0c, 0x00, 0x84, 0x8c, 0x20, 0x00, 0xa6, 0xaf,
  0x1c, 0x00, 0xa7, 0xaf, 0x18, 0x00, 0xa4, 0xaf, 0x34, 0x00, 0xbf, 0xaf,
  0x2c, 0x00, 0xb1, 0xaf, 0x66, 0xfe, 0x11, 0x04, 0x28, 0x00, 0xb0, 0xaf,
  0x18, 0x00, 0xa4, 0x8f, 0x1c, 0x00, 0xa7, 0x8f, 0x20, 0x00, 0xa6, 0x8f,
  0x14, 0x00, 0x40, 0x14, 0x00, 0x00, 0x00, 0x00, 0x00, 0x00, 0x42, 0x8e,
  0x00, 0x00, 0x00, 0x00, 0x14, 0x00, 0xa2, 0xaf, 0x48, 0x00, 0xa2, 0x8f,
  0x56, 0xfa, 0x11, 0x04, 0x10, 0x00, 0xa2, 0xaf, 0x01, 0x00, 0x04, 0x3c,
  0x64, 0x94, 0x84, 0x8c, 0x25, 0x80, 0x60, 0x00, 0x5d, 0x06, 0x11, 0x04,
  0x25, 0x88, 0x40, 0x00, 0x34, 0x00, 0xbf, 0x8f, 0x30, 0x00, 0xb2, 0x8f,
  0x25, 0x10, 0x20, 0x02, 0x25, 0x18, 0x00, 0x02, 0x2c, 0x00, 0xb1, 0x8f,
  0x28, 0x00, 0xb0, 0x8f, 0x08, 0x00, 0xe0, 0x03, 0x38, 0x00, 0xbd, 0x27,
  0xf7, 0xff, 0x11, 0x24, 0xf6, 0xff, 0x00, 0x10, 0xff, 0xff, 0x10, 0x24,
  0x04, 0x00, 0x84, 0x8c, 0xe8, 0xff, 0xbd, 0x27, 0x10, 0x00, 0xb0, 0xaf,
  0x14, 0x00, 0xbf, 0xaf, 0x93, 0xfe, 0x11, 0x04, 0x1c, 0x00, 0xa5, 0xaf,
  0x09, 0x00, 0x40, 0x10, 0xed, 0xff, 0x10, 0x24, 0x1c, 0x00, 0xa5, 0x8f,
  0x25, 0x20, 0x40, 0x00, 0xce, 0xfd, 0x11, 0x04, 0x25, 0x30, 0x00, 0x00,
  0x01, 0x00, 0x04, 0x3c, 0x64, 0x94, 0x84, 0x8c, 0x42, 0x06, 0x11, 0x04,
  0x25, 0x80, 0x40, 0x00, 0x14, 0x00, 0xbf, 0x8f, 0x25, 0x10, 0x00, 0x02,
  0x10, 0x00, 0xb0, 0x8f, 0x08, 0x00, 0xe0, 0x03, 0x18, 0x00, 0xbd, 0x27,
  0x04, 0x00, 0x84, 0x8c, 0xd8, 0xff, 0xbd, 0x27, 0x20, 0x00, 0xb1, 0xaf,
  0x1c, 0x00, 0xb0, 0xaf, 0x24, 0x00, 0xbf, 0xaf, 0x2c, 0x00, 0xa5, 0xaf,
  0x7c, 0xfe, 0x11, 0x04, 0x25, 0x80, 0xc0, 0x00, 0x0f, 0x00, 0x40, 0x10,
  0xed, 0xff, 0x11, 0x24, 0x01, 0x00, 0x03, 0x3c, 0x00, 0x10, 0x63, 0x24,
  0xff, 0x0f, 0x10, 0x32, 0x25, 0x80, 0x03, 0x02, 0x2c, 0x00, 0xa6, 0x8f,
  0x25, 0x20, 0x40, 0x00, 0x10, 0x00, 0xb0, 0xaf, 0x02, 0x02, 0x07, 0x24,
  0x8b, 0xfa, 0x11, 0x04, 0x25, 0x28, 0x00, 0x00, 0x01, 0x00, 0x04, 0x3c,
  0x64, 0x94, 0x84, 0x8c, 0x25, 0x06, 0x11, 0x04, 0x25, 0x88, 0x40, 0x00,
  0x24, 0x00, 0xbf, 0x8f, 0x1c, 0x00, 0xb0, 0x8f, 0x25, 0x10, 0x20, 0x02,
  0x20, 0x00, 0xb1, 0x8f, 0x08, 0x00, 0xe0, 0x03, 0x28, 0x00, 0xbd, 0x27,
  0xe0, 0xff, 0xbd, 0x27, 0x18, 0x00, 0xb2, 0xaf, 0x25, 0x90, 0x80, 0x00,
  0x25, 0x20, 0xa0, 0x00, 0x14, 0x00, 0xb1, 0xaf, 0x10, 0x00, 0xb0, 0xaf,
  0x1c, 0x00, 0xbf, 0xaf, 0xe5, 0x05, 0x11, 0x04, 0x25, 0x88, 0xa0, 0x00,
  0x21, 0x10, 0x22, 0x02, 0x00, 0x00, 0x43, 0x80, 0x2e, 0x00, 0x02, 0x24,
  0x0d, 0x00, 0x62, 0x10, 0xea, 0xff, 0x10, 0x24, 0x04, 0x00, 0x44, 0x8e,
  0x55, 0xfe, 0x11, 0x04, 0xed, 0xff, 0x10, 0x24, 0x08, 0x00, 0x40, 0x10,
  0x25, 0x20, 0x40, 0x00, 0x01, 0x00, 0x06, 0x24, 0x91, 0xfd, 0x11, 0x04,
  0x25, 0x28, 0x20, 0x02, 0x01, 0x00, 0x04, 0x3c, 0x64, 0x94, 0x84, 0x8c,
  0x05, 0x06, 0x11, 0x04, 0x25, 0x80, 0x40, 0x00, 0x1c, 0x00, 0xbf, 0x8f,
  0x18, 0x00, 0xb2, 0x8f, 0x14, 0x00, 0xb1, 0x8f, 0x25, 0x10, 0x00, 0x02,
  0x10, 0x00, 0xb0, 0x8f, 0x08, 0x00, 0xe0, 0x03, 0x20, 0x00, 0xbd, 0x27,
  0x25, 0x38, 0x00, 0x00, 0xa7, 0xfe, 0x00, 0x10, 0x25, 0x30, 0x00, 0x00,
  0xc0, 0xff, 0xbd, 0x27, 0x34, 0x00, 0xb2, 0xaf, 0x0c, 0x00, 0x92, 0x8c,
  0x30, 0x00, 0xb1, 0xaf, 0x25, 0x20, 0x40, 0x02, 0x2c, 0x00, 0xb0, 0xaf,
  0x3c, 0x00, 0xbf, 0xaf, 0x38, 0x00, 0xb3, 0xaf, 0xea, 0xfd, 0x11, 0x04,
  0x25, 0x88, 0xa0, 0x00, 0x1c, 0x00, 0x40, 0x14, 0xf7, 0xff, 0x10, 0x24,
  0x04, 0x00, 0x44, 0x8e, 0x00, 0x10, 0x03, 0x24, 0x18, 0x00, 0x82, 0x8c,
  0x0c, 0x00, 0x93, 0x8c, 0xb8, 0x03, 0x42, 0x94, 0x00, 0x00, 0x00, 0x00,
  0x00, 0xf0, 0x42, 0x30, 0x0a, 0x00, 0x43, 0x14, 0xec, 0xff, 0x10, 0x24,
  0x18, 0x00, 0xa2, 0x27, 0x10, 0x00, 0x46, 0x26, 0x18, 0x00, 0x45, 0x26,
  0x10, 0x00, 0xa2, 0xaf, 0xe8, 0x09, 0x11, 0x04, 0x40, 0x00, 0x27, 0x26,
  0x13, 0x00, 0x40, 0x1c, 0x25, 0x90, 0x40, 0x00, 0x25, 0x80, 0x40, 0x02,
  0x3c, 0x00, 0x62, 0x8e, 0x00, 0x00, 0x00, 0x00, 0x02, 0x00, 0x40, 0x10,
  0x00, 0x00, 0x00, 0x00, 0x25, 0x80, 0x40, 0x00, 0x01, 0x00, 0x04, 0x3c,
  0x64, 0x94, 0x84, 0x8c, 0xd4, 0x05, 0x11, 0x04, 0x00, 0x00, 0x00, 0x00,
  0x3c, 0x00, 0xbf, 0x8f, 0x38, 0x00, 0xb3, 0x8f, 0x34, 0x00, 0xb2, 0x8f,
  0x30, 0x00, 0xb1, 0x8f, 0x25, 0x10, 0x00, 0x02, 0x2c, 0x00, 0xb0, 0x8f,
  0x08, 0x00, 0xe0, 0x03, 0x40, 0x00, 0xbd, 0x27, 0x18, 0x00, 0xa6, 0x8f,
  0x1c, 0x00, 0xa5, 0x97, 0x20, 0x00, 0xa7, 0x27, 0x8b, 0x0e, 0x11, 0x04,
  0x25, 0x20, 0x60, 0x02, 0x06, 0x00, 0x40, 0x10, 0x25, 0x80, 0x40, 0x00,
  0x25, 0x20, 0x40, 0x00, 0x1c, 0xfd, 0x11, 0x04, 0x25, 0x28, 0x20, 0x02,
  0x68, 0x14, 0x11, 0x04, 0x25, 0x20, 0x00, 0x02, 0x20, 0x00, 0xb0, 0x8f,
  0x00, 0x00, 0x00, 0x00, 0xdf, 0xff, 0x00, 0x12, 0x00, 0x00, 0x00, 0x00,
  0xde, 0xff, 0x00, 0x10, 0x00, 0x00, 0x00, 0x00, 0x04, 0x00, 0x84, 0x8c,
  0xd8, 0xff, 0xbd, 0x27, 0x20, 0x00, 0xb0, 0xaf, 0x24, 0x00, 0xbf, 0xaf,
  0x2c, 0x00, 0xa5, 0xaf, 0x30, 0x00, 0xa6, 0xaf, 0xf9, 0xfd, 0x11, 0x04,
  0x10, 0x00, 0xa0, 0xaf, 0x25, 0x80, 0x40, 0x00, 0x17, 0x00, 0x00, 0x12,
  0xed, 0xff, 0x02, 0x24, 0x2c, 0x00, 0xa6, 0x8f, 0x25, 0x20, 0x00, 0x02,
  0x10, 0x00, 0xa7, 0x27, 0x35, 0x0c, 0x11, 0x04, 0x25, 0x28, 0x00, 0x00,
  0x07, 0x00, 0x40, 0x10, 0x25, 0x20, 0x40, 0x00, 0x30, 0x00, 0xa5, 0x8f,
  0xff, 0xfc, 0x11, 0x04, 0x18, 0x00, 0xa2, 0xaf, 0x18, 0x00, 0xa4, 0x8f,
  0x4a, 0x14, 0x11, 0x04, 0x00, 0x00, 0x00, 0x00, 0x01, 0x00, 0x04, 0x3c,
  0x64, 0x94, 0x84, 0x8c, 0x9e, 0x05, 0x11, 0x04, 0x00, 0x00, 0x00, 0x00,
  0x3c, 0x00, 0x02, 0x8e, 0x00, 0x00, 0x00, 0x00, 0x02, 0x00, 0x40, 0x14,
  0x00, 0x00, 0x00, 0x00, 0x10, 0x00, 0xa2, 0x8f, 0x24, 0x00, 0xbf, 0x8f,
  0x20, 0x00, 0xb0, 0x8f, 0x08, 0x00, 0xe0, 0x03, 0x28, 0x00, 0xbd, 0x27,
  0x04, 0x00, 0x84, 0x8c, 0xd0, 0xff, 0xbd, 0x27, 0x28, 0x00, 0xb3, 0xaf,
  0x24, 0x00, 0xb2, 0xaf, 0x20, 0x00, 0xb1, 0xaf, 0x1c, 0x00, 0xb0, 0xaf,
  0x2c, 0x00, 0xbf, 0xaf, 0x25, 0x80, 0xa0, 0x00, 0x25, 0x90, 0xc0, 0x00,
  0x25, 0x88, 0xe0, 0x00, 0xd0, 0xfd, 0x11, 0x04, 0x10, 0x00, 0xa0, 0xaf,
  0x25, 0x98, 0x40, 0x00, 0x56, 0x00, 0x60, 0x12, 0xed, 0xff, 0x02, 0x24,
  0x25, 0x30, 0x00, 0x02, 0x10, 0x00, 0xa7, 0x27, 0x25, 0x28, 0x00, 0x00,
  0x0c, 0x0c, 0x11, 0x04, 0x25, 0x20, 0x60, 0x02, 0x46, 0x00, 0x40, 0x10,
  0x25, 0x80, 0x40, 0x00, 0x02, 0x00, 0x05, 0x24, 0xfa, 0x0a, 0x11, 0x04,
  0x25, 0x20, 0x40, 0x00, 0x3f, 0x00, 0x40, 0x14, 0x10, 0x00, 0xa2, 0xaf,
  0x08, 0x00, 0x02, 0x96, 0x00, 0x00, 0x00, 0x00, 0x01, 0x00, 0x42, 0x34,
  0x08, 0x00, 0x02, 0xa6, 0x01, 0x00, 0x22, 0x32, 0x0d, 0x00, 0x40, 0x10,
  0x00, 0x40, 0x03, 0x24, 0x18, 0x00, 0x04, 0x8e, 0x00, 0x00, 0x00, 0x00,
  0xb8, 0x03, 0x82, 0x94, 0x00, 0x00, 0x00, 0x00, 0x00, 0xf0, 0x42, 0x30,
  0x06, 0x00, 0x43, 0x10, 0x00, 0x00, 0x00, 0x00, 0x00, 0x00, 0x43, 0x8e,
  0x00, 0x00, 0x00, 0x00, 0xff, 0x0f, 0x63, 0x30, 0x25, 0x10, 0x43, 0x00,
  0xb8, 0x03, 0x82, 0xa4, 0x02, 0x00, 0x22, 0x32, 0x09, 0x00, 0x40, 0x10,
  0x5f, 0xff, 0x05, 0x24, 0x18, 0x00, 0x04, 0x8e, 0x04, 0x00, 0x43, 0x8e,
  0xba, 0x03, 0x82, 0x94, 0x00, 0x00, 0x00, 0x00, 0xa0, 0x00, 0x42, 0x30,
  0x24, 0x18, 0x65, 0x00, 0x25, 0x10, 0x43, 0x00, 0xba, 0x03, 0x82, 0xa4,
  0x04, 0x00, 0x22, 0x32, 0x02, 0x00, 0x40, 0x10, 0xf3, 0xff, 0x02, 0x24,
  0x10, 0x00, 0xa2, 0xaf, 0x08, 0x00, 0x22, 0x32, 0x05, 0x00, 0x40, 0x10,
  0x08, 0x00, 0x06, 0x24, 0x18, 0x00, 0x04, 0x8e, 0x0c, 0x00, 0x45, 0x26,
  0x18, 0x05, 0x11, 0x04, 0xc8, 0x03, 0x84, 0x24, 0x10, 0x00, 0x22, 0x32,
  0x05, 0x00, 0x40, 0x10, 0x08, 0x00, 0x06, 0x24, 0x18, 0x00, 0x04, 0x8e,
  0x14, 0x00, 0x45, 0x26, 0x11, 0x05, 0x11, 0x04, 0xc0, 0x03, 0x84, 0x24,
  0x20, 0x00, 0x31, 0x32, 0x05, 0x00, 0x20, 0x12, 0x08, 0x00, 0x06, 0x24,
  0x18, 0x00, 0x04, 0x8e, 0x1c, 0x00, 0x45, 0x26, 0x0a, 0x05, 0x11, 0x04,
  0xd0, 0x03, 0x84, 0x24, 0x08, 0x00, 0x62, 0x8e, 0x00, 0x00, 0x00, 0x00,
  0x02, 0x00, 0x42, 0x30, 0x03, 0x00, 0x40, 0x10, 0x00, 0x00, 0x00, 0x00,
  0x82, 0x14, 0x11, 0x04, 0x25, 0x20, 0x60, 0x02, 0xe2, 0x13, 0x11, 0x04,
  0x25, 0x20, 0x00, 0x02, 0x01, 0x00, 0x04, 0x3c, 0x64, 0x94, 0x84, 0x8c,
  0x36, 0x05, 0x11, 0x04, 0x00, 0x00, 0x00, 0x00, 0x3c, 0x00, 0x62, 0x8e,
  0x00, 0x00, 0x00, 0x00, 0x02, 0x00, 0x40, 0x14, 0x00, 0x00, 0x00, 0x00,
  0x10, 0x00, 0xa2, 0x8f, 0x2c, 0x00, 0xbf, 0x8f, 0x28, 0x00, 0xb3, 0x8f,
  0x24, 0x00, 0xb2, 0x8f, 0x20, 0x00, 0xb1, 0x8f, 0x1c, 0x00, 0xb0, 0x8f,
  0x08, 0x00, 0xe0, 0x03, 0x30, 0x00, 0xbd, 0x27, 0x04, 0x00, 0x84, 0x8c,
  0xb0, 0xfd, 0xbd, 0x27, 0x2c, 0x02, 0xb1, 0xaf, 0x28, 0x02, 0xb0, 0xaf,
  0x4c, 0x02, 0xbf, 0xaf, 0x48, 0x02, 0xbe, 0xaf, 0x44, 0x02, 0xb7, 0xaf,
  0x40, 0x02, 0xb6, 0xaf, 0x3c, 0x02, 0xb5, 0xaf, 0x38, 0x02, 0xb4, 0xaf,
  0x34, 0x02, 0xb3, 0xaf, 0x30, 0x02, 0xb2, 0xaf, 0x25, 0x88, 0xa0, 0x00,
  0x25, 0x80, 0xc0, 0x00, 0x61, 0xfd, 0x11, 0x04, 0x18, 0x02, 0xa0, 0xaf,
  0x20, 0x02, 0xa2, 0xaf, 0x20, 0x02, 0xa3, 0x8f, 0x00, 0x00, 0x00, 0x00,
  0x22, 0x00, 0x60, 0x10, 0xed, 0xff, 0x02, 0x24, 0x18, 0x02, 0xa2, 0x27,
  0x10, 0x00, 0xa2, 0xaf, 0x18, 0x01, 0xa7, 0x27, 0x25, 0x30, 0x20, 0x02,
  0x25, 0x28, 0x00, 0x00, 0x19, 0x0b, 0x11, 0x04, 0x25, 0x20, 0x60, 0x00,
  0x0e, 0x00, 0x40, 0x10, 0x25, 0xa0, 0x40, 0x00, 0x0a, 0x00, 0x51, 0x94,
  0x01, 0x00, 0x02, 0x24, 0x21, 0x00, 0x22, 0x12, 0xf0, 0xff, 0x02, 0x24,
  0x18, 0x02, 0xa2, 0xaf, 0x25, 0x90, 0x00, 0x00, 0x25, 0x80, 0x00, 0x00,
  0xab, 0x13, 0x11, 0x04, 0x25, 0x20, 0x40, 0x02, 0xa9, 0x13, 0x11, 0x04,
  0x25, 0x20, 0x80, 0x02, 0xa7, 0x13, 0x11, 0x04, 0x25, 0x20, 0x00, 0x02,
  0x01, 0x00, 0x04, 0x3c, 0x64, 0x94, 0x84, 0x8c, 0xfb, 0x04, 0x11, 0x04,
  0x00, 0x00, 0x00, 0x00, 0x20, 0x02, 0xa2, 0x8f, 0x00, 0x00, 0x00, 0x00,
  0x3c, 0x00, 0x42, 0x8c, 0x00, 0x00, 0x00, 0x00, 0x02, 0x00, 0x40, 0x14,
  0x00, 0x00, 0x00, 0x00, 0x18, 0x02, 0xa2, 0x8f, 0x4c, 0x02, 0xbf, 0x8f,
  0x48, 0x02, 0xbe, 0x8f, 0x44, 0x02, 0xb7, 0x8f, 0x40, 0x02, 0xb6, 0x8f,
  0x3c, 0x02, 0xb5, 0x8f, 0x38, 0x02, 0xb4, 0x8f, 0x34, 0x02, 0xb3, 0x8f,
  0x30, 0x02, 0xb2, 0x8f, 0x2c, 0x02, 0xb1, 0x8f, 0x28, 0x02, 0xb0, 0x8f,
  0x08, 0x00, 0xe0, 0x03, 0x50, 0x02, 0xbd, 0x27, 0x18, 0x02, 0xa6, 0x27,
  0x18, 0x01, 0xa5, 0x27, 0x7b, 0x0a, 0x11, 0x04, 0x25, 0x20, 0x80, 0x02,
  0xdc, 0xff, 0x40, 0x10, 0x25, 0x90, 0x40, 0x00, 0x18, 0x02, 0xa2, 0x27,
  0x20, 0x02, 0xa4, 0x8f, 0x25, 0x30, 0x00, 0x02, 0x10, 0x00, 0xa2, 0xaf,
  0x18, 0x00, 0xa7, 0x27, 0xe6, 0x0a, 0x11, 0x04, 0x25, 0x28, 0x00, 0x00,
  0xd5, 0xff, 0x40, 0x10, 0x25, 0x80, 0x40, 0x00, 0x0a, 0x00, 0x42, 0x94,
  0x00, 0x00, 0x00, 0x00, 0x08, 0x00, 0x51, 0x10, 0x00, 0x00, 0x00, 0x00,
  0x03, 0x00, 0x90, 0x16, 0x02, 0x00, 0x03, 0x24, 0x04, 0x00, 0x43, 0x10,
  0x00, 0x00, 0x00, 0x00, 0xf0, 0xff, 0x02, 0x24, 0xca, 0xff, 0x00, 0x10,
  0x18, 0x02, 0xa2, 0xaf, 0x18, 0x00, 0x42, 0x8e, 0x18, 0x02, 0xa6, 0x27,
  0xb8, 0x03, 0x5e, 0x94, 0x18, 0x00, 0xa5, 0x27, 0x5f, 0x0a, 0x11, 0x04,
  0x25, 0x20, 0x00, 0x02, 0x00, 0xf0, 0xde, 0x33, 0x27, 0x00, 0x40, 0x10,
  0x25, 0x88, 0x40, 0x00, 0x18, 0x00, 0x42, 0x8c, 0x00, 0xf0, 0x03, 0x24,
  0xb8, 0x03, 0x42, 0x94, 0x00, 0x00, 0x00, 0x00, 0x24, 0x10, 0x43, 0x00,
  0x00, 0x10, 0x03, 0x24, 0x1b, 0x00, 0xc3, 0x17, 0x00, 0x00, 0x00, 0x00,
  0xd9, 0x00, 0x5e, 0x14, 0xec, 0xff, 0x03, 0x24, 0x6f, 0x09, 0x11, 0x04,
  0x25, 0x20, 0x20, 0x02, 0xd5, 0x00, 0x40, 0x10, 0xa6, 0xff, 0x03, 0x24,
  0x0a, 0x00, 0x22, 0x96, 0x00, 0x00, 0x00, 0x00, 0x02, 0x00, 0x42, 0x2c,
  0x06, 0x00, 0x40, 0x14, 0xf0, 0xff, 0x02, 0x24, 0x18, 0x02, 0xa2, 0xaf,
  0x57, 0x13, 0x11, 0x04, 0x25, 0x20, 0x20, 0x02, 0xa9, 0xff, 0x00, 0x10,
  0x00, 0x00, 0x00, 0x00, 0xfb, 0xff, 0x51, 0x12, 0x00, 0x00, 0x00, 0x00,
  0x18, 0x02, 0xa2, 0x8f, 0x00, 0x00, 0x00, 0x00, 0x0e, 0x00, 0x40, 0x10,
  0x00, 0x10, 0x02, 0x24, 0xa1, 0xff, 0x20, 0x12, 0x00, 0x00, 0x00, 0x00,
  0xf3, 0xff, 0x00, 0x10, 0x00, 0x00, 0x00, 0x00, 0xeb, 0xff, 0x43, 0x14,
  0xeb, 0xff, 0x03, 0x24, 0xef, 0xff, 0x00, 0x10, 0x18, 0x02, 0xa3, 0xaf,
  0x18, 0x02, 0xa3, 0x8f, 0xfe, 0xff, 0x02, 0x24, 0xf1, 0xff, 0x62, 0x14,
  0x00, 0x10, 0x02, 0x24, 0x18, 0x02, 0xa0, 0xaf, 0x0a, 0x00, 0xc2, 0x13,
  0x00, 0x00, 0x00, 0x00, 0x01, 0x00, 0x05, 0x3c, 0x58, 0x8d, 0xa5, 0x24,
  0x6d, 0x04, 0x11, 0x04, 0x18, 0x01, 0xa4, 0x27, 0x27, 0x00, 0x40, 0x14,
  0x00, 0x00, 0x00, 0x00, 0xea, 0xff, 0x02, 0x24, 0x13, 0x00, 0x00, 0x10,
  0x18, 0x02, 0xa2, 0xaf, 0xf6, 0xff, 0x90, 0x12, 0x00, 0x00, 0x00, 0x00,
  0x6c, 0x13, 0x11, 0x04, 0x25, 0x20, 0x00, 0x02, 0x25, 0xa8, 0x40, 0x00,
  0x01, 0x00, 0x02, 0x3c, 0x5c, 0x8d, 0x42, 0x24, 0x24, 0x02, 0xa2, 0xaf,
  0x0d, 0x00, 0xb2, 0x16, 0xea, 0xff, 0x02, 0x24, 0x18, 0x02, 0xa2, 0xaf,
  0x25, 0x98, 0x40, 0x02, 0x29, 0x13, 0x11, 0x04, 0x25, 0x20, 0x60, 0x02,
  0x18, 0x02, 0xa2, 0x8f, 0x00, 0x00, 0x00, 0x00, 0xe6, 0xff, 0x40, 0x10,
  0x00, 0x00, 0x00, 0x00, 0x25, 0xa8, 0x00, 0x00, 0x25, 0xb8, 0x00, 0x00,
  0x33, 0x00, 0x00, 0x10, 0x25, 0xb0, 0x00, 0x00, 0x24, 0x02, 0xa5, 0x8f,
  0x25, 0x20, 0xa0, 0x02, 0x0c, 0x0a, 0x11, 0x04, 0x18, 0x02, 0xa6, 0x27,
  0x25, 0x98, 0x40, 0x00, 0x1a, 0x13, 0x11, 0x04, 0x25, 0x20, 0xa0, 0x02,
  0xee, 0xff, 0xb3, 0x12, 0x00, 0x00, 0x00, 0x00, 0xec, 0xff, 0x60, 0x12,
  0x00, 0x00, 0x00, 0x00, 0xe6, 0xff, 0x00, 0x10, 0x25, 0xa8, 0x60, 0x02,
  0x01, 0x00, 0x05, 0x3c, 0x5c, 0x8d, 0xa5, 0x24, 0x41, 0x04, 0x11, 0x04,
  0x18, 0x01, 0xa4, 0x27, 0xd5, 0xff, 0x40, 0x10, 0x00, 0x00, 0x00, 0x00,
  0x01, 0x00, 0x05, 0x3c, 0x58, 0x8d, 0xa5, 0x24, 0x3b, 0x04, 0x11, 0x04,
  0x18, 0x00, 0xa4, 0x27, 0xcf, 0xff, 0x40, 0x10, 0x00, 0x00, 0x00, 0x00,
  0x01, 0x00, 0x05, 0x3c, 0x5c, 0x8d, 0xa5, 0x24, 0x35, 0x04, 0x11, 0x04,
  0x18, 0x00, 0xa4, 0x27, 0xc9, 0xff, 0x40, 0x10, 0x03, 0x00, 0x05, 0x24,
  0xd6, 0x09, 0x11, 0x04, 0x25, 0x20, 0x80, 0x02, 0xda, 0xff, 0x40, 0x14,
  0x18, 0x02, 0xa2, 0xaf, 0x03, 0x00, 0x05, 0x24, 0xd1, 0x09, 0x11, 0x04,
  0x25, 0x20, 0x00, 0x02, 0xd5, 0xff, 0x40, 0x14, 0x18, 0x02, 0xa2, 0xaf,
  0x0b, 0x00, 0x20, 0x12, 0x18, 0x00, 0xa5, 0x27, 0xc2, 0x08, 0x11, 0x04,
  0x25, 0x20, 0x00, 0x02, 0x08, 0x00, 0x40, 0x14, 0x25, 0xb0, 0x40, 0x00,
  0xfe, 0xff, 0x02, 0x24, 0x18, 0x02, 0xa2, 0xaf, 0x25, 0xa8, 0x00, 0x00,
  0x25, 0xb8, 0x00, 0x00, 0x0b, 0x00, 0x00, 0x10, 0x25, 0x98, 0x00, 0x00,
  0x25, 0xb0, 0x00, 0x00, 0x18, 0x01, 0xa5, 0x27, 0xb6, 0x08, 0x11, 0x04,
  0x25, 0x20, 0x80, 0x02, 0x25, 0x00, 0x40, 0x14, 0x25, 0x98, 0x40, 0x00,
  0xfe, 0xff, 0x02, 0x24, 0x18, 0x02, 0xa2, 0xaf, 0x25, 0xa8, 0x00, 0x00,
  0x25, 0xb8, 0x00, 0x00, 0x18, 0x02, 0xa3, 0x8f, 0x00, 0x00, 0x00, 0x00,
  0x34, 0x00, 0x60, 0x10, 0x00, 0x00, 0x00, 0x00, 0x02, 0x00, 0xc0, 0x12,
  0x00, 0x00, 0x00, 0x00, 0x0c, 0x00, 0xc0, 0xae, 0x02, 0x00, 0x60, 0x12,
  0x00, 0x00, 0x00, 0x00, 0x0c, 0x00, 0x60, 0xae, 0x02, 0x00, 0xa0, 0x12,
  0x00, 0x00, 0x00, 0x00, 0x0c, 0x00, 0xa0, 0xae, 0x02, 0x00, 0x20, 0x12,
  0x00, 0x00, 0x00, 0x00, 0x0c, 0x00, 0x20, 0xae, 0x0c, 0x00, 0x80, 0xae,
  0x0c, 0x00, 0x00, 0xae, 0x03, 0x00, 0x60, 0x12, 0x00, 0x00, 0x00, 0x00,
  0xcd, 0x12, 0x11, 0x04, 0x25, 0x20, 0x60, 0x02, 0x03, 0x00, 0xa0, 0x12,
  0x00, 0x00, 0x00, 0x00, 0xc9, 0x12, 0x11, 0x04, 0x25, 0x20, 0xa0, 0x02,
  0x79, 0xff, 0xc0, 0x12, 0x00, 0x00, 0x00, 0x00, 0xc5, 0x12, 0x11, 0x04,
  0x25, 0x20, 0xc0, 0x02, 0x75, 0xff, 0x00, 0x10, 0x00, 0x00, 0x00, 0x00,
  0x18, 0x00, 0x46, 0x8e, 0x18, 0x02, 0xa2, 0x27, 0xb8, 0x03, 0xc7, 0x94,
  0x18, 0x00, 0xa5, 0x27, 0x10, 0x00, 0xa2, 0xaf, 0x08, 0x00, 0xc6, 0x24,
  0xcb, 0x0b, 0x11, 0x04, 0x25, 0x20, 0x00, 0x02, 0x25, 0xa8, 0x40, 0x00,
  0xd6, 0xff, 0x40, 0x10, 0x25, 0xb8, 0x00, 0x00, 0x00, 0x10, 0x03, 0x24,
  0xd3, 0xff, 0xc3, 0x17, 0x00, 0x00, 0x00, 0x00, 0xd1, 0xff, 0x90, 0x12,
  0x18, 0x02, 0xa6, 0x27, 0x18, 0x00, 0x05, 0x8e, 0x00, 0x00, 0x00, 0x00,
  0x08, 0x00, 0xa5, 0x24, 0xf7, 0x08, 0x11, 0x04, 0x25, 0x20, 0x40, 0x02,
  0xca, 0xff, 0x00, 0x10, 0x25, 0xb8, 0x40, 0x00, 0x1c, 0x00, 0x90, 0x16,
  0x25, 0x28, 0x60, 0x02, 0x05, 0x00, 0x75, 0x12, 0x25, 0x28, 0xa0, 0x02,
  0x08, 0x00, 0x63, 0x96, 0x00, 0x00, 0x00, 0x00, 0x01, 0x00, 0x63, 0x34,
  0x08, 0x00, 0x63, 0xa6, 0xe1, 0x0c, 0x11, 0x04, 0x25, 0x20, 0x00, 0x02,
  0x06, 0x00, 0xe0, 0x12, 0x00, 0x00, 0x00, 0x00, 0x25, 0x20, 0x40, 0x02,
  0xdc, 0x0c, 0x11, 0x04, 0x25, 0x28, 0xe0, 0x02, 0x9b, 0x12, 0x11, 0x04,
  0x25, 0x20, 0xe0, 0x02, 0x06, 0x00, 0x20, 0x12, 0x25, 0x20, 0x20, 0x02,
  0x08, 0x00, 0x22, 0x96, 0x00, 0x00, 0x00, 0x00, 0xfe, 0xff, 0x42, 0x30,
  0xfe, 0x06, 0x11, 0x04, 0x08, 0x00, 0x22, 0xa6, 0x20, 0x02, 0xa4, 0x8f,
  0x2f, 0x13, 0x11, 0x04, 0x00, 0x00, 0x00, 0x00, 0xbf, 0xff, 0x00, 0x10,
  0x00, 0x00, 0x00, 0x00, 0xcc, 0x0c, 0x11, 0x04, 0x25, 0x20, 0x80, 0x02,
  0xe8, 0xff, 0x00, 0x10, 0x25, 0x28, 0xa0, 0x02, 0x31, 0xff, 0x00, 0x10,
  0x18, 0x02, 0xa3, 0xaf, 0x04, 0x00, 0x84, 0x8c, 0xd8, 0xff, 0xbd, 0x27,
  0x20, 0x00, 0xb1, 0xaf, 0x1c, 0x00, 0xb0, 0xaf, 0x24, 0x00, 0xbf, 0xaf,
  0x25, 0x80, 0xa0, 0x00, 0x20, 0xfc, 0x11, 0x04, 0x10, 0x00, 0xa0, 0xaf,
  0x25, 0x88, 0x40, 0x00, 0x1b, 0x00, 0x20, 0x12, 0xed, 0xff, 0x02, 0x24,
  0x25, 0x30, 0x00, 0x02, 0x10, 0x00, 0xa7, 0x27, 0x25, 0x28, 0x00, 0x00,
  0x5c, 0x0a, 0x11, 0x04, 0x25, 0x20, 0x20, 0x02, 0x0b, 0x00, 0x40, 0x10,
  0x25, 0x80, 0x40, 0x00, 0x18, 0x00, 0x42, 0x8c, 0x00, 0x10, 0x03, 0x24,
  0xb8, 0x03, 0x42, 0x94, 0x00, 0x00, 0x00, 0x00, 0x00, 0xf0, 0x42, 0x30,
  0x12, 0x00, 0x43, 0x10, 0xec, 0xff, 0x02, 0x24, 0x10, 0x00, 0xa2, 0xaf,
  0x6d, 0x12, 0x11, 0x04, 0x25, 0x20, 0x00, 0x02, 0x01, 0x00, 0x04, 0x3c,
  0x64, 0x94, 0x84, 0x8c, 0xc1, 0x03, 0x11, 0x04, 0x00, 0x00, 0x00, 0x00,
  0x3c, 0x00, 0x22, 0x8e, 0x00, 0x00, 0x00, 0x00, 0x02, 0x00, 0x40, 0x14,
  0x00, 0x00, 0x00, 0x00, 0x10, 0x00, 0xa2, 0x8f, 0x24, 0x00, 0xbf, 0x8f,
  0x20, 0x00, 0xb1, 0x8f, 0x1c, 0x00, 0xb0, 0x8f, 0x08, 0x00, 0xe0, 0x03,
  0x28, 0x00, 0xbd, 0x27, 0x01, 0x00, 0x05, 0x24, 0x32, 0x09, 0x11, 0x04,
  0x25, 0x20, 0x00, 0x02, 0xec, 0xff, 0x40, 0x14, 0x10, 0x00, 0xa2, 0xaf,
  0x18, 0x00, 0x05, 0x8e, 0x08, 0x00, 0x06, 0x24, 0x08, 0x00, 0xa5, 0x24,
  0x74, 0x03, 0x11, 0x04, 0x34, 0x00, 0x24, 0x26, 0xe5, 0xff, 0x00, 0x10,
  0x00, 0x00, 0x00, 0x00, 0x04, 0x00, 0x84, 0x8c, 0xc0, 0xff, 0xbd, 0x27,
  0x20, 0x00, 0xb1, 0xaf, 0x3c, 0x00, 0xbf, 0xaf, 0x38, 0x00, 0xb7, 0xaf,
  0x34, 0x00, 0xb6, 0xaf, 0x30, 0x00, 0xb5, 0xaf, 0x2c, 0x00, 0xb4, 0xaf,
  0x28, 0x00, 0xb3, 0xaf, 0x24, 0x00, 0xb2, 0xaf, 0xe6, 0xfb, 0x11, 0x04,
  0x1c, 0x00, 0xb0, 0xaf, 0x25, 0x88, 0x40, 0x00, 0x12, 0x00, 0x20, 0x12,
  0xed, 0xff, 0x02, 0x24, 0x25, 0xa8, 0x00, 0x00, 0x01, 0x00, 0x17, 0x3c,
  0x30, 0x93, 0xf7, 0x26, 0x30, 0x02, 0x12, 0x24, 0x01, 0x00, 0x13, 0x24,
  0x04, 0x00, 0xe2, 0x8e, 0x00, 0x00, 0x00, 0x00, 0x2b, 0x10, 0xa2, 0x02,
  0x13, 0x00, 0x40, 0x14, 0x18, 0x00, 0xb2, 0x02, 0xd6, 0x12, 0x11, 0x04,
  0x25, 0x20, 0x20, 0x02, 0x01, 0x00, 0x04, 0x3c, 0x64, 0x94, 0x84, 0x8c,
  0x8c, 0x03, 0x11, 0x04, 0x00, 0x00, 0x00, 0x00, 0x3c, 0x00, 0x22, 0x8e,
  0x3c, 0x00, 0xbf, 0x8f, 0x38, 0x00, 0xb7, 0x8f, 0x34, 0x00, 0xb6, 0x8f,
  0x30, 0x00, 0xb5, 0x8f, 0x2c, 0x00, 0xb4, 0x8f, 0x28, 0x00, 0xb3, 0x8f,
  0x24, 0x00, 0xb2, 0x8f, 0x20, 0x00, 0xb1, 0x8f, 0x1c, 0x00, 0xb0, 0x8f,
  0x08, 0x00, 0xe0, 0x03, 0x40, 0x00, 0xbd, 0x27, 0x01, 0x00, 0x10, 0x3c,
  0x60, 0x94, 0x10, 0x8e, 0x12, 0xa0, 0x00, 0x00, 0x21, 0x80, 0x14, 0x02,
  0x28, 0x00, 0x02, 0x96, 0x00, 0x00, 0x00, 0x00, 0x14, 0x00, 0x40, 0x10,
  0x00, 0x00, 0x00, 0x00, 0x04, 0x00, 0x02, 0x8e, 0x2c, 0x00, 0x07, 0x8e,
  0x0c, 0x00, 0x42, 0x8c, 0x2a, 0x00, 0x06, 0x96, 0x04, 0x00, 0x44, 0x8c,
  0x00, 0x00, 0x42, 0x8c, 0x14, 0x00, 0xb3, 0xaf, 0x10, 0x00, 0xb3, 0xaf,
  0x04, 0x00, 0x42, 0x8c, 0x00, 0x00, 0x00, 0x00, 0x09, 0xf8, 0x40, 0x00,
  0x30, 0x00, 0x05, 0x26, 0x25, 0xb0, 0x00, 0x00, 0x04, 0x00, 0xe2, 0x8e,
  0x00, 0x00, 0x00, 0x00, 0x2b, 0x10, 0xc2, 0x02, 0x04, 0x00, 0x40, 0x14,
  0x18, 0x00, 0xd2, 0x02, 0x28, 0x00, 0x00, 0xa6, 0xcd, 0xff, 0x00, 0x10,
  0x01, 0x00, 0xb5, 0x26, 0x01, 0x00, 0x05, 0x3c, 0x60, 0x94, 0xa5, 0x8c,
  0x12, 0x20, 0x00, 0x00, 0x21, 0x20, 0xa4, 0x00, 0x04, 0x00, 0x82, 0x8c,
  0x00, 0x00, 0x00, 0x00, 0x18, 0x00, 0x40, 0x10, 0x21, 0x28, 0xb4, 0x00,
  0x04, 0x00, 0xa3, 0x8c, 0x0c, 0x00, 0x42, 0x8c, 0x0c, 0x00, 0x63, 0x8c,
  0x00, 0x00, 0x00, 0x00, 0x12, 0x00, 0x62, 0x14, 0x00, 0x00, 0x00, 0x00,
  0x2a, 0x00, 0xa3, 0x94, 0x2a, 0x00, 0x82, 0x94, 0x00, 0x00, 0x00, 0x00,
  0x0d, 0x00, 0x62, 0x14, 0x00, 0x00, 0x00, 0x00, 0x2c, 0x00, 0xa3, 0x8c,
  0x2c, 0x00, 0x82, 0x8c, 0x00, 0x00, 0x00, 0x00, 0x08, 0x00, 0x62, 0x14,
  0x00, 0x00, 0x00, 0x00, 0x28, 0x00, 0x82, 0x94, 0x00, 0x00, 0x00, 0x00,
  0x04, 0x00, 0x40, 0x14, 0x00, 0x02, 0x06, 0x24, 0x30, 0x00, 0xa5, 0x24,
  0x0b, 0x03, 0x11, 0x04, 0x30, 0x00, 0x84, 0x24, 0xd8, 0xff, 0x00, 0x10,
  0x01, 0x00, 0xd6, 0x26, 0xd8, 0xff, 0xbd, 0x27, 0x20, 0x00, 0xb4, 0xaf,
  0x25, 0xa0, 0x80, 0x00, 0x25, 0x20, 0xc0, 0x00, 0x18, 0x00, 0xb2, 0xaf,
  0x14, 0x00, 0xb1, 0xaf, 0x10, 0x00, 0xb0, 0xaf, 0x24, 0x00, 0xbf, 0xaf,
  0x1c, 0x00, 0xb3, 0xaf, 0x25, 0x90, 0xc0, 0x00, 0x54, 0x0f, 0x11, 0x04,
  0x25, 0x88, 0xe0, 0x00, 0x40, 0x00, 0x40, 0x10, 0xfa, 0xff, 0x10, 0x24,
  0x01, 0x00, 0x04, 0x3c, 0x64, 0x94, 0x84, 0x8c, 0x32, 0x03, 0x11, 0x04,
  0x25, 0x98, 0x40, 0x00, 0x01, 0x00, 0x25, 0x32, 0x02, 0x00, 0xa0, 0x14,
  0x00, 0x00, 0x00, 0x00, 0x03, 0x00, 0x05, 0x24, 0xd7, 0x02, 0x11, 0x04,
  0x25, 0x20, 0x40, 0x02, 0x30, 0x00, 0x40, 0x04, 0x25, 0x80, 0x40, 0x00,
  0x01, 0x00, 0x06, 0x3c, 0x30, 0x93, 0xc6, 0x8c, 0x04, 0x00, 0x83, 0x8e,
  0x00, 0x00, 0x00, 0x00, 0x2b, 0x10, 0x66, 0x00, 0x36, 0x00, 0x40, 0x10,
  0x44, 0x01, 0x04, 0x24, 0x18, 0x00, 0x64, 0x00, 0x01, 0x00, 0x02, 0x3c,
  0x54, 0x94, 0x42, 0x8c, 0x12, 0x90, 0x00, 0x00, 0x21, 0x20, 0x52, 0x00,
  0x08, 0x00, 0x83, 0x8c, 0x00, 0x00, 0x00, 0x00, 0x00, 0x80, 0x63, 0x30,
  0x31, 0x00, 0x60, 0x14, 0x00, 0x00, 0x00, 0x00, 0x08, 0x00, 0x45, 0x8c,
  0x00, 0x00, 0x00, 0x00, 0x00, 0x80, 0xa5, 0x30, 0x09, 0x00, 0xa0, 0x10,
  0x00, 0x00, 0x00, 0x00, 0x00, 0x00, 0x45, 0x8c, 0x00, 0x00, 0x00, 0x00,
  0x05, 0x00, 0x65, 0x16, 0x00, 0x00, 0x00, 0x00, 0x04, 0x00, 0x45, 0x8c,
  0x00, 0x00, 0x00, 0x00, 0x24, 0x00, 0x05, 0x12, 0x00, 0x00, 0x00, 0x00,
  0x01, 0x00, 0x63, 0x24, 0xf1, 0xff, 0x66, 0x14, 0x44, 0x01, 0x42, 0x24,
  0x08, 0x00, 0x91, 0xac, 0x00, 0x00, 0x93, 0xac, 0x0b, 0x11, 0x11, 0x04,
  0x04, 0x00, 0x90, 0xac, 0x17, 0x00, 0x40, 0x04, 0x25, 0x88, 0x40, 0x00,
  0x01, 0x00, 0x02, 0x3c, 0x54, 0x94, 0x42, 0x8c, 0x25, 0x80, 0x00, 0x00,
  0x21, 0x10, 0x52, 0x00, 0x08, 0x00, 0x43, 0x8c, 0x00, 0x00, 0x00, 0x00,
  0x00, 0x80, 0x63, 0x34, 0x08, 0x00, 0x43, 0xac, 0x01, 0x00, 0x04, 0x3c,
  0x64, 0x94, 0x84, 0x8c, 0xf5, 0x02, 0x11, 0x04, 0x00, 0x00, 0x00, 0x00,
  0x24, 0x00, 0xbf, 0x8f, 0x20, 0x00, 0xb4, 0x8f, 0x1c, 0x00, 0xb3, 0x8f,
  0x18, 0x00, 0xb2, 0x8f, 0x14, 0x00, 0xb1, 0x8f, 0x25, 0x10, 0x00, 0x02,
  0x10, 0x00, 0xb0, 0x8f, 0x08, 0x00, 0xe0, 0x03, 0x28, 0x00, 0xbd, 0x27,
  0xe8, 0xff, 0x11, 0x24, 0x98, 0x02, 0x11, 0x04, 0x25, 0x20, 0x00, 0x02,
  0xef, 0xff, 0x00, 0x10, 0x25, 0x80, 0x20, 0x02, 0xfb, 0xff, 0x00, 0x10,
  0xf0, 0xff, 0x11, 0x24, 0x04, 0x00, 0x84, 0x8c, 0xe0, 0xff, 0xbd, 0x27,
  0x18, 0x00, 0xb1, 0xaf, 0x1c, 0x00, 0xbf, 0xaf, 0x26, 0xfb, 0x11, 0x04,
  0x14, 0x00, 0xb0, 0xaf, 0x22, 0x00, 0x40, 0x10, 0xed, 0xff, 0x11, 0x24,
  0x25, 0x80, 0x40, 0x00, 0x01, 0x00, 0x02, 0x3c, 0x60, 0x94, 0x42, 0x8c,
  0x01, 0x00, 0x05, 0x3c, 0x34, 0x93, 0xa5, 0x8c, 0x04, 0x00, 0x42, 0x24,
  0x25, 0x18, 0x00, 0x00, 0x0a, 0x00, 0x65, 0x14, 0x00, 0x00, 0x00, 0x00,
  0x5a, 0x13, 0x11, 0x04, 0x25, 0x20, 0x00, 0x02, 0x04, 0x00, 0x04, 0x8e,
  0x7e, 0x02, 0x11, 0x04, 0x25, 0x88, 0x00, 0x00, 0xbe, 0xf5, 0x11, 0x04,
  0x25, 0x20, 0x00, 0x02, 0x0c, 0x00, 0x00, 0x10, 0x00, 0x00, 0x00, 0x00,
  0x00, 0x00, 0x44, 0x8c, 0x00, 0x00, 0x00, 0x00, 0x05, 0x00, 0x80, 0x10,
  0x00, 0x00, 0x00, 0x00, 0x0c, 0x00, 0x84, 0x8c, 0x00, 0x00, 0x00, 0x00,
  0x04, 0x00, 0x90, 0x10, 0xf0, 0xff, 0x11, 0x24, 0x01, 0x00, 0x63, 0x24,
  0xeb, 0xff, 0x00, 0x10, 0x30, 0x02, 0x42, 0x24, 0x01, 0x00, 0x04, 0x3c,
  0x64, 0x94, 0x84, 0x8c, 0xbc, 0x02, 0x11, 0x04, 0x00, 0x00, 0x00, 0x00,
  0x1c, 0x00, 0xbf, 0x8f, 0x14, 0x00, 0xb0, 0x8f, 0x25, 0x10, 0x20, 0x02,
  0x18, 0x00, 0xb1, 0x8f, 0x08, 0x00, 0xe0, 0x03, 0x20, 0x00, 0xbd, 0x27,
  0xe0, 0xff, 0xbd, 0x27, 0x18, 0x00, 0xb0, 0xaf, 0x1c, 0x00, 0xbf, 0xaf,
  0x15, 0x00, 0xa0, 0x10, 0xfe, 0xff, 0x10, 0x24, 0x13, 0x00, 0xc0, 0x10,
  0x00, 0x00, 0x00, 0x00, 0x04, 0x00, 0x84, 0x8c, 0x28, 0x00, 0xa6, 0xaf,
  0xf2, 0xfa, 0x11, 0x04, 0x24, 0x00, 0xa5, 0xaf, 0x0d, 0x00, 0x40, 0x10,
  0xed, 0xff, 0x10, 0x24, 0x01, 0x00, 0x03, 0x3c, 0xff, 0x41, 0x63, 0x24,
  0x28, 0x00, 0xa6, 0x8f, 0x24, 0x00, 0xa5, 0x8f, 0x25, 0x20, 0x40, 0x00,
  0x10, 0x00, 0xa3, 0xaf, 0x03, 0xf7, 0x11, 0x04, 0x02, 0x02, 0x07, 0x24,
  0x01, 0x00, 0x04, 0x3c, 0x64, 0x94, 0x84, 0x8c, 0x9d, 0x02, 0x11, 0x04,
  0x25, 0x80, 0x40, 0x00, 0x1c, 0x00, 0xbf, 0x8f, 0x25, 0x10, 0x00, 0x02,
  0x18, 0x00, 0xb0, 0x8f, 0x08, 0x00, 0xe0, 0x03, 0x20, 0x00, 0xbd, 0x27,
  0xc8, 0xff, 0xbd, 0x27, 0xea, 0xff, 0x02, 0x24, 0x34, 0x00, 0xbf, 0xaf,
  0x30, 0x00, 0xb3, 0xaf, 0x2c, 0x00, 0xb2, 0xaf, 0x28, 0x00, 0xb1, 0xaf,
  0x24, 0x00, 0xb0, 0xaf, 0x40, 0x00, 0xa6, 0xaf, 0x23, 0x00, 0xe0, 0x04,
  0x10, 0x00, 0xa0, 0xaf, 0x04, 0x00, 0x84, 0x8c, 0x25, 0x90, 0xa0, 0x00,
  0x25, 0x80, 0xe0, 0x00, 0xd0, 0xfa, 0x11, 0x04, 0x25, 0x98, 0xe0, 0x00,
  0x25, 0x88, 0x40, 0x00, 0x1b, 0x00, 0x20, 0x12, 0xed, 0xff, 0x02, 0x24,
  0x25, 0x30, 0x40, 0x02, 0x10, 0x00, 0xa7, 0x27, 0x25, 0x28, 0x00, 0x00,
  0x0c, 0x09, 0x11, 0x04, 0x25, 0x20, 0x20, 0x02, 0x0b, 0x00, 0x40, 0x10,
  0x25, 0x90, 0x40, 0x00, 0x18, 0x00, 0x45, 0x8c, 0x00, 0x40, 0x03, 0x24,
  0xb8, 0x03, 0xa2, 0x94, 0x00, 0x00, 0x00, 0x00, 0x00, 0xf0, 0x42, 0x30,
  0x14, 0x00, 0x43, 0x10, 0xea, 0xff, 0x02, 0x24, 0x10, 0x00, 0xa2, 0xaf,
  0x1d, 0x11, 0x11, 0x04, 0x25, 0x20, 0x40, 0x02, 0x01, 0x00, 0x04, 0x3c,
  0x64, 0x94, 0x84, 0x8c, 0x71, 0x02, 0x11, 0x04, 0x00, 0x00, 0x00, 0x00,
  0x3c, 0x00, 0x22, 0x8e, 0x00, 0x00, 0x00, 0x00, 0x02, 0x00, 0x40, 0x14,
  0x00, 0x00, 0x00, 0x00, 0x10, 0x00, 0xa2, 0x8f, 0x34, 0x00, 0xbf, 0x8f,
  0x30, 0x00, 0xb3, 0x8f, 0x2c, 0x00, 0xb2, 0x8f, 0x28, 0x00, 0xb1, 0x8f,
  0x24, 0x00, 0xb0, 0x8f, 0x08, 0x00, 0xe0, 0x03, 0x38, 0x00, 0xbd, 0x27,
  0x30, 0x00, 0xa5, 0x24, 0x25, 0x20, 0xa0, 0x00, 0x30, 0x02, 0x11, 0x04,
  0x18, 0x00, 0xa5, 0xaf, 0x2b, 0x18, 0x02, 0x02, 0x18, 0x00, 0xa5, 0x8f,
  0x03, 0x00, 0x60, 0x14, 0x00, 0x00, 0x00, 0x00, 0x25, 0x98, 0x40, 0x00,
  0x25, 0x80, 0x40, 0x00, 0x40, 0x00, 0xa4, 0x8f, 0x25, 0x30, 0x00, 0x02,
  0x1e, 0x02, 0x11, 0x04, 0x10, 0x00, 0xb3, 0xaf, 0xdf, 0xff, 0x00, 0x10,
  0x00, 0x00, 0x00, 0x00, 0xe0, 0xff, 0xbd, 0x27, 0x20, 0x00, 0xa4, 0xaf,
  0x10, 0x00, 0xa4, 0x27, 0x1c, 0x00, 0xbf, 0xaf, 0x18, 0x00, 0xb0, 0xaf,
  0x65, 0x12, 0x11, 0x04, 0x24, 0x00, 0xa5, 0xaf, 0x09, 0x00, 0x40, 0x10,
  0x25, 0x80, 0x40, 0x00, 0x20, 0x00, 0xa4, 0x8f, 0x24, 0x00, 0xa7, 0x8f,
  0x18, 0x00, 0x45, 0x8c, 0xd5, 0x0d, 0x11, 0x04, 0x02, 0x00, 0x06, 0x24,
  0x25, 0x20, 0x00, 0x02, 0xec, 0x10, 0x11, 0x04, 0x10, 0x00, 0xa2, 0xaf,
  0x1c, 0x00, 0xbf, 0x8f, 0x10, 0x00, 0xa2, 0x8f, 0x18, 0x00, 0xb0, 0x8f,
  0x08, 0x00, 0xe0, 0x03, 0x20, 0x00, 0xbd, 0x27, 0xc0, 0xff, 0xbd, 0x27,
  0x18, 0x00, 0xb0, 0xaf, 0x25, 0x80, 0x80, 0x00, 0x25, 0x20, 0xa0, 0x00,
  0x2c, 0x00, 0xb5, 0xaf, 0x28, 0x00, 0xb4, 0xaf, 0x24, 0x00, 0xb3, 0xaf,
  0x20, 0x00, 0xb2, 0xaf, 0x1c, 0x00, 0xb1, 0xaf, 0x3c, 0x00, 0xbf, 0xaf,
  0x38, 0x00, 0xbe, 0xaf, 0x34, 0x00, 0xb7, 0xaf, 0x30, 0x00, 0xb6, 0xaf,
  0x25, 0x98, 0xa0, 0x00, 0x25, 0x90, 0xc0, 0x00, 0xfd, 0x01, 0x11, 0x04,
  0x25, 0xa8, 0xe0, 0x00, 0x25, 0xa0, 0x40, 0x00, 0x07, 0x00, 0x40, 0x12,
  0x25, 0x88, 0x00, 0x00, 0xf8, 0x01, 0x11, 0x04, 0x25, 0x20, 0x40, 0x02,
  0x07, 0x00, 0x91, 0x26, 0x21, 0x88, 0x22, 0x02, 0xfc, 0xff, 0x02, 0x24,
  0x24, 0x88, 0x22, 0x02, 0x01, 0x00, 0x02, 0x3c, 0x60, 0x8d, 0x42, 0x24,
  0x10, 0x00, 0xa2, 0xaf, 0x01, 0x00, 0x02, 0x3c, 0xac, 0x8d, 0x42, 0x24,
  0x00, 0x04, 0x16, 0x26, 0x25, 0x90, 0x00, 0x00, 0xfc, 0xff, 0x17, 0x24,
  0x14, 0x00, 0xa2, 0xaf, 0x01, 0x00, 0x1e, 0x24, 0x2b, 0x10, 0x16, 0x02,
  0x15, 0x00, 0x40, 0x10, 0x00, 0x00, 0x00, 0x00, 0x02, 0x00, 0x02, 0x96,
  0x00, 0x00, 0x00, 0x00, 0x03, 0x00, 0x42, 0x30, 0x04, 0x00, 0x40, 0x10,
  0x00, 0x00, 0x00, 0x00, 0x10, 0x00, 0xa4, 0x8f, 0xce, 0x01, 0x11, 0x04,
  0x00, 0x00, 0x00, 0x00, 0x00, 0x00, 0x02, 0x92, 0x01, 0x00, 0x04, 0x92,
  0x02, 0x00, 0x03, 0x96, 0x21, 0x10, 0x44, 0x00, 0x07, 0x00, 0x42, 0x24,
  0x24, 0x10, 0x57, 0x00, 0x2a, 0x10, 0x62, 0x00, 0x06, 0x00, 0x40, 0x10,
  0x00, 0x00, 0x00, 0x00, 0x01, 0x00, 0x04, 0x3c, 0xc2, 0x01, 0x11, 0x04,
  0x8c, 0x8d, 0x84, 0x24, 0x23, 0x00, 0x00, 0x10, 0x25, 0x80, 0x00, 0x00,
  0x21, 0x18, 0x03, 0x02, 0x2b, 0x18, 0xc3, 0x02, 0x04, 0x00, 0x60, 0x10,
  0x00, 0x00, 0x00, 0x00, 0x14, 0x00, 0xa4, 0x8f, 0xb9, 0x01, 0x11, 0x04,
  0x00, 0x00, 0x00, 0x00, 0x00, 0x00, 0x04, 0x92, 0x12, 0x00, 0xa0, 0x12,
  0x00, 0x00, 0x00, 0x00, 0x24, 0x00, 0xbe, 0x12, 0x00, 0x00, 0x00, 0x00,
  0x35, 0x00, 0x84, 0x16, 0x25, 0x30, 0x80, 0x02, 0x04, 0x00, 0x05, 0x26,
  0xc4, 0x01, 0x11, 0x04, 0x25, 0x20, 0x60, 0x02, 0x30, 0x00, 0x40, 0x14,
  0x00, 0x00, 0x00, 0x00, 0x2c, 0x00, 0x40, 0x12, 0x00, 0x00, 0x00, 0x00,
  0x02, 0x00, 0x42, 0x96, 0x02, 0x00, 0x03, 0x96, 0x00, 0x00, 0x00, 0x00,
  0x21, 0x10, 0x43, 0x00, 0x08, 0x00, 0x00, 0x10, 0x02, 0x00, 0x42, 0xa6,
  0x21, 0x00, 0x84, 0x16, 0x25, 0x30, 0x80, 0x02, 0x04, 0x00, 0x05, 0x26,
  0xb5, 0x01, 0x11, 0x04, 0x25, 0x20, 0x60, 0x02, 0x1c, 0x00, 0x40, 0x14,
  0x00, 0x00, 0x00, 0x00, 0x3c, 0x00, 0xbf, 0x8f, 0x38, 0x00, 0xbe, 0x8f,
  0x34, 0x00, 0xb7, 0x8f, 0x30, 0x00, 0xb6, 0x8f, 0x2c, 0x00, 0xb5, 0x8f,
  0x28, 0x00, 0xb4, 0x8f, 0x24, 0x00, 0xb3, 0x8f, 0x20, 0x00, 0xb2, 0x8f,
  0x1c, 0x00, 0xb1, 0x8f, 0x25, 0x10, 0x00, 0x02, 0x18, 0x00, 0xb0, 0x8f,
  0x08, 0x00, 0xe0, 0x03, 0x40, 0x00, 0xbd, 0x27, 0x02, 0x00, 0x03, 0x96,
  0x03, 0x00, 0x80, 0x14, 0x2a, 0x10, 0x71, 0x00, 0xef, 0xff, 0x40, 0x10,
  0x00, 0x00, 0x00, 0x00, 0x01, 0x00, 0x02, 0x92, 0x00, 0x00, 0x00, 0x00,
  0x21, 0x10, 0x44, 0x00, 0x07, 0x00, 0x42, 0x24, 0x24, 0x10, 0x57, 0x00,
  0x23, 0x18, 0x62, 0x00, 0x2a, 0x18, 0x71, 0x00, 0xe6, 0xff, 0x60, 0x10,
  0x00, 0x00, 0x00, 0x00, 0x02, 0x00, 0x02, 0x96, 0xa8, 0xff, 0x00, 0x10,
  0x21, 0x80, 0x02, 0x02, 0xe1, 0xff, 0x00, 0x10, 0x00, 0x00, 0x00, 0xa6,
  0xfa, 0xff, 0x00, 0x10, 0x25, 0x90, 0x00, 0x02, 0x08, 0x00, 0xe0, 0x03,
  0xff, 0xff, 0x02, 0x24, 0x00, 0x00, 0x82, 0x8c, 0xc0, 0xff, 0xbd, 0x27,
  0x08, 0x00, 0x43, 0x30, 0x34, 0x00, 0xb5, 0xaf, 0x30, 0x00, 0xb4, 0xaf,
  0x24, 0x00, 0xb1, 0xaf, 0x50, 0x00, 0xb5, 0x8f, 0x3c, 0x00, 0xbf, 0xaf,
  0x38, 0x00, 0xb6, 0xaf, 0x2c, 0x00, 0xb3, 0xaf, 0x28, 0x00, 0xb2, 0xaf,
  0x20, 0x00, 0xb0, 0xaf, 0x25, 0x88, 0xa0, 0x00, 0x04, 0x00, 0x60, 0x10,
  0x25, 0xa0, 0xc0, 0x00, 0x06, 0x70, 0x03, 0x24, 0x1e, 0x00, 0xa3, 0x10,
  0xeb, 0xff, 0x10, 0x24, 0x02, 0x00, 0x42, 0x30, 0x05, 0x00, 0x40, 0x14,
  0x07, 0x70, 0x22, 0x2a, 0x16, 0x00, 0x40, 0x10, 0x05, 0x70, 0x22, 0x2a,
  0x17, 0x00, 0x40, 0x14, 0xf3, 0xff, 0x10, 0x24, 0x0c, 0x00, 0x96, 0x8c,
  0x99, 0xf9, 0x11, 0x04, 0x25, 0x20, 0xc0, 0x02, 0x12, 0x00, 0x40, 0x04,
  0x25, 0x80, 0x40, 0x00, 0x04, 0x00, 0xc4, 0x8e, 0x02, 0x70, 0x02, 0x24,
  0x0c, 0x00, 0x93, 0x8c, 0x2c, 0x00, 0x22, 0x12, 0x03, 0x70, 0x22, 0x2a,
  0x16, 0x00, 0x40, 0x10, 0x01, 0x70, 0x02, 0x24, 0x18, 0x00, 0x22, 0x16,
  0xea, 0xff, 0x10, 0x24, 0x00, 0x00, 0x85, 0x8e, 0xf4, 0x08, 0x11, 0x04,
  0x01, 0x00, 0x06, 0x24, 0x13, 0x00, 0x00, 0x10, 0x25, 0x80, 0x40, 0x00,
  0x32, 0x70, 0x02, 0x24, 0xeb, 0xff, 0x22, 0x12, 0xf3, 0xff, 0x10, 0x24,
  0x3c, 0x00, 0xbf, 0x8f, 0x38, 0x00, 0xb6, 0x8f, 0x34, 0x00, 0xb5, 0x8f,
  0x30, 0x00, 0xb4, 0x8f, 0x2c, 0x00, 0xb3, 0x8f, 0x28, 0x00, 0xb2, 0x8f,
  0x24, 0x00, 0xb1, 0x8f, 0x25, 0x10, 0x00, 0x02, 0x20, 0x00, 0xb0, 0x8f,
  0x08, 0x00, 0xe0, 0x03, 0x40, 0x00, 0xbd, 0x27, 0xfd, 0x8f, 0x22, 0x26,
  0x04, 0x00, 0x42, 0x2c, 0x15, 0x00, 0x40, 0x14, 0xea, 0xff, 0x10, 0x24,
  0x08, 0x00, 0x62, 0x8e, 0x00, 0x00, 0x00, 0x00, 0x02, 0x00, 0x42, 0x30,
  0x04, 0x00, 0x40, 0x10, 0x25, 0x28, 0x00, 0x02, 0xbd, 0x10, 0x11, 0x04,
  0x25, 0x20, 0x60, 0x02, 0x25, 0x28, 0x00, 0x02, 0x66, 0xf9, 0x11, 0x04,
  0x25, 0x20, 0x60, 0x02, 0x01, 0x00, 0x04, 0x3c, 0x64, 0x94, 0x84, 0x8c,
  0x70, 0x01, 0x11, 0x04, 0x25, 0x80, 0x40, 0x00, 0xe2, 0xff, 0x00, 0x10,
  0x00, 0x00, 0x00, 0x00, 0x71, 0x09, 0x11, 0x04, 0x00, 0x00, 0x00, 0x00,
  0xed, 0xff, 0x00, 0x10, 0x00, 0x00, 0x00, 0x00, 0x14, 0x00, 0x86, 0x8c,
  0x10, 0x00, 0x85, 0x94, 0x18, 0x00, 0xa2, 0x27, 0x10, 0x00, 0xa2, 0xaf,
  0x25, 0x38, 0x00, 0x00, 0x01, 0x00, 0xc6, 0x24, 0x2b, 0x11, 0x11, 0x04,
  0x25, 0x20, 0x60, 0x02, 0x04, 0x00, 0x40, 0x14, 0x25, 0x90, 0x40, 0x00,
  0x18, 0x00, 0xb0, 0x8f, 0xe0, 0xff, 0x00, 0x10, 0x00, 0x00, 0x00, 0x00,
  0x05, 0x70, 0x02, 0x24, 0x4c, 0x00, 0x22, 0x12, 0x06, 0x70, 0x02, 0x24,
  0x5f, 0x00, 0x22, 0x12, 0x04, 0x70, 0x02, 0x24, 0x3d, 0x00, 0x22, 0x12,
  0x02, 0x00, 0x07, 0x24, 0x23, 0x01, 0x11, 0x04, 0x25, 0x20, 0x80, 0x02,
  0x25, 0x88, 0x40, 0x00, 0xff, 0xff, 0x42, 0x24, 0xff, 0x00, 0x42, 0x2c,
  0x3c, 0x00, 0x40, 0x10, 0xea, 0xff, 0x03, 0x24, 0x1c, 0x01, 0x11, 0x04,
  0x00, 0x01, 0x84, 0x26, 0x25, 0xb0, 0x40, 0x00, 0xff, 0xff, 0x42, 0x24,
  0xff, 0x00, 0x42, 0x2c, 0x35, 0x00, 0x40, 0x10, 0xea, 0xff, 0x03, 0x24,
  0x18, 0x00, 0x44, 0x8e, 0x25, 0x38, 0x00, 0x00, 0x25, 0x30, 0x00, 0x00,
  0x05, 0xff, 0x11, 0x04, 0x25, 0x28, 0x80, 0x02, 0x2e, 0x00, 0x40, 0x14,
  0xef, 0xff, 0x03, 0x24, 0x18, 0x00, 0x44, 0x8e, 0x01, 0x00, 0x07, 0x24,
  0x00, 0x01, 0x86, 0x26, 0xfe, 0xfe, 0x11, 0x04, 0x25, 0x28, 0x80, 0x02,
  0x27, 0x00, 0x40, 0x10, 0xe4, 0xff, 0x03, 0x24, 0x02, 0x00, 0x44, 0x94,
  0x00, 0x00, 0x45, 0x90, 0x00, 0x00, 0x00, 0x00, 0x07, 0x00, 0xa0, 0x10,
  0x25, 0x18, 0x80, 0x00, 0x01, 0x00, 0x43, 0x90, 0x00, 0x00, 0x00, 0x00,
  0x07, 0x00, 0x63, 0x24, 0x21, 0x18, 0x65, 0x00, 0xfc, 0x03, 0x63, 0x30,
  0x23, 0x18, 0x83, 0x00, 0x23, 0x20, 0x83, 0x00, 0xff, 0xff, 0x84, 0x30,
  0x21, 0x80, 0x44, 0x00, 0x02, 0x00, 0x44, 0xa4, 0x25, 0x30, 0x20, 0x02,
  0x25, 0x28, 0x80, 0x02, 0x04, 0x00, 0x04, 0x26, 0x00, 0x00, 0x11, 0xa2,
  0x01, 0x00, 0x16, 0xa2, 0xeb, 0x00, 0x11, 0x04, 0x02, 0x00, 0x03, 0xa6,
  0x04, 0x00, 0x24, 0x26, 0x25, 0x30, 0xc0, 0x02, 0x00, 0x01, 0x85, 0x26,
  0xe6, 0x00, 0x11, 0x04, 0x21, 0x20, 0x04, 0x02, 0x08, 0x00, 0x42, 0x96,
  0x25, 0x18, 0x00, 0x00, 0x01, 0x00, 0x42, 0x34, 0x07, 0x00, 0x00, 0x10,
  0x08, 0x00, 0x42, 0xa6, 0x18, 0x00, 0x44, 0x8e, 0x25, 0x30, 0x00, 0x00,
  0xd8, 0xfe, 0x11, 0x04, 0x25, 0x28, 0x80, 0x02, 0xf6, 0xff, 0x40, 0x14,
  0xfe, 0xff, 0x03, 0x24, 0x25, 0x20, 0x40, 0x02, 0xb9, 0x0f, 0x11, 0x04,
  0x18, 0x00, 0xa3, 0xaf, 0xb0, 0xff, 0x00, 0x10, 0x00, 0x00, 0x00, 0x00,
  0x18, 0x00, 0x44, 0x8e, 0x25, 0x38, 0x00, 0x00, 0x25, 0x30, 0x00, 0x00,
  0xcc, 0xfe, 0x11, 0x04, 0x25, 0x28, 0x80, 0x02, 0x25, 0x80, 0x40, 0x00,
  0xf4, 0xff, 0x40, 0x10, 0xfe, 0xff, 0x03, 0x24, 0x00, 0x00, 0x45, 0x90,
  0x01, 0x00, 0x46, 0x90, 0x04, 0x00, 0xa5, 0x24, 0x21, 0x28, 0x45, 0x00,
  0xc8, 0x00, 0x11, 0x04, 0x25, 0x20, 0xa0, 0x02, 0x01, 0x00, 0x02, 0x92,
  0x00, 0x00, 0x00, 0x00, 0x21, 0x10, 0xa2, 0x02, 0x00, 0x00, 0x40, 0xa0,
  0x01, 0x00, 0x03, 0x92, 0xe8, 0xff, 0x00, 0x10, 0x25, 0x20, 0x40, 0x02,
  0x08, 0x00, 0xc2, 0x8e, 0x00, 0x00, 0x00, 0x00, 0x00, 0x04, 0x44, 0x2c,
  0xe2, 0xff, 0x80, 0x10, 0x25, 0x18, 0x00, 0x00, 0x00, 0x01, 0xb1, 0x26,
  0x18, 0x00, 0x50, 0x8e, 0x25, 0x20, 0xa0, 0x02, 0x21, 0x80, 0x02, 0x02,
  0x00, 0x00, 0x06, 0x92, 0xb5, 0x00, 0x11, 0x04, 0x04, 0x00, 0x05, 0x26,
  0x00, 0x00, 0x02, 0x92, 0x25, 0x20, 0x20, 0x02, 0x21, 0x10, 0xa2, 0x02,
  0x00, 0x00, 0x40, 0xa0, 0x00, 0x00, 0x05, 0x92, 0x01, 0x00, 0x06, 0x92,
  0x04, 0x00, 0xa5, 0x24, 0xac, 0x00, 0x11, 0x04, 0x21, 0x28, 0x05, 0x02,
  0x01, 0x00, 0x02, 0x92, 0x00, 0x00, 0x00, 0x00, 0x21, 0x10, 0xa2, 0x02,
  0x00, 0x01, 0x40, 0xa0, 0x08, 0x00, 0xc3, 0x8e, 0x02, 0x00, 0x02, 0x96,
  0x00, 0x00, 0x00, 0x00, 0x21, 0x10, 0x43, 0x00, 0x08, 0x00, 0xc2, 0xae,
  0x00, 0x00, 0x03, 0x92, 0x00, 0x00, 0x00, 0x00, 0xc5, 0xff, 0x60, 0x14,
  0x00, 0x04, 0x44, 0x2c, 0xe3, 0xff, 0x80, 0x14, 0x25, 0x20, 0x40, 0x02,
  0xc2, 0xff, 0x00, 0x10, 0x00, 0x00, 0x00, 0x00, 0xe0, 0xff, 0xbd, 0x27,
  0x18, 0x00, 0xb2, 0xaf, 0x14, 0x00, 0xb1, 0xaf, 0x10, 0x00, 0xb0, 0xaf,
  0x1c, 0x00, 0xbf, 0xaf, 0x25, 0x80, 0x00, 0x00, 0x01, 0x00, 0x11, 0x3c,
  0x30, 0x93, 0x31, 0x26, 0x30, 0x02, 0x12, 0x24, 0x04, 0x00, 0x22, 0x8e,
  0x00, 0x00, 0x00, 0x00, 0x2b, 0x10, 0x02, 0x02, 0x0d, 0x00, 0x40, 0x14,
  0x18, 0x00, 0x12, 0x02, 0x25, 0x80, 0x00, 0x00, 0x04, 0x00, 0x22, 0x8e,
  0x00, 0x00, 0x00, 0x00, 0x2b, 0x10, 0x02, 0x02, 0x13, 0x00, 0x40, 0x14,
  0x00, 0x00, 0x00, 0x00, 0x1c, 0x00, 0xbf, 0x8f, 0x18, 0x00, 0xb2, 0x8f,
  0x14, 0x00, 0xb1, 0x8f, 0x10, 0x00, 0xb0, 0x8f, 0x08, 0x00, 0xe0, 0x03,
  0x20, 0x00, 0xbd, 0x27, 0x01, 0x00, 0x04, 0x3c, 0x60, 0x94, 0x84, 0x8c,
  0x12, 0x10, 0x00, 0x00, 0x21, 0x20, 0x82, 0x00, 0x00, 0x00, 0x82, 0x8c,
  0x00, 0x00, 0x00, 0x00, 0x03, 0x00, 0x40, 0x10, 0x00, 0x00, 0x00, 0x00,
  0xbe, 0xf8, 0x11, 0x04, 0x00, 0x00, 0x00, 0x00, 0xe4, 0xff, 0x00, 0x10,
  0x01, 0x00, 0x10, 0x26, 0xa0, 0xf3, 0x11, 0x04, 0x25, 0x20, 0x00, 0x02,
  0x03, 0x00, 0x40, 0x10, 0x00, 0x00, 0x00, 0x00, 0xee, 0x0f, 0x11, 0x04,
  0x25, 0x20, 0x40, 0x00, 0xe2, 0xff, 0x00, 0x10, 0x01, 0x00, 0x10, 0x26,
  0x04, 0x00, 0x84, 0x8c, 0xe8, 0xff, 0xbd, 0x27, 0x10, 0x00, 0xb0, 0xaf,
  0x14, 0x00, 0xbf, 0xaf, 0xe7, 0xf8, 0x11, 0x04, 0x20, 0x00, 0xa6, 0xaf,
  0x19, 0x00, 0x40, 0x10, 0xed, 0xff, 0x10, 0x24, 0x20, 0x00, 0xa6, 0x8f,
  0x25, 0x20, 0x40, 0x00, 0xff, 0x00, 0x02, 0x24, 0x27, 0x00, 0xc2, 0x10,
  0xff, 0xaf, 0xc2, 0x24, 0x05, 0x00, 0x42, 0x2c, 0x0d, 0x00, 0x40, 0x10,
  0xea, 0xff, 0x10, 0x24, 0xfe, 0xaf, 0xc6, 0x24, 0x04, 0x00, 0xc2, 0x2c,
  0x08, 0x00, 0x40, 0x10, 0x80, 0x30, 0x06, 0x00, 0x01, 0x00, 0x02, 0x3c,
  0x80, 0x89, 0x42, 0x24, 0x21, 0x10, 0x46, 0x00, 0x00, 0x00, 0x42, 0x8c,
  0x00, 0x00, 0x00, 0x00, 0x08, 0x00, 0x40, 0x00, 0x00, 0x00, 0x00, 0x00,
  0x1c, 0x00, 0x90, 0x8c, 0x01, 0x00, 0x04, 0x3c, 0x64, 0x94, 0x84, 0x8c,
  0x86, 0x00, 0x11, 0x04, 0x00, 0x00, 0x00, 0x00, 0x14, 0x00, 0xbf, 0x8f,
  0x25, 0x10, 0x00, 0x02, 0x10, 0x00, 0xb0, 0x8f, 0x08, 0x00, 0xe0, 0x03,
  0x18, 0x00, 0xbd, 0x27, 0x10, 0x00, 0x90, 0x8c, 0xf5, 0xff, 0x00, 0x10,
  0x00, 0x00, 0x00, 0x00, 0xa9, 0xff, 0x11, 0x04, 0x25, 0x80, 0x00, 0x00,
  0xf1, 0xff, 0x00, 0x10, 0x00, 0x00, 0x00, 0x00, 0x01, 0x00, 0x05, 0x24,
  0x23, 0xfe, 0x11, 0x04, 0x00, 0x00, 0x00, 0x00, 0xec, 0xff, 0x00, 0x10,
  0x25, 0x80, 0x40, 0x00, 0xfb, 0xff, 0x00, 0x10, 0x02, 0x00, 0x05, 0x24,
  0x1a, 0x03, 0x11, 0x04, 0x25, 0x80, 0x00, 0x00, 0xe6, 0xff, 0x00, 0x10,
  0x00, 0x00, 0x00, 0x00, 0x00, 0x00, 0x00, 0x00, 0x00, 0x00, 0x00, 0x00,
  0x00, 0x00, 0xe0, 0x41, 0x00, 0x00, 0x00, 0x00, 0x01, 0x01, 0x00, 0x00,
  0x63, 0x64, 0x76, 0x64, 0x6d, 0x61, 0x6e, 0x00, 0x08, 0x00, 0xe0, 0x03,
  0x18, 0x00, 0x00, 0x24, 0x00, 0x00, 0x00, 0x00, 0x00, 0x00, 0x00, 0x00,
  0x00, 0x00, 0xe0, 0x41, 0x00, 0x00, 0x00, 0x00, 0x02, 0x01, 0x00, 0x00,
  0x69, 0x6e, 0x74, 0x72, 0x6d, 0x61, 0x6e, 0x00, 0x08, 0x00, 0xe0, 0x03,
  0x11, 0x00, 0x00, 0x24, 0x08, 0x00, 0xe0, 0x03, 0x12, 0x00, 0x00, 0x24,
  0x00, 0x00, 0x00, 0x00, 0x00, 0x00, 0x00, 0x00, 0x00, 0x00, 0xe0, 0x41,
  0x00, 0x00, 0x00, 0x00, 0x01, 0x01, 0x00, 0x00, 0x69, 0x6f, 0x6d, 0x61,
  0x6e, 0x78, 0x00, 0x00, 0x08, 0x00, 0xe0, 0x03, 0x04, 0x00, 0x00, 0x24,
  0x08, 0x00, 0xe0, 0x03, 0x05, 0x00, 0x00, 0x24, 0x08, 0x00, 0xe0, 0x03,
  0x22, 0x00, 0x00, 0x24, 0x08, 0x00, 0xe0, 0x03, 0x14, 0x00, 0x00, 0x24,
  0x08, 0x00, 0xe0, 0x03, 0x15, 0x00, 0x00, 0x24, 0x00, 0x00, 0x00, 0x00,
  0x00, 0x00, 0x00, 0x00, 0x00, 0x00, 0xe0, 0x41, 0x00, 0x00, 0x00, 0x00,
  0x02, 0x01, 0x00, 0x00, 0x73, 0x74, 0x64, 0x69, 0x6f, 0x00, 0x00, 0x00,
  0x08, 0x00, 0xe0, 0x03, 0x04, 0x00, 0x00, 0x24, 0x00, 0x00, 0x00, 0x00,
  0x00, 0x00, 0x00, 0x00, 0x00, 0x00, 0xe0, 0x41, 0x00, 0x00, 0x00, 0x00,
  0x01, 0x01, 0x00, 0x00, 0x73, 0x79, 0x73, 0x63, 0x6c, 0x69, 0x62, 0x00,
  0x08, 0x00, 0xe0, 0x03, 0x0c, 0x00, 0x00, 0x24, 0x08, 0x00, 0xe0, 0x03,
  0x0e, 0x00, 0x00, 0x24, 0x08, 0x00, 0xe0, 0x03, 0x1e, 0x00, 0x00, 0x24,
  0x08, 0x00, 0xe0, 0x03, 0x13, 0x00, 0x00, 0x24, 0x08, 0x00, 0xe0, 0x03,
  0x1b, 0x00, 0x00, 0x24, 0x08, 0x00, 0xe0, 0x03, 0x17, 0x00, 0x00, 0x24,
  0x08, 0x00, 0xe0, 0x03, 0x0b, 0x00, 0x00, 0x24, 0x08, 0x00, 0xe0, 0x03,
  0x1d, 0x00, 0x00, 0x24, 0x08, 0x00, 0xe0, 0x03, 0x20, 0x00, 0x00, 0x24,
  0x08, 0x00, 0xe0, 0x03, 0x16, 0x00, 0x00, 0x24, 0x08, 0x00, 0xe0, 0x03,
  0x24, 0x00, 0x00, 0x24, 0x08, 0x00, 0xe0, 0x03, 0x15, 0x00, 0x00, 0x24,
  0x08, 0x00, 0xe0, 0x03, 0x08, 0x00, 0x00, 0x24, 0x00, 0x00, 0x00, 0x00,
  0x00, 0x00, 0x00, 0x00, 0x00, 0x00, 0xe0, 0x41, 0x00, 0x00, 0x00, 0x00,
  0x01, 0x01, 0x00, 0x00, 0x73, 0x79, 0x73, 0x6d, 0x65, 0x6d, 0x00, 0x00,
  0x08, 0x00, 0xe0, 0x03, 0x04, 0x00, 0x00, 0x24, 0x08, 0x00, 0xe0, 0x03,
  0x05, 0x00, 0x00, 0x24, 0x00, 0x00, 0x00, 0x00, 0x00, 0x00, 0x00, 0x00,
  0x00, 0x00, 0xe0, 0x41, 0x00, 0x00, 0x00, 0x00, 0x01, 0x01, 0x00, 0x00,
  0x74, 0x68, 0x62, 0x61, 0x73, 0x65, 0x00, 0x00, 0x08, 0x00, 0xe0, 0x03,
  0x21, 0x00, 0x00, 0x24, 0x00, 0x00, 0x00, 0x00, 0x00, 0x00, 0x00, 0x00,
  0x00, 0x00, 0xe0, 0x41, 0x00, 0x00, 0x00, 0x00, 0x02, 0x01, 0x00, 0x00,
  0x74, 0x68, 0x73, 0x65, 0x6d, 0x61, 0x70, 0x00, 0x08, 0x00, 0xe0, 0x03,
  0x04, 0x00, 0x00, 0x24, 0x08, 0x00, 0xe0, 0x03, 0x05, 0x00, 0x00, 0x24,
  0x08, 0x00, 0xe0, 0x03, 0x06, 0x00, 0x00, 0x24, 0x08, 0x00, 0xe0, 0x03,
  0x08, 0x00, 0x00, 0x24, 0x00, 0x00, 0x00, 0x00, 0x00, 0x00, 0x00, 0x00,
  0x00, 0x00, 0x00, 0x00, 0x00, 0x00, 0x00, 0x00, 0x00, 0x00, 0x82, 0x8c,
  0xe0, 0xff, 0xbd, 0x27, 0x0c, 0x00, 0x42, 0x8c, 0x18, 0x00, 0xb1, 0xaf,
  0x25, 0x88, 0x80, 0x00, 0x04, 0x00, 0x84, 0x8c, 0x14, 0x00, 0xb0, 0xaf,
  0x1c, 0x00, 0xbf, 0xaf, 0x25, 0x80, 0xa0, 0x00, 0x25, 0x28, 0xc0, 0x00,
  0x09, 0xf8, 0x40, 0x00, 0x2c, 0x00, 0xa7, 0xaf, 0x14, 0x00, 0x23, 0x8e,
  0x2c, 0x00, 0xa7, 0x8f, 0x06, 0x10, 0x62, 0x00, 0x01, 0x00, 0x03, 0x3c,
  0xc0, 0x93, 0x63, 0x8c, 0x1c, 0x00, 0xbf, 0x8f, 0x02, 0x00, 0x60, 0x14,
  0x1b, 0x00, 0xe3, 0x00, 0x0d, 0x00, 0x07, 0x00, 0x1f, 0x00, 0xe7, 0x30,
  0x18, 0x00, 0xb1, 0x8f, 0x08, 0x00, 0x07, 0xae, 0x10, 0x20, 0x00, 0x00,
  0x42, 0x21, 0x04, 0x00, 0x04, 0x00, 0x04, 0xae, 0x12, 0x28, 0x00, 0x00,
  0x00, 0x00, 0x05, 0xae, 0x02, 0x00, 0x60, 0x14, 0x1b, 0x00, 0x43, 0x00,
  0x0d, 0x00, 0x07, 0x00, 0x10, 0x10, 0x00, 0x00, 0x10, 0x00, 0x02, 0xae,
  0x12, 0x18, 0x00, 0x00, 0x0c, 0x00, 0x03, 0xae, 0x14, 0x00, 0xb0, 0x8f,
  0x08, 0x00, 0xe0, 0x03, 0x20, 0x00, 0xbd, 0x27, 0xa8, 0xff, 0xbd, 0x27,
  0x01, 0x00, 0x03, 0x3c, 0xfc, 0x8d, 0x63, 0x24, 0x20, 0x00, 0xa3, 0xaf,
  0x01, 0x00, 0x03, 0x3c, 0xd0, 0x8d, 0x63, 0x24, 0x3c, 0x00, 0xb3, 0xaf,
  0x38, 0x00, 0xb2, 0xaf, 0x24, 0x00, 0xa3, 0xaf, 0x68, 0x00, 0xa2, 0x8f,
  0xff, 0xff, 0xc3, 0x30, 0x6c, 0x00, 0xb2, 0x8f, 0x70, 0x00, 0xb3, 0x8f,
  0x40, 0x00, 0xb4, 0xaf, 0x34, 0x00, 0xb1, 0xaf, 0x30, 0x00, 0xb0, 0xaf,
  0x54, 0x00, 0xbf, 0xaf, 0x50, 0x00, 0xbe, 0xaf, 0x4c, 0x00, 0xb7, 0xaf,
  0x48, 0x00, 0xb6, 0xaf, 0x44, 0x00, 0xb5, 0xaf, 0x25, 0x80, 0x80, 0x00,
  0x5c, 0x00, 0xa5, 0xaf, 0x25, 0xa0, 0xc0, 0x00, 0x25, 0x88, 0xe0, 0x00,
  0x28, 0x00, 0xa3, 0xaf, 0x0d, 0x00, 0x00, 0x16, 0x01, 0x00, 0x17, 0x24,
  0x54, 0x00, 0xbf, 0x8f, 0x50, 0x00, 0xbe, 0x8f, 0x4c, 0x00, 0xb7, 0x8f,
  0x48, 0x00, 0xb6, 0x8f, 0x44, 0x00, 0xb5, 0x8f, 0x40, 0x00, 0xb4, 0x8f,
  0x3c, 0x00, 0xb3, 0x8f, 0x38, 0x00, 0xb2, 0x8f, 0x34, 0x00, 0xb1, 0x8f,
  0x30, 0x00, 0xb0, 0x8f, 0x08, 0x00, 0xe0, 0x03, 0x58, 0x00, 0xbd, 0x27,
  0x18, 0x00, 0x1e, 0x8e, 0x01, 0x00, 0x16, 0x3c, 0xf0, 0x93, 0xd6, 0x8e,
  0x80, 0x10, 0x02, 0x00, 0x21, 0xb0, 0xd6, 0x03, 0x21, 0xf0, 0xc2, 0x03,
  0x2b, 0x10, 0xd6, 0x03, 0x03, 0x00, 0x40, 0x10, 0x00, 0x00, 0x00, 0x00,
  0x2d, 0x00, 0x60, 0x16, 0x20, 0x00, 0x42, 0x2e, 0x08, 0x00, 0x02, 0x96,
  0x25, 0x20, 0x00, 0x02, 0x01, 0x00, 0x42, 0x34, 0x42, 0x0e, 0x11, 0x04,
  0x08, 0x00, 0x02, 0xa6, 0xe3, 0xff, 0x60, 0x12, 0x01, 0x00, 0x06, 0x24,
  0x0c, 0x00, 0x04, 0x8e, 0x00, 0x00, 0x00, 0x00, 0x18, 0x00, 0x82, 0x8c,
  0x01, 0x00, 0x31, 0x26, 0x04, 0x30, 0x46, 0x00, 0x06, 0x00, 0x80, 0x16,
  0x21, 0x30, 0xd1, 0x00, 0x01, 0x00, 0x03, 0x3c, 0xf4, 0x93, 0x63, 0x8c,
  0x00, 0x20, 0x02, 0x24, 0x07, 0x10, 0x62, 0x00, 0x21, 0x30, 0xc2, 0x00,
  0x18, 0x00, 0xa2, 0x27, 0x28, 0x00, 0xa5, 0x8f, 0x10, 0x00, 0xa2, 0xaf,
  0x50, 0x0f, 0x11, 0x04, 0x40, 0x00, 0x07, 0x24, 0x25, 0x80, 0x40, 0x00,
  0xcd, 0xff, 0x00, 0x10, 0x25, 0x10, 0x00, 0x00, 0x00, 0x00, 0xc2, 0x8f,
  0x5c, 0x00, 0xa3, 0x8f, 0x00, 0x00, 0x00, 0x00, 0x14, 0x00, 0x60, 0x14,
  0x24, 0x10, 0xa2, 0x02, 0x04, 0x00, 0x40, 0x10, 0x00, 0x00, 0x00, 0x00,
  0x24, 0x00, 0xa4, 0x8f, 0x38, 0xff, 0x11, 0x04, 0x00, 0x00, 0x00, 0x00,
  0x00, 0x00, 0xc2, 0x8f, 0x00, 0x00, 0x00, 0x00, 0x25, 0x18, 0xa2, 0x02,
  0x00, 0x00, 0xc3, 0xaf, 0x01, 0x00, 0x52, 0x26, 0xff, 0xff, 0x73, 0x26,
  0x20, 0x00, 0x42, 0x2e, 0x03, 0x00, 0x40, 0x10, 0x00, 0x00, 0x00, 0x00,
  0xec, 0xff, 0x60, 0x16, 0x04, 0xa8, 0x57, 0x02, 0x04, 0x00, 0xde, 0x27,
  0xc9, 0xff, 0x00, 0x10, 0x25, 0x90, 0x00, 0x00, 0x04, 0x00, 0x40, 0x14,
  0x00, 0x00, 0x00, 0x00, 0x20, 0x00, 0xa4, 0x8f, 0x25, 0xff, 0x11, 0x04,
  0x00, 0x00, 0x00, 0x00, 0x00, 0x00, 0xc2, 0x8f, 0x27, 0x18, 0x15, 0x00,
  0xed, 0xff, 0x00, 0x10, 0x24, 0x18, 0x62, 0x00, 0xa8, 0xff, 0xbd, 0x27,
  0x00, 0x00, 0xa2, 0x8c, 0x06, 0x00, 0xa7, 0x94, 0x30, 0x00, 0xb0, 0xaf,
  0x25, 0x80, 0xc0, 0x00, 0x04, 0x00, 0xa6, 0x94, 0x44, 0x00, 0xb5, 0xaf,
  0x21, 0x38, 0xe2, 0x00, 0x25, 0xa8, 0xa0, 0x00, 0x18, 0x00, 0xa5, 0x27,
  0x50, 0x00, 0xbe, 0xaf, 0x4c, 0x00, 0xb7, 0xaf, 0x48, 0x00, 0xb6, 0xaf,
  0x3c, 0x00, 0xb3, 0xaf, 0x34, 0x00, 0xb1, 0xaf, 0x54, 0x00, 0xbf, 0xaf,
  0x40, 0x00, 0xb4, 0xaf, 0x38, 0x00, 0xb2, 0xaf, 0x57, 0xff, 0x11, 0x04,
  0x25, 0x88, 0x80, 0x00, 0x06, 0x00, 0xa3, 0x96, 0xff, 0xff, 0x02, 0x34,
  0x23, 0x10, 0x43, 0x00, 0x2b, 0x18, 0x50, 0x00, 0x18, 0x00, 0xb6, 0x8f,
  0x1c, 0x00, 0xbe, 0x8f, 0x20, 0x00, 0xb7, 0x8f, 0x24, 0x00, 0xb3, 0x8f,
  0x02, 0x00, 0x60, 0x10, 0x00, 0x00, 0x00, 0x00, 0x25, 0x80, 0x40, 0x00,
  0x25, 0xa0, 0x00, 0x00, 0x28, 0x00, 0xb2, 0x8f, 0x00, 0x00, 0x00, 0x00,
  0x03, 0x00, 0x40, 0x12, 0x2b, 0x10, 0xd3, 0x02, 0x01, 0x00, 0x62, 0x26,
  0x2b, 0x10, 0xc2, 0x02, 0x2c, 0x00, 0x40, 0x10, 0x00, 0x00, 0x00, 0x00,
  0x2a, 0x00, 0x00, 0x12, 0x01, 0x00, 0x02, 0x24, 0x18, 0x00, 0x26, 0x8e,
  0x04, 0x00, 0xa5, 0x96, 0x04, 0x30, 0xc2, 0x00, 0x06, 0x00, 0xa0, 0x14,
  0x21, 0x30, 0xd6, 0x00, 0x01, 0x00, 0x03, 0x3c, 0xf4, 0x93, 0x63, 0x8c,
  0x00, 0x20, 0x02, 0x24, 0x07, 0x10, 0x62, 0x00, 0x21, 0x30, 0xc2, 0x00,
  0x2c, 0x00, 0xa2, 0x27, 0x25, 0x20, 0x20, 0x02, 0x10, 0x00, 0xa2, 0xaf,
  0xf3, 0x0e, 0x11, 0x04, 0x40, 0x00, 0x07, 0x24, 0x19, 0x00, 0x40, 0x10,
  0x25, 0x20, 0x40, 0x00, 0x03, 0x00, 0x76, 0x12, 0xc2, 0x90, 0x12, 0x00,
  0x01, 0x00, 0x12, 0x3c, 0xf0, 0x93, 0x52, 0x8e, 0x18, 0x00, 0x83, 0x8c,
  0x80, 0xf0, 0x1e, 0x00, 0x21, 0x90, 0x72, 0x00, 0x21, 0x18, 0x7e, 0x00,
  0x2b, 0x10, 0x72, 0x00, 0x03, 0x00, 0x40, 0x10, 0x00, 0x00, 0x00, 0x00,
  0x29, 0x00, 0x00, 0x16, 0x21, 0x30, 0x90, 0x02, 0xc1, 0x0d, 0x11, 0x04,
  0x01, 0x00, 0xd6, 0x26, 0xd5, 0xff, 0x00, 0x10, 0x25, 0xf0, 0x00, 0x00,
  0x00, 0x00, 0x62, 0x8c, 0x04, 0x28, 0xe5, 0x02, 0x24, 0x38, 0x45, 0x00,
  0x19, 0x00, 0xe0, 0x10, 0x00, 0x00, 0x00, 0x00, 0xb8, 0x0d, 0x11, 0x04,
  0x00, 0x00, 0x00, 0x00, 0x04, 0x00, 0xa3, 0x96, 0x54, 0x00, 0xbf, 0x8f,
  0x80, 0x18, 0x03, 0x00, 0x21, 0x18, 0x23, 0x02, 0x40, 0x00, 0x62, 0x8c,
  0x50, 0x00, 0xbe, 0x8f, 0x23, 0x10, 0x54, 0x00, 0x40, 0x00, 0x62, 0xac,
  0x10, 0x00, 0x22, 0x8e, 0x4c, 0x00, 0xb7, 0x8f, 0x23, 0x10, 0x54, 0x00,
  0x10, 0x00, 0x22, 0xae, 0x48, 0x00, 0xb6, 0x8f, 0x44, 0x00, 0xb5, 0x8f,
  0x3c, 0x00, 0xb3, 0x8f, 0x38, 0x00, 0xb2, 0x8f, 0x34, 0x00, 0xb1, 0x8f,
  0x30, 0x00, 0xb0, 0x8f, 0x25, 0x10, 0x80, 0x02, 0x40, 0x00, 0xb4, 0x8f,
  0x08, 0x00, 0xe0, 0x03, 0x58, 0x00, 0xbd, 0x27, 0x25, 0x10, 0x45, 0x00,
  0x00, 0x00, 0x62, 0xac, 0x08, 0x00, 0x82, 0x94, 0x01, 0x00, 0xf7, 0x26,
  0x01, 0x00, 0x42, 0x34, 0x08, 0x00, 0x82, 0xa4, 0xff, 0xff, 0x10, 0x26,
  0x20, 0x00, 0xe2, 0x2e, 0x03, 0x00, 0x40, 0x10, 0x23, 0xa0, 0xd0, 0x00,
  0xd8, 0xff, 0x00, 0x16, 0x01, 0x00, 0x05, 0x24, 0x04, 0x00, 0x63, 0x24,
  0xcc, 0xff, 0x00, 0x10, 0x25, 0xb8, 0x00, 0x00, 0x98, 0xff, 0xbd, 0x27,
  0x00, 0x00, 0xa7, 0x8c, 0x70, 0x00, 0xa6, 0xaf, 0x04, 0x00, 0xa6, 0x94,
  0x40, 0x00, 0xb0, 0xaf, 0x25, 0x80, 0xa0, 0x00, 0x20, 0x00, 0xa5, 0x27,
  0x60, 0x00, 0xbe, 0xaf, 0x5c, 0x00, 0xb7, 0xaf, 0x58, 0x00, 0xb6, 0xaf,
  0x54, 0x00, 0xb5, 0xaf, 0x50, 0x00, 0xb4, 0xaf, 0x4c, 0x00, 0xb3, 0xaf,
  0x48, 0x00, 0xb2, 0xaf, 0x64, 0x00, 0xbf, 0xaf, 0x44, 0x00, 0xb1, 0xaf,
  0xe1, 0xfe, 0x11, 0x04, 0x25, 0x98, 0x80, 0x00, 0x20, 0x00, 0xb5, 0x8f,
  0x24, 0x00, 0xa3, 0x8f, 0x28, 0x00, 0xbe, 0x8f, 0x2c, 0x00, 0xb6, 0x8f,
  0x25, 0xb8, 0x00, 0x00, 0x25, 0x90, 0x00, 0x00, 0x25, 0xa0, 0x00, 0x00,
  0x38, 0x00, 0xa0, 0xaf, 0x30, 0x00, 0xb1, 0x8f, 0x00, 0x00, 0x00, 0x00,
  0x03, 0x00, 0x20, 0x12, 0x2b, 0x10, 0xb6, 0x02, 0x01, 0x00, 0xc2, 0x26,
  0x2b, 0x10, 0xa2, 0x02, 0x14, 0x00, 0x40, 0x10, 0x01, 0x00, 0x02, 0x24,
  0x18, 0x00, 0x66, 0x8e, 0x04, 0x00, 0x05, 0x96, 0x04, 0x30, 0xc2, 0x00,
  0x06, 0x00, 0xa0, 0x14, 0x21, 0x30, 0xd5, 0x00, 0x01, 0x00, 0x04, 0x3c,
  0xf4, 0x93, 0x84, 0x8c, 0x00, 0x20, 0x02, 0x24, 0x07, 0x10, 0x82, 0x00,
  0x21, 0x30, 0xc2, 0x00, 0x34, 0x00, 0xa2, 0x27, 0x25, 0x20, 0x60, 0x02,
  0x10, 0x00, 0xa2, 0xaf, 0x40, 0x00, 0x07, 0x24, 0x82, 0x0e, 0x11, 0x04,
  0x3c, 0x00, 0xa3, 0xaf, 0x3c, 0x00, 0xa3, 0x8f, 0x0e, 0x00, 0x40, 0x14,
  0x25, 0x20, 0x40, 0x00, 0x25, 0x10, 0x00, 0x00, 0x64, 0x00, 0xbf, 0x8f,
  0x60, 0x00, 0xbe, 0x8f, 0x5c, 0x00, 0xb7, 0x8f, 0x58, 0x00, 0xb6, 0x8f,
  0x54, 0x00, 0xb5, 0x8f, 0x50, 0x00, 0xb4, 0x8f, 0x4c, 0x00, 0xb3, 0x8f,
  0x48, 0x00, 0xb2, 0x8f, 0x44, 0x00, 0xb1, 0x8f, 0x40, 0x00, 0xb0, 0x8f,
  0x08, 0x00, 0xe0, 0x03, 0x68, 0x00, 0xbd, 0x27, 0x03, 0x00, 0xd5, 0x12,
  0xc2, 0x88, 0x11, 0x00, 0x01, 0x00, 0x11, 0x3c, 0xf0, 0x93, 0x31, 0x8e,
  0x18, 0x00, 0x86, 0x8c, 0x80, 0x10, 0x03, 0x00, 0x21, 0x88, 0xd1, 0x00,
  0x21, 0x10, 0xc2, 0x00, 0x2b, 0x28, 0x51, 0x00, 0x05, 0x00, 0xa0, 0x14,
  0x23, 0x38, 0x46, 0x00, 0x44, 0x0d, 0x11, 0x04, 0x01, 0x00, 0xb5, 0x26,
  0xca, 0xff, 0x00, 0x10, 0x25, 0x18, 0x00, 0x00, 0x20, 0x00, 0xc5, 0x2f,
  0x04, 0x00, 0xa0, 0x14, 0x00, 0x00, 0x00, 0x00, 0x04, 0x00, 0x42, 0x24,
  0xf4, 0xff, 0x00, 0x10, 0x25, 0xf0, 0x00, 0x00, 0x00, 0x00, 0x45, 0x8c,
  0x00, 0x00, 0x00, 0x00, 0x06, 0x28, 0xc5, 0x03, 0x01, 0x00, 0xa5, 0x30,
  0x3e, 0x00, 0xa0, 0x14, 0x00, 0x00, 0x00, 0x00, 0x04, 0x00, 0xe0, 0x16,
  0x00, 0x00, 0x00, 0x00, 0x25, 0x90, 0xa0, 0x02, 0x83, 0xa0, 0x07, 0x00,
  0x38, 0x00, 0xbe, 0xaf, 0x70, 0x00, 0xa3, 0x8f, 0x01, 0x00, 0xf7, 0x26,
  0x36, 0x00, 0xe3, 0x16, 0x40, 0x19, 0x14, 0x00, 0x01, 0x00, 0x02, 0x3c,
  0xc0, 0x93, 0x42, 0x8c, 0x00, 0x00, 0x00, 0x00, 0x18, 0x00, 0x42, 0x02,
  0x12, 0x10, 0x00, 0x00, 0x21, 0x10, 0x43, 0x00, 0x38, 0x00, 0xa3, 0x8f,
  0x00, 0x00, 0x00, 0x00, 0x21, 0x10, 0x43, 0x00, 0x00, 0x00, 0x02, 0xae,
  0x06, 0x00, 0x02, 0x96, 0x00, 0x00, 0x00, 0x00, 0x2b, 0x10, 0xe2, 0x02,
  0x02, 0x00, 0x40, 0x10, 0x00, 0x00, 0x00, 0x00, 0x06, 0x00, 0x17, 0xa6,
  0x18, 0x00, 0x62, 0x8e, 0x01, 0x00, 0x11, 0x24, 0x04, 0x10, 0x51, 0x00,
  0x14, 0x00, 0x83, 0x8c, 0x21, 0x10, 0x52, 0x00, 0x13, 0x00, 0x62, 0x10,
  0x00, 0x00, 0x00, 0x00, 0x14, 0x0d, 0x11, 0x04, 0x00, 0x00, 0x00, 0x00,
  0x18, 0x00, 0x62, 0x8e, 0x04, 0x00, 0x05, 0x96, 0x04, 0x30, 0x51, 0x00,
  0x06, 0x00, 0xa0, 0x14, 0x21, 0x30, 0xd2, 0x00, 0x01, 0x00, 0x03, 0x3c,
  0xf4, 0x93, 0x63, 0x8c, 0x00, 0x20, 0x02, 0x24, 0x07, 0x10, 0x62, 0x00,
  0x21, 0x30, 0xc2, 0x00, 0x34, 0x00, 0xa2, 0x27, 0x25, 0x20, 0x60, 0x02,
  0x10, 0x00, 0xa2, 0xaf, 0x26, 0x0e, 0x11, 0x04, 0x40, 0x00, 0x07, 0x24,
  0x25, 0x20, 0x40, 0x00, 0x06, 0x00, 0x02, 0x96, 0x10, 0x00, 0xb4, 0xaf,
  0x18, 0x00, 0xa2, 0xaf, 0x38, 0x00, 0xa2, 0x8f, 0x25, 0x38, 0x40, 0x02,
  0x14, 0x00, 0xa2, 0xaf, 0x04, 0x00, 0x06, 0x96, 0x82, 0xfe, 0x11, 0x04,
  0x25, 0x28, 0x00, 0x00, 0x9d, 0xff, 0x00, 0x10, 0x01, 0x00, 0x02, 0x24,
  0x25, 0xb8, 0x00, 0x00, 0xb5, 0xff, 0x00, 0x10, 0x01, 0x00, 0xde, 0x27,
  0xd8, 0xff, 0xbd, 0x27, 0x18, 0x00, 0xb0, 0xaf, 0x20, 0x00, 0x90, 0x8c,
  0x04, 0x00, 0xa2, 0x94, 0x20, 0x00, 0xb2, 0xaf, 0x01, 0x00, 0x12, 0x26,
  0x2b, 0x10, 0x52, 0x00, 0x24, 0x00, 0xbf, 0xaf, 0x02, 0x00, 0x40, 0x14,
  0x1c, 0x00, 0xb1, 0xaf, 0x04, 0x00, 0xa0, 0xa4, 0x00, 0x00, 0xa2, 0x8c,
  0x00, 0x00, 0x00, 0x00, 0x03, 0x00, 0x40, 0x10, 0x02, 0x00, 0x02, 0x26,
  0x25, 0x80, 0x40, 0x02, 0x25, 0x90, 0x40, 0x00, 0x21, 0x00, 0xc2, 0x2c,
  0x06, 0x00, 0xb1, 0x94, 0x02, 0x00, 0x40, 0x14, 0x00, 0x00, 0x00, 0x00,
  0x20, 0x00, 0x06, 0x24, 0x2b, 0x10, 0x26, 0x02, 0x02, 0x00, 0x40, 0x10,
  0x00, 0x00, 0x00, 0x00, 0x25, 0x88, 0xc0, 0x00, 0x2b, 0x10, 0x12, 0x02,
  0x27, 0x00, 0x40, 0x14, 0x25, 0x30, 0x20, 0x02, 0x1e, 0x00, 0x00, 0x10,
  0xe4, 0xff, 0x02, 0x24, 0x80, 0x10, 0x02, 0x00, 0x21, 0x10, 0x82, 0x00,
  0x00, 0x00, 0x42, 0x8c, 0x00, 0x00, 0x00, 0x00, 0x2b, 0x10, 0x46, 0x00,
  0x1d, 0x00, 0x40, 0x14, 0x00, 0x00, 0x00, 0x00, 0x10, 0x00, 0xa6, 0xaf,
  0x2c, 0x00, 0xa5, 0xaf, 0x3a, 0xff, 0x11, 0x04, 0x28, 0x00, 0xa4, 0xaf,
  0x28, 0x00, 0xa4, 0x8f, 0x2c, 0x00, 0xa5, 0x8f, 0x10, 0x00, 0xa6, 0x8f,
  0x14, 0x00, 0x40, 0x10, 0x00, 0x00, 0x00, 0x00, 0x04, 0x00, 0xa2, 0x94,
  0x06, 0x00, 0xa5, 0x94, 0x80, 0x10, 0x02, 0x00, 0x21, 0x10, 0x82, 0x00,
  0x40, 0x00, 0x43, 0x8c, 0x00, 0x00, 0x00, 0x00, 0x23, 0x18, 0x65, 0x00,
  0x40, 0x00, 0x43, 0xac, 0x10, 0x00, 0x82, 0x8c, 0x00, 0x00, 0x00, 0x00,
  0x23, 0x10, 0x45, 0x00, 0x10, 0x00, 0x82, 0xac, 0x25, 0x10, 0x00, 0x00,
  0x24, 0x00, 0xbf, 0x8f, 0x20, 0x00, 0xb2, 0x8f, 0x1c, 0x00, 0xb1, 0x8f,
  0x18, 0x00, 0xb0, 0x8f, 0x08, 0x00, 0xe0, 0x03, 0x28, 0x00, 0xbd, 0x27,
  0x42, 0x30, 0x06, 0x00, 0x04, 0x00, 0xa2, 0x94, 0xda, 0xff, 0xc0, 0x14,
  0x10, 0x00, 0x42, 0x24, 0xf0, 0xff, 0x42, 0x24, 0x20, 0x00, 0x83, 0x8c,
  0x01, 0x00, 0x42, 0x24, 0xff, 0xff, 0x42, 0x30, 0x01, 0x00, 0x63, 0x24,
  0x02, 0x00, 0x43, 0x14, 0x00, 0x00, 0xa0, 0xac, 0x25, 0x10, 0x00, 0x00,
  0x04, 0x00, 0xa2, 0xa4, 0xca, 0xff, 0x00, 0x10, 0xff, 0xff, 0x10, 0x26,
  0xb8, 0xff, 0xbd, 0x27, 0x04, 0x00, 0xa6, 0x94, 0x00, 0x00, 0xa7, 0x8c,
  0x3c, 0x00, 0xb1, 0xaf, 0x38, 0x00, 0xb0, 0xaf, 0x25, 0x88, 0x80, 0x00,
  0x25, 0x80, 0xa0, 0x00, 0x40, 0x00, 0xb2, 0xaf, 0x44, 0x00, 0xbf, 0xaf,
  0xfa, 0xfd, 0x11, 0x04, 0x20, 0x00, 0xa5, 0x27, 0x18, 0x00, 0x22, 0x8e,
  0x20, 0x00, 0xb2, 0x8f, 0x01, 0x00, 0x06, 0x24, 0x04, 0x00, 0x05, 0x96,
  0x04, 0x30, 0x46, 0x00, 0x06, 0x00, 0xa0, 0x14, 0x21, 0x30, 0xd2, 0x00,
  0x01, 0x00, 0x03, 0x3c, 0xf4, 0x93, 0x63, 0x8c, 0x00, 0x20, 0x02, 0x24,
  0x07, 0x10, 0x62, 0x00, 0x21, 0x30, 0xc2, 0x00, 0x34, 0x00, 0xa2, 0x27,
  0x10, 0x00, 0xa2, 0xaf, 0x40, 0x00, 0x07, 0x24, 0xaa, 0x0d, 0x11, 0x04,
  0x25, 0x20, 0x20, 0x02, 0x19, 0x00, 0x40, 0x10, 0x25, 0x20, 0x40, 0x00,
  0x06, 0x00, 0x03, 0x96, 0x00, 0x00, 0x00, 0x00, 0x18, 0x00, 0xa3, 0xaf,
  0x28, 0x00, 0xa3, 0x8f, 0x25, 0x38, 0x40, 0x02, 0x14, 0x00, 0xa3, 0xaf,
  0x24, 0x00, 0xa3, 0x8f, 0x00, 0x00, 0x00, 0x00, 0x10, 0x00, 0xa3, 0xaf,
  0x04, 0x00, 0x06, 0x96, 0x02, 0xfe, 0x11, 0x04, 0x01, 0x00, 0x05, 0x24,
  0x04, 0x00, 0x02, 0x96, 0x06, 0x00, 0x04, 0x96, 0x80, 0x10, 0x02, 0x00,
  0x21, 0x10, 0x22, 0x02, 0x40, 0x00, 0x43, 0x8c, 0x00, 0x00, 0x00, 0x00,
  0x21, 0x18, 0x64, 0x00, 0x40, 0x00, 0x43, 0xac, 0x10, 0x00, 0x22, 0x8e,
  0x00, 0x00, 0x00, 0x00, 0x21, 0x10, 0x44, 0x00, 0x10, 0x00, 0x22, 0xae,
  0x44, 0x00, 0xbf, 0x8f, 0x40, 0x00, 0xb2, 0x8f, 0x3c, 0x00, 0xb1, 0x8f,
  0x38, 0x00, 0xb0, 0x8f, 0x08, 0x00, 0xe0, 0x03, 0x48, 0x00, 0xbd, 0x27,
  0x60, 0xff, 0xbd, 0x27, 0x84, 0x00, 0xb3, 0xaf, 0x18, 0x00, 0xb3, 0x27,
  0x7c, 0x00, 0xb1, 0xaf, 0x78, 0x00, 0xb0, 0xaf, 0x25, 0x88, 0xa0, 0x00,
  0x25, 0x80, 0x80, 0x00, 0x40, 0x00, 0x06, 0x24, 0x01, 0x00, 0x05, 0x3c,
  0x90, 0x89, 0xa5, 0x24, 0x25, 0x20, 0x60, 0x02, 0x9c, 0x00, 0xbf, 0xaf,
  0x94, 0x00, 0xb7, 0xaf, 0x90, 0x00, 0xb6, 0xaf, 0x8c, 0x00, 0xb5, 0xaf,
  0x88, 0x00, 0xb4, 0xaf, 0x80, 0x00, 0xb2, 0xaf, 0x75, 0xfd, 0x11, 0x04,
  0x98, 0x00, 0xbe, 0xaf, 0x25, 0x38, 0x00, 0x00, 0x25, 0x30, 0x20, 0x02,
  0x58, 0x00, 0xa5, 0x27, 0xb1, 0xfd, 0x11, 0x04, 0x25, 0x20, 0x00, 0x02,
  0x64, 0x00, 0xb4, 0x8f, 0x58, 0x00, 0xb7, 0x8f, 0x01, 0x00, 0x82, 0x26,
  0x70, 0x00, 0xa2, 0xaf, 0xff, 0xff, 0x22, 0x32, 0x25, 0x90, 0x00, 0x00,
  0x01, 0x00, 0x15, 0x24, 0x00, 0x20, 0x16, 0x24, 0x74, 0x00, 0xa2, 0xaf,
  0x68, 0x00, 0xbe, 0x8f, 0x00, 0x00, 0x00, 0x00, 0x41, 0x00, 0xc0, 0x13,
  0x2b, 0x10, 0xf4, 0x02, 0x70, 0x00, 0xa2, 0x8f, 0x00, 0x00, 0x00, 0x00,
  0x2b, 0x10, 0xe2, 0x02, 0x0e, 0x00, 0x40, 0x14, 0x00, 0x00, 0x00, 0x00,
  0x9c, 0x00, 0xbf, 0x8f, 0x98, 0x00, 0xbe, 0x8f, 0x94, 0x00, 0xb7, 0x8f,
  0x90, 0x00, 0xb6, 0x8f, 0x8c, 0x00, 0xb5, 0x8f, 0x88, 0x00, 0xb4, 0x8f,
  0x84, 0x00, 0xb3, 0x8f, 0x7c, 0x00, 0xb1, 0x8f, 0x78, 0x00, 0xb0, 0x8f,
  0x25, 0x10, 0x40, 0x02, 0x80, 0x00, 0xb2, 0x8f, 0x08, 0x00, 0xe0, 0x03,
  0xa0, 0x00, 0xbd, 0x27, 0x03, 0x00, 0xf4, 0x12, 0xc2, 0xf0, 0x1e, 0x00,
  0x01, 0x00, 0x1e, 0x3c, 0xf0, 0x93, 0xde, 0x8f, 0x18, 0x00, 0x06, 0x8e,
  0x00, 0x00, 0x00, 0x00, 0x04, 0x30, 0xd5, 0x00, 0x06, 0x00, 0x20, 0x16,
  0x21, 0x30, 0xd7, 0x00, 0x01, 0x00, 0x02, 0x3c, 0xf4, 0x93, 0x42, 0x8c,
  0x00, 0x00, 0x00, 0x00, 0x07, 0x10, 0x56, 0x00, 0x21, 0x30, 0xc2, 0x00,
  0x6c, 0x00, 0xa2, 0x27, 0x74, 0x00, 0xa5, 0x8f, 0x10, 0x00, 0xa2, 0xaf,
  0x40, 0x00, 0x07, 0x24, 0x3f, 0x0d, 0x11, 0x04, 0x25, 0x20, 0x00, 0x02,
  0x17, 0x00, 0x40, 0x10, 0x25, 0x30, 0x00, 0x00, 0x11, 0x00, 0x00, 0x10,
  0x00, 0x00, 0x00, 0x00, 0x18, 0x00, 0x43, 0x8c, 0x00, 0x00, 0x00, 0x00,
  0x21, 0x18, 0x66, 0x00, 0x00, 0x00, 0x63, 0x90, 0x01, 0x00, 0xc6, 0x24,
  0x0f, 0x00, 0x65, 0x30, 0x02, 0x19, 0x03, 0x00, 0x80, 0x28, 0x05, 0x00,
  0x80, 0x18, 0x03, 0x00, 0x21, 0x28, 0x65, 0x02, 0x21, 0x18, 0x63, 0x02,
  0x00, 0x00, 0xa4, 0x8c, 0x00, 0x00, 0x63, 0x8c, 0x00, 0x00, 0x00, 0x00,
  0x21, 0x18, 0x83, 0x00, 0x21, 0x90, 0x43, 0x02, 0xef, 0xff, 0xde, 0x14,
  0x00, 0x00, 0x00, 0x00, 0x06, 0x0c, 0x11, 0x04, 0x25, 0x20, 0x40, 0x00,
  0xbd, 0xff, 0x00, 0x10, 0x01, 0x00, 0xf7, 0x26, 0xd3, 0xff, 0x40, 0x14,
  0x00, 0x00, 0x00, 0x00, 0xc2, 0xff, 0x00, 0x10, 0x00, 0x00, 0x00, 0x00,
  0x98, 0xff, 0xbd, 0x27, 0x54, 0x00, 0xb5, 0xaf, 0x48, 0x00, 0xb2, 0xaf,
  0x40, 0x00, 0xb0, 0xaf, 0x64, 0x00, 0xbf, 0xaf, 0x60, 0x00, 0xbe, 0xaf,
  0x5c, 0x00, 0xb7, 0xaf, 0x58, 0x00, 0xb6, 0xaf, 0x50, 0x00, 0xb4, 0xaf,
  0x4c, 0x00, 0xb3, 0xaf, 0x44, 0x00, 0xb1, 0xaf, 0x25, 0x90, 0x80, 0x00,
  0x25, 0x80, 0x00, 0x00, 0x01, 0x00, 0x15, 0x24, 0x20, 0x00, 0x42, 0x8e,
  0x00, 0x00, 0x00, 0x00, 0x01, 0x00, 0x42, 0x24, 0x2b, 0x10, 0x02, 0x02,
  0x0d, 0x00, 0x40, 0x14, 0x25, 0x38, 0x00, 0x00, 0x64, 0x00, 0xbf, 0x8f,
  0x60, 0x00, 0xbe, 0x8f, 0x5c, 0x00, 0xb7, 0x8f, 0x58, 0x00, 0xb6, 0x8f,
  0x54, 0x00, 0xb5, 0x8f, 0x50, 0x00, 0xb4, 0x8f, 0x4c, 0x00, 0xb3, 0x8f,
  0x48, 0x00, 0xb2, 0x8f, 0x44, 0x00, 0xb1, 0x8f, 0x40, 0x00, 0xb0, 0x8f,
  0x08, 0x00, 0xe0, 0x03, 0x68, 0x00, 0xbd, 0x27, 0x25, 0x30, 0x00, 0x02,
  0x18, 0x00, 0xa5, 0x27, 0x01, 0x00, 0x16, 0x3c, 0xc0, 0x93, 0xd6, 0x8e,
  0x3a, 0xfd, 0x11, 0x04, 0x25, 0x20, 0x40, 0x02, 0x24, 0x00, 0xb4, 0x8f,
  0x18, 0x00, 0xb1, 0x8f, 0x01, 0x00, 0x82, 0x26, 0x30, 0x00, 0xa2, 0xaf,
  0xff, 0xff, 0x02, 0x32, 0x00, 0x20, 0x1e, 0x24, 0x34, 0x00, 0xa2, 0xaf,
  0x28, 0x00, 0xb3, 0x8f, 0x00, 0x00, 0x00, 0x00, 0x04, 0x00, 0x60, 0x12,
  0x2b, 0x10, 0x34, 0x02, 0x30, 0x00, 0xa2, 0x8f, 0x00, 0x00, 0x00, 0x00,
  0x2b, 0x10, 0x22, 0x02, 0x03, 0x00, 0x40, 0x14, 0x00, 0x00, 0x00, 0x00,
  0xd7, 0xff, 0x00, 0x10, 0x01, 0x00, 0x10, 0x26, 0x18, 0x00, 0x46, 0x8e,
  0x00, 0x00, 0x00, 0x00, 0x04, 0x30, 0xd5, 0x00, 0x06, 0x00, 0x00, 0x16,
  0x21, 0x30, 0xd1, 0x00, 0x01, 0x00, 0x02, 0x3c, 0xf4, 0x93, 0x42, 0x8c,
  0x00, 0x00, 0x00, 0x00, 0x07, 0x10, 0x5e, 0x00, 0x21, 0x30, 0xc2, 0x00,
  0x2c, 0x00, 0xa2, 0x27, 0x34, 0x00, 0xa5, 0x8f, 0x10, 0x00, 0xa2, 0xaf,
  0x40, 0x00, 0x07, 0x24, 0xd9, 0x0c, 0x11, 0x04, 0x25, 0x20, 0x40, 0x02,
  0x02, 0x00, 0x34, 0x12, 0x25, 0xb8, 0x40, 0x00, 0x25, 0x98, 0xc0, 0x02,
  0x25, 0x28, 0x00, 0x02, 0x25, 0x38, 0x60, 0x02, 0x01, 0x00, 0x04, 0x3c,
  0x28, 0x8e, 0x84, 0x24, 0xc5, 0xfc, 0x11, 0x04, 0x25, 0x30, 0x20, 0x02,
  0x25, 0xb0, 0x00, 0x00, 0xc2, 0x28, 0x13, 0x00, 0x01, 0x00, 0x02, 0x3c,
  0xf4, 0x93, 0x42, 0x8c, 0x00, 0x00, 0x00, 0x00, 0x04, 0x10, 0x55, 0x00,
  0x2b, 0x10, 0xc2, 0x02, 0x06, 0x00, 0x40, 0x14, 0x40, 0x12, 0x16, 0x00,
  0xa4, 0x0b, 0x11, 0x04, 0x25, 0x20, 0xe0, 0x02, 0x01, 0x00, 0x31, 0x26,
  0xcf, 0xff, 0x00, 0x10, 0x25, 0xb0, 0x60, 0x02, 0x2b, 0x18, 0x45, 0x00,
  0xf9, 0xff, 0x60, 0x10, 0x00, 0x00, 0x00, 0x00, 0x18, 0x00, 0xe4, 0x8e,
  0x38, 0x00, 0xa5, 0xaf, 0xbd, 0x08, 0x11, 0x04, 0x21, 0x20, 0x82, 0x00,
  0x38, 0x00, 0xa5, 0x8f, 0xeb, 0xff, 0x00, 0x10, 0x01, 0x00, 0xd6, 0x26,
  0xd0, 0xff, 0xbd, 0x27, 0x28, 0x00, 0xb4, 0xaf, 0x20, 0x00, 0xb2, 0xaf,
  0x18, 0x00, 0xb0, 0xaf, 0x0c, 0x00, 0x94, 0x8c, 0x2c, 0x00, 0xbf, 0xaf,
  0x24, 0x00, 0xb3, 0xaf, 0x1c, 0x00, 0xb1, 0xaf, 0x25, 0x80, 0x80, 0x00,
  0xc5, 0x0b, 0x11, 0x04, 0x25, 0x90, 0x00, 0x00, 0x18, 0x00, 0x02, 0x8e,
  0x00, 0x00, 0x00, 0x00, 0xe4, 0x03, 0x42, 0x8c, 0x00, 0x00, 0x00, 0x00,
  0x2b, 0x10, 0x42, 0x02, 0x0a, 0x00, 0x40, 0x14, 0x00, 0x00, 0x00, 0x00,
  0x2c, 0x00, 0xbf, 0x8f, 0x28, 0x00, 0xb4, 0x8f, 0x24, 0x00, 0xb3, 0x8f,
  0x20, 0x00, 0xb2, 0x8f, 0x1c, 0x00, 0xb1, 0x8f, 0x25, 0x20, 0x00, 0x02,
  0x18, 0x00, 0xb0, 0x8f, 0x7c, 0x0b, 0x00, 0x10, 0x30, 0x00, 0xbd, 0x27,
  0xe5, 0x08, 0x11, 0x04, 0x25, 0x20, 0x40, 0x02, 0x18, 0x00, 0x11, 0x8e,
  0x08, 0x00, 0x40, 0x12, 0x25, 0x98, 0x40, 0x00, 0x07, 0x00, 0x40, 0x14,
  0x05, 0x00, 0x65, 0x26, 0x25, 0x20, 0x00, 0x02, 0x92, 0x0d, 0x11, 0x04,
  0x10, 0x00, 0xa5, 0x27, 0x13, 0x00, 0x40, 0x10, 0x25, 0x80, 0x40, 0x00,
  0x05, 0x00, 0x65, 0x26, 0xc0, 0x28, 0x05, 0x00, 0x21, 0x28, 0x25, 0x02,
  0x25, 0x20, 0x80, 0x02, 0xc6, 0xfe, 0x11, 0x04, 0xc0, 0x98, 0x13, 0x00,
  0x21, 0x10, 0x33, 0x02, 0x28, 0x00, 0x46, 0x8c, 0x2e, 0x00, 0x47, 0x94,
  0x18, 0x00, 0x83, 0x8e, 0x21, 0x38, 0xe6, 0x00, 0x2c, 0x00, 0x45, 0x94,
  0x04, 0x38, 0x67, 0x00, 0x04, 0x30, 0x66, 0x00, 0x5b, 0x0d, 0x11, 0x04,
  0x25, 0x20, 0x80, 0x02, 0xd3, 0xff, 0x00, 0x10, 0x01, 0x00, 0x52, 0x26,
  0x2c, 0x00, 0xbf, 0x8f, 0x28, 0x00, 0xb4, 0x8f, 0x24, 0x00, 0xb3, 0x8f,
  0x20, 0x00, 0xb2, 0x8f, 0x1c, 0x00, 0xb1, 0x8f, 0x18, 0x00, 0xb0, 0x8f,
  0x08, 0x00, 0xe0, 0x03, 0x30, 0x00, 0xbd, 0x27, 0x00, 0x00, 0x00, 0x00,
  0xa0, 0xff, 0xbd, 0x27, 0x54, 0x00, 0xb7, 0xaf, 0x40, 0x00, 0xb2, 0xaf,
  0x70, 0x00, 0xb7, 0x8f, 0x5c, 0x00, 0xbf, 0xaf, 0x58, 0x00, 0xbe, 0xaf,
  0x50, 0x00, 0xb6, 0xaf, 0x4c, 0x00, 0xb5, 0xaf, 0x48, 0x00, 0xb4, 0xaf,
  0x44, 0x00, 0xb3, 0xaf, 0x3c, 0x00, 0xb1, 0xaf, 0x38, 0x00, 0xb0, 0xaf,
  0x60, 0x00, 0xa4, 0xaf, 0x64, 0x00, 0xa5, 0xaf, 0x68, 0x00, 0xa6, 0xaf,
  0x50, 0x00, 0xa0, 0x10, 0x25, 0x90, 0xe0, 0x00, 0x69, 0xfc, 0x11, 0x04,
  0x25, 0x20, 0xa0, 0x00, 0x0b, 0x00, 0x53, 0x24, 0x25, 0x88, 0x40, 0x00,
  0xfc, 0xff, 0x02, 0x24, 0x24, 0x98, 0x62, 0x02, 0x60, 0x00, 0xa4, 0x8f,
  0x74, 0x0b, 0x11, 0x04, 0x00, 0x00, 0x40, 0xae, 0x18, 0x00, 0xa2, 0xaf,
  0x28, 0x00, 0xa5, 0x27, 0x01, 0x00, 0x02, 0x24, 0x18, 0x00, 0xa4, 0x27,
  0x1c, 0x00, 0xa2, 0xaf, 0x20, 0x00, 0xa0, 0xaf, 0xbf, 0x05, 0x11, 0x04,
  0x24, 0x00, 0xa0, 0xaf, 0x38, 0x00, 0x40, 0x10, 0x25, 0x80, 0x40, 0x00,
  0x18, 0x00, 0x56, 0x8c, 0x00, 0x00, 0x00, 0x00, 0x25, 0xa8, 0xc0, 0x02,
  0x60, 0x00, 0xa2, 0x8f, 0x00, 0x00, 0x45, 0x8e, 0x18, 0x00, 0x44, 0x8c,
  0x00, 0x00, 0x00, 0x00, 0xdc, 0x03, 0x82, 0x8c, 0x00, 0x00, 0x00, 0x00,
  0x06, 0x00, 0x40, 0x14, 0x00, 0x00, 0x00, 0x00, 0xd8, 0x03, 0x82, 0x8c,
  0x00, 0x00, 0x00, 0x00, 0x2b, 0x10, 0xa2, 0x00, 0x26, 0x00, 0x40, 0x10,
  0x00, 0x00, 0x00, 0x00, 0x01, 0x00, 0x06, 0x3c, 0xf0, 0x93, 0xc6, 0x8c,
  0x18, 0x00, 0x02, 0x8e, 0x00, 0x00, 0x00, 0x00, 0x21, 0x10, 0x46, 0x00,
  0x2b, 0x10, 0xa2, 0x02, 0x11, 0x00, 0x40, 0x14, 0x25, 0x38, 0x00, 0x00,
  0xe4, 0x03, 0x82, 0x8c, 0x00, 0x00, 0x00, 0x00, 0x10, 0x00, 0xa2, 0xaf,
  0x5f, 0x05, 0x11, 0x04, 0x18, 0x00, 0xa4, 0x27, 0x17, 0x00, 0x40, 0x14,
  0x00, 0x00, 0x00, 0x00, 0x10, 0x0b, 0x11, 0x04, 0x25, 0x20, 0x00, 0x02,
  0x28, 0x00, 0xa5, 0x27, 0x99, 0x05, 0x11, 0x04, 0x18, 0x00, 0xa4, 0x27,
  0x10, 0x00, 0x40, 0x10, 0x25, 0x80, 0x40, 0x00, 0x18, 0x00, 0x56, 0x8c,
  0x00, 0x00, 0x00, 0x00, 0x00, 0x02, 0xd5, 0x26, 0x2b, 0x10, 0xd5, 0x02,
  0xd8, 0xff, 0x40, 0x10, 0x00, 0x00, 0x00, 0x00, 0x06, 0x00, 0xc7, 0x96,
  0x00, 0x00, 0x00, 0x00, 0x03, 0x00, 0xe2, 0x30, 0x0f, 0x00, 0x40, 0x10,
  0xff, 0x0f, 0xf4, 0x30, 0x01, 0x00, 0x04, 0x3c, 0x60, 0x8e, 0x84, 0x24,
  0x12, 0xfc, 0x11, 0x04, 0x00, 0x00, 0x00, 0x00, 0xfa, 0x0a, 0x11, 0x04,
  0x25, 0x20, 0x00, 0x02, 0x18, 0x00, 0xa4, 0x8f, 0xf7, 0x0a, 0x11, 0x04,
  0x25, 0x80, 0x00, 0x00, 0x36, 0x00, 0x00, 0x10, 0x00, 0x00, 0x00, 0x00,
  0x25, 0x88, 0x00, 0x00, 0xb5, 0xff, 0x00, 0x10, 0x25, 0x98, 0x00, 0x00,
  0x05, 0x00, 0xc4, 0x92, 0x00, 0x00, 0x00, 0x00, 0x0b, 0x00, 0x82, 0x24,
  0xfc, 0x01, 0x42, 0x30, 0x2b, 0x28, 0x82, 0x02, 0x04, 0x00, 0xa0, 0x10,
  0x21, 0xf0, 0xd4, 0x02, 0x01, 0x00, 0x04, 0x3c, 0xeb, 0xff, 0x00, 0x10,
  0x8c, 0x8e, 0x84, 0x24, 0x2b, 0x28, 0xbe, 0x02, 0x04, 0x00, 0xa0, 0x10,
  0x01, 0x00, 0x03, 0x24, 0x01, 0x00, 0x04, 0x3c, 0xe5, 0xff, 0x00, 0x10,
  0xb0, 0x8e, 0x84, 0x24, 0x16, 0x00, 0xe3, 0x12, 0x00, 0x00, 0x00, 0x00,
  0x02, 0x00, 0x02, 0x24, 0x2f, 0x00, 0xe2, 0x12, 0x00, 0x00, 0x00, 0x00,
  0xe0, 0xff, 0xe0, 0x16, 0x00, 0x00, 0x00, 0x00, 0x07, 0x00, 0x91, 0x10,
  0x25, 0x30, 0x20, 0x02, 0x28, 0x00, 0xa0, 0xaf, 0x00, 0x00, 0x42, 0x8e,
  0x25, 0xb0, 0xc0, 0x03, 0x21, 0x10, 0x54, 0x00, 0xcc, 0xff, 0x00, 0x10,
  0x00, 0x00, 0x42, 0xae, 0x64, 0x00, 0xa4, 0x8f, 0xfb, 0xfb, 0x11, 0x04,
  0x08, 0x00, 0xc5, 0x26, 0x01, 0x00, 0x42, 0x2c, 0xf6, 0xff, 0x40, 0x10,
  0x28, 0x00, 0xa2, 0xaf, 0x08, 0x00, 0x00, 0x10, 0x00, 0x00, 0x00, 0x00,
  0x00, 0x00, 0xc4, 0x8e, 0x00, 0x00, 0x00, 0x00, 0x15, 0x00, 0x80, 0x14,
  0x2b, 0x20, 0x93, 0x02, 0x13, 0x00, 0x80, 0x14, 0x00, 0x00, 0x00, 0x00,
  0x28, 0x00, 0xb7, 0xaf, 0x68, 0x00, 0xa2, 0x8f, 0x18, 0x00, 0xa4, 0x8f,
  0xc0, 0x0a, 0x11, 0x04, 0x00, 0x00, 0x56, 0xac, 0x5c, 0x00, 0xbf, 0x8f,
  0x58, 0x00, 0xbe, 0x8f, 0x54, 0x00, 0xb7, 0x8f, 0x50, 0x00, 0xb6, 0x8f,
  0x4c, 0x00, 0xb5, 0x8f, 0x48, 0x00, 0xb4, 0x8f, 0x44, 0x00, 0xb3, 0x8f,
  0x40, 0x00, 0xb2, 0x8f, 0x3c, 0x00, 0xb1, 0x8f, 0x25, 0x10, 0x00, 0x02,
  0x38, 0x00, 0xb0, 0x8f, 0x08, 0x00, 0xe0, 0x03, 0x60, 0x00, 0xbd, 0x27,
  0x23, 0x10, 0x82, 0x02, 0x2b, 0x10, 0x53, 0x00, 0xe1, 0xff, 0x00, 0x10,
  0x01, 0x00, 0x42, 0x38, 0xd5, 0xff, 0x80, 0x10, 0x08, 0x00, 0xc4, 0x26,
  0x01, 0x00, 0x05, 0x3c, 0xd4, 0x8e, 0xa5, 0x24, 0xda, 0xfb, 0x11, 0x04,
  0x30, 0x00, 0xa4, 0xaf, 0x30, 0x00, 0xa4, 0x8f, 0xce, 0xff, 0x40, 0x10,
  0x00, 0x00, 0x00, 0x00, 0x01, 0x00, 0x05, 0x3c, 0xd4, 0xfb, 0x11, 0x04,
  0xd8, 0x8e, 0xa5, 0x24, 0xd3, 0xff, 0x00, 0x10, 0x2b, 0x10, 0x02, 0x00,
  0xc0, 0xff, 0xbd, 0x27, 0x34, 0x00, 0xb5, 0xaf, 0x30, 0x00, 0xb4, 0xaf,
  0x2c, 0x00, 0xb3, 0xaf, 0x28, 0x00, 0xb2, 0xaf, 0x3c, 0x00, 0xbf, 0xaf,
  0x38, 0x00, 0xb6, 0xaf, 0x24, 0x00, 0xb1, 0xaf, 0x20, 0x00, 0xb0, 0xaf,
  0x25, 0xa0, 0x80, 0x00, 0x25, 0x90, 0xa0, 0x00, 0x25, 0x98, 0xc0, 0x00,
  0x25, 0xa8, 0xe0, 0x00, 0x18, 0x00, 0x82, 0x8e, 0x00, 0x00, 0x63, 0x8e,
  0xdc, 0x03, 0x44, 0x8c, 0x00, 0x00, 0x00, 0x00, 0x06, 0x00, 0x80, 0x14,
  0x18, 0x00, 0xa5, 0x27, 0xd8, 0x03, 0x42, 0x8c, 0x00, 0x00, 0x00, 0x00,
  0x2b, 0x10, 0x62, 0x00, 0x30, 0x00, 0x40, 0x10, 0x25, 0x88, 0x00, 0x00,
  0x13, 0x05, 0x11, 0x04, 0x25, 0x20, 0x40, 0x02, 0x06, 0x00, 0x40, 0x14,
  0x25, 0xb0, 0x40, 0x00, 0x01, 0x00, 0x04, 0x3c, 0x98, 0xfb, 0x11, 0x04,
  0xdc, 0x8e, 0x84, 0x24, 0x27, 0x00, 0x00, 0x10, 0x25, 0x88, 0x00, 0x00,
  0x0c, 0x00, 0x42, 0x8e, 0x01, 0x00, 0x03, 0x3c, 0xf0, 0x93, 0x63, 0x8c,
  0x18, 0x00, 0xd0, 0x8e, 0x02, 0x00, 0x60, 0x14, 0x1b, 0x00, 0x43, 0x00,
  0x0d, 0x00, 0x07, 0x00, 0x25, 0x20, 0xa0, 0x02, 0x10, 0x10, 0x00, 0x00,
  0x21, 0x80, 0x02, 0x02, 0x05, 0x00, 0x11, 0x92, 0x08, 0x00, 0x05, 0x26,
  0x91, 0xfb, 0x11, 0x04, 0x25, 0x30, 0x20, 0x02, 0x21, 0x10, 0xb1, 0x02,
  0x00, 0x00, 0x40, 0xa0, 0x04, 0x00, 0x02, 0x92, 0x50, 0x00, 0xa3, 0x8f,
  0x25, 0x20, 0xc0, 0x02, 0x04, 0x00, 0x62, 0xa4, 0x00, 0x00, 0x02, 0x8e,
  0x69, 0x0a, 0x11, 0x04, 0x00, 0x00, 0x62, 0xac, 0x06, 0x00, 0x06, 0x96,
  0x00, 0x00, 0x62, 0x8e, 0xff, 0x0f, 0xc6, 0x30, 0x21, 0x10, 0x46, 0x00,
  0x00, 0x00, 0x62, 0xae, 0x18, 0x00, 0x82, 0x8e, 0x25, 0x38, 0x00, 0x00,
  0xe4, 0x03, 0x42, 0x8c, 0x25, 0x20, 0x40, 0x02, 0xa9, 0x04, 0x11, 0x04,
  0x10, 0x00, 0xa2, 0xaf, 0x03, 0x00, 0x40, 0x14, 0x00, 0x00, 0x00, 0x00,
  0xc7, 0xff, 0x20, 0x12, 0x00, 0x00, 0x00, 0x00, 0x3c, 0x00, 0xbf, 0x8f,
  0x38, 0x00, 0xb6, 0x8f, 0x34, 0x00, 0xb5, 0x8f, 0x30, 0x00, 0xb4, 0x8f,
  0x2c, 0x00, 0xb3, 0x8f, 0x28, 0x00, 0xb2, 0x8f, 0x20, 0x00, 0xb0, 0x8f,
  0x25, 0x10, 0x20, 0x02, 0x24, 0x00, 0xb1, 0x8f, 0x08, 0x00, 0xe0, 0x03,
  0x40, 0x00, 0xbd, 0x27, 0x00, 0x00, 0xe2, 0x8c, 0xe8, 0xff, 0xbd, 0x27,
  0x14, 0x00, 0xbf, 0xaf, 0x10, 0x00, 0xb0, 0xaf, 0x00, 0x00, 0xa2, 0xac,
  0x04, 0x00, 0xe2, 0x94, 0x18, 0x00, 0xa4, 0xaf, 0x04, 0x00, 0xa2, 0xa0,
  0x25, 0x20, 0xc0, 0x00, 0x25, 0x80, 0xa0, 0x00, 0x6a, 0xfb, 0x11, 0x04,
  0x20, 0x00, 0xa6, 0xaf, 0x2c, 0x00, 0xa3, 0x97, 0x28, 0x00, 0xa4, 0x8f,
  0x00, 0xf0, 0x63, 0x30, 0x25, 0x18, 0x64, 0x00, 0x20, 0x00, 0xa5, 0x8f,
  0x05, 0x00, 0x02, 0xa2, 0x06, 0x00, 0x03, 0xa6, 0x08, 0x00, 0x04, 0x26,
  0x58, 0xfb, 0x11, 0x04, 0xff, 0x00, 0x46, 0x30, 0x14, 0x00, 0xbf, 0x8f,
  0x18, 0x00, 0xa2, 0x8f, 0x10, 0x00, 0xb0, 0x8f, 0x08, 0x00, 0xe0, 0x03,
  0x18, 0x00, 0xbd, 0x27, 0xd8, 0xff, 0xbd, 0x27, 0x18, 0x00, 0xa7, 0x27,
  0x1c, 0x00, 0xa6, 0x27, 0x10, 0x00, 0xa0, 0xaf, 0x20, 0x00, 0xb0, 0xaf,
  0x24, 0x00, 0xbf, 0xaf, 0xd8, 0xfe, 0x11, 0x04, 0x25, 0x80, 0x80, 0x00,
  0x1c, 0x00, 0x40, 0x10, 0x00, 0x00, 0x00, 0x00, 0x1c, 0x00, 0xa7, 0x8f,
  0x18, 0x00, 0x45, 0x8c, 0x00, 0x00, 0x00, 0x00, 0x23, 0x30, 0xe5, 0x00,
  0x03, 0x00, 0xc1, 0x04, 0xc3, 0x1f, 0x06, 0x00, 0xff, 0x01, 0xc6, 0x24,
  0xc3, 0x1f, 0x06, 0x00, 0xff, 0x01, 0x63, 0x30, 0x21, 0x18, 0x66, 0x00,
  0x43, 0x1a, 0x03, 0x00, 0x40, 0x1a, 0x03, 0x00, 0x21, 0x28, 0xa3, 0x00,
  0x25, 0x40, 0x00, 0x00, 0x25, 0x30, 0x00, 0x00, 0x06, 0x00, 0xa3, 0x94,
  0x20, 0x00, 0xe5, 0x14, 0xff, 0x0f, 0x63, 0x30, 0x0e, 0x00, 0xc0, 0x10,
  0x00, 0x00, 0x00, 0x00, 0x06, 0x00, 0xc4, 0x94, 0x00, 0x00, 0x00, 0x00,
  0xff, 0x0f, 0x85, 0x30, 0x21, 0x18, 0x65, 0x00, 0x00, 0xf0, 0x84, 0x30,
  0x25, 0x18, 0x64, 0x00, 0x06, 0x00, 0xc3, 0xa4, 0x24, 0x00, 0xbf, 0x8f,
  0x20, 0x00, 0xb0, 0x8f, 0x08, 0x00, 0xe0, 0x03, 0x28, 0x00, 0xbd, 0x27,
  0xef, 0xff, 0x00, 0x10, 0x21, 0x28, 0xa3, 0x00, 0x05, 0x00, 0xe0, 0xa0,
  0x18, 0x00, 0x06, 0x8e, 0x18, 0x00, 0xa5, 0x8f, 0x00, 0x00, 0xe0, 0xac,
  0xdc, 0x03, 0xc7, 0x8c, 0xd8, 0x03, 0xc4, 0x8c, 0xf3, 0xff, 0xe0, 0x14,
  0x21, 0x28, 0x65, 0x00, 0x2b, 0x28, 0xa4, 0x00, 0xf0, 0xff, 0xa0, 0x14,
  0x23, 0x18, 0x83, 0x00, 0x2b, 0x20, 0x83, 0x00, 0x23, 0x20, 0x04, 0x00,
  0xd8, 0x03, 0xc3, 0xac, 0xeb, 0xff, 0x00, 0x10, 0xdc, 0x03, 0xc4, 0xac,
  0x21, 0x40, 0x03, 0x01, 0x00, 0x02, 0x04, 0x29, 0xeb, 0xff, 0x80, 0x14,
  0x25, 0x30, 0xa0, 0x00, 0xe5, 0xff, 0x00, 0x10, 0x25, 0x10, 0x00, 0x00,
  0xd8, 0xff, 0xbd, 0x27, 0x02, 0x00, 0x02, 0x24, 0x18, 0x00, 0xa7, 0x27,
  0x10, 0x00, 0xa2, 0xaf, 0x1c, 0x00, 0xa6, 0x27, 0x24, 0x00, 0xbf, 0xaf,
  0x97, 0xfe, 0x11, 0x04, 0x25, 0x28, 0x00, 0x00, 0x25, 0x20, 0x40, 0x00,
  0x04, 0x00, 0x80, 0x10, 0x01, 0x00, 0x02, 0x24, 0xe6, 0x09, 0x11, 0x04,
  0x00, 0x00, 0x00, 0x00, 0x25, 0x10, 0x00, 0x00, 0x24, 0x00, 0xbf, 0x8f,
  0x00, 0x00, 0x00, 0x00, 0x08, 0x00, 0xe0, 0x03, 0x28, 0x00, 0xbd, 0x27,
  0xe0, 0xff, 0xbd, 0x27, 0x18, 0x00, 0x84, 0x8c, 0x14, 0x00, 0xb0, 0xaf,
  0x25, 0x80, 0xc0, 0x00, 0x01, 0x00, 0x06, 0x3c, 0xf0, 0x93, 0xc6, 0x8c,
  0x18, 0x00, 0xb1, 0xaf, 0x25, 0x88, 0xa0, 0x00, 0x1c, 0x00, 0xbf, 0xaf,
  0xf7, 0xfa, 0x11, 0x04, 0x25, 0x28, 0x00, 0x00, 0x25, 0x20, 0x40, 0x00,
  0x00, 0x00, 0x22, 0x8e, 0x00, 0x00, 0x00, 0x00, 0x00, 0x00, 0x82, 0xac,
  0x2e, 0x00, 0x02, 0x24, 0x08, 0x00, 0x82, 0xa4, 0x04, 0x00, 0x22, 0x96,
  0x00, 0x00, 0x00, 0x00, 0x04, 0x00, 0x82, 0xa0, 0x01, 0x00, 0x02, 0x24,
  0x05, 0x00, 0x82, 0xa0, 0x0c, 0x10, 0x02, 0x24, 0x06, 0x00, 0x82, 0xa4,
  0x00, 0x00, 0x02, 0x8e, 0x16, 0x00, 0x80, 0xa0, 0x0c, 0x00, 0x82, 0xac,
  0x2e, 0x2e, 0x02, 0x24, 0x14, 0x00, 0x82, 0xa4, 0x04, 0x00, 0x02, 0x96,
  0x00, 0x00, 0x00, 0x00, 0x10, 0x00, 0x82, 0xa0, 0x02, 0x00, 0x02, 0x24,
  0x11, 0x00, 0x82, 0xa0, 0x1c, 0x00, 0xbf, 0x8f, 0xf4, 0x11, 0x02, 0x24,
  0x18, 0x00, 0xb1, 0x8f, 0x14, 0x00, 0xb0, 0x8f, 0x12, 0x00, 0x82, 0xa4,
  0x08, 0x00, 0xe0, 0x03, 0x20, 0x00, 0xbd, 0x27, 0xd8, 0xff, 0xbd, 0x27,
  0x18, 0x00, 0xa2, 0x27, 0x25, 0x38, 0x00, 0x00, 0x14, 0x00, 0xa6, 0xaf,
  0x10, 0x00, 0xa2, 0xaf, 0x25, 0x30, 0x00, 0x00, 0x24, 0x00, 0xbf, 0xaf,
  0x63, 0x04, 0x11, 0x04, 0x2c, 0x00, 0xa5, 0xaf, 0x09, 0x00, 0x40, 0x10,
  0x00, 0x00, 0x00, 0x00, 0x2c, 0x00, 0xa5, 0x8f, 0x18, 0x00, 0x43, 0x8c,
  0x00, 0x00, 0xa4, 0x8c, 0x00, 0x00, 0x00, 0x00, 0x0c, 0x00, 0x64, 0xac,
  0x04, 0x00, 0xa4, 0x94, 0x00, 0x00, 0x00, 0x00, 0x10, 0x00, 0x64, 0xa0,
  0x24, 0x00, 0xbf, 0x8f, 0x00, 0x00, 0x00, 0x00, 0x08, 0x00, 0xe0, 0x03,
  0x28, 0x00, 0xbd, 0x27, 0xe0, 0xff, 0xbd, 0x27, 0x18, 0x00, 0xb2, 0xaf,
  0x10, 0x00, 0xb0, 0xaf, 0x25, 0x90, 0xc0, 0x00, 0x25, 0x80, 0x80, 0x00,
  0x01, 0x00, 0x06, 0x3c, 0xf0, 0x93, 0xc6, 0x8c, 0x18, 0x00, 0x84, 0x8c,
  0x14, 0x00, 0xb1, 0xaf, 0x25, 0x88, 0xa0, 0x00, 0x2c, 0x00, 0xa7, 0xaf,
  0x1c, 0x00, 0xbf, 0xaf, 0xb4, 0xfa, 0x11, 0x04, 0x25, 0x28, 0x00, 0x00,
  0x18, 0x00, 0x02, 0x8e, 0x45, 0x53, 0x03, 0x3c, 0x44, 0x47, 0x63, 0x24,
  0x04, 0x00, 0x24, 0x96, 0x04, 0x00, 0x43, 0xac, 0x06, 0x00, 0x23, 0x96,
  0x00, 0x00, 0x25, 0x8e, 0x0e, 0x00, 0x43, 0xa4, 0x1e, 0x00, 0x43, 0xa4,
  0xb8, 0x03, 0x52, 0xa4, 0x30, 0x00, 0xa3, 0x97, 0x0c, 0x00, 0x44, 0xa4,
  0x1c, 0x00, 0x44, 0xa4, 0x2c, 0x00, 0xa7, 0x8f, 0x00, 0xf0, 0x52, 0x32,
  0xbe, 0x03, 0x43, 0xa4, 0x00, 0x10, 0x03, 0x24, 0x08, 0x00, 0x45, 0xac,
  0x18, 0x00, 0x45, 0xac, 0x29, 0x00, 0x43, 0x16, 0xbc, 0x03, 0x47, 0xa4,
  0xa0, 0x00, 0x03, 0x24, 0xba, 0x03, 0x43, 0xa4, 0x00, 0x02, 0x04, 0x24,
  0x25, 0x28, 0x00, 0x00, 0x02, 0x00, 0x03, 0x24, 0xe4, 0x03, 0x43, 0xac,
  0xe0, 0x03, 0x43, 0xac, 0xd8, 0x03, 0x44, 0xac, 0xdc, 0x03, 0x45, 0xac,
  0xfc, 0x05, 0x11, 0x04, 0xc8, 0x03, 0x44, 0x24, 0x18, 0x00, 0x04, 0x8e,
  0x08, 0x00, 0x06, 0x24, 0xc8, 0x03, 0x85, 0x24, 0x8d, 0xfa, 0x11, 0x04,
  0xc0, 0x03, 0x84, 0x24, 0x18, 0x00, 0x04, 0x8e, 0x08, 0x00, 0x06, 0x24,
  0xc8, 0x03, 0x85, 0x24, 0x88, 0xfa, 0x11, 0x04, 0xd0, 0x03, 0x84, 0x24,
  0x18, 0x00, 0x02, 0x8e, 0x01, 0x00, 0x03, 0x24, 0xe8, 0x03, 0x43, 0xac,
  0x00, 0x00, 0x23, 0x8e, 0x06, 0x00, 0x24, 0x96, 0x28, 0x00, 0x43, 0xac,
  0x04, 0x00, 0x23, 0x96, 0x2e, 0x00, 0x44, 0xa4, 0x2c, 0x00, 0x43, 0xa4,
  0xec, 0x03, 0x43, 0xac, 0x08, 0x00, 0x02, 0x96, 0x1c, 0x00, 0xbf, 0x8f,
  0x01, 0x00, 0x42, 0x34, 0x18, 0x00, 0xb2, 0x8f, 0x14, 0x00, 0xb1, 0x8f,
  0x08, 0x00, 0x02, 0xa6, 0x10, 0x00, 0xb0, 0x8f, 0x08, 0x00, 0xe0, 0x03,
  0x20, 0x00, 0xbd, 0x27, 0x25, 0x20, 0x00, 0x00, 0x25, 0x28, 0x00, 0x00,
  0xda, 0xff, 0x00, 0x10, 0x01, 0x00, 0x03, 0x24, 0xd8, 0xff, 0xbd, 0x27,
  0x18, 0x00, 0xb0, 0xaf, 0x25, 0x80, 0xa0, 0x00, 0x25, 0x28, 0xc0, 0x00,
  0x20, 0x00, 0xb2, 0xaf, 0x1c, 0x00, 0xb1, 0xaf, 0x24, 0x00, 0xbf, 0xaf,
  0x16, 0xff, 0x11, 0x04, 0x25, 0x88, 0x80, 0x00, 0x08, 0x00, 0x40, 0x10,
  0xfe, 0xff, 0x12, 0x24, 0x25, 0x28, 0x40, 0x00, 0x25, 0x20, 0x20, 0x02,
  0x82, 0x03, 0x11, 0x04, 0x10, 0x00, 0xa2, 0xaf, 0x10, 0x00, 0xa4, 0x8f,
  0x40, 0x09, 0x11, 0x04, 0x25, 0x90, 0x00, 0x00, 0x3e, 0x09, 0x11, 0x04,
  0x25, 0x20, 0x20, 0x02, 0x09, 0x00, 0x40, 0x16, 0x00, 0x00, 0x00, 0x00,
  0x08, 0x00, 0x02, 0x96, 0x25, 0x20, 0x00, 0x02, 0xfe, 0xff, 0x42, 0x30,
  0xa1, 0xfd, 0x11, 0x04, 0x08, 0x00, 0x02, 0xa6, 0x0c, 0x00, 0x24, 0x8e,
  0xd2, 0x09, 0x11, 0x04, 0x00, 0x00, 0x00, 0x00, 0x32, 0x09, 0x11, 0x04,
  0x25, 0x20, 0x00, 0x02, 0x24, 0x00, 0xbf, 0x8f, 0x1c, 0x00, 0xb1, 0x8f,
  0x18, 0x00, 0xb0, 0x8f, 0x25, 0x10, 0x40, 0x02, 0x20, 0x00, 0xb2, 0x8f,
  0x08, 0x00, 0xe0, 0x03, 0x28, 0x00, 0xbd, 0x27, 0x0c, 0x00, 0x82, 0x8c,
  0x00, 0x00, 0x00, 0x00, 0x08, 0x00, 0x42, 0x8c, 0x00, 0x00, 0x00, 0x00,
  0x01, 0x00, 0x42, 0x30, 0x03, 0x00, 0x40, 0x10, 0x02, 0x00, 0xa3, 0x30,
  0x0f, 0x00, 0x60, 0x14, 0xe2, 0xff, 0x02, 0x24, 0x18, 0x00, 0x82, 0x8c,
  0x00, 0x10, 0x04, 0x24, 0xb8, 0x03, 0x43, 0x94, 0x00, 0x00, 0x00, 0x00,
  0x00, 0xf0, 0x66, 0x30, 0x04, 0x00, 0xc4, 0x10, 0x07, 0x00, 0x02, 0x24,
  0x49, 0x00, 0x63, 0x30, 0x2b, 0x10, 0x03, 0x00, 0x06, 0x00, 0x42, 0x24,
  0x24, 0x18, 0x45, 0x00, 0x02, 0x00, 0x65, 0x14, 0xf3, 0xff, 0x02, 0x24,
  0x25, 0x10, 0x00, 0x00, 0x08, 0x00, 0xe0, 0x03, 0x00, 0x00, 0x00, 0x00,
  0xd0, 0xff, 0xbd, 0x27, 0x20, 0x00, 0xb0, 0xaf, 0x2c, 0x00, 0xbf, 0xaf,
  0x28, 0x00, 0xb2, 0xaf, 0x24, 0x00, 0xb1, 0xaf, 0x00, 0x00, 0xa2, 0x80,
  0x00, 0x00, 0x00, 0x00, 0x08, 0x00, 0x40, 0x14, 0x25, 0x80, 0x80, 0x00,
  0x2c, 0x00, 0xbf, 0x8f, 0x28, 0x00, 0xb2, 0x8f, 0x24, 0x00, 0xb1, 0x8f,
  0x25, 0x20, 0x00, 0x02, 0x20, 0x00, 0xb0, 0x8f, 0x3b, 0x09, 0x00, 0x10,
  0x30, 0x00, 0xbd, 0x27, 0x0c, 0x00, 0x82, 0x8c, 0x25, 0x90, 0xa0, 0x00,
  0x18, 0x00, 0x44, 0x8c, 0x24, 0x00, 0x43, 0x8c, 0x00, 0x00, 0x00, 0x00,
  0x04, 0x18, 0x83, 0x00, 0x14, 0x00, 0x04, 0x8e, 0x00, 0x00, 0x00, 0x00,
  0x0c, 0x00, 0x83, 0x14, 0x25, 0x88, 0xc0, 0x00, 0x28, 0x00, 0x42, 0x94,
  0x10, 0x00, 0x03, 0x8e, 0x00, 0x00, 0x00, 0x00, 0x07, 0x00, 0x62, 0x14,
  0x00, 0x00, 0x00, 0x00, 0x01, 0x00, 0x05, 0x3c, 0xd8, 0x8e, 0xa5, 0x24,
  0x20, 0xfa, 0x11, 0x04, 0x25, 0x20, 0x40, 0x02, 0xe5, 0xff, 0x40, 0x10,
  0x00, 0x00, 0x00, 0x00, 0x01, 0x00, 0x05, 0x24, 0xc0, 0xff, 0x11, 0x04,
  0x25, 0x20, 0x00, 0x02, 0x18, 0x00, 0x40, 0x14, 0x00, 0x00, 0x22, 0xae,
  0x10, 0x00, 0xa0, 0xaf, 0x18, 0x00, 0xa7, 0x27, 0x1c, 0x00, 0xa6, 0x27,
  0x25, 0x28, 0x40, 0x02, 0x8e, 0xfd, 0x11, 0x04, 0x25, 0x20, 0x00, 0x02,
  0x0e, 0x00, 0x40, 0x10, 0x00, 0x00, 0x00, 0x00, 0xde, 0x08, 0x11, 0x04,
  0x25, 0x20, 0x40, 0x00, 0x1c, 0x00, 0xa2, 0x8f, 0x0c, 0x00, 0x04, 0x8e,
  0x2c, 0x00, 0xbf, 0x8f, 0x28, 0x00, 0xb2, 0x8f, 0x20, 0x00, 0xb0, 0x8f,
  0x00, 0x00, 0x46, 0x8c, 0x04, 0x00, 0x45, 0x90, 0x25, 0x38, 0x20, 0x02,
  0x24, 0x00, 0xb1, 0x8f, 0xef, 0x02, 0x00, 0x10, 0x30, 0x00, 0xbd, 0x27,
  0xfe, 0xff, 0x02, 0x24, 0x00, 0x00, 0x22, 0xae, 0x2c, 0x00, 0xbf, 0x8f,
  0x28, 0x00, 0xb2, 0x8f, 0x24, 0x00, 0xb1, 0x8f, 0x20, 0x00, 0xb0, 0x8f,
  0x25, 0x10, 0x00, 0x00, 0x08, 0x00, 0xe0, 0x03, 0x30, 0x00, 0xbd, 0x27,
  0x25, 0x18, 0x00, 0x00, 0x2f, 0x00, 0x02, 0x24, 0x21, 0x38, 0x83, 0x00,
  0x00, 0x00, 0xe7, 0x80, 0x00, 0x00, 0x00, 0x00, 0x18, 0x00, 0xe2, 0x10,
  0x2f, 0x00, 0x09, 0x24, 0x25, 0x10, 0x00, 0x00, 0x00, 0x04, 0x67, 0x28,
  0x06, 0x00, 0xe0, 0x10, 0x21, 0x40, 0xa2, 0x00, 0x21, 0x38, 0x83, 0x00,
  0x00, 0x00, 0xe7, 0x80, 0x00, 0x00, 0x00, 0x00, 0x11, 0x00, 0xe9, 0x14,
  0x00, 0x00, 0x00, 0x00, 0x00, 0x00, 0x00, 0xa1, 0x2f, 0x00, 0x07, 0x24,
  0x21, 0x10, 0x83, 0x00, 0x00, 0x00, 0x48, 0x80, 0x00, 0x00, 0x00, 0x00,
  0x12, 0x00, 0x07, 0x11, 0x00, 0x04, 0x65, 0x28, 0x04, 0x00, 0xa0, 0x14,
  0x00, 0x00, 0x00, 0x00, 0xa5, 0xff, 0x02, 0x24, 0x00, 0x00, 0xc2, 0xac,
  0x25, 0x10, 0x00, 0x00, 0x08, 0x00, 0xe0, 0x03, 0x00, 0x00, 0x00, 0x00,
  0xe3, 0xff, 0x00, 0x10, 0x01, 0x00, 0x63, 0x24, 0xef, 0xff, 0xe0, 0x10,
  0xff, 0x00, 0x4a, 0x28, 0x03, 0x00, 0x40, 0x11, 0x00, 0x00, 0x00, 0x00,
  0x01, 0x00, 0x42, 0x24, 0x00, 0x00, 0x07, 0xa1, 0xe1, 0xff, 0x00, 0x10,
  0x01, 0x00, 0x63, 0x24, 0xf1, 0xff, 0xa0, 0x10, 0xa5, 0xff, 0x02, 0x24,
  0xe7, 0xff, 0x00, 0x10, 0x01, 0x00, 0x63, 0x24, 0xc8, 0xff, 0xbd, 0x27,
  0x24, 0x00, 0xb4, 0xaf, 0x14, 0x00, 0xb0, 0xaf, 0x34, 0x00, 0xbf, 0xaf,
  0x30, 0x00, 0xb7, 0xaf, 0x2c, 0x00, 0xb6, 0xaf, 0x28, 0x00, 0xb5, 0xaf,
  0x20, 0x00, 0xb3, 0xaf, 0x1c, 0x00, 0xb2, 0xaf, 0x18, 0x00, 0xb1, 0xaf,
  0x00, 0x00, 0xc2, 0x80, 0x48, 0x00, 0xb4, 0x8f, 0x12, 0x00, 0x40, 0x14,
  0x25, 0x80, 0xa0, 0x00, 0xfe, 0xff, 0x02, 0x24, 0x00, 0x00, 0x82, 0xae,
  0x54, 0x00, 0xa0, 0x14, 0x25, 0x20, 0xa0, 0x00, 0x25, 0x80, 0x00, 0x00,
  0x34, 0x00, 0xbf, 0x8f, 0x30, 0x00, 0xb7, 0x8f, 0x2c, 0x00, 0xb6, 0x8f,
  0x28, 0x00, 0xb5, 0x8f, 0x24, 0x00, 0xb4, 0x8f, 0x20, 0x00, 0xb3, 0x8f,
  0x1c, 0x00, 0xb2, 0x8f, 0x18, 0x00, 0xb1, 0x8f, 0x25, 0x10, 0x00, 0x02,
  0x14, 0x00, 0xb0, 0x8f, 0x08, 0x00, 0xe0, 0x03, 0x38, 0x00, 0xbd, 0x27,
  0x2f, 0x00, 0x03, 0x24, 0x25, 0x98, 0x80, 0x00, 0x25, 0x90, 0xc0, 0x00,
  0x25, 0x00, 0x43, 0x14, 0x25, 0xa8, 0xe0, 0x00, 0x03, 0x00, 0xa0, 0x10,
  0x00, 0x00, 0x00, 0x00, 0x76, 0x08, 0x11, 0x04, 0x25, 0x20, 0xa0, 0x00,
  0x24, 0x00, 0x66, 0x8e, 0x28, 0x00, 0x65, 0x96, 0x25, 0x38, 0x80, 0x02,
  0x25, 0x20, 0x60, 0x02, 0x8c, 0x02, 0x11, 0x04, 0x00, 0x00, 0x00, 0x00,
  0xe3, 0xff, 0x40, 0x10, 0x25, 0x80, 0x40, 0x00, 0x00, 0xf0, 0x16, 0x24,
  0x00, 0x40, 0x17, 0x24, 0x25, 0x20, 0x40, 0x02, 0x25, 0x30, 0x80, 0x02,
  0x9f, 0xff, 0x11, 0x04, 0x25, 0x28, 0xa0, 0x02, 0xdb, 0xff, 0x40, 0x10,
  0x25, 0x90, 0x40, 0x00, 0x00, 0x00, 0x42, 0x80, 0x00, 0x00, 0x00, 0x00,
  0x13, 0x00, 0x40, 0x14, 0x00, 0x10, 0x03, 0x24, 0x18, 0x00, 0x02, 0x8e,
  0x00, 0x00, 0x00, 0x00, 0xb8, 0x03, 0x42, 0x94, 0x00, 0x00, 0x00, 0x00,
  0x00, 0xf0, 0x42, 0x30, 0xd1, 0xff, 0x43, 0x10, 0x00, 0x00, 0x00, 0x00,
  0x59, 0x08, 0x11, 0x04, 0x25, 0x20, 0x00, 0x02, 0xec, 0xff, 0x02, 0x24,
  0xcb, 0xff, 0x00, 0x10, 0x00, 0x00, 0x82, 0xae, 0xe8, 0xff, 0xa0, 0x14,
  0x00, 0xf0, 0x16, 0x24, 0x34, 0x00, 0x86, 0x8c, 0x38, 0x00, 0x85, 0x94,
  0xdf, 0xff, 0x00, 0x10, 0x25, 0x38, 0x80, 0x02, 0x25, 0x28, 0xa0, 0x02,
  0x3c, 0xff, 0x11, 0x04, 0x25, 0x20, 0x00, 0x02, 0x28, 0x00, 0x40, 0x10,
  0x25, 0x88, 0x40, 0x00, 0x18, 0x00, 0x46, 0x8c, 0x00, 0x00, 0x00, 0x00,
  0xb8, 0x03, 0xc2, 0x94, 0x00, 0x00, 0x00, 0x00, 0x24, 0x10, 0x56, 0x00,
  0x21, 0x00, 0x57, 0x14, 0x00, 0x00, 0x00, 0x00, 0x01, 0x00, 0x02, 0x3c,
  0x70, 0x94, 0x42, 0x8c, 0x00, 0x00, 0x00, 0x00, 0x04, 0x00, 0x43, 0x28,
  0x0a, 0x00, 0x60, 0x14, 0x25, 0x38, 0x80, 0x02, 0xa4, 0xff, 0x02, 0x24,
  0x00, 0x00, 0x82, 0xae, 0x3a, 0x08, 0x11, 0x04, 0x25, 0x20, 0x00, 0x02,
  0x25, 0x20, 0x20, 0x02, 0x37, 0x08, 0x11, 0x04, 0x25, 0x80, 0x00, 0x00,
  0xab, 0xff, 0x00, 0x10, 0x00, 0x00, 0x00, 0x00, 0x01, 0x00, 0x42, 0x24,
  0x30, 0x00, 0xc6, 0x24, 0x25, 0x28, 0x00, 0x02, 0x01, 0x00, 0x01, 0x3c,
  0x70, 0x94, 0x22, 0xac, 0x11, 0x00, 0x11, 0x04, 0x25, 0x20, 0x60, 0x02,
  0x01, 0x00, 0x03, 0x3c, 0x70, 0x94, 0x63, 0x8c, 0x00, 0x00, 0x00, 0x00,
  0xff, 0xff, 0x63, 0x24, 0x01, 0x00, 0x01, 0x3c, 0x70, 0x94, 0x23, 0xac,
  0xed, 0xff, 0x40, 0x10, 0x00, 0x00, 0x00, 0x00, 0x25, 0x80, 0x20, 0x02,
  0x25, 0x88, 0x40, 0x00, 0x22, 0x08, 0x11, 0x04, 0x25, 0x20, 0x00, 0x02,
  0x95, 0xff, 0x20, 0x12, 0x00, 0x00, 0x00, 0x00, 0xb3, 0xff, 0x00, 0x10,
  0x25, 0x80, 0x20, 0x02, 0xd8, 0xfe, 0xbd, 0x27, 0x20, 0x01, 0xb0, 0xaf,
  0x10, 0x00, 0xa7, 0xaf, 0x25, 0x80, 0xe0, 0x00, 0x24, 0x01, 0xbf, 0xaf,
  0x7a, 0xff, 0x11, 0x04, 0x18, 0x00, 0xa7, 0x27, 0x09, 0x00, 0x40, 0x10,
  0x25, 0x20, 0x40, 0x00, 0x25, 0x30, 0x00, 0x02, 0x18, 0x00, 0xa5, 0x27,
  0x00, 0xff, 0x11, 0x04, 0x18, 0x01, 0xa2, 0xaf, 0x18, 0x01, 0xa4, 0x8f,
  0x0e, 0x08, 0x11, 0x04, 0x25, 0x80, 0x40, 0x00, 0x25, 0x20, 0x00, 0x02,
  0x24, 0x01, 0xbf, 0x8f, 0x20, 0x01, 0xb0, 0x8f, 0x25, 0x10, 0x80, 0x00,
  0x08, 0x00, 0xe0, 0x03, 0x28, 0x01, 0xbd, 0x27, 0xc8, 0xff, 0xbd, 0x27,
  0x28, 0x00, 0xb5, 0xaf, 0x24, 0x00, 0xb4, 0xaf, 0x20, 0x00, 0xb3, 0xaf,
  0x1c, 0x00, 0xb2, 0xaf, 0x18, 0x00, 0xb1, 0xaf, 0x14, 0x00, 0xb0, 0xaf,
  0x34, 0x00, 0xbf, 0xaf, 0x30, 0x00, 0xb7, 0xaf, 0x2c, 0x00, 0xb6, 0xaf,
  0x25, 0x80, 0x80, 0x00, 0x40, 0x00, 0x93, 0x24, 0x25, 0x88, 0x00, 0x00,
  0x25, 0xa0, 0x00, 0x00, 0x25, 0x90, 0x00, 0x00, 0x64, 0x00, 0x15, 0x24,
  0x20, 0x00, 0x02, 0x8e, 0x00, 0x00, 0x00, 0x00, 0x01, 0x00, 0x42, 0x24,
  0x2b, 0x10, 0x22, 0x02, 0x0c, 0x00, 0x40, 0x14, 0xff, 0xff, 0x82, 0x32,
  0x34, 0x00, 0xbf, 0x8f, 0x30, 0x00, 0xb7, 0x8f, 0x2c, 0x00, 0xb6, 0x8f,
  0x28, 0x00, 0xb5, 0x8f, 0x20, 0x00, 0xb3, 0x8f, 0x1c, 0x00, 0xb2, 0x8f,
  0x18, 0x00, 0xb1, 0x8f, 0x14, 0x00, 0xb0, 0x8f, 0x24, 0x00, 0xb4, 0x8f,
  0x08, 0x00, 0xe0, 0x03, 0x38, 0x00, 0xbd, 0x27, 0x00, 0x00, 0x62, 0x8e,
  0x04, 0x00, 0x04, 0x8e, 0x19, 0x00, 0xa2, 0x02, 0x00, 0x00, 0x02, 0x8e,
  0x00, 0x00, 0x00, 0x00, 0x0c, 0x00, 0x42, 0x8c, 0x12, 0xb0, 0x00, 0x00,
  0x10, 0xb8, 0x00, 0x00, 0x09, 0xf8, 0x40, 0x00, 0x25, 0x28, 0x20, 0x02,
  0x14, 0x00, 0x06, 0x8e, 0x25, 0x38, 0x00, 0x00, 0x06, 0x30, 0xc2, 0x00,
  0x25, 0x20, 0xc0, 0x02, 0xc7, 0x0b, 0x11, 0x04, 0x25, 0x28, 0xe0, 0x02,
  0x2b, 0x18, 0x42, 0x02, 0x06, 0x00, 0x60, 0x14, 0x00, 0x00, 0x00, 0x00,
  0x25, 0x10, 0x40, 0x02, 0x01, 0x00, 0x31, 0x26, 0x04, 0x00, 0x73, 0x26,
  0xd8, 0xff, 0x00, 0x10, 0x25, 0x90, 0x40, 0x00, 0xfb, 0xff, 0x00, 0x10,
  0x25, 0xa0, 0x20, 0x02, 0xa8, 0xff, 0xbd, 0x27, 0x00, 0x10, 0x03, 0x24,
  0x48, 0x00, 0xb5, 0xaf, 0x00, 0xf0, 0xb5, 0x30, 0x44, 0x00, 0xb4, 0xaf,
  0x40, 0x00, 0xb3, 0xaf, 0x3c, 0x00, 0xb2, 0xaf, 0x34, 0x00, 0xb0, 0xaf,
  0x68, 0x00, 0xb3, 0x8f, 0x0c, 0x00, 0x90, 0x8c, 0x18, 0x00, 0x82, 0x8c,
  0x54, 0x00, 0xbf, 0xaf, 0x50, 0x00, 0xb7, 0xaf, 0x4c, 0x00, 0xb6, 0xaf,
  0x38, 0x00, 0xb1, 0xaf, 0x25, 0x90, 0xa0, 0x00, 0x60, 0x00, 0xa6, 0xaf,
  0x69, 0x00, 0xa3, 0x16, 0x25, 0xa0, 0xe0, 0x00, 0xec, 0x03, 0x44, 0x8c,
  0x20, 0x00, 0x03, 0x8e, 0x00, 0x00, 0x00, 0x00, 0x2b, 0x18, 0x83, 0x00,
  0x02, 0x00, 0x60, 0x10, 0x25, 0x88, 0x00, 0x00, 0x01, 0x00, 0x91, 0x24,
  0xec, 0x03, 0x51, 0xac, 0x10, 0x00, 0x02, 0x8e, 0x64, 0x00, 0x17, 0x24,
  0x19, 0x00, 0xe2, 0x02, 0x0c, 0x00, 0x06, 0x8e, 0x25, 0x38, 0x00, 0x00,
  0x20, 0x00, 0xa0, 0xaf, 0x12, 0x20, 0x00, 0x00, 0x10, 0x28, 0x00, 0x00,
  0x98, 0x0b, 0x11, 0x04, 0x24, 0x00, 0xb1, 0xa7, 0xff, 0xff, 0x25, 0x32,
  0x25, 0xb0, 0x40, 0x00, 0x10, 0x00, 0xa2, 0x24, 0x80, 0x10, 0x02, 0x00,
  0x21, 0x10, 0x02, 0x02, 0x00, 0x00, 0x42, 0x8c, 0x04, 0x00, 0x04, 0x8e,
  0x19, 0x00, 0xe2, 0x02, 0x12, 0x10, 0x00, 0x00, 0x28, 0x00, 0xa2, 0xaf,
  0x00, 0x00, 0x02, 0x8e, 0x10, 0x18, 0x00, 0x00, 0x0c, 0x00, 0x42, 0x8c,
  0x00, 0x00, 0x00, 0x00, 0x09, 0xf8, 0x40, 0x00, 0x2c, 0x00, 0xa3, 0xaf,
  0x14, 0x00, 0x06, 0x8e, 0x28, 0x00, 0xa4, 0x8f, 0x2c, 0x00, 0xa5, 0x8f,
  0x06, 0x30, 0xc2, 0x00, 0x82, 0x0b, 0x11, 0x04, 0x25, 0x38, 0x00, 0x00,
  0x2b, 0x18, 0x56, 0x00, 0x07, 0x00, 0x60, 0x10, 0x23, 0xb0, 0xc2, 0x02,
  0x0b, 0x00, 0xd6, 0x2e, 0x04, 0x00, 0xc0, 0x16, 0x00, 0x00, 0x00, 0x00,
  0x83, 0xff, 0x11, 0x04, 0x25, 0x20, 0x00, 0x02, 0x24, 0x00, 0xa2, 0xa7,
  0x01, 0x00, 0x02, 0x24, 0x02, 0x00, 0x06, 0x24, 0x20, 0x00, 0xa5, 0x27,
  0x25, 0x20, 0x00, 0x02, 0x8e, 0xfa, 0x11, 0x04, 0x26, 0x00, 0xa2, 0xa7,
  0x23, 0x00, 0x40, 0x04, 0x00, 0x00, 0x62, 0xae, 0x18, 0x00, 0x02, 0x8e,
  0x20, 0x00, 0xa6, 0x8f, 0x24, 0x00, 0xa5, 0x97, 0x10, 0x00, 0xb3, 0xaf,
  0x12, 0x00, 0x07, 0x24, 0x04, 0x30, 0x46, 0x00, 0x9a, 0x08, 0x11, 0x04,
  0x25, 0x20, 0x00, 0x02, 0x19, 0x00, 0x40, 0x10, 0x25, 0x88, 0x40, 0x00,
  0x60, 0x00, 0xa7, 0x8f, 0x25, 0x20, 0x40, 0x00, 0x10, 0x00, 0xb4, 0xaf,
  0x25, 0x30, 0x40, 0x02, 0xd1, 0xfd, 0x11, 0x04, 0x20, 0x00, 0xa5, 0x27,
  0x00, 0x10, 0x02, 0x24, 0x11, 0x00, 0xa2, 0x16, 0x25, 0x30, 0x00, 0x00,
  0x20, 0x00, 0xa2, 0x8f, 0x00, 0x00, 0x00, 0x00, 0x18, 0x00, 0xa2, 0xaf,
  0x24, 0x00, 0xa2, 0x8f, 0x20, 0x00, 0xa5, 0x27, 0x25, 0x20, 0x00, 0x02,
  0x71, 0xfa, 0x11, 0x04, 0x1c, 0x00, 0xa2, 0xaf, 0x17, 0x00, 0x41, 0x04,
  0x00, 0x00, 0x62, 0xae, 0x62, 0x07, 0x11, 0x04, 0x25, 0x20, 0x20, 0x02,
  0x18, 0x00, 0xa5, 0x27, 0xbb, 0xfa, 0x11, 0x04, 0x25, 0x20, 0x00, 0x02,
  0x25, 0x88, 0x00, 0x00, 0x54, 0x00, 0xbf, 0x8f, 0x50, 0x00, 0xb7, 0x8f,
  0x4c, 0x00, 0xb6, 0x8f, 0x48, 0x00, 0xb5, 0x8f, 0x44, 0x00, 0xb4, 0x8f,
  0x40, 0x00, 0xb3, 0x8f, 0x3c, 0x00, 0xb2, 0x8f, 0x34, 0x00, 0xb0, 0x8f,
  0x25, 0x10, 0x20, 0x02, 0x38, 0x00, 0xb1, 0x8f, 0x08, 0x00, 0xe0, 0x03,
  0x58, 0x00, 0xbd, 0x27, 0x08, 0x00, 0x43, 0x8c, 0x0c, 0x00, 0x42, 0x94,
  0xc5, 0xff, 0x00, 0x10, 0x20, 0x00, 0xa3, 0xaf, 0x18, 0x00, 0x22, 0x8e,
  0x20, 0x00, 0xa3, 0x8f, 0x00, 0x00, 0x00, 0x00, 0x30, 0x00, 0x43, 0xac,
  0x24, 0x00, 0xa3, 0x8f, 0xea, 0xff, 0x00, 0x10, 0x34, 0x00, 0x43, 0xac,
  0x0c, 0x00, 0x83, 0x8c, 0xc8, 0xff, 0xbd, 0x27, 0x30, 0x00, 0xb2, 0xaf,
  0x2c, 0x00, 0xb1, 0xaf, 0x28, 0x00, 0xb0, 0xaf, 0x1c, 0x00, 0x72, 0x8c,
  0x34, 0x00, 0xbf, 0xaf, 0x25, 0x88, 0x80, 0x00, 0x25, 0x80, 0xa0, 0x00,
  0x1e, 0x00, 0xc0, 0x14, 0x20, 0x00, 0xa0, 0xaf, 0x18, 0x00, 0x85, 0x8c,
  0x25, 0x10, 0xc0, 0x00, 0xd8, 0x03, 0xa3, 0x8c, 0xdc, 0x03, 0xa6, 0x8c,
  0xc3, 0x27, 0x10, 0x00, 0x21, 0x18, 0x03, 0x02, 0x21, 0x20, 0x86, 0x00,
  0x2b, 0x38, 0x70, 0x00, 0x21, 0x38, 0xe4, 0x00, 0xe0, 0x03, 0xa4, 0x8c,
  0xe8, 0x03, 0xa5, 0x8c, 0x00, 0x00, 0x00, 0x00, 0x23, 0x20, 0x85, 0x00,
  0xc3, 0x2f, 0x12, 0x00, 0x18, 0x00, 0xa4, 0x00, 0x12, 0x30, 0x00, 0x00,
  0x00, 0x00, 0x00, 0x00, 0x00, 0x00, 0x00, 0x00, 0x19, 0x00, 0x92, 0x00,
  0x10, 0x28, 0x00, 0x00, 0x21, 0x30, 0xc5, 0x00, 0x2b, 0x40, 0xc7, 0x00,
  0x12, 0x20, 0x00, 0x00, 0x05, 0x00, 0x00, 0x15, 0x00, 0x00, 0x00, 0x00,
  0x21, 0x00, 0xe6, 0x14, 0x2b, 0x18, 0x83, 0x00, 0x1f, 0x00, 0x60, 0x10,
  0x00, 0x00, 0x00, 0x00, 0x20, 0x00, 0xa5, 0x27, 0xf1, 0x0a, 0x11, 0x04,
  0x25, 0x20, 0x20, 0x02, 0x19, 0x00, 0x40, 0x10, 0x10, 0x00, 0xa2, 0xaf,
  0xff, 0xff, 0x10, 0x26, 0x23, 0x10, 0x12, 0x00, 0x21, 0x80, 0x12, 0x02,
  0x24, 0x80, 0x02, 0x02, 0x02, 0x00, 0x40, 0x16, 0x1a, 0x00, 0x12, 0x02,
  0x0d, 0x00, 0x07, 0x00, 0x18, 0x00, 0x22, 0x8e, 0x10, 0x00, 0xa5, 0x27,
  0xe4, 0x03, 0x42, 0x8c, 0x25, 0x20, 0x20, 0x02, 0xff, 0xff, 0x42, 0x24,
  0x1c, 0x00, 0xa0, 0xaf, 0x18, 0x00, 0xa0, 0xaf, 0x14, 0x00, 0xa2, 0xaf,
  0x12, 0x90, 0x00, 0x00, 0xcc, 0x09, 0x11, 0x04, 0x25, 0x30, 0x40, 0x02,
  0x23, 0x90, 0x42, 0x02, 0x0d, 0x00, 0x40, 0x16, 0x10, 0x00, 0xa5, 0x27,
  0x10, 0x00, 0xa4, 0x8f, 0x02, 0x07, 0x11, 0x04, 0x00, 0x00, 0x00, 0x00,
  0x20, 0x00, 0xa2, 0x8f, 0x34, 0x00, 0xbf, 0x8f, 0x30, 0x00, 0xb2, 0x8f,
  0x2c, 0x00, 0xb1, 0x8f, 0x28, 0x00, 0xb0, 0x8f, 0x08, 0x00, 0xe0, 0x03,
  0x38, 0x00, 0xbd, 0x27, 0xf3, 0xff, 0x00, 0x10, 0x20, 0x00, 0xa0, 0xaf,
  0x25, 0x30, 0x40, 0x02, 0xf0, 0x09, 0x11, 0x04, 0x25, 0x20, 0x20, 0x02,
  0xfa, 0xff, 0x41, 0x04, 0x23, 0x90, 0x42, 0x02, 0x21, 0x90, 0x42, 0x02,
  0xed, 0xff, 0x00, 0x10, 0x20, 0x00, 0xa2, 0xaf, 0xc8, 0xff, 0xbd, 0x27,
  0x01, 0x00, 0x02, 0x24, 0x2c, 0x00, 0xb1, 0xaf, 0x40, 0x00, 0xa6, 0xaf,
  0x25, 0x88, 0xe0, 0x00, 0x10, 0x00, 0xa2, 0xaf, 0x1c, 0x00, 0xa7, 0x27,
  0x20, 0x00, 0xa6, 0x27, 0x30, 0x00, 0xb2, 0xaf, 0x28, 0x00, 0xb0, 0xaf,
  0x34, 0x00, 0xbf, 0xaf, 0x25, 0x90, 0x80, 0x00, 0x8f, 0xfb, 0x11, 0x04,
  0x3c, 0x00, 0xa5, 0xaf, 0x1f, 0x00, 0x40, 0x10, 0x25, 0x80, 0x40, 0x00,
  0x20, 0x00, 0xa2, 0x8f, 0x00, 0x00, 0x00, 0x00, 0x06, 0x00, 0x43, 0x94,
  0x05, 0x00, 0x44, 0x90, 0xff, 0x0f, 0x65, 0x30, 0x04, 0x00, 0x80, 0x10,
  0x25, 0x30, 0xa0, 0x00, 0x0b, 0x00, 0x84, 0x24, 0xfc, 0x01, 0x84, 0x30,
  0x23, 0x30, 0xa4, 0x00, 0x23, 0x28, 0xa6, 0x00, 0x00, 0xf0, 0x63, 0x30,
  0x25, 0x18, 0x65, 0x00, 0x06, 0x00, 0x43, 0xa4, 0xff, 0x0f, 0x63, 0x30,
  0x21, 0x28, 0x43, 0x00, 0x10, 0x00, 0xa6, 0xaf, 0x40, 0x00, 0xa7, 0x8f,
  0x3c, 0x00, 0xa6, 0x8f, 0x25, 0x20, 0x00, 0x02, 0x7d, 0xfc, 0x11, 0x04,
  0x14, 0x00, 0xb1, 0xaf, 0x25, 0x80, 0x40, 0x00, 0x34, 0x00, 0xbf, 0x8f,
  0x30, 0x00, 0xb2, 0x8f, 0x2c, 0x00, 0xb1, 0x8f, 0x25, 0x10, 0x00, 0x02,
  0x28, 0x00, 0xb0, 0x8f, 0x08, 0x00, 0xe0, 0x03, 0x38, 0x00, 0xbd, 0x27,
  0x25, 0x30, 0x00, 0x00, 0x00, 0x02, 0x05, 0x24, 0x79, 0xff, 0x11, 0x04,
  0x25, 0x20, 0x40, 0x02, 0x48, 0x00, 0xa3, 0x8f, 0xf3, 0xff, 0x40, 0x04,
  0x00, 0x00, 0x62, 0xac, 0x18, 0x00, 0x42, 0x8e, 0x25, 0x20, 0x40, 0x02,
  0xd8, 0x03, 0x46, 0x8c, 0xdc, 0x03, 0x47, 0x8c, 0x18, 0x00, 0xa2, 0x27,
  0x14, 0x00, 0xa3, 0xaf, 0x68, 0x01, 0x11, 0x04, 0x10, 0x00, 0xa2, 0xaf,
  0xe9, 0xff, 0x40, 0x10, 0x00, 0x00, 0x00, 0x00, 0x18, 0x00, 0x44, 0x8e,
  0x25, 0x80, 0x40, 0x00, 0xd8, 0x03, 0x83, 0x8c, 0xdc, 0x03, 0x86, 0x8c,
  0x00, 0x02, 0x65, 0x24, 0x2b, 0x18, 0xa3, 0x00, 0x21, 0x18, 0x66, 0x00,
  0xd8, 0x03, 0x85, 0xac, 0xdc, 0x03, 0x83, 0xac, 0x18, 0x00, 0x45, 0x8c,
  0x18, 0x00, 0xa3, 0x8f, 0x00, 0x02, 0x06, 0x24, 0xd4, 0xff, 0x00, 0x10,
  0x21, 0x28, 0xa3, 0x00, 0xb8, 0xff, 0xbd, 0x27, 0x34, 0x00, 0xb5, 0xaf,
  0x30, 0x00, 0xb4, 0xaf, 0x18, 0x00, 0x95, 0x8c, 0x0c, 0x00, 0x94, 0x8c,
  0x38, 0x00, 0xb6, 0xaf, 0x24, 0x00, 0xb1, 0xaf, 0x1c, 0x00, 0x96, 0x8e,
  0xdc, 0x03, 0xb1, 0x8e, 0x20, 0x00, 0xb0, 0xaf, 0xd8, 0x03, 0xb0, 0x8e,
  0x2c, 0x00, 0xb3, 0xaf, 0x25, 0x30, 0xc0, 0x02, 0x25, 0x38, 0x00, 0x00,
  0x25, 0x28, 0x20, 0x02, 0x25, 0x98, 0x80, 0x00, 0x25, 0x20, 0x00, 0x02,
  0x44, 0x00, 0xbf, 0xaf, 0x28, 0x00, 0xb2, 0xaf, 0x40, 0x00, 0xbe, 0xaf,
  0x7e, 0x0a, 0x11, 0x04, 0x3c, 0x00, 0xb7, 0xaf, 0x25, 0x30, 0xc0, 0x02,
  0x25, 0x38, 0x00, 0x00, 0x25, 0x20, 0x00, 0x02, 0x25, 0x28, 0x20, 0x02,
  0xd8, 0x0b, 0x11, 0x04, 0x25, 0x90, 0x40, 0x00, 0x25, 0x10, 0x43, 0x00,
  0x02, 0x00, 0x40, 0x10, 0x00, 0x00, 0x00, 0x00, 0x01, 0x00, 0x52, 0x26,
  0xe8, 0x03, 0xa2, 0x8e, 0xe0, 0x03, 0xa3, 0x8e, 0x21, 0x10, 0x42, 0x02,
  0x29, 0x00, 0x43, 0x10, 0x00, 0x00, 0x00, 0x00, 0x25, 0x20, 0x60, 0x02,
  0xe4, 0x03, 0xb6, 0x8e, 0xb4, 0x06, 0x11, 0x04, 0x10, 0x00, 0xa0, 0xaf,
  0x25, 0x80, 0x40, 0x00, 0x25, 0xb8, 0x40, 0x02, 0x01, 0x00, 0x11, 0x24,
  0x01, 0x00, 0x15, 0x24, 0x2b, 0x10, 0x36, 0x02, 0x03, 0x00, 0x40, 0x10,
  0x00, 0x00, 0x00, 0x00, 0x28, 0x00, 0xe0, 0x16, 0x00, 0x00, 0x00, 0x00,
  0x18, 0x00, 0x03, 0x8e, 0x18, 0x00, 0x62, 0x8e, 0x28, 0x00, 0x64, 0x8c,
  0x21, 0x90, 0xb2, 0x02, 0x18, 0x00, 0x44, 0xac, 0x2c, 0x00, 0x64, 0x94,
  0x2e, 0x00, 0x63, 0x94, 0xe4, 0x03, 0x51, 0xac, 0xe0, 0x03, 0x52, 0xac,
  0xe8, 0x03, 0x55, 0xac, 0x1c, 0x00, 0x44, 0xa4, 0x1e, 0x00, 0x43, 0xa4,
  0x08, 0x00, 0x62, 0x96, 0x00, 0x00, 0x00, 0x00, 0x01, 0x00, 0x42, 0x34,
  0x08, 0x00, 0x62, 0xa6, 0x10, 0x00, 0xa2, 0x8f, 0x00, 0x00, 0x00, 0x00,
  0x03, 0x00, 0x40, 0x10, 0x10, 0x00, 0xa5, 0x27, 0xb8, 0xf9, 0x11, 0x04,
  0x25, 0x20, 0x80, 0x02, 0x2b, 0x10, 0x36, 0x02, 0x35, 0x00, 0x40, 0x14,
  0x00, 0x00, 0x00, 0x00, 0x57, 0x06, 0x11, 0x04, 0x25, 0x20, 0x00, 0x02,
  0x44, 0x00, 0xbf, 0x8f, 0x40, 0x00, 0xbe, 0x8f, 0x3c, 0x00, 0xb7, 0x8f,
  0x38, 0x00, 0xb6, 0x8f, 0x34, 0x00, 0xb5, 0x8f, 0x30, 0x00, 0xb4, 0x8f,
  0x2c, 0x00, 0xb3, 0x8f, 0x28, 0x00, 0xb2, 0x8f, 0x24, 0x00, 0xb1, 0x8f,
  0x20, 0x00, 0xb0, 0x8f, 0x08, 0x00, 0xe0, 0x03, 0x48, 0x00, 0xbd, 0x27,
  0xb4, 0x03, 0x11, 0x04, 0x25, 0x20, 0x20, 0x02, 0x09, 0x00, 0x40, 0x14,
  0x00, 0x00, 0x00, 0x00, 0x25, 0x20, 0x00, 0x02, 0x64, 0x08, 0x11, 0x04,
  0x18, 0x00, 0xa5, 0x27, 0xec, 0xff, 0x40, 0x10, 0x25, 0x80, 0x40, 0x00,
  0x01, 0x00, 0xb5, 0x26, 0xc9, 0xff, 0x00, 0x10, 0x01, 0x00, 0x31, 0x26,
  0x18, 0x00, 0x1e, 0x8e, 0xa7, 0x03, 0x11, 0x04, 0x25, 0x20, 0x20, 0x02,
  0xc0, 0x10, 0x02, 0x00, 0x21, 0x18, 0xc2, 0x03, 0x2e, 0x00, 0x62, 0x94,
  0x00, 0x00, 0x00, 0x00, 0x2b, 0x20, 0xe2, 0x02, 0x0f, 0x00, 0x80, 0x10,
  0x00, 0x00, 0x00, 0x00, 0x23, 0x10, 0x57, 0x00, 0xff, 0xff, 0x42, 0x30,
  0x2c, 0x00, 0x64, 0x94, 0x2e, 0x00, 0x62, 0xa4, 0x28, 0x00, 0x63, 0x8c,
  0x16, 0x00, 0xb7, 0xa7, 0x21, 0x10, 0x62, 0x00, 0x10, 0x00, 0xa2, 0xaf,
  0x08, 0x00, 0x02, 0x96, 0x14, 0x00, 0xa4, 0xa7, 0x01, 0x00, 0x42, 0x34,
  0x08, 0x00, 0x02, 0xa6, 0xe7, 0xff, 0x00, 0x10, 0x25, 0xb8, 0x00, 0x00,
  0xe5, 0xff, 0x00, 0x10, 0x23, 0xb8, 0xe2, 0x02, 0x8e, 0x03, 0x11, 0x04,
  0x25, 0x20, 0x20, 0x02, 0x06, 0x00, 0x40, 0x14, 0x00, 0x00, 0x00, 0x00,
  0x25, 0x20, 0x00, 0x02, 0x3e, 0x08, 0x11, 0x04, 0x18, 0x00, 0xa5, 0x27,
  0xc6, 0xff, 0x40, 0x10, 0x25, 0x80, 0x40, 0x00, 0x18, 0x00, 0x12, 0x8e,
  0x84, 0x03, 0x11, 0x04, 0x25, 0x20, 0x20, 0x02, 0x05, 0x00, 0x45, 0x24,
  0xc0, 0x28, 0x05, 0x00, 0x21, 0x28, 0x45, 0x02, 0x25, 0x20, 0x80, 0x02,
  0x6f, 0xf9, 0x11, 0x04, 0xc0, 0x98, 0x02, 0x00, 0x21, 0x10, 0x53, 0x02,
  0x28, 0x00, 0x46, 0x8c, 0x2e, 0x00, 0x47, 0x94, 0x18, 0x00, 0x83, 0x8e,
  0x21, 0x38, 0xe6, 0x00, 0x2c, 0x00, 0x45, 0x94, 0x04, 0x38, 0x67, 0x00,
  0x04, 0x30, 0x66, 0x00, 0x04, 0x08, 0x11, 0x04, 0x25, 0x20, 0x80, 0x02,
  0xac, 0xff, 0x00, 0x10, 0x01, 0x00, 0x31, 0x26, 0x00, 0x00, 0x00, 0x00,
  0x00, 0x00, 0x00, 0x00, 0xe8, 0xff, 0xbd, 0x27, 0x04, 0x00, 0x86, 0x8c,
  0x00, 0x00, 0x85, 0x8c, 0x10, 0x00, 0xb0, 0xaf, 0x25, 0x80, 0x80, 0x00,
  0x01, 0x00, 0x04, 0x3c, 0x10, 0x8f, 0x84, 0x24, 0x14, 0x00, 0xbf, 0xaf,
  0x11, 0xf7, 0x11, 0x04, 0x00, 0x00, 0x00, 0x00, 0xba, 0x03, 0x06, 0x96,
  0xb8, 0x03, 0x05, 0x96, 0x01, 0x00, 0x04, 0x3c, 0x0c, 0xf7, 0x11, 0x04,
  0x48, 0x8f, 0x84, 0x24, 0xd8, 0x03, 0x06, 0x8e, 0xdc, 0x03, 0x05, 0x8e,
  0x14, 0x00, 0xbf, 0x8f, 0x10, 0x00, 0xb0, 0x8f, 0x01, 0x00, 0x04, 0x3c,
  0x6c, 0x8f, 0x84, 0x24, 0x04, 0xf7, 0x00, 0x10, 0x18, 0x00, 0xbd, 0x27,
  0x04, 0x00, 0x83, 0x24, 0x25, 0x10, 0x00, 0x00, 0x00, 0x04, 0x84, 0x24,
  0x00, 0x00, 0x65, 0x8c, 0x04, 0x00, 0x63, 0x24, 0xfd, 0xff, 0x64, 0x14,
  0x21, 0x10, 0x45, 0x00, 0x08, 0x00, 0xe0, 0x03, 0x00, 0x00, 0x00, 0x00,
  0x18, 0x00, 0x82, 0x8c, 0xe0, 0xff, 0xbd, 0x27, 0x04, 0x30, 0x46, 0x00,
  0x10, 0x00, 0xa7, 0xaf, 0x1c, 0x00, 0xbf, 0xaf, 0xff, 0x06, 0x11, 0x04,
  0x10, 0x00, 0x07, 0x24, 0x1c, 0x00, 0xbf, 0x8f, 0x00, 0x00, 0x00, 0x00,
  0x08, 0x00, 0xe0, 0x03, 0x20, 0x00, 0xbd, 0x27, 0xe8, 0xff, 0xbd, 0x27,
  0x10, 0x00, 0xb0, 0xaf, 0x25, 0x80, 0x80, 0x00, 0x18, 0x00, 0x84, 0x8c,
  0x14, 0x00, 0xbf, 0xaf, 0x5c, 0x02, 0x11, 0x04, 0xd0, 0x03, 0x84, 0x24,
  0x18, 0x00, 0x04, 0x8e, 0x08, 0x00, 0x06, 0x24, 0xd0, 0x03, 0x85, 0x24,
  0xed, 0xf6, 0x11, 0x04, 0xc8, 0x03, 0x84, 0x24, 0x18, 0x00, 0x04, 0x8e,
  0x08, 0x00, 0x06, 0x24, 0xd0, 0x03, 0x85, 0x24, 0xe8, 0xf6, 0x11, 0x04,
  0xc0, 0x03, 0x84, 0x24, 0x08, 0x00, 0x02, 0x96, 0x14, 0x00, 0xbf, 0x8f,
  0x01, 0x00, 0x42, 0x34, 0x08, 0x00, 0x02, 0xa6, 0x10, 0x00, 0xb0, 0x8f,
  0x08, 0x00, 0xe0, 0x03, 0x18, 0x00, 0xbd, 0x27, 0xe8, 0xff, 0xbd, 0x27,
  0x14, 0x00, 0xbf, 0xaf, 0xe5, 0xff, 0x11, 0x04, 0x1c, 0x00, 0xa5, 0xaf,
  0x1c, 0x00, 0xa5, 0x8f, 0x14, 0x00, 0xbf, 0x8f, 0x08, 0x00, 0xa2, 0x94,
  0x00, 0x00, 0x00, 0x00, 0x01, 0x00, 0x42, 0x34, 0x08, 0x00, 0xa2, 0xa4,
  0x08, 0x00, 0xe0, 0x03, 0x18, 0x00, 0xbd, 0x27, 0xd8, 0xff, 0xbd, 0x27,
  0x1c, 0x00, 0xb1, 0xaf, 0x18, 0x00, 0xb0, 0xaf, 0x24, 0x00, 0xbf, 0xaf,
  0x20, 0x00, 0xb2, 0xaf, 0x25, 0x80, 0x80, 0x00, 0x24, 0x08, 0x11, 0x04,
  0x10, 0x00, 0xa0, 0xaf, 0x25, 0x88, 0x40, 0x00, 0x11, 0x00, 0x20, 0x12,
  0x00, 0x00, 0x00, 0x00, 0x00, 0x00, 0x02, 0x8e, 0x04, 0x00, 0x04, 0x8e,
  0x18, 0x00, 0x52, 0x8c, 0x11, 0x03, 0x11, 0x04, 0x00, 0x00, 0x00, 0x00,
  0x05, 0x00, 0x42, 0x24, 0x08, 0x00, 0x03, 0x8e, 0xc0, 0x10, 0x02, 0x00,
  0x21, 0x90, 0x42, 0x02, 0x21, 0x88, 0x23, 0x02, 0x06, 0x00, 0x43, 0x96,
  0x00, 0x00, 0x00, 0x00, 0x2b, 0x10, 0x23, 0x02, 0x05, 0x00, 0x40, 0x10,
  0x00, 0x00, 0x00, 0x00, 0x08, 0x00, 0x11, 0xae, 0x10, 0x00, 0xa2, 0x8f,
  0x10, 0x00, 0x00, 0x10, 0x00, 0x00, 0x00, 0x00, 0x04, 0x00, 0x04, 0x8e,
  0x38, 0x00, 0xa5, 0x8f, 0x01, 0x00, 0x82, 0x24, 0x11, 0x00, 0x45, 0x14,
  0x23, 0x88, 0x23, 0x02, 0x05, 0x00, 0x20, 0x16, 0x08, 0x00, 0x03, 0xae,
  0x0c, 0x00, 0x02, 0x8e, 0x00, 0x00, 0x00, 0x00, 0x0e, 0x00, 0x40, 0x10,
  0x00, 0x00, 0x00, 0x00, 0x01, 0x00, 0x04, 0x3c, 0xa0, 0xf6, 0x11, 0x04,
  0x8c, 0x8f, 0x84, 0x24, 0xea, 0xff, 0x02, 0x24, 0x24, 0x00, 0xbf, 0x8f,
  0x20, 0x00, 0xb2, 0x8f, 0x1c, 0x00, 0xb1, 0x8f, 0x18, 0x00, 0xb0, 0x8f,
  0x08, 0x00, 0xe0, 0x03, 0x28, 0x00, 0xbd, 0x27, 0x08, 0x00, 0x00, 0xae,
  0x04, 0x00, 0x02, 0xae, 0x25, 0x20, 0x40, 0x00, 0xe9, 0x02, 0x11, 0x04,
  0x00, 0x00, 0x00, 0x00, 0xd0, 0xff, 0x40, 0x14, 0x00, 0x00, 0x00, 0x00,
  0x00, 0x00, 0x04, 0x8e, 0x99, 0x07, 0x11, 0x04, 0x10, 0x00, 0xa5, 0x27,
  0xdd, 0xff, 0x40, 0x10, 0x00, 0x00, 0x02, 0xae, 0xc9, 0xff, 0x00, 0x10,
  0x01, 0x00, 0x31, 0x26, 0xd0, 0xff, 0xbd, 0x27, 0x00, 0x00, 0x82, 0x8c,
  0x1c, 0x00, 0xb0, 0xaf, 0x25, 0x80, 0x80, 0x00, 0x04, 0x00, 0x84, 0x8c,
  0x2c, 0x00, 0xbf, 0xaf, 0x28, 0x00, 0xb3, 0xaf, 0x24, 0x00, 0xb2, 0xaf,
  0x20, 0x00, 0xb1, 0xaf, 0x0c, 0x00, 0x53, 0x8c, 0x18, 0x00, 0x51, 0x8c,
  0xd3, 0x02, 0x11, 0x04, 0x25, 0x90, 0xa0, 0x00, 0xc0, 0x10, 0x02, 0x00,
  0x21, 0x18, 0x22, 0x02, 0x08, 0x00, 0x04, 0x8e, 0x28, 0x00, 0x62, 0x8c,
  0x01, 0x00, 0x05, 0x3c, 0xf0, 0x93, 0xa5, 0x8c, 0x21, 0x10, 0x44, 0x00,
  0x18, 0x00, 0x64, 0x8e, 0x25, 0x38, 0x00, 0x00, 0x04, 0x10, 0x82, 0x00,
  0x0c, 0x00, 0x04, 0x8e, 0x02, 0x00, 0xa0, 0x14, 0x1b, 0x00, 0x85, 0x00,
  0x0d, 0x00, 0x07, 0x00, 0x2c, 0x00, 0x65, 0x94, 0x25, 0x20, 0x60, 0x02,
  0x10, 0x00, 0xb2, 0xaf, 0x12, 0x30, 0x00, 0x00, 0x75, 0x06, 0x11, 0x04,
  0x21, 0x30, 0x46, 0x00, 0x2c, 0x00, 0xbf, 0x8f, 0x28, 0x00, 0xb3, 0x8f,
  0x24, 0x00, 0xb2, 0x8f, 0x20, 0x00, 0xb1, 0x8f, 0x1c, 0x00, 0xb0, 0x8f,
  0x08, 0x00, 0xe0, 0x03, 0x30, 0x00, 0xbd, 0x27, 0xd0, 0xff, 0xbd, 0x27,
  0x2c, 0x00, 0xbf, 0xaf, 0xe9, 0x07, 0x11, 0x04, 0x10, 0x00, 0xa5, 0x27,
  0x25, 0x18, 0x40, 0x00, 0x44, 0x00, 0xa2, 0x8f, 0x00, 0x00, 0x00, 0x00,
  0x00, 0x00, 0x43, 0xac, 0x11, 0x00, 0x60, 0x14, 0x25, 0x10, 0x00, 0x00,
  0x01, 0x00, 0x03, 0x3c, 0xf0, 0x93, 0x63, 0x8c, 0x1c, 0x00, 0xa2, 0x8f,
  0x44, 0x00, 0xa5, 0x8f, 0x02, 0x00, 0x60, 0x14, 0x1b, 0x00, 0x43, 0x00,
  0x0d, 0x00, 0x07, 0x00, 0x40, 0x00, 0xa3, 0x8f, 0x10, 0x00, 0xa4, 0x27,
  0x10, 0x10, 0x00, 0x00, 0xc3, 0xff, 0x11, 0x04, 0x00, 0x00, 0x62, 0xac,
  0x10, 0x00, 0xa4, 0x8f, 0x34, 0x05, 0x11, 0x04, 0x20, 0x00, 0xa2, 0xaf,
  0x20, 0x00, 0xa2, 0x8f, 0x2c, 0x00, 0xbf, 0x8f, 0x00, 0x00, 0x00, 0x00,
  0x08, 0x00, 0xe0, 0x03, 0x30, 0x00, 0xbd, 0x27, 0x00, 0x00, 0x00, 0x00,
  0x00, 0x00, 0x00, 0x00, 0x08, 0x00, 0x83, 0x24, 0x25, 0x10, 0x00, 0x00,
  0x00, 0x04, 0x84, 0x24, 0x00, 0x00, 0x65, 0x8c, 0x04, 0x00, 0x63, 0x24,
  0xfd, 0xff, 0x64, 0x14, 0x21, 0x10, 0x45, 0x00, 0x08, 0x00, 0xe0, 0x03,
  0xff, 0xff, 0x42, 0x30, 0xd8, 0xff, 0xbd, 0x27, 0x00, 0x04, 0x06, 0x24,
  0x25, 0x28, 0x00, 0x00, 0x1c, 0x00, 0xb0, 0xaf, 0x25, 0x80, 0x80, 0x00,
  0x01, 0x00, 0x04, 0x3c, 0x80, 0x94, 0x84, 0x24, 0x24, 0x00, 0xbf, 0xaf,
  0x3b, 0xf6, 0x11, 0x04, 0x20, 0x00, 0xb1, 0xaf, 0x46, 0x50, 0x02, 0x3c,
  0x4c, 0x53, 0x42, 0x24, 0x01, 0x00, 0x01, 0x3c, 0x80, 0x94, 0x22, 0xac,
  0x00, 0x00, 0x02, 0x8e, 0x04, 0x00, 0x04, 0x8e, 0x14, 0x00, 0x42, 0x8c,
  0x00, 0x00, 0x00, 0x00, 0x09, 0xf8, 0x40, 0x00, 0x00, 0x00, 0x00, 0x00,
  0x01, 0x00, 0x04, 0x24, 0x14, 0x00, 0x03, 0x8e, 0x2c, 0x00, 0x07, 0x8e,
  0x00, 0x00, 0x02, 0x8e, 0x14, 0x00, 0xa4, 0xaf, 0x02, 0x00, 0x04, 0x24,
  0x10, 0x00, 0xa4, 0xaf, 0x04, 0x00, 0x04, 0x8e, 0x04, 0x00, 0x42, 0x8c,
  0x04, 0x38, 0x67, 0x00, 0x01, 0x00, 0x05, 0x3c, 0x80, 0x94, 0xa5, 0x24,
  0x09, 0xf8, 0x40, 0x00, 0x25, 0x30, 0x00, 0x00, 0x25, 0x88, 0x40, 0x00,
  0x00, 0x00, 0x02, 0x8e, 0x04, 0x00, 0x04, 0x8e, 0x14, 0x00, 0x42, 0x8c,
  0x00, 0x00, 0x00, 0x00, 0x09, 0xf8, 0x40, 0x00, 0x00, 0x00, 0x00, 0x00,
  0x24, 0x00, 0xbf, 0x8f, 0x1c, 0x00, 0xb0, 0x8f, 0x25, 0x10, 0x20, 0x02,
  0x20, 0x00, 0xb1, 0x8f, 0x08, 0x00, 0xe0, 0x03, 0x28, 0x00, 0xbd, 0x27,
  0xe0, 0xff, 0xbd, 0x27, 0x18, 0x00, 0xb0, 0xaf, 0x24, 0x00, 0xa5, 0xaf,
  0x25, 0x80, 0x80, 0x00, 0x28, 0x00, 0xa6, 0xaf, 0x25, 0x28, 0x00, 0x00,
  0x01, 0x00, 0x04, 0x3c, 0x80, 0x94, 0x84, 0x24, 0x1c, 0x00, 0xbf, 0xaf,
  0x0b, 0xf6, 0x11, 0x04, 0x00, 0x04, 0x06, 0x24, 0x46, 0x50, 0x02, 0x3c,
  0x4c, 0x53, 0x42, 0x24, 0x01, 0x00, 0x01, 0x3c, 0x80, 0x94, 0x22, 0xac,
  0x01, 0x00, 0x02, 0x24, 0x14, 0x00, 0xa2, 0xaf, 0x02, 0x00, 0x02, 0x24,
  0x10, 0x00, 0xa2, 0xaf, 0x04, 0x00, 0x02, 0x8e, 0x28, 0x00, 0xa7, 0x8f,
  0x24, 0x00, 0xa4, 0x8f, 0x01, 0x00, 0x05, 0x3c, 0x80, 0x94, 0xa5, 0x24,
  0x09, 0xf8, 0x40, 0x00, 0x25, 0x30, 0x00, 0x00, 0x1c, 0x00, 0xbf, 0x8f,
  0x18, 0x00, 0xb0, 0x8f, 0x08, 0x00, 0xe0, 0x03, 0x20, 0x00, 0xbd, 0x27,
  0x00, 0x00, 0x82, 0x8c, 0xd8, 0xff, 0xbd, 0x27, 0x14, 0x00, 0x42, 0x8c,
  0x1c, 0x00, 0xb0, 0xaf, 0x25, 0x80, 0x80, 0x00, 0x04, 0x00, 0x84, 0x8c,
  0x24, 0x00, 0xbf, 0xaf, 0x09, 0xf8, 0x40, 0x00, 0x20, 0x00, 0xb1, 0xaf,
  0x01, 0x00, 0x04, 0x3c, 0x80, 0x94, 0x84, 0x24, 0x9e, 0xff, 0x11, 0x04,
  0x25, 0x30, 0x00, 0x00, 0x01, 0x00, 0x04, 0x24, 0x14, 0x00, 0x03, 0x8e,
  0x2c, 0x00, 0x07, 0x8e, 0x01, 0x00, 0x01, 0x3c, 0x86, 0x94, 0x22, 0xa4,
  0x00, 0x00, 0x02, 0x8e, 0x14, 0x00, 0xa4, 0xaf, 0x02, 0x00, 0x04, 0x24,
  0x10, 0x00, 0xa4, 0xaf, 0x04, 0x00, 0x04, 0x8e, 0x04, 0x00, 0x42, 0x8c,
  0x01, 0x00, 0x05, 0x3c, 0x80, 0x94, 0xa5, 0x24, 0x09, 0xf8, 0x40, 0x00,
  0x04, 0x38, 0x67, 0x00, 0x25, 0x88, 0x40, 0x00, 0x00, 0x00, 0x02, 0x8e,
  0x04, 0x00, 0x04, 0x8e, 0x14, 0x00, 0x42, 0x8c, 0x00, 0x00, 0x00, 0x00,
  0x09, 0xf8, 0x40, 0x00, 0x00, 0x00, 0x00, 0x00, 0x24, 0x00, 0xbf, 0x8f,
  0x1c, 0x00, 0xb0, 0x8f, 0x25, 0x10, 0x20, 0x02, 0x20, 0x00, 0xb1, 0x8f,
  0x08, 0x00, 0xe0, 0x03, 0x28, 0x00, 0xbd, 0x27, 0xc8, 0xff, 0xbd, 0x27,
  0x30, 0x00, 0xb4, 0xaf, 0x2c, 0x00, 0xb3, 0xaf, 0x28, 0x00, 0xb2, 0xaf,
  0x24, 0x00, 0xb1, 0xaf, 0x20, 0x00, 0xb0, 0xaf, 0x34, 0x00, 0xbf, 0xaf,
  0x25, 0x88, 0x80, 0x00, 0x08, 0x00, 0xb0, 0x24, 0x01, 0x00, 0xd4, 0x24,
  0x01, 0x00, 0x12, 0x24, 0x01, 0x00, 0x13, 0x3c, 0x80, 0x94, 0x73, 0x26,
  0x18, 0x00, 0x92, 0x16, 0x01, 0x00, 0x03, 0x24, 0x14, 0x00, 0x22, 0x8e,
  0x2c, 0x00, 0x27, 0x8e, 0x40, 0x30, 0x06, 0x00, 0x04, 0x38, 0x47, 0x00,
  0x00, 0x00, 0x22, 0x8e, 0x10, 0x00, 0xa6, 0xaf, 0x14, 0x00, 0xa3, 0xaf,
  0x04, 0x00, 0x42, 0x8c, 0x18, 0x00, 0xa5, 0x8c, 0x04, 0x00, 0x24, 0x8e,
  0x02, 0x00, 0xe7, 0x24, 0x09, 0xf8, 0x40, 0x00, 0x25, 0x30, 0x00, 0x00,
  0x2d, 0x00, 0x40, 0x04, 0x25, 0x20, 0x20, 0x02, 0x34, 0x00, 0xbf, 0x8f,
  0x30, 0x00, 0xb4, 0x8f, 0x2c, 0x00, 0xb3, 0x8f, 0x28, 0x00, 0xb2, 0x8f,
  0x20, 0x00, 0xb0, 0x8f, 0x24, 0x00, 0xb1, 0x8f, 0xb2, 0xff, 0x00, 0x10,
  0x38, 0x00, 0xbd, 0x27, 0x00, 0x00, 0x02, 0x96, 0x00, 0x00, 0x00, 0x00,
  0x01, 0x00, 0x43, 0x30, 0x1d, 0x00, 0x60, 0x10, 0x00, 0x00, 0x00, 0x00,
  0x04, 0x00, 0x03, 0x8e, 0x00, 0x00, 0x00, 0x00, 0x19, 0x00, 0x71, 0x14,
  0x30, 0x00, 0x42, 0x30, 0x09, 0x00, 0x40, 0x10, 0x00, 0x00, 0x00, 0x00,
  0x10, 0x00, 0x04, 0x8e, 0x1c, 0x00, 0xa6, 0xaf, 0x8c, 0xfe, 0x11, 0x04,
  0x18, 0x00, 0xa5, 0xaf, 0x10, 0x00, 0x03, 0x8e, 0x1c, 0x00, 0xa6, 0x8f,
  0x18, 0x00, 0xa5, 0x8f, 0x00, 0x00, 0x62, 0xac, 0x04, 0x00, 0x63, 0x96,
  0x0c, 0x00, 0x04, 0x8e, 0x01, 0x00, 0x63, 0x24, 0x01, 0x00, 0x07, 0x3c,
  0xf4, 0x93, 0xe7, 0x8c, 0xc0, 0x10, 0x03, 0x00, 0x21, 0x10, 0x62, 0x02,
  0x04, 0x20, 0xe4, 0x00, 0x00, 0x00, 0x44, 0xac, 0x08, 0x00, 0x04, 0x8e,
  0x04, 0x00, 0x63, 0xa6, 0x04, 0x00, 0x44, 0xa4, 0x40, 0x20, 0x12, 0x00,
  0x06, 0x00, 0x44, 0xa4, 0x01, 0x00, 0x52, 0x26, 0xc4, 0xff, 0x00, 0x10,
  0x1c, 0x00, 0x10, 0x26, 0x34, 0x00, 0xbf, 0x8f, 0x30, 0x00, 0xb4, 0x8f,
  0x2c, 0x00, 0xb3, 0x8f, 0x28, 0x00, 0xb2, 0x8f, 0x24, 0x00, 0xb1, 0x8f,
  0x20, 0x00, 0xb0, 0x8f, 0x08, 0x00, 0xe0, 0x03, 0x38, 0x00, 0xbd, 0x27,
  0xb8, 0xff, 0xbd, 0x27, 0x2c, 0x00, 0x87, 0x8c, 0x14, 0x00, 0x83, 0x8c,
  0x00, 0x00, 0x82, 0x8c, 0x2c, 0x00, 0xb0, 0xaf, 0x25, 0x80, 0x80, 0x00,
  0x02, 0x00, 0x04, 0x24, 0x14, 0x00, 0xa0, 0xaf, 0x10, 0x00, 0xa4, 0xaf,
  0x04, 0x00, 0x42, 0x8c, 0x04, 0x00, 0x04, 0x8e, 0x44, 0x00, 0xbf, 0xaf,
  0x40, 0x00, 0xb5, 0xaf, 0x3c, 0x00, 0xb4, 0xaf, 0x38, 0x00, 0xb3, 0xaf,
  0x34, 0x00, 0xb2, 0xaf, 0x30, 0x00, 0xb1, 0xaf, 0x04, 0x38, 0x67, 0x00,
  0x01, 0x00, 0x05, 0x3c, 0x80, 0x94, 0xa5, 0x24, 0x09, 0xf8, 0x40, 0x00,
  0x25, 0x30, 0x00, 0x00, 0x11, 0x00, 0x40, 0x14, 0x00, 0x00, 0x00, 0x00,
  0x01, 0x00, 0x02, 0x3c, 0x80, 0x94, 0x42, 0x24, 0x00, 0x00, 0x43, 0x8c,
  0x20, 0x00, 0xa2, 0xaf, 0x46, 0x50, 0x02, 0x3c, 0x4c, 0x53, 0x42, 0x24,
  0x09, 0x00, 0x62, 0x14, 0x00, 0x00, 0x00, 0x00, 0x01, 0x00, 0x04, 0x3c,
  0x0d, 0xff, 0x11, 0x04, 0x80, 0x94, 0x84, 0x24, 0x01, 0x00, 0x06, 0x3c,
  0x86, 0x94, 0xc6, 0x94, 0xff, 0xff, 0x42, 0x30, 0x0e, 0x00, 0xc2, 0x10,
  0x00, 0x00, 0x00, 0x00, 0x01, 0x00, 0x04, 0x3c, 0x47, 0xf5, 0x11, 0x04,
  0xb0, 0x8f, 0x84, 0x24, 0x44, 0x00, 0xbf, 0x8f, 0x40, 0x00, 0xb5, 0x8f,
  0x3c, 0x00, 0xb4, 0x8f, 0x38, 0x00, 0xb3, 0x8f, 0x34, 0x00, 0xb2, 0x8f,
  0x30, 0x00, 0xb1, 0x8f, 0x25, 0x20, 0x00, 0x02, 0x2c, 0x00, 0xb0, 0x8f,
  0x04, 0xff, 0x00, 0x10, 0x48, 0x00, 0xbd, 0x27, 0x01, 0x00, 0x02, 0x3c,
  0x84, 0x94, 0x42, 0x94, 0x00, 0x00, 0x00, 0x00, 0xf2, 0xff, 0x40, 0x10,
  0x00, 0x00, 0x00, 0x00, 0x8f, 0x05, 0x11, 0x04, 0x18, 0x00, 0xa4, 0x27,
  0x16, 0x00, 0x40, 0x10, 0x25, 0x90, 0x40, 0x00, 0x01, 0x00, 0x02, 0x3c,
  0xdc, 0x8f, 0x42, 0x24, 0x01, 0x00, 0x11, 0x3c, 0x80, 0x94, 0x31, 0x26,
  0x25, 0x98, 0x00, 0x00, 0x24, 0x00, 0xa2, 0xaf, 0x02, 0x00, 0x14, 0x24,
  0x01, 0x00, 0x15, 0x24, 0x20, 0x00, 0xa2, 0x8f, 0x00, 0x00, 0x00, 0x00,
  0x04, 0x00, 0x42, 0x94, 0x00, 0x00, 0x00, 0x00, 0x2b, 0x10, 0x62, 0x02,
  0x11, 0x00, 0x40, 0x14, 0x00, 0x00, 0x00, 0x00, 0x0d, 0x04, 0x11, 0x04,
  0x25, 0x20, 0x40, 0x02, 0xe8, 0xfe, 0x11, 0x04, 0x25, 0x20, 0x00, 0x02,
  0x02, 0x00, 0x00, 0x10, 0x00, 0x00, 0x00, 0x00, 0x18, 0x00, 0xa2, 0x8f,
  0x44, 0x00, 0xbf, 0x8f, 0x40, 0x00, 0xb5, 0x8f, 0x3c, 0x00, 0xb4, 0x8f,
  0x38, 0x00, 0xb3, 0x8f, 0x34, 0x00, 0xb2, 0x8f, 0x30, 0x00, 0xb1, 0x8f,
  0x2c, 0x00, 0xb0, 0x8f, 0x08, 0x00, 0xe0, 0x03, 0x48, 0x00, 0xbd, 0x27,
  0x08, 0x00, 0x26, 0x8e, 0x0c, 0x00, 0x25, 0x96, 0x24, 0x00, 0xa4, 0x8f,
  0x10, 0xf5, 0x11, 0x04, 0x00, 0x00, 0x00, 0x00, 0x14, 0x00, 0x03, 0x8e,
  0x2c, 0x00, 0x02, 0x8e, 0x0e, 0x00, 0x27, 0x96, 0x04, 0x10, 0x62, 0x00,
  0x00, 0x00, 0x03, 0x8e, 0x18, 0x00, 0x45, 0x8e, 0x14, 0x00, 0xa0, 0xaf,
  0x10, 0x00, 0xb4, 0xaf, 0x04, 0x00, 0x63, 0x8c, 0x04, 0x00, 0x04, 0x8e,
  0x21, 0x38, 0x47, 0x00, 0x09, 0xf8, 0x60, 0x00, 0x25, 0x30, 0x00, 0x00,
  0x0b, 0x00, 0x40, 0x14, 0x00, 0x00, 0x00, 0x00, 0x00, 0x00, 0x02, 0x8e,
  0x18, 0x00, 0x45, 0x8e, 0x14, 0x00, 0xb5, 0xaf, 0x10, 0x00, 0xb4, 0xaf,
  0x04, 0x00, 0x42, 0x8c, 0x08, 0x00, 0x27, 0x8e, 0x0c, 0x00, 0x26, 0x96,
  0x04, 0x00, 0x04, 0x8e, 0x09, 0xf8, 0x40, 0x00, 0x00, 0x00, 0x00, 0x00,
  0x01, 0x00, 0x73, 0x26, 0xc9, 0xff, 0x00, 0x10, 0x08, 0x00, 0x31, 0x26,
  0x00, 0x00, 0x00, 0x00, 0xe0, 0xff, 0xbd, 0x27, 0x25, 0x38, 0x00, 0x00,
  0x25, 0x30, 0x00, 0x00, 0x14, 0x00, 0xa0, 0xaf, 0x10, 0x00, 0xa0, 0xaf,
  0x1c, 0x00, 0xbf, 0xaf, 0xde, 0xf4, 0x11, 0x04, 0x04, 0x68, 0x05, 0x24,
  0x1c, 0x00, 0xbf, 0x8f, 0x00, 0x00, 0x00, 0x00, 0x08, 0x00, 0xe0, 0x03,
  0x20, 0x00, 0xbd, 0x27, 0xe0, 0xff, 0xbd, 0x27, 0x25, 0x38, 0x00, 0x00,
  0x25, 0x30, 0x00, 0x00, 0x14, 0x00, 0xa0, 0xaf, 0x10, 0x00, 0xa0, 0xaf,
  0x1c, 0x00, 0xbf, 0xaf, 0xd2, 0xf4, 0x11, 0x04, 0x34, 0x68, 0x05, 0x24,
  0x1c, 0x00, 0xbf, 0x8f, 0x00, 0x00, 0x00, 0x00, 0x08, 0x00, 0xe0, 0x03,
  0x20, 0x00, 0xbd, 0x27, 0xe0, 0xff, 0xbd, 0x27, 0x24, 0x00, 0xa6, 0x27,
  0x25, 0x38, 0x00, 0x00, 0x24, 0x00, 0xa5, 0xaf, 0x14, 0x00, 0xa0, 0xaf,
  0x10, 0x00, 0xa0, 0xaf, 0x1c, 0x00, 0xbf, 0xaf, 0xc5, 0xf4, 0x11, 0x04,
  0x33, 0x68, 0x05, 0x24, 0x1c, 0x00, 0xbf, 0x8f, 0x00, 0x00, 0x00, 0x00,
  0x08, 0x00, 0xe0, 0x03, 0x20, 0x00, 0xbd, 0x27, 0xe0, 0xff, 0xbd, 0x27,
  0x25, 0x38, 0x00, 0x00, 0x25, 0x30, 0x00, 0x00, 0x14, 0x00, 0xa0, 0xaf,
  0x10, 0x00, 0xa0, 0xaf, 0x1c, 0x00, 0xbf, 0xaf, 0xb9, 0xf4, 0x11, 0x04,
  0x03, 0x68, 0x05, 0x24, 0x1c, 0x00, 0xbf, 0x8f, 0x00, 0x00, 0x00, 0x00,
  0x08, 0x00, 0xe0, 0x03, 0x20, 0x00, 0xbd, 0x27, 0xc8, 0xff, 0xbd, 0x27,
  0x48, 0x00, 0xa2, 0x8f, 0x18, 0x00, 0xa6, 0xaf, 0x20, 0x00, 0xa2, 0xaf,
  0x4c, 0x00, 0xa2, 0x8f, 0x1c, 0x00, 0xa7, 0xaf, 0x28, 0x00, 0xa5, 0xaf,
  0x14, 0x00, 0xa0, 0xaf, 0x10, 0x00, 0xa0, 0xaf, 0x18, 0x00, 0xa6, 0x27,
  0x25, 0x38, 0x00, 0x00, 0x32, 0x68, 0x05, 0x24, 0x34, 0x00, 0xbf, 0xaf,
  0xa6, 0xf4, 0x11, 0x04, 0x24, 0x00, 0xa2, 0xaf, 0x34, 0x00, 0xbf, 0x8f,
  0x00, 0x00, 0x00, 0x00, 0x08, 0x00, 0xe0, 0x03, 0x38, 0x00, 0xbd, 0x27,
  0xe0, 0xff, 0xbd, 0x27, 0x20, 0x00, 0xa4, 0xaf, 0x10, 0x00, 0xa4, 0x27,
  0x1c, 0x00, 0xbf, 0xaf, 0x8d, 0xf4, 0x11, 0x04, 0x18, 0x00, 0xb0, 0xaf,
  0x20, 0x00, 0xa5, 0x8f, 0x25, 0x30, 0x00, 0x00, 0xcf, 0xf4, 0x11, 0x04,
  0x25, 0x20, 0x00, 0x00, 0x10, 0x00, 0xa4, 0x8f, 0x88, 0xf4, 0x11, 0x04,
  0x25, 0x80, 0x40, 0x00, 0x1c, 0x00, 0xbf, 0x8f, 0x25, 0x10, 0x00, 0x02,
  0x18, 0x00, 0xb0, 0x8f, 0x08, 0x00, 0xe0, 0x03, 0x20, 0x00, 0xbd, 0x27,
  0xe0, 0xff, 0xbd, 0x27, 0x20, 0x00, 0xa4, 0xaf, 0x1c, 0x00, 0xbf, 0xaf,
  0x7c, 0xf4, 0x11, 0x04, 0x10, 0x00, 0xa4, 0x27, 0x20, 0x00, 0xa4, 0x8f,
  0xc1, 0xf4, 0x11, 0x04, 0x00, 0x00, 0x00, 0x00, 0x10, 0x00, 0xa4, 0x8f,
  0x78, 0xf4, 0x11, 0x04, 0x00, 0x00, 0x00, 0x00, 0x1c, 0x00, 0xbf, 0x8f,
  0x00, 0x00, 0x00, 0x00, 0x08, 0x00, 0xe0, 0x03, 0x20, 0x00, 0xbd, 0x27,
  0xd8, 0xff, 0xbd, 0x27, 0x01, 0x00, 0x02, 0x3c, 0x20, 0x00, 0xb1, 0xaf,
  0x1c, 0x00, 0xb0, 0xaf, 0x24, 0x00, 0xbf, 0xaf, 0x28, 0x00, 0xa4, 0xaf,
  0x14, 0x00, 0x10, 0x24, 0xa0, 0x86, 0x51, 0x34, 0x5f, 0xf4, 0x11, 0x04,
  0x10, 0x00, 0xa4, 0x27, 0x10, 0x00, 0xa3, 0x93, 0x47, 0x00, 0x40, 0x10,
  0x00, 0x00, 0x00, 0x00, 0x45, 0x00, 0x60, 0x14, 0x00, 0x00, 0x00, 0x00,
  0x11, 0x00, 0xa3, 0x93, 0x00, 0x00, 0x00, 0x00, 0x02, 0x11, 0x03, 0x00,
  0x80, 0x20, 0x02, 0x00, 0x21, 0x10, 0x44, 0x00, 0x0f, 0x00, 0x63, 0x30,
  0x40, 0x10, 0x02, 0x00, 0x21, 0x10, 0x43, 0x00, 0x12, 0x00, 0xa3, 0x93,
  0x01, 0x00, 0x01, 0x3c, 0xd1, 0x93, 0x22, 0xa0, 0x02, 0x11, 0x03, 0x00,
  0x80, 0x20, 0x02, 0x00, 0x21, 0x10, 0x44, 0x00, 0x0f, 0x00, 0x63, 0x30,
  0x40, 0x10, 0x02, 0x00, 0x21, 0x10, 0x43, 0x00, 0x13, 0x00, 0xa3, 0x93,
  0x01, 0x00, 0x01, 0x3c, 0xd2, 0x93, 0x22, 0xa0, 0x02, 0x11, 0x03, 0x00,
  0x80, 0x20, 0x02, 0x00, 0x21, 0x10, 0x44, 0x00, 0x0f, 0x00, 0x63, 0x30,
  0x40, 0x10, 0x02, 0x00, 0x21, 0x10, 0x43, 0x00, 0x15, 0x00, 0xa3, 0x93,
  0x01, 0x00, 0x01, 0x3c, 0xd3, 0x93, 0x22, 0xa0, 0x02, 0x11, 0x03, 0x00,
  0x80, 0x20, 0x02, 0x00, 0x21, 0x10, 0x44, 0x00, 0x0f, 0x00, 0x63, 0x30,
  0x40, 0x10, 0x02, 0x00, 0x21, 0x10, 0x43, 0x00, 0x16, 0x00, 0xa3, 0x93,
  0x01, 0x00, 0x01, 0x3c, 0xd4, 0x93, 0x22, 0xa0, 0x7f, 0x00, 0x62, 0x30,
  0x03, 0x11, 0x02, 0x00, 0x80, 0x20, 0x02, 0x00, 0x21, 0x10, 0x44, 0x00,
  0x0f, 0x00, 0x63, 0x30, 0x40, 0x10, 0x02, 0x00, 0x21, 0x10, 0x43, 0x00,
  0x17, 0x00, 0xa3, 0x93, 0x01, 0x00, 0x01, 0x3c, 0xd5, 0x93, 0x22, 0xa0,
  0x02, 0x21, 0x03, 0x00, 0x80, 0x10, 0x04, 0x00, 0x21, 0x10, 0x44, 0x00,
  0x0f, 0x00, 0x63, 0x30, 0x40, 0x10, 0x02, 0x00, 0xd0, 0x07, 0x63, 0x24,
  0x21, 0x10, 0x43, 0x00, 0x01, 0x00, 0x01, 0x3c, 0xd6, 0x93, 0x22, 0xa4,
  0x28, 0x00, 0xa4, 0x8f, 0x01, 0x00, 0x05, 0x3c, 0xd0, 0x93, 0xa5, 0x24,
  0x4a, 0xf4, 0x11, 0x04, 0x08, 0x00, 0x06, 0x24, 0x24, 0x00, 0xbf, 0x8f,
  0x20, 0x00, 0xb1, 0x8f, 0x1c, 0x00, 0xb0, 0x8f, 0x25, 0x10, 0x00, 0x00,
  0x08, 0x00, 0xe0, 0x03, 0x28, 0x00, 0xbd, 0x27, 0x00, 0x1e, 0x03, 0x00,
  0x03, 0x1e, 0x03, 0x00, 0xf2, 0xff, 0x61, 0x04, 0x25, 0x20, 0x20, 0x02,
  0x6a, 0xf4, 0x11, 0x04, 0xff, 0xff, 0x10, 0x26, 0xae, 0xff, 0x00, 0x16,
  0x00, 0x00, 0x00, 0x00, 0xec, 0xff, 0x00, 0x10, 0x00, 0x00, 0x00, 0x00,
  0xd0, 0xff, 0xbd, 0x27, 0x00, 0x00, 0x82, 0x8c, 0x28, 0x00, 0xb4, 0xaf,
  0x01, 0x00, 0x14, 0x24, 0x14, 0x00, 0xa0, 0xaf, 0x10, 0x00, 0xb4, 0xaf,
  0x18, 0x00, 0xb0, 0xaf, 0x04, 0x00, 0x42, 0x8c, 0x25, 0x80, 0x80, 0x00,
  0x04, 0x00, 0x84, 0x8c, 0x24, 0x00, 0xb3, 0xaf, 0x20, 0x00, 0xb2, 0xaf,
  0x1c, 0x00, 0xb1, 0xaf, 0x2c, 0x00, 0xbf, 0xaf, 0x25, 0x88, 0xc0, 0x00,
  0x25, 0x98, 0xe0, 0x00, 0x25, 0x30, 0x00, 0x00, 0x00, 0x20, 0x07, 0x24,
  0x09, 0xf8, 0x40, 0x00, 0x25, 0x90, 0xa0, 0x00, 0x09, 0x00, 0x40, 0x10,
  0x25, 0x10, 0x00, 0x00, 0x2c, 0x00, 0xbf, 0x8f, 0x28, 0x00, 0xb4, 0x8f,
  0x24, 0x00, 0xb3, 0x8f, 0x20, 0x00, 0xb2, 0x8f, 0x1c, 0x00, 0xb1, 0x8f,
  0x18, 0x00, 0xb0, 0x8f, 0x08, 0x00, 0xe0, 0x03, 0x30, 0x00, 0xbd, 0x27,
  0x0c, 0x00, 0x42, 0x8e, 0x06, 0x00, 0x60, 0x12, 0x00, 0x00, 0x00, 0x00,
  0x18, 0x00, 0x74, 0x12, 0x00, 0x00, 0x00, 0x00, 0x24, 0x10, 0x51, 0x00,
  0xf1, 0xff, 0x00, 0x10, 0x2b, 0x10, 0x02, 0x00, 0x25, 0x10, 0x51, 0x00,
  0x00, 0x00, 0x03, 0x8e, 0x0c, 0x00, 0x42, 0xae, 0x01, 0x00, 0x02, 0x24,
  0x14, 0x00, 0xa2, 0xaf, 0x10, 0x00, 0xa2, 0xaf, 0x04, 0x00, 0x04, 0x8e,
  0x04, 0x00, 0x62, 0x8c, 0x00, 0x20, 0x07, 0x24, 0x25, 0x30, 0x00, 0x00,
  0x09, 0xf8, 0x40, 0x00, 0x25, 0x28, 0x40, 0x02, 0x00, 0x00, 0x02, 0x8e,
  0x04, 0x00, 0x04, 0x8e, 0x14, 0x00, 0x42, 0x8c, 0x00, 0x00, 0x00, 0x00,
  0x09, 0xf8, 0x40, 0x00, 0x00, 0x00, 0x00, 0x00, 0xdd, 0xff, 0x00, 0x10,
  0x25, 0x10, 0x00, 0x00, 0x27, 0x88, 0x11, 0x00, 0xeb, 0xff, 0x00, 0x10,
  0x24, 0x10, 0x22, 0x02, 0x80, 0xff, 0xbd, 0x27, 0x01, 0x00, 0x02, 0x3c,
  0x00, 0x90, 0x42, 0x24, 0x78, 0x00, 0xb5, 0xaf, 0x70, 0x00, 0xb3, 0xaf,
  0x68, 0x00, 0xb1, 0xaf, 0x7c, 0x00, 0xbf, 0xaf, 0x74, 0x00, 0xb4, 0xaf,
  0x6c, 0x00, 0xb2, 0xaf, 0x64, 0x00, 0xb0, 0xaf, 0x25, 0x98, 0x80, 0x00,
  0x54, 0x00, 0xa0, 0xa3, 0x25, 0x88, 0x00, 0x00, 0x58, 0x00, 0xa2, 0xaf,
  0x10, 0x00, 0x15, 0x24, 0x31, 0x00, 0x06, 0x24, 0x25, 0x28, 0x00, 0x00,
  0xec, 0xf3, 0x11, 0x04, 0x10, 0x00, 0xa4, 0x27, 0x21, 0x80, 0x71, 0x02,
  0x10, 0x00, 0xb4, 0x27, 0x25, 0x90, 0x00, 0x00, 0x00, 0x00, 0x06, 0x82,
  0x58, 0x00, 0xa5, 0x8f, 0xe9, 0xf3, 0x11, 0x04, 0x25, 0x20, 0x80, 0x02,
  0x00, 0x00, 0x04, 0x82, 0x00, 0x00, 0x00, 0x00, 0x1b, 0x00, 0x81, 0x04,
  0x00, 0x00, 0x00, 0x00, 0x2e, 0x00, 0x02, 0x24, 0x44, 0x00, 0xa3, 0x27,
  0x21, 0x18, 0x72, 0x00, 0x01, 0x00, 0x52, 0x26, 0x00, 0x00, 0x62, 0xa0,
  0x01, 0x00, 0x10, 0x26, 0xf1, 0xff, 0x55, 0x16, 0x03, 0x00, 0x94, 0x26,
  0x44, 0x00, 0xa6, 0x27, 0x01, 0x00, 0x04, 0x3c, 0x08, 0x90, 0x84, 0x24,
  0xc9, 0xf3, 0x11, 0x04, 0x10, 0x00, 0xa5, 0x27, 0x10, 0x00, 0x31, 0x26,
  0x00, 0x02, 0x02, 0x24, 0xe2, 0xff, 0x22, 0x16, 0x31, 0x00, 0x06, 0x24,
  0x7c, 0x00, 0xbf, 0x8f, 0x78, 0x00, 0xb5, 0x8f, 0x74, 0x00, 0xb4, 0x8f,
  0x70, 0x00, 0xb3, 0x8f, 0x6c, 0x00, 0xb2, 0x8f, 0x68, 0x00, 0xb1, 0x8f,
  0x64, 0x00, 0xb0, 0x8f, 0x08, 0x00, 0xe0, 0x03, 0x80, 0x00, 0xbd, 0x27,
  0xdb, 0xf3, 0x11, 0x04, 0x00, 0x00, 0x00, 0x00, 0x17, 0x00, 0x42, 0x30,
  0xe2, 0xff, 0x40, 0x10, 0x44, 0x00, 0xa3, 0x27, 0x00, 0x00, 0x02, 0x82,
  0xe2, 0xff, 0x00, 0x10, 0x21, 0x18, 0x72, 0x00, 0x25, 0x10, 0x00, 0x00,
  0x04, 0x18, 0x45, 0x00, 0x03, 0x00, 0x64, 0x14, 0x00, 0x00, 0x00, 0x00,
  0x08, 0x00, 0xe0, 0x03, 0x00, 0x00, 0x00, 0x00, 0xfa, 0xff, 0x00, 0x10,
  0x01, 0x00, 0x42, 0x24, 0x72, 0x00, 0x83, 0x2c, 0x07, 0x00, 0x60, 0x14,
  0x25, 0x10, 0x80, 0x00, 0x8e, 0xff, 0x82, 0x24, 0x7b, 0x00, 0x03, 0x24,
  0x02, 0x00, 0x60, 0x14, 0x1b, 0x00, 0x43, 0x00, 0x0d, 0x00, 0x07, 0x00,
  0x10, 0x10, 0x00, 0x00, 0x08, 0x00, 0xe0, 0x03, 0x00, 0x00, 0x00, 0x00,
  0xc0, 0xff, 0xbd, 0x27, 0x20, 0x00, 0x02, 0x24, 0x38, 0x00, 0xb1, 0xaf,
  0x3c, 0x00, 0xbf, 0xaf, 0x34, 0x00, 0xb0, 0xaf, 0x25, 0x88, 0x80, 0x00,
  0x00, 0x00, 0x23, 0x82, 0x00, 0x00, 0x00, 0x00, 0x0b, 0x00, 0x62, 0x10,
  0x3a, 0x00, 0x05, 0x24, 0xb4, 0xf3, 0x11, 0x04, 0x25, 0x20, 0x20, 0x02,
  0x09, 0x00, 0x40, 0x14, 0x23, 0x80, 0x51, 0x00, 0x01, 0x00, 0x04, 0x3c,
  0x10, 0x90, 0x84, 0x24, 0x8f, 0xf3, 0x11, 0x04, 0x25, 0x28, 0x20, 0x02,
  0x19, 0x00, 0x00, 0x10, 0x25, 0x80, 0x00, 0x00, 0xf1, 0xff, 0x00, 0x10,
  0x01, 0x00, 0x31, 0x26, 0x25, 0x28, 0x20, 0x02, 0x10, 0x00, 0xb1, 0x27,
  0x25, 0x30, 0x00, 0x02, 0x93, 0xf3, 0x11, 0x04, 0x25, 0x20, 0x20, 0x02,
  0x21, 0x30, 0x30, 0x02, 0x00, 0x00, 0xc0, 0xa0, 0x25, 0x80, 0x20, 0x02,
  0x00, 0x00, 0x04, 0x82, 0xa1, 0xf3, 0x11, 0x04, 0x00, 0x00, 0x00, 0x00,
  0x04, 0x00, 0x42, 0x30, 0x0f, 0x00, 0x40, 0x10, 0x00, 0x00, 0x00, 0x00,
  0x00, 0x00, 0x00, 0xa2, 0x01, 0x00, 0x10, 0x3c, 0xd8, 0x93, 0x10, 0x26,
  0x00, 0x00, 0x04, 0x8e, 0x92, 0xf3, 0x11, 0x04, 0x25, 0x28, 0x20, 0x02,
  0xe7, 0xff, 0x40, 0x14, 0x00, 0x00, 0x00, 0x00, 0x3c, 0x00, 0xbf, 0x8f,
  0x38, 0x00, 0xb1, 0x8f, 0x25, 0x10, 0x00, 0x02, 0x34, 0x00, 0xb0, 0x8f,
  0x08, 0x00, 0xe0, 0x03, 0x40, 0x00, 0xbd, 0x27, 0xeb, 0xff, 0x00, 0x10,
  0x01, 0x00, 0x10, 0x26, 0x00, 0x00, 0x00, 0x00, 0x00, 0x00, 0x00, 0x00,
  0xff, 0xff, 0x82, 0x24, 0x24, 0x10, 0x44, 0x00, 0x06, 0x00, 0x40, 0x14,
  0x00, 0xf8, 0x84, 0x24, 0x01, 0x00, 0x02, 0x3c, 0x01, 0xf8, 0x42, 0x34,
  0x2b, 0x20, 0x82, 0x00, 0x0b, 0x00, 0x80, 0x14, 0x01, 0x00, 0x02, 0x24,
  0xe8, 0xff, 0xbd, 0x27, 0x01, 0x00, 0x04, 0x3c, 0x40, 0x90, 0x84, 0x24,
  0x14, 0x00, 0xbf, 0xaf, 0x5c, 0xf3, 0x11, 0x04, 0x00, 0x00, 0x00, 0x00,
  0x14, 0x00, 0xbf, 0x8f, 0x25, 0x10, 0x00, 0x00, 0x08, 0x00, 0xe0, 0x03,
  0x18, 0x00, 0xbd, 0x27, 0x08, 0x00, 0xe0, 0x03, 0x00, 0x00, 0x00, 0x00,
  0x06, 0x28, 0x85, 0x00, 0xc3, 0x17, 0x05, 0x00, 0x07, 0x00, 0x42, 0x30,
  0x21, 0x10, 0x45, 0x00, 0xc3, 0x10, 0x02, 0x00, 0x07, 0x00, 0xa5, 0x30,
  0x21, 0x28, 0xa2, 0x00, 0xc3, 0x17, 0x05, 0x00, 0xff, 0x01, 0x42, 0x30,
  0x21, 0x10, 0x45, 0x00, 0x43, 0x12, 0x02, 0x00, 0xff, 0x01, 0xa5, 0x30,
  0x08, 0x00, 0xe0, 0x03, 0x21, 0x10, 0x45, 0x00, 0x01, 0x00, 0x03, 0x24,
  0xe8, 0xff, 0xbd, 0x27, 0x04, 0x18, 0x83, 0x00, 0x14, 0x00, 0xbf, 0xaf,
  0xed, 0xff, 0x11, 0x04, 0xff, 0xff, 0x63, 0x24, 0x24, 0x18, 0x62, 0x00,
  0x14, 0x00, 0xbf, 0x8f, 0x2b, 0x18, 0x03, 0x00, 0x06, 0x10, 0x82, 0x00,
  0x21, 0x10, 0x62, 0x00, 0x08, 0x00, 0xe0, 0x03, 0x18, 0x00, 0xbd, 0x27,
  0xb8, 0xff, 0xbd, 0x27, 0x0c, 0x00, 0x82, 0x8c, 0x30, 0x00, 0xb3, 0xaf,
  0x25, 0x98, 0xa0, 0x00, 0x44, 0x00, 0xbf, 0xaf, 0x25, 0x28, 0xc0, 0x00,
  0x40, 0x00, 0xb7, 0xaf, 0x3c, 0x00, 0xb6, 0xaf, 0x38, 0x00, 0xb5, 0xaf,
  0x34, 0x00, 0xb4, 0xaf, 0x58, 0x00, 0xb5, 0x8f, 0x2c, 0x00, 0xb2, 0xaf,
  0x28, 0x00, 0xb1, 0xaf, 0x24, 0x00, 0xb0, 0xaf, 0x25, 0xa0, 0x80, 0x00,
  0x18, 0x00, 0xa0, 0xaf, 0x25, 0x20, 0x60, 0x02, 0x25, 0x88, 0xe0, 0x00,
  0x09, 0xf8, 0x40, 0x00, 0x25, 0x90, 0xc0, 0x00, 0x25, 0x28, 0x40, 0x00,
  0x25, 0x20, 0xa0, 0x02, 0xce, 0xff, 0x11, 0x04, 0x25, 0xb0, 0x40, 0x00,
  0x01, 0x00, 0x10, 0x24, 0x25, 0xb8, 0x40, 0x00, 0x02, 0x00, 0x22, 0x2e,
  0x02, 0x00, 0x40, 0x14, 0x04, 0x80, 0xb0, 0x02, 0x00, 0x20, 0x10, 0x26,
  0x25, 0x28, 0xc0, 0x02, 0xd3, 0xff, 0x11, 0x04, 0x25, 0x20, 0xa0, 0x02,
  0x18, 0x00, 0xa4, 0x27, 0x70, 0x03, 0x11, 0x04, 0x25, 0xb0, 0x40, 0x00,
  0x26, 0x00, 0x40, 0x10, 0x25, 0xa8, 0x40, 0x00, 0x18, 0x00, 0x43, 0x8c,
  0x21, 0x88, 0x36, 0x02, 0xfc, 0x01, 0x62, 0x24, 0xfc, 0xff, 0x64, 0x24,
  0x5c, 0x00, 0xa5, 0x8f, 0xfc, 0xff, 0x42, 0x24, 0xfd, 0xff, 0x44, 0x14,
  0x04, 0x00, 0x45, 0xac, 0x25, 0x30, 0x00, 0x00, 0x01, 0x00, 0x05, 0x24,
  0x26, 0x00, 0xd1, 0x14, 0x00, 0x00, 0x00, 0x00, 0x25, 0x30, 0x00, 0x02,
  0x25, 0x28, 0x40, 0x02, 0x01, 0x00, 0x04, 0x3c, 0x60, 0x90, 0x84, 0x24,
  0x03, 0xf3, 0x11, 0x04, 0x21, 0xb0, 0x17, 0x02, 0x01, 0x00, 0x17, 0x24,
  0x32, 0x00, 0x16, 0x12, 0x25, 0x38, 0x00, 0x02, 0x18, 0x00, 0xa5, 0x8e,
  0x14, 0x00, 0xb7, 0xaf, 0x10, 0x00, 0xb7, 0xaf, 0x04, 0x00, 0x82, 0x8e,
  0x25, 0x30, 0x40, 0x02, 0x09, 0xf8, 0x40, 0x00, 0x25, 0x20, 0x60, 0x02,
  0x01, 0x00, 0x11, 0x26, 0x1e, 0x00, 0x41, 0x04, 0x18, 0x00, 0xa2, 0xaf,
  0x01, 0x00, 0x04, 0x3c, 0x94, 0x90, 0x84, 0x24, 0xf2, 0xf2, 0x11, 0x04,
  0xff, 0xff, 0x25, 0x26, 0xda, 0x01, 0x11, 0x04, 0x25, 0x20, 0xa0, 0x02,
  0x44, 0x00, 0xbf, 0x8f, 0x18, 0x00, 0xa2, 0x8f, 0x40, 0x00, 0xb7, 0x8f,
  0x3c, 0x00, 0xb6, 0x8f, 0x38, 0x00, 0xb5, 0x8f, 0x34, 0x00, 0xb4, 0x8f,
  0x30, 0x00, 0xb3, 0x8f, 0x2c, 0x00, 0xb2, 0x8f, 0x28, 0x00, 0xb1, 0x8f,
  0x24, 0x00, 0xb0, 0x8f, 0x08, 0x00, 0xe0, 0x03, 0x48, 0x00, 0xbd, 0x27,
  0x04, 0x00, 0xc0, 0x10, 0x1f, 0x00, 0xc2, 0x30, 0x02, 0x00, 0x40, 0x14,
  0x00, 0x00, 0x00, 0x00, 0x04, 0x00, 0x63, 0x24, 0x00, 0x00, 0x64, 0x8c,
  0x04, 0x10, 0x45, 0x00, 0x25, 0x10, 0x82, 0x00, 0x00, 0x00, 0x62, 0xac,
  0xcf, 0xff, 0x00, 0x10, 0x01, 0x00, 0xc6, 0x24, 0x18, 0x00, 0xa3, 0x8e,
  0x00, 0x00, 0x00, 0x00, 0xfc, 0x01, 0x64, 0x24, 0xfc, 0xff, 0x63, 0x24,
  0x5c, 0x00, 0xa2, 0x8f, 0xfc, 0xff, 0x84, 0x24, 0xfd, 0xff, 0x83, 0x14,
  0x04, 0x00, 0x82, 0xac, 0xce, 0xff, 0x00, 0x10, 0x25, 0x80, 0x20, 0x02,
  0xd8, 0xff, 0x00, 0x10, 0x25, 0x88, 0x00, 0x02, 0xb0, 0xff, 0xbd, 0x27,
  0x08, 0x00, 0x82, 0x8c, 0x4c, 0x00, 0xbf, 0xaf, 0x40, 0x00, 0xb6, 0xaf,
  0x3c, 0x00, 0xb5, 0xaf, 0x34, 0x00, 0xb3, 0xaf, 0x30, 0x00, 0xb2, 0xaf,
  0x2c, 0x00, 0xb1, 0xaf, 0x25, 0x90, 0x80, 0x00, 0x48, 0x00, 0xbe, 0xaf,
  0x25, 0x20, 0xa0, 0x00, 0x44, 0x00, 0xb7, 0xaf, 0x38, 0x00, 0xb4, 0xaf,
  0x28, 0x00, 0xb0, 0xaf, 0x25, 0x98, 0xc0, 0x00, 0x25, 0x88, 0xa0, 0x00,
  0x09, 0xf8, 0x40, 0x00, 0x5c, 0x00, 0xa7, 0xaf, 0x25, 0xa8, 0x40, 0x00,
  0x0c, 0x00, 0x42, 0x8e, 0x25, 0x28, 0x00, 0x00, 0x09, 0xf8, 0x40, 0x00,
  0x25, 0x20, 0x20, 0x02, 0x25, 0x20, 0x60, 0x02, 0x49, 0xff, 0x11, 0x04,
  0x25, 0xb0, 0x40, 0x00, 0x25, 0x18, 0x40, 0x00, 0x7c, 0x00, 0x60, 0x10,
  0xea, 0xff, 0x02, 0x24, 0x00, 0x02, 0x05, 0x24, 0xfa, 0xfe, 0x11, 0x04,
  0x25, 0x20, 0x60, 0x02, 0x1c, 0x00, 0xa4, 0x27, 0x03, 0x03, 0x11, 0x04,
  0x25, 0xa0, 0x40, 0x00, 0x73, 0x00, 0x40, 0x10, 0x25, 0xb8, 0x40, 0x00,
  0x18, 0x00, 0x50, 0x8c, 0x01, 0x00, 0x06, 0x3c, 0xf0, 0x93, 0xc6, 0x8c,
  0x25, 0x28, 0x00, 0x00, 0xad, 0xf2, 0x11, 0x04, 0x25, 0x20, 0x00, 0x02,
  0x46, 0x50, 0x02, 0x3c, 0x00, 0x53, 0x42, 0x24, 0x00, 0x00, 0x02, 0xae,
  0x03, 0x00, 0x02, 0x24, 0x25, 0x28, 0xc0, 0x02, 0x04, 0x00, 0x02, 0xae,
  0x00, 0x20, 0x16, 0x24, 0x02, 0x02, 0x02, 0x24, 0x08, 0x00, 0x02, 0xae,
  0x10, 0x00, 0x13, 0xae, 0x14, 0x00, 0x15, 0xae, 0x25, 0x20, 0x80, 0x02,
  0x4d, 0xff, 0x11, 0x04, 0x07, 0xb0, 0x96, 0x02, 0x01, 0x00, 0xc5, 0x26,
  0x21, 0x28, 0xa2, 0x00, 0x02, 0x00, 0x02, 0x3c, 0x02, 0x00, 0x60, 0x16,
  0x1a, 0x00, 0x53, 0x00, 0x0d, 0x00, 0x07, 0x00, 0x12, 0x30, 0x00, 0x00,
  0x02, 0x00, 0xc0, 0x14, 0x18, 0x00, 0x05, 0xae, 0x01, 0x00, 0x06, 0x24,
  0x1e, 0x00, 0x06, 0xa6, 0x04, 0x28, 0x85, 0x02, 0x01, 0x00, 0x04, 0x3c,
  0xa8, 0x90, 0x84, 0x24, 0x84, 0xf2, 0x11, 0x04, 0xff, 0xff, 0xc6, 0x30,
  0x01, 0x00, 0x02, 0x24, 0x18, 0x00, 0x06, 0x8e, 0x26, 0x00, 0x02, 0xa6,
  0x1e, 0x00, 0x02, 0x96, 0x25, 0x28, 0x20, 0x02, 0x21, 0x10, 0x46, 0x00,
  0x20, 0x00, 0x02, 0xae, 0x04, 0x30, 0x86, 0x02, 0x70, 0xfc, 0x11, 0x04,
  0x25, 0x20, 0x40, 0x02, 0x3d, 0x00, 0x40, 0x04, 0x1c, 0x00, 0xa2, 0xaf,
  0xcf, 0x02, 0x11, 0x04, 0x18, 0x00, 0xa4, 0x27, 0x34, 0x00, 0x40, 0x10,
  0x25, 0x98, 0x40, 0x00, 0x20, 0x00, 0x08, 0x26, 0x25, 0x30, 0x00, 0x01,
  0x25, 0x28, 0x00, 0x01, 0x25, 0x20, 0x40, 0x00, 0x78, 0xf7, 0x11, 0x04,
  0x20, 0x00, 0xa8, 0xaf, 0x01, 0x00, 0x02, 0x3c, 0xf4, 0x93, 0x42, 0x8c,
  0x01, 0x00, 0x1e, 0x24, 0x20, 0x00, 0x07, 0x8e, 0x04, 0x10, 0x5e, 0x00,
  0x18, 0x00, 0x65, 0x8e, 0x14, 0x00, 0xbe, 0xaf, 0x10, 0x00, 0xa2, 0xaf,
  0x04, 0x00, 0x42, 0x8e, 0x01, 0x00, 0xe7, 0x24, 0x04, 0x38, 0x87, 0x02,
  0x25, 0x30, 0x00, 0x00, 0x09, 0xf8, 0x40, 0x00, 0x25, 0x20, 0x20, 0x02,
  0x1c, 0x00, 0x40, 0x14, 0x18, 0x00, 0xa2, 0xaf, 0x20, 0x00, 0xa5, 0x8f,
  0x25, 0x38, 0x00, 0x00, 0xff, 0x11, 0x06, 0x24, 0x25, 0x20, 0x60, 0x02,
  0xa2, 0xf7, 0x11, 0x04, 0x10, 0x00, 0xa0, 0xaf, 0x20, 0x00, 0x02, 0x8e,
  0x18, 0x00, 0x64, 0x8e, 0x01, 0x00, 0x42, 0x24, 0x30, 0x00, 0x82, 0xac,
  0x01, 0x00, 0x02, 0x3c, 0x4e, 0xfb, 0x11, 0x04, 0x34, 0x00, 0x82, 0xac,
  0x18, 0x00, 0x65, 0x8e, 0x20, 0x00, 0x07, 0x8e, 0x00, 0x00, 0xa2, 0xac,
  0x01, 0x00, 0x02, 0x3c, 0xf4, 0x93, 0x42, 0x8c, 0x14, 0x00, 0xbe, 0xaf,
  0x04, 0x18, 0x5e, 0x00, 0x10, 0x00, 0xa3, 0xaf, 0x04, 0x00, 0x42, 0x8e,
  0x04, 0x38, 0x87, 0x02, 0x25, 0x30, 0x00, 0x00, 0x09, 0xf8, 0x40, 0x00,
  0x25, 0x20, 0x20, 0x02, 0x18, 0x00, 0xa2, 0xaf, 0x2b, 0x01, 0x11, 0x04,
  0x25, 0x20, 0x60, 0x02, 0x18, 0x00, 0xa2, 0x8f, 0x25, 0x98, 0x00, 0x00,
  0x1c, 0x00, 0xa2, 0xaf, 0x24, 0x00, 0x41, 0x04, 0x01, 0x00, 0xb5, 0x26,
  0x24, 0x01, 0x11, 0x04, 0x25, 0x20, 0xe0, 0x02, 0x14, 0x00, 0x42, 0x8e,
  0x00, 0x00, 0x00, 0x00, 0x09, 0xf8, 0x40, 0x00, 0x25, 0x20, 0x20, 0x02,
  0x1c, 0x00, 0xa2, 0x8f, 0x4c, 0x00, 0xbf, 0x8f, 0x48, 0x00, 0xbe, 0x8f,
  0x44, 0x00, 0xb7, 0x8f, 0x40, 0x00, 0xb6, 0x8f, 0x3c, 0x00, 0xb5, 0x8f,
  0x38, 0x00, 0xb4, 0x8f, 0x34, 0x00, 0xb3, 0x8f, 0x30, 0x00, 0xb2, 0x8f,
  0x2c, 0x00, 0xb1, 0x8f, 0x28, 0x00, 0xb0, 0x8f, 0x08, 0x00, 0xe0, 0x03,
  0x50, 0x00, 0xbd, 0x27, 0x05, 0x00, 0x60, 0x16, 0x01, 0x00, 0x07, 0x24,
  0x1e, 0x00, 0x07, 0x96, 0x00, 0x00, 0x00, 0x00, 0x21, 0x38, 0xf6, 0x00,
  0x03, 0x00, 0xe7, 0x24, 0x5c, 0x00, 0xa2, 0x8f, 0x10, 0x00, 0xb4, 0xaf,
  0x14, 0x00, 0xa2, 0xaf, 0x25, 0x30, 0x60, 0x02, 0x25, 0x28, 0x20, 0x02,
  0xe2, 0xfe, 0x11, 0x04, 0x25, 0x20, 0x40, 0x02, 0xdf, 0xff, 0x40, 0x04,
  0x1c, 0x00, 0xa2, 0xaf, 0x01, 0x00, 0x73, 0x26, 0x2b, 0x10, 0x75, 0x02,
  0xee, 0xff, 0x40, 0x14, 0x00, 0x00, 0x00, 0x00, 0x1c, 0x00, 0xa2, 0x8f,
  0x00, 0x00, 0x00, 0x00, 0xd7, 0xff, 0x40, 0x14, 0x01, 0x20, 0x07, 0x24,
  0x01, 0x00, 0x13, 0x24, 0x14, 0x00, 0xb3, 0xaf, 0x10, 0x00, 0xb3, 0xaf,
  0x04, 0x00, 0x42, 0x8e, 0x25, 0x30, 0x00, 0x00, 0x25, 0x28, 0x00, 0x02,
  0x09, 0xf8, 0x40, 0x00, 0x25, 0x20, 0x20, 0x02, 0xcd, 0xff, 0x40, 0x14,
  0x1c, 0x00, 0xa2, 0xaf, 0x14, 0x00, 0xb3, 0xaf, 0x10, 0x00, 0xb3, 0xaf,
  0x04, 0x00, 0x42, 0x8e, 0x00, 0x20, 0x07, 0x24, 0x25, 0x30, 0x00, 0x00,
  0x25, 0x28, 0x00, 0x02, 0x09, 0xf8, 0x40, 0x00, 0x25, 0x20, 0x20, 0x02,
  0xc3, 0xff, 0x00, 0x10, 0x1c, 0x00, 0xa2, 0xaf, 0xc0, 0xff, 0xbd, 0x27,
  0x2c, 0x00, 0xb2, 0xaf, 0x25, 0x90, 0xa0, 0x00, 0x28, 0x00, 0xb1, 0xaf,
  0x25, 0x88, 0x80, 0x00, 0x10, 0x00, 0x44, 0x8e, 0x00, 0x02, 0x05, 0x24,
  0x38, 0x00, 0xb5, 0xaf, 0x34, 0x00, 0xb4, 0xaf, 0x30, 0x00, 0xb3, 0xaf,
  0x3c, 0x00, 0xbf, 0xaf, 0x25, 0x98, 0xc0, 0x00, 0x3d, 0xfe, 0x11, 0x04,
  0x24, 0x00, 0xb0, 0xaf, 0x25, 0xa8, 0x40, 0x00, 0x14, 0x00, 0x42, 0x8e,
  0x01, 0x00, 0x74, 0x26, 0x01, 0x00, 0x46, 0x24, 0x2b, 0x18, 0xd4, 0x00,
  0x00, 0x00, 0x24, 0x8e, 0x04, 0x00, 0x22, 0x8e, 0x27, 0x00, 0x60, 0x14,
  0x01, 0x00, 0x07, 0x24, 0x14, 0x00, 0x53, 0xae, 0x01, 0x00, 0x13, 0x24,
  0x14, 0x00, 0xb3, 0xaf, 0x10, 0x00, 0xb3, 0xaf, 0x04, 0x00, 0x83, 0x8c,
  0x00, 0x20, 0x07, 0x24, 0x25, 0x30, 0x00, 0x00, 0x25, 0x28, 0x40, 0x02,
  0x09, 0xf8, 0x60, 0x00, 0x25, 0x20, 0x40, 0x00, 0x0b, 0x00, 0x40, 0x14,
  0x25, 0x80, 0x40, 0x00, 0x00, 0x00, 0x22, 0x8e, 0x14, 0x00, 0xb3, 0xaf,
  0x10, 0x00, 0xb3, 0xaf, 0x04, 0x00, 0x42, 0x8c, 0x04, 0x00, 0x24, 0x8e,
  0x01, 0x20, 0x07, 0x24, 0x25, 0x30, 0x00, 0x00, 0x09, 0xf8, 0x40, 0x00,
  0x25, 0x28, 0x40, 0x02, 0x25, 0x80, 0x40, 0x00, 0x00, 0x00, 0x22, 0x8e,
  0x04, 0x00, 0x24, 0x8e, 0x14, 0x00, 0x42, 0x8c, 0x00, 0x00, 0x00, 0x00,
  0x09, 0xf8, 0x40, 0x00, 0x00, 0x00, 0x00, 0x00, 0x3c, 0x00, 0xbf, 0x8f,
  0x38, 0x00, 0xb5, 0x8f, 0x34, 0x00, 0xb4, 0x8f, 0x30, 0x00, 0xb3, 0x8f,
  0x2c, 0x00, 0xb2, 0x8f, 0x28, 0x00, 0xb1, 0x8f, 0x25, 0x10, 0x00, 0x02,
  0x24, 0x00, 0xb0, 0x8f, 0x08, 0x00, 0xe0, 0x03, 0x40, 0x00, 0xbd, 0x27,
  0x14, 0x00, 0xa0, 0xaf, 0x10, 0x00, 0xb5, 0xaf, 0x25, 0x28, 0x40, 0x00,
  0x82, 0xfe, 0x11, 0x04, 0x18, 0x00, 0xa6, 0xaf, 0xf0, 0xff, 0x40, 0x04,
  0x25, 0x80, 0x40, 0x00, 0x18, 0x00, 0xa6, 0x8f, 0xcc, 0xff, 0x00, 0x10,
  0x01, 0x00, 0xc6, 0x24, 0x00, 0x00, 0x82, 0x8c, 0xc8, 0xff, 0xbd, 0x27,
  0x08, 0x00, 0x42, 0x8c, 0x24, 0x00, 0xb0, 0xaf, 0x25, 0x80, 0x80, 0x00,
  0x04, 0x00, 0x84, 0x8c, 0x30, 0x00, 0xb3, 0xaf, 0x34, 0x00, 0xbf, 0xaf,
  0x2c, 0x00, 0xb2, 0xaf, 0x09, 0xf8, 0x40, 0x00, 0x28, 0x00, 0xb1, 0xaf,
  0x18, 0x00, 0xa4, 0x27, 0x02, 0x02, 0x11, 0x04, 0x25, 0x98, 0x40, 0x00,
  0x04, 0x00, 0x40, 0x14, 0x01, 0x00, 0x03, 0x24, 0x18, 0x00, 0xa2, 0x8f,
  0x1e, 0x00, 0x00, 0x10, 0x00, 0x00, 0x00, 0x00, 0x18, 0x00, 0x51, 0x8c,
  0x25, 0x90, 0x40, 0x00, 0x00, 0x00, 0x02, 0x8e, 0x14, 0x00, 0xa0, 0xaf,
  0x10, 0x00, 0xa3, 0xaf, 0x04, 0x00, 0x42, 0x8c, 0x04, 0x00, 0x04, 0x8e,
  0x00, 0x20, 0x07, 0x24, 0x25, 0x30, 0x00, 0x00, 0x09, 0xf8, 0x40, 0x00,
  0x25, 0x28, 0x20, 0x02, 0x33, 0x00, 0x40, 0x14, 0x18, 0x00, 0xa2, 0xaf,
  0x46, 0x50, 0x02, 0x3c, 0x00, 0x00, 0x23, 0x8e, 0x00, 0x53, 0x42, 0x24,
  0x06, 0x00, 0x62, 0x14, 0x00, 0x00, 0x00, 0x00, 0x04, 0x00, 0x22, 0x8e,
  0x00, 0x00, 0x00, 0x00, 0x04, 0x00, 0x42, 0x2c, 0x0e, 0x00, 0x40, 0x14,
  0x00, 0x00, 0x00, 0x00, 0x01, 0x00, 0x04, 0x3c, 0x8a, 0xf1, 0x11, 0x04,
  0xd8, 0x90, 0x84, 0x24, 0x72, 0x00, 0x11, 0x04, 0x25, 0x20, 0x40, 0x02,
  0xfb, 0xff, 0x02, 0x24, 0x34, 0x00, 0xbf, 0x8f, 0x30, 0x00, 0xb3, 0x8f,
  0x2c, 0x00, 0xb2, 0x8f, 0x28, 0x00, 0xb1, 0x8f, 0x24, 0x00, 0xb0, 0x8f,
  0x08, 0x00, 0xe0, 0x03, 0x38, 0x00, 0xbd, 0x27, 0x10, 0x00, 0x24, 0x8e,
  0x13, 0xfe, 0x11, 0x04, 0x00, 0x00, 0x00, 0x00, 0x02, 0x00, 0x40, 0x14,
  0xfb, 0xff, 0x02, 0x24, 0x18, 0x00, 0xa2, 0xaf, 0x0c, 0x00, 0x22, 0x8e,
  0x00, 0x00, 0x00, 0x00, 0x01, 0x00, 0x42, 0x30, 0x07, 0x00, 0x40, 0x10,
  0x00, 0x00, 0x00, 0x00, 0x08, 0x00, 0x02, 0x8e, 0x00, 0x00, 0x00, 0x00,
  0x04, 0x00, 0x42, 0x30, 0x02, 0x00, 0x40, 0x10, 0xfb, 0xff, 0x02, 0x24,
  0x18, 0x00, 0xa2, 0xaf, 0x14, 0x00, 0x22, 0x8e, 0x00, 0x00, 0x00, 0x00,
  0x2b, 0x18, 0x62, 0x02, 0x0a, 0x00, 0x60, 0x10, 0x00, 0x00, 0x00, 0x00,
  0x01, 0x00, 0x04, 0x3c, 0x67, 0xf1, 0x11, 0x04, 0xfc, 0x90, 0x84, 0x24,
  0xfb, 0xff, 0x02, 0x24, 0x18, 0x00, 0xa2, 0xaf, 0x4d, 0x00, 0x11, 0x04,
  0x25, 0x20, 0x40, 0x02, 0xbb, 0xff, 0x00, 0x10, 0x00, 0x00, 0x00, 0x00,
  0x18, 0x00, 0xa3, 0x8f, 0x00, 0x00, 0x00, 0x00, 0xf9, 0xff, 0x60, 0x14,
  0x2b, 0x10, 0x53, 0x00, 0x39, 0x00, 0x40, 0x14, 0x00, 0x00, 0x00, 0x00,
  0x10, 0x00, 0x24, 0x8e, 0x00, 0x02, 0x05, 0x24, 0xa4, 0xfd, 0x11, 0x04,
  0x1c, 0x00, 0x04, 0xae, 0x01, 0x00, 0x05, 0x3c, 0xf0, 0x93, 0xa5, 0x8c,
  0x1c, 0x00, 0x04, 0x8e, 0x9f, 0xfd, 0x11, 0x04, 0x14, 0x00, 0x02, 0xae,
  0x18, 0x00, 0x02, 0xae, 0x14, 0x00, 0x22, 0x8e, 0x20, 0x00, 0x25, 0x26,
  0x08, 0x00, 0x06, 0x24, 0x24, 0x00, 0x04, 0x26, 0x54, 0xf1, 0x11, 0x04,
  0x20, 0x00, 0x02, 0xae, 0x18, 0x00, 0x25, 0x26, 0x08, 0x00, 0x06, 0x24,
  0x50, 0xf1, 0x11, 0x04, 0x2c, 0x00, 0x04, 0x26, 0x20, 0x00, 0x25, 0x26,
  0x08, 0x00, 0x06, 0x24, 0x4c, 0xf1, 0x11, 0x04, 0x34, 0x00, 0x04, 0x26,
  0x0c, 0x00, 0x00, 0xae, 0xcf, 0xfb, 0x11, 0x04, 0x25, 0x20, 0x00, 0x02,
  0x40, 0x00, 0x13, 0x26, 0x25, 0x88, 0x00, 0x00, 0x20, 0x00, 0x02, 0x8e,
  0x00, 0x00, 0x00, 0x00, 0x01, 0x00, 0x42, 0x24, 0x2b, 0x10, 0x22, 0x02,
  0xd4, 0xff, 0x40, 0x10, 0x00, 0x00, 0x00, 0x00, 0x00, 0x00, 0x02, 0x8e,
  0x04, 0x00, 0x04, 0x8e, 0x0c, 0x00, 0x42, 0x8c, 0x00, 0x00, 0x00, 0x00,
  0x09, 0xf8, 0x40, 0x00, 0x25, 0x28, 0x20, 0x02, 0x14, 0x00, 0x03, 0x8e,
  0x25, 0x28, 0x20, 0x02, 0x06, 0x18, 0x62, 0x00, 0x0c, 0x00, 0x02, 0x8e,
  0x25, 0x20, 0x00, 0x02, 0x21, 0x10, 0x43, 0x00, 0xac, 0xf3, 0x11, 0x04,
  0x0c, 0x00, 0x02, 0xae, 0x00, 0x00, 0x62, 0xae, 0x10, 0x00, 0x03, 0x8e,
  0x01, 0x00, 0x31, 0x26, 0x21, 0x18, 0x62, 0x00, 0x10, 0x00, 0x03, 0xae,
  0xe6, 0xff, 0x00, 0x10, 0x04, 0x00, 0x73, 0x26, 0x01, 0x00, 0x04, 0x3c,
  0x20, 0xf1, 0x11, 0x04, 0x2c, 0x91, 0x84, 0x24, 0x25, 0x30, 0x60, 0x02,
  0x25, 0x28, 0x20, 0x02, 0x1f, 0xff, 0x11, 0x04, 0x25, 0x20, 0x00, 0x02,
  0xb6, 0xff, 0x40, 0x14, 0x18, 0x00, 0xa2, 0xaf, 0xbe, 0xff, 0x00, 0x10,
  0x00, 0x00, 0x00, 0x00, 0x00, 0x00, 0x00, 0x00, 0x05, 0x00, 0x80, 0x14,
  0x00, 0x00, 0x00, 0x00, 0x01, 0x00, 0x04, 0x3c, 0x60, 0x91, 0x84, 0x24,
  0x11, 0xf1, 0x00, 0x10, 0x00, 0x00, 0x00, 0x00, 0x0a, 0x00, 0x82, 0x94,
  0x00, 0x00, 0x00, 0x00, 0x05, 0x00, 0x40, 0x14, 0x00, 0x00, 0x00, 0x00,
  0x01, 0x00, 0x04, 0x3c, 0x84, 0x91, 0x84, 0x24, 0xf7, 0xff, 0x00, 0x10,
  0x00, 0x00, 0x00, 0x00, 0xff, 0xff, 0x42, 0x24, 0x0c, 0x00, 0x83, 0x8c,
  0xff, 0xff, 0x42, 0x30, 0x10, 0x00, 0x60, 0x10, 0x0a, 0x00, 0x82, 0xa4,
  0x0c, 0x00, 0x40, 0x14, 0x00, 0x00, 0x00, 0x00, 0x01, 0x00, 0x02, 0x3c,
  0x84, 0x98, 0x42, 0x8c, 0x00, 0x00, 0x00, 0x00, 0x04, 0x00, 0x42, 0x8c,
  0x00, 0x00, 0x00, 0x00, 0x04, 0x00, 0x82, 0xac, 0x00, 0x00, 0x43, 0x8c,
  0x00, 0x00, 0x00, 0x00, 0x00, 0x00, 0x83, 0xac, 0x04, 0x00, 0x64, 0xac,
  0x00, 0x00, 0x44, 0xac, 0x08, 0x00, 0xe0, 0x03, 0x00, 0x00, 0x00, 0x00,
  0x05, 0x00, 0x40, 0x10, 0x00, 0x00, 0x00, 0x00, 0x01, 0x00, 0x04, 0x3c,
  0xa8, 0x91, 0x84, 0x24, 0xdd, 0xff, 0x00, 0x10, 0x00, 0x00, 0x00, 0x00,
  0x01, 0x00, 0x02, 0x3c, 0x84, 0x98, 0x42, 0x8c, 0xf0, 0xff, 0x00, 0x10,
  0x04, 0x00, 0x82, 0xac, 0x00, 0x00, 0x82, 0x8c, 0x04, 0x00, 0xa4, 0xac,
  0x00, 0x00, 0xa2, 0xac, 0x04, 0x00, 0x45, 0xac, 0x08, 0x00, 0xe0, 0x03,
  0x00, 0x00, 0x85, 0xac, 0x25, 0x10, 0x80, 0x00, 0x00, 0x00, 0x43, 0x8c,
  0x04, 0x00, 0x84, 0x8c, 0x00, 0x00, 0x00, 0x00, 0x00, 0x00, 0x83, 0xac,
  0x08, 0x00, 0xe0, 0x03, 0x04, 0x00, 0x64, 0xac, 0x0a, 0x00, 0x83, 0x94,
  0x25, 0x10, 0x80, 0x00, 0x01, 0x00, 0x63, 0x24, 0x08, 0x00, 0xe0, 0x03,
  0x0a, 0x00, 0x83, 0xa4, 0xd0, 0xff, 0xbd, 0x27, 0x20, 0x00, 0xb1, 0xaf,
  0x0c, 0x00, 0x91, 0x8c, 0x1c, 0x00, 0xb0, 0xaf, 0x3c, 0x00, 0x22, 0x8e,
  0x2c, 0x00, 0xbf, 0xaf, 0x28, 0x00, 0xb3, 0xaf, 0x24, 0x00, 0xb2, 0xaf,
  0x4a, 0x00, 0x40, 0x14, 0x25, 0x80, 0x80, 0x00, 0x01, 0x00, 0x03, 0x3c,
  0xf4, 0x93, 0x63, 0x8c, 0x01, 0x00, 0x02, 0x24, 0x04, 0x10, 0x62, 0x00,
  0x25, 0x90, 0xa0, 0x00, 0x00, 0x00, 0x25, 0x8e, 0x14, 0x00, 0x87, 0x8c,
  0x04, 0x00, 0x24, 0x8e, 0x14, 0x00, 0xb2, 0xaf, 0x10, 0x00, 0xa2, 0xaf,
  0x04, 0x00, 0xa2, 0x8c, 0x10, 0x00, 0x06, 0x8e, 0x18, 0x00, 0x05, 0x8e,
  0x09, 0xf8, 0x40, 0x00, 0x04, 0x38, 0x67, 0x00, 0x21, 0x00, 0x40, 0x14,
  0x25, 0x98, 0x40, 0x00, 0x37, 0x00, 0x40, 0x16, 0x00, 0x00, 0x00, 0x00,
  0x08, 0x00, 0x02, 0x96, 0x00, 0x00, 0x00, 0x00, 0x10, 0x00, 0x43, 0x30,
  0x09, 0x00, 0x60, 0x10, 0x00, 0x00, 0x00, 0x00, 0x18, 0x00, 0x03, 0x8e,
  0x00, 0x00, 0x00, 0x00, 0x04, 0x00, 0x64, 0x8c, 0x45, 0x53, 0x03, 0x3c,
  0x44, 0x47, 0x63, 0x24, 0x02, 0x00, 0x83, 0x10, 0x00, 0x00, 0x00, 0x00,
  0xfb, 0xff, 0x12, 0x24, 0x20, 0x00, 0x43, 0x30, 0x22, 0x00, 0x60, 0x10,
  0x00, 0x00, 0x00, 0x00, 0x18, 0x00, 0x02, 0x8e, 0x00, 0x00, 0x00, 0x00,
  0x04, 0x00, 0x43, 0x8c, 0x45, 0x53, 0x02, 0x3c, 0x49, 0x47, 0x42, 0x24,
  0x2b, 0x00, 0x62, 0x14, 0x00, 0x00, 0x00, 0x00, 0x18, 0x00, 0x04, 0x8e,
  0x00, 0x00, 0x00, 0x00, 0x00, 0x00, 0x93, 0x8c, 0x9d, 0xf9, 0x11, 0x04,
  0x00, 0x00, 0x00, 0x00, 0x17, 0x00, 0x62, 0x12, 0xfb, 0xff, 0x13, 0x24,
  0x14, 0x00, 0x06, 0x8e, 0x10, 0x00, 0x05, 0x8e, 0x01, 0x00, 0x04, 0x3c,
  0xd4, 0x91, 0x84, 0x24, 0x98, 0xf0, 0x11, 0x04, 0x25, 0x38, 0x60, 0x02,
  0x00, 0x00, 0x22, 0x8e, 0x04, 0x00, 0x24, 0x8e, 0x10, 0x00, 0x42, 0x8c,
  0x00, 0x00, 0x00, 0x00, 0x09, 0xf8, 0x40, 0x00, 0x00, 0x00, 0x00, 0x00,
  0x18, 0x00, 0x05, 0x8e, 0x25, 0x38, 0x00, 0x00, 0x01, 0x00, 0x06, 0x24,
  0x5d, 0xfc, 0x11, 0x04, 0x25, 0x20, 0x20, 0x02, 0x06, 0x00, 0x00, 0x10,
  0x3c, 0x00, 0x33, 0xae, 0x30, 0x00, 0x42, 0x30, 0xe4, 0xff, 0x40, 0x14,
  0x00, 0x00, 0x00, 0x00, 0xe9, 0xff, 0x40, 0x16, 0xfb, 0xff, 0x13, 0x24,
  0x08, 0x00, 0x02, 0x96, 0x2c, 0x00, 0xbf, 0x8f, 0xfe, 0xff, 0x42, 0x30,
  0x08, 0x00, 0x02, 0xa6, 0x28, 0x00, 0xb3, 0x8f, 0x3c, 0x00, 0x22, 0x8e,
  0x24, 0x00, 0xb2, 0x8f, 0x20, 0x00, 0xb1, 0x8f, 0x1c, 0x00, 0xb0, 0x8f,
  0x08, 0x00, 0xe0, 0x03, 0x30, 0x00, 0xbd, 0x27, 0xd5, 0xff, 0x00, 0x10,
  0xfb, 0xff, 0x12, 0x24, 0x01, 0x00, 0x06, 0x3c, 0x80, 0x98, 0xc6, 0x8c,
  0x01, 0x00, 0x05, 0x3c, 0x84, 0x98, 0xa5, 0x8c, 0xe0, 0xff, 0xbd, 0x27,
  0x01, 0x00, 0xc8, 0x24, 0x24, 0x00, 0xa2, 0x24, 0x18, 0x00, 0xb1, 0xaf,
  0x1c, 0x00, 0xbf, 0xaf, 0x25, 0x88, 0x80, 0x00, 0x14, 0x00, 0xb0, 0xaf,
  0x25, 0x18, 0x00, 0x00, 0x01, 0x00, 0x04, 0x24, 0x2b, 0x38, 0x88, 0x00,
  0x09, 0x00, 0xe0, 0x14, 0x00, 0x00, 0x00, 0x00, 0x12, 0x00, 0x60, 0x14,
  0x00, 0x00, 0x00, 0x00, 0x1c, 0x00, 0xbf, 0x8f, 0x14, 0x00, 0xb0, 0x8f,
  0x25, 0x20, 0x20, 0x02, 0x18, 0x00, 0xb1, 0x8f, 0x28, 0xfa, 0x00, 0x10,
  0x20, 0x00, 0xbd, 0x27, 0x04, 0x00, 0x47, 0x8c, 0x00, 0x00, 0x00, 0x00,
  0x05, 0x00, 0xf1, 0x14, 0x00, 0x00, 0x00, 0x00, 0x00, 0x00, 0x47, 0x94,
  0x00, 0x00, 0x00, 0x00, 0x01, 0x00, 0xe7, 0x30, 0x25, 0x18, 0x67, 0x00,
  0x01, 0x00, 0x84, 0x24, 0xeb, 0xff, 0x00, 0x10, 0x1c, 0x00, 0x42, 0x24,
  0x1c, 0x00, 0xa5, 0x24, 0x90, 0xfa, 0x11, 0x04, 0x25, 0x20, 0x20, 0x02,
  0x01, 0x00, 0x10, 0x24, 0x01, 0x00, 0x02, 0x3c, 0x80, 0x98, 0x42, 0x8c,
  0x00, 0x00, 0x00, 0x00, 0x01, 0x00, 0x42, 0x24, 0x2b, 0x10, 0x02, 0x02,
  0xe5, 0xff, 0x40, 0x10, 0x00, 0x00, 0x00, 0x00, 0xc0, 0x10, 0x10, 0x00,
  0x01, 0x00, 0x04, 0x3c, 0x84, 0x98, 0x84, 0x8c, 0x23, 0x10, 0x50, 0x00,
  0x80, 0x10, 0x02, 0x00, 0x21, 0x20, 0x82, 0x00, 0x0c, 0x00, 0x82, 0x8c,
  0x00, 0x00, 0x00, 0x00, 0x08, 0x00, 0x51, 0x14, 0x00, 0x00, 0x00, 0x00,
  0x08, 0x00, 0x82, 0x94, 0x00, 0x00, 0x00, 0x00, 0x01, 0x00, 0x42, 0x30,
  0x03, 0x00, 0x40, 0x10, 0x00, 0x00, 0x00, 0x00, 0x62, 0xff, 0x11, 0x04,
  0x01, 0x00, 0x05, 0x24, 0xe7, 0xff, 0x00, 0x10, 0x01, 0x00, 0x10, 0x26,
  0x01, 0x00, 0x02, 0x3c, 0x84, 0x98, 0x42, 0x8c, 0xd8, 0xff, 0xbd, 0x27,
  0x04, 0x00, 0x43, 0x8c, 0x20, 0x00, 0xb4, 0xaf, 0x1c, 0x00, 0xb3, 0xaf,
  0x18, 0x00, 0xb2, 0xaf, 0x14, 0x00, 0xb1, 0xaf, 0x24, 0x00, 0xbf, 0xaf,
  0x10, 0x00, 0xb0, 0xaf, 0x25, 0xa0, 0x80, 0x00, 0x25, 0x98, 0xa0, 0x00,
  0x25, 0x90, 0xc0, 0x00, 0x15, 0x00, 0x43, 0x14, 0x25, 0x88, 0xe0, 0x00,
  0x00, 0x00, 0x43, 0x8c, 0x00, 0x00, 0x00, 0x00, 0x11, 0x00, 0x43, 0x14,
  0x00, 0x00, 0x00, 0x00, 0x01, 0x00, 0x04, 0x3c, 0x10, 0x92, 0x84, 0x24,
  0x21, 0xf0, 0x11, 0x04, 0x25, 0x80, 0x00, 0x00, 0x38, 0x00, 0xa2, 0x8f,
  0xf4, 0xff, 0x03, 0x24, 0x00, 0x00, 0x43, 0xac, 0x24, 0x00, 0xbf, 0x8f,
  0x20, 0x00, 0xb4, 0x8f, 0x1c, 0x00, 0xb3, 0x8f, 0x18, 0x00, 0xb2, 0x8f,
  0x14, 0x00, 0xb1, 0x8f, 0x25, 0x10, 0x00, 0x02, 0x10, 0x00, 0xb0, 0x8f,
  0x08, 0x00, 0xe0, 0x03, 0x28, 0x00, 0xbd, 0x27, 0x00, 0x00, 0x50, 0x8c,
  0x00, 0x00, 0x00, 0x00, 0x05, 0x00, 0x00, 0x16, 0x00, 0x00, 0x00, 0x00,
  0x01, 0x00, 0x04, 0x3c, 0x38, 0x92, 0x84, 0x24, 0x0d, 0xf0, 0x11, 0x04,
  0x00, 0x00, 0x00, 0x00, 0x0c, 0x00, 0x04, 0x8e, 0x00, 0x00, 0x00, 0x00,
  0x09, 0x00, 0x80, 0x10, 0x01, 0x00, 0x02, 0x24, 0x08, 0x00, 0x02, 0x96,
  0x00, 0x00, 0x00, 0x00, 0x01, 0x00, 0x42, 0x30, 0x03, 0x00, 0x40, 0x10,
  0x00, 0x00, 0x00, 0x00, 0x8a, 0xff, 0x11, 0x04, 0x00, 0x00, 0x00, 0x00,
  0x01, 0x00, 0x02, 0x24, 0x0a, 0x00, 0x02, 0xa6, 0x04, 0x00, 0x03, 0x8e,
  0x00, 0x00, 0x02, 0x8e, 0xf0, 0x00, 0x31, 0x32, 0x08, 0x00, 0x11, 0xa6,
  0x0c, 0x00, 0x14, 0xae, 0x10, 0x00, 0x13, 0xae, 0x14, 0x00, 0x12, 0xae,
  0x00, 0x00, 0x62, 0xac, 0xd9, 0xff, 0x00, 0x10, 0x04, 0x00, 0x43, 0xac,
  0xd8, 0xff, 0xbd, 0x27, 0x01, 0x00, 0x09, 0x3c, 0x80, 0x98, 0x29, 0x8d,
  0x01, 0x00, 0x03, 0x3c, 0x84, 0x98, 0x63, 0x8c, 0x20, 0x00, 0xb0, 0xaf,
  0x38, 0x00, 0xb0, 0x8f, 0x24, 0x00, 0xbf, 0xaf, 0x01, 0x00, 0x29, 0x25,
  0x00, 0x00, 0x00, 0xae, 0x1c, 0x00, 0x62, 0x24, 0x01, 0x00, 0x08, 0x24,
  0x2b, 0x50, 0x09, 0x01, 0x09, 0x00, 0x40, 0x15, 0x00, 0x00, 0x00, 0x00,
  0x10, 0x00, 0xb0, 0xaf, 0xad, 0xff, 0x11, 0x04, 0x34, 0x00, 0xa7, 0xaf,
  0x34, 0x00, 0xa7, 0x8f, 0x2d, 0x00, 0x40, 0x14, 0x25, 0x20, 0x40, 0x00,
  0x23, 0x00, 0x00, 0x10, 0x25, 0x20, 0x00, 0x00, 0x0c, 0x00, 0x4a, 0x8c,
  0x00, 0x00, 0x00, 0x00, 0x24, 0x00, 0x40, 0x11, 0x00, 0x00, 0x00, 0x00,
  0x22, 0x00, 0x44, 0x15, 0x00, 0x00, 0x00, 0x00, 0x14, 0x00, 0x4a, 0x8c,
  0x00, 0x00, 0x00, 0x00, 0x1e, 0x00, 0x46, 0x15, 0x00, 0x00, 0x00, 0x00,
  0x10, 0x00, 0x4a, 0x8c, 0x00, 0x00, 0x00, 0x00, 0x1b, 0x00, 0x45, 0x15,
  0x01, 0x00, 0x08, 0x25, 0x23, 0x28, 0x43, 0x00, 0x08, 0x00, 0x43, 0x94,
  0xf0, 0x00, 0xe7, 0x30, 0x0f, 0x00, 0x63, 0x30, 0x25, 0x18, 0x67, 0x00,
  0x08, 0x00, 0x43, 0xa4, 0x0a, 0x00, 0x43, 0x94, 0x00, 0x00, 0x00, 0x00,
  0x03, 0x00, 0x60, 0x14, 0xff, 0xff, 0x08, 0x25, 0xe1, 0xfe, 0x11, 0x04,
  0x25, 0x20, 0x40, 0x00, 0x01, 0x00, 0x04, 0x3c, 0x84, 0x98, 0x84, 0x8c,
  0x00, 0x00, 0x00, 0x00, 0x21, 0x20, 0x85, 0x00, 0x0a, 0x00, 0x82, 0x94,
  0x00, 0x00, 0x00, 0x00, 0x01, 0x00, 0x42, 0x24, 0x0a, 0x00, 0x82, 0xa4,
  0x24, 0x00, 0xbf, 0x8f, 0x20, 0x00, 0xb0, 0x8f, 0x25, 0x10, 0x80, 0x00,
  0x08, 0x00, 0xe0, 0x03, 0x28, 0x00, 0xbd, 0x27, 0x01, 0x00, 0x08, 0x25,
  0xcc, 0xff, 0x00, 0x10, 0x1c, 0x00, 0x42, 0x24, 0x02, 0x00, 0xe7, 0x30,
  0xf6, 0xff, 0xe0, 0x14, 0x25, 0x28, 0x00, 0x00, 0xd8, 0xfe, 0x11, 0x04,
  0x18, 0x00, 0xa2, 0xaf, 0x00, 0x00, 0x02, 0xae, 0x18, 0x00, 0xa4, 0x8f,
  0xf0, 0xff, 0x41, 0x04, 0x00, 0x00, 0x00, 0x00, 0x94, 0xfe, 0x11, 0x04,
  0x0c, 0x00, 0x80, 0xac, 0xec, 0xff, 0x00, 0x10, 0x25, 0x20, 0x00, 0x00,
  0xe0, 0xff, 0xbd, 0x27, 0x25, 0x38, 0x00, 0x00, 0x25, 0x30, 0x00, 0x00,
  0x1c, 0x00, 0xbf, 0xaf, 0x25, 0x28, 0x00, 0x00, 0x00, 0x00, 0x80, 0xac,
  0x10, 0x00, 0xa4, 0xaf, 0x68, 0xff, 0x11, 0x04, 0x25, 0x20, 0x00, 0x00,
  0x1c, 0x00, 0xbf, 0x8f, 0x00, 0x00, 0x00, 0x00, 0x08, 0x00, 0xe0, 0x03,
  0x20, 0x00, 0xbd, 0x27, 0x01, 0x00, 0x03, 0x3c, 0x84, 0x98, 0x63, 0x8c,
  0x00, 0x00, 0x00, 0x00, 0x04, 0x00, 0x64, 0x8c, 0x00, 0x00, 0x00, 0x00,
  0x05, 0x00, 0x64, 0x14, 0x25, 0x10, 0x00, 0x00, 0x00, 0x00, 0x62, 0x8c,
  0x00, 0x00, 0x00, 0x00, 0x26, 0x18, 0x62, 0x00, 0x01, 0x00, 0x62, 0x2c,
  0x08, 0x00, 0xe0, 0x03, 0x00, 0x00, 0x00, 0x00, 0xd0, 0xff, 0xbd, 0x27,
  0x80, 0x00, 0x82, 0x2c, 0x2c, 0x00, 0xbf, 0xaf, 0x28, 0x00, 0xb3, 0xaf,
  0x24, 0x00, 0xb2, 0xaf, 0x20, 0x00, 0xb1, 0xaf, 0x0d, 0x00, 0x40, 0x14,
  0x1c, 0x00, 0xb0, 0xaf, 0x01, 0x00, 0x04, 0x3c, 0x5c, 0x92, 0x84, 0x24,
  0x82, 0xef, 0x11, 0x04, 0x00, 0x00, 0x00, 0x00, 0xea, 0xff, 0x02, 0x24,
  0x2c, 0x00, 0xbf, 0x8f, 0x28, 0x00, 0xb3, 0x8f, 0x24, 0x00, 0xb2, 0x8f,
  0x20, 0x00, 0xb1, 0x8f, 0x1c, 0x00, 0xb0, 0x8f, 0x08, 0x00, 0xe0, 0x03,
  0x30, 0x00, 0xbd, 0x27, 0x18, 0x00, 0x85, 0x00, 0x25, 0x88, 0x80, 0x00,
  0x12, 0x20, 0x00, 0x00, 0xc7, 0xfa, 0x11, 0x04, 0x25, 0x90, 0xa0, 0x00,
  0x03, 0x00, 0x40, 0x14, 0x25, 0x80, 0x40, 0x00, 0xf1, 0xff, 0x00, 0x10,
  0xf4, 0xff, 0x02, 0x24, 0x01, 0x00, 0x33, 0x26, 0xc0, 0x30, 0x13, 0x00,
  0x23, 0x30, 0xd3, 0x00, 0x80, 0x30, 0x06, 0x00, 0x25, 0x20, 0xc0, 0x00,
  0xbc, 0xfa, 0x11, 0x04, 0x10, 0x00, 0xa6, 0xaf, 0x01, 0x00, 0x01, 0x3c,
  0x84, 0x98, 0x22, 0xac, 0xf4, 0xff, 0x40, 0x10, 0x25, 0x20, 0x40, 0x00,
  0x10, 0x00, 0xa6, 0x8f, 0x01, 0x00, 0x01, 0x3c, 0x80, 0x98, 0x31, 0xac,
  0x6c, 0xef, 0x11, 0x04, 0x25, 0x28, 0x00, 0x00, 0x01, 0x00, 0x04, 0x3c,
  0x84, 0x98, 0x84, 0x8c, 0x01, 0x00, 0x02, 0x24, 0x00, 0x00, 0x84, 0xac,
  0x04, 0x00, 0x84, 0xac, 0x1c, 0x00, 0x83, 0x24, 0x2b, 0x28, 0x53, 0x00,
  0x03, 0x00, 0xa0, 0x14, 0x00, 0x00, 0x00, 0x00, 0xd6, 0xff, 0x00, 0x10,
  0x25, 0x10, 0x00, 0x00, 0x18, 0x00, 0x70, 0xac, 0x04, 0x00, 0x85, 0x8c,
  0x21, 0x80, 0x12, 0x02, 0x04, 0x00, 0x65, 0xac, 0x00, 0x00, 0xa6, 0x8c,
  0x01, 0x00, 0x42, 0x24, 0x00, 0x00, 0x66, 0xac, 0x04, 0x00, 0xc3, 0xac,
  0x00, 0x00, 0xa3, 0xac, 0xf1, 0xff, 0x00, 0x10, 0x1c, 0x00, 0x63, 0x24,
  0x01, 0x00, 0x02, 0x3c, 0x80, 0x98, 0x42, 0x8c, 0xe8, 0xff, 0xbd, 0x27,
  0x02, 0x00, 0x42, 0x2c, 0x07, 0x00, 0x40, 0x14, 0x14, 0x00, 0xbf, 0xaf,
  0x01, 0x00, 0x02, 0x3c, 0x84, 0x98, 0x42, 0x8c, 0x00, 0x00, 0x00, 0x00,
  0x34, 0x00, 0x44, 0x8c, 0xa3, 0xfa, 0x11, 0x04, 0x00, 0x00, 0x00, 0x00,
  0x01, 0x00, 0x04, 0x3c, 0x84, 0x98, 0x84, 0x8c, 0x9f, 0xfa, 0x11, 0x04,
  0x00, 0x00, 0x00, 0x00, 0x14, 0x00, 0xbf, 0x8f, 0x25, 0x10, 0x00, 0x00,
  0x08, 0x00, 0xe0, 0x03, 0x18, 0x00, 0xbd, 0x27, 0xe8, 0xff, 0xbd, 0x27,
  0x10, 0x00, 0xb0, 0xaf, 0x14, 0x00, 0xbf, 0xaf, 0xba, 0xfe, 0x11, 0x04,
  0x25, 0x80, 0x80, 0x00, 0x01, 0x00, 0x05, 0x3c, 0x80, 0x98, 0xa5, 0x8c,
  0x01, 0x00, 0x02, 0x3c, 0x84, 0x98, 0x42, 0x8c, 0x01, 0x00, 0xa5, 0x24,
  0x28, 0x00, 0x42, 0x24, 0x01, 0x00, 0x03, 0x24, 0x2b, 0x20, 0x65, 0x00,
  0x05, 0x00, 0x80, 0x14, 0x00, 0x00, 0x00, 0x00, 0x14, 0x00, 0xbf, 0x8f,
  0x10, 0x00, 0xb0, 0x8f, 0x08, 0x00, 0xe0, 0x03, 0x18, 0x00, 0xbd, 0x27,
  0x00, 0x00, 0x44, 0x8c, 0x00, 0x00, 0x00, 0x00, 0x02, 0x00, 0x90, 0x14,
  0x00, 0x00, 0x00, 0x00, 0x00, 0x00, 0x40, 0xac, 0x01, 0x00, 0x63, 0x24,
  0xf2, 0xff, 0x00, 0x10, 0x1c, 0x00, 0x42, 0x24, 0x01, 0x00, 0x09, 0x3c,
  0x80, 0x98, 0x29, 0x8d, 0x01, 0x00, 0x02, 0x3c, 0x84, 0x98, 0x42, 0x8c,
  0x01, 0x00, 0x29, 0x25, 0x24, 0x00, 0x42, 0x24, 0x01, 0x00, 0x08, 0x24,
  0x2b, 0x18, 0x09, 0x01, 0x03, 0x00, 0x60, 0x14, 0x00, 0x00, 0x00, 0x00,
  0x08, 0x00, 0xe0, 0x03, 0x00, 0x00, 0x00, 0x00, 0x04, 0x00, 0x43, 0x8c,
  0x00, 0x00, 0x00, 0x00, 0x10, 0x00, 0x64, 0x14, 0x00, 0x00, 0x00, 0x00,
  0x08, 0x00, 0x43, 0x8c, 0x00, 0x00, 0x00, 0x00, 0x0c, 0x00, 0x65, 0x14,
  0x00, 0x00, 0x00, 0x00, 0x0c, 0x00, 0x43, 0x8c, 0x00, 0x00, 0x00, 0x00,
  0x2b, 0x50, 0x66, 0x00, 0x07, 0x00, 0x40, 0x15, 0x2b, 0x18, 0x67, 0x00,
  0x05, 0x00, 0x60, 0x10, 0x00, 0x00, 0x00, 0x00, 0x00, 0x00, 0x43, 0x94,
  0x00, 0x00, 0x00, 0x00, 0xfe, 0xff, 0x63, 0x30, 0x00, 0x00, 0x43, 0xa4,
  0x01, 0x00, 0x08, 0x25, 0xe6, 0xff, 0x00, 0x10, 0x1c, 0x00, 0x42, 0x24,
  0x00, 0x00, 0x00, 0x00, 0x00, 0x00, 0x00, 0x00, 0x00, 0x00, 0x00, 0x00,
  0xd8, 0xff, 0xbd, 0x27, 0x20, 0x00, 0xb1, 0xaf, 0x25, 0x88, 0x80, 0x00,
  0x1c, 0x00, 0xb0, 0xaf, 0x24, 0x00, 0xbf, 0xaf, 0xda, 0xfd, 0x11, 0x04,
  0x25, 0x80, 0xa0, 0x00, 0x18, 0x00, 0x23, 0x8e, 0x00, 0x00, 0x00, 0x00,
  0x10, 0x00, 0x62, 0x8c, 0x00, 0x00, 0x00, 0x00, 0x0c, 0x00, 0x40, 0x10,
  0x20, 0x00, 0x07, 0x24, 0x0c, 0x00, 0x24, 0x8e, 0x14, 0x00, 0x65, 0x94,
  0x18, 0x00, 0x86, 0x8c, 0x10, 0x00, 0xb0, 0xaf, 0xef, 0xfe, 0x11, 0x04,
  0x04, 0x30, 0xc2, 0x00, 0x24, 0x00, 0xbf, 0x8f, 0x20, 0x00, 0xb1, 0x8f,
  0x1c, 0x00, 0xb0, 0x8f, 0x08, 0x00, 0xe0, 0x03, 0x28, 0x00, 0xbd, 0x27,
  0x01, 0x00, 0x04, 0x3c, 0xdc, 0xee, 0x11, 0x04, 0x90, 0x92, 0x84, 0x24,
  0xea, 0xff, 0x02, 0x24, 0x00, 0x00, 0x02, 0xae, 0xf5, 0xff, 0x00, 0x10,
  0x25, 0x10, 0x00, 0x00, 0x0c, 0x00, 0xa2, 0x8c, 0xd0, 0xff, 0xbd, 0x27,
  0x2c, 0x00, 0xbf, 0xaf, 0x28, 0x00, 0xb1, 0xaf, 0x24, 0x00, 0xb0, 0xaf,
  0x0b, 0x00, 0x40, 0x10, 0x10, 0x00, 0xa0, 0xaf, 0x01, 0x00, 0x04, 0x3c,
  0xc4, 0x92, 0x84, 0x24, 0xcd, 0xee, 0x11, 0x04, 0x00, 0x00, 0x00, 0x00,
  0xff, 0xff, 0x02, 0x24, 0x2c, 0x00, 0xbf, 0x8f, 0x28, 0x00, 0xb1, 0x8f,
  0x24, 0x00, 0xb0, 0x8f, 0x08, 0x00, 0xe0, 0x03, 0x30, 0x00, 0xbd, 0x27,
  0x25, 0x88, 0x80, 0x00, 0x04, 0x00, 0xa4, 0x8c, 0x25, 0x80, 0xa0, 0x00,
  0x17, 0xfb, 0x11, 0x04, 0x01, 0x00, 0x84, 0x24, 0x08, 0x00, 0x40, 0x10,
  0x00, 0x00, 0x00, 0x00, 0x04, 0x00, 0x02, 0x8e, 0x08, 0x00, 0x00, 0xae,
  0x01, 0x00, 0x42, 0x24, 0x04, 0x00, 0x02, 0xae, 0x10, 0x00, 0xa2, 0x8f,
  0xee, 0xff, 0x00, 0x10, 0x00, 0x00, 0x00, 0x00, 0x00, 0x00, 0x04, 0x8e,
  0xd9, 0xfd, 0x11, 0x04, 0x00, 0x00, 0x00, 0x00, 0x25, 0x20, 0x40, 0x00,
  0xbd, 0xff, 0x11, 0x04, 0x10, 0x00, 0xa5, 0x27, 0xf6, 0xff, 0x40, 0x10,
  0x00, 0x00, 0x00, 0x00, 0x00, 0x00, 0x04, 0x8e, 0x98, 0xfd, 0x11, 0x04,
  0x18, 0x00, 0xa2, 0xaf, 0x18, 0x00, 0xa2, 0x8f, 0x00, 0x00, 0x00, 0x00,
  0x00, 0x00, 0x02, 0xae, 0x18, 0x00, 0x22, 0x8e, 0x00, 0x00, 0x00, 0x00,
  0xe4, 0x03, 0x43, 0x8c, 0x04, 0x00, 0x02, 0x8e, 0xff, 0xff, 0x63, 0x24,
  0x01, 0x00, 0x42, 0x24, 0xe4, 0xff, 0x62, 0x14, 0x04, 0x00, 0x02, 0xae,
  0xd6, 0xff, 0x00, 0x10, 0xea, 0xff, 0x02, 0x24, 0x00, 0x00, 0x82, 0x8c,
  0xd8, 0xff, 0xbd, 0x27, 0x0c, 0x00, 0x42, 0x8c, 0x18, 0x00, 0xb2, 0xaf,
  0x1c, 0x00, 0x52, 0x8c, 0x20, 0x00, 0xb5, 0xaf, 0x1c, 0x00, 0xb4, 0xaf,
  0x25, 0xa8, 0xe0, 0x00, 0x25, 0xa0, 0xc0, 0x00, 0x14, 0x00, 0xb1, 0xaf,
  0x25, 0x30, 0x40, 0x02, 0x25, 0x88, 0x80, 0x00, 0x25, 0x38, 0x00, 0x00,
  0x25, 0x20, 0x80, 0x02, 0x25, 0x28, 0xa0, 0x02, 0x24, 0x00, 0xbf, 0xaf,
  0x69, 0x01, 0x11, 0x04, 0x10, 0x00, 0xb0, 0xaf, 0x25, 0x30, 0x40, 0x02,
  0x25, 0x38, 0x00, 0x00, 0x25, 0x20, 0x80, 0x02, 0x25, 0x28, 0xa0, 0x02,
  0xc3, 0x02, 0x11, 0x04, 0x25, 0x80, 0x40, 0x00, 0x0c, 0x00, 0x23, 0x8e,
  0x00, 0x00, 0x00, 0x00, 0x21, 0x18, 0x62, 0x00, 0x2b, 0x10, 0x72, 0x00,
  0x03, 0x00, 0x40, 0x14, 0x00, 0x00, 0x00, 0x00, 0x23, 0x18, 0x72, 0x00,
  0x01, 0x00, 0x10, 0x26, 0x24, 0x00, 0xbf, 0x8f, 0x20, 0x00, 0xb5, 0x8f,
  0x1c, 0x00, 0xb4, 0x8f, 0x18, 0x00, 0xb2, 0x8f, 0x0c, 0x00, 0x23, 0xae,
  0x25, 0x10, 0x00, 0x02, 0x14, 0x00, 0xb1, 0x8f, 0x10, 0x00, 0xb0, 0x8f,
  0x08, 0x00, 0xe0, 0x03, 0x28, 0x00, 0xbd, 0x27, 0xd8, 0xff, 0xbd, 0x27,
  0x20, 0x00, 0xb0, 0xaf, 0x2c, 0x00, 0xa5, 0xaf, 0x1c, 0x00, 0xa6, 0xaf,
  0x18, 0x00, 0xa7, 0xaf, 0x24, 0x00, 0xbf, 0xaf, 0x92, 0xfd, 0x11, 0x04,
  0x25, 0x80, 0x80, 0x00, 0x2c, 0x00, 0xa5, 0x8f, 0x18, 0x00, 0xa7, 0x8f,
  0x00, 0x00, 0xa2, 0xac, 0x18, 0x00, 0x02, 0x8e, 0x1c, 0x00, 0xa6, 0x8f,
  0xd8, 0x03, 0x43, 0x8c, 0xdc, 0x03, 0x44, 0x8c, 0x00, 0x00, 0x00, 0x00,
  0x25, 0x18, 0x64, 0x00, 0x0d, 0x00, 0x60, 0x14, 0x0c, 0x00, 0xa0, 0xac,
  0x25, 0x20, 0x00, 0x00, 0x01, 0x00, 0x03, 0x24, 0xe4, 0x03, 0x42, 0x8c,
  0x04, 0x00, 0xa4, 0xac, 0x08, 0x00, 0xa3, 0xac, 0x25, 0x20, 0xa0, 0x00,
  0x91, 0xf7, 0x11, 0x04, 0x10, 0x00, 0xa2, 0xaf, 0x24, 0x00, 0xbf, 0x8f,
  0x20, 0x00, 0xb0, 0x8f, 0x08, 0x00, 0xe0, 0x03, 0x28, 0x00, 0xbd, 0x27,
  0x01, 0x00, 0x04, 0x24, 0xf4, 0xff, 0x00, 0x10, 0x25, 0x18, 0x00, 0x00,
  0x00, 0x00, 0x00, 0x00, 0x00, 0x00, 0x00, 0x00, 0xd8, 0xff, 0xbd, 0x27,
  0x14, 0x00, 0xb0, 0xaf, 0x25, 0x80, 0x80, 0x00, 0x04, 0x00, 0xa4, 0x8c,
  0x18, 0x00, 0xb1, 0xaf, 0x24, 0x00, 0xbf, 0xaf, 0x20, 0x00, 0xb3, 0xaf,
  0x1c, 0x00, 0xb2, 0xaf, 0x25, 0x88, 0xa0, 0x00, 0x9d, 0xfa, 0x11, 0x04,
  0x30, 0x00, 0xa6, 0xaf, 0x25, 0x18, 0x40, 0x00, 0x22, 0x00, 0x60, 0x10,
  0x25, 0x10, 0x00, 0x00, 0x00, 0x00, 0x22, 0x8e, 0x04, 0x00, 0x24, 0x8e,
  0x18, 0x00, 0x52, 0x8c, 0x95, 0xfa, 0x11, 0x04, 0x00, 0x00, 0x00, 0x00,
  0x05, 0x00, 0x45, 0x24, 0xc0, 0x28, 0x05, 0x00, 0x30, 0x00, 0xa6, 0x8f,
  0x0c, 0x00, 0x04, 0x8e, 0x21, 0x28, 0x45, 0x02, 0x19, 0xef, 0x11, 0x04,
  0x25, 0x98, 0x40, 0x00, 0x14, 0x00, 0x40, 0x10, 0xc0, 0x98, 0x13, 0x00,
  0x21, 0x90, 0x53, 0x02, 0x2e, 0x00, 0x43, 0x96, 0x18, 0x00, 0x04, 0x8e,
  0x21, 0x18, 0x43, 0x00, 0x2e, 0x00, 0x43, 0xa6, 0xe0, 0x03, 0x83, 0x8c,
  0x00, 0x00, 0x00, 0x00, 0x21, 0x18, 0x62, 0x00, 0xe0, 0x03, 0x83, 0xac,
  0x00, 0x00, 0x24, 0x8e, 0x00, 0x00, 0x00, 0x00, 0x08, 0x00, 0x83, 0x94,
  0x00, 0x00, 0x00, 0x00, 0x01, 0x00, 0x63, 0x34, 0x08, 0x00, 0x83, 0xa4,
  0x08, 0x00, 0x03, 0x96, 0x00, 0x00, 0x00, 0x00, 0x01, 0x00, 0x63, 0x34,
  0x08, 0x00, 0x03, 0xa6, 0x24, 0x00, 0xbf, 0x8f, 0x20, 0x00, 0xb3, 0x8f,
  0x1c, 0x00, 0xb2, 0x8f, 0x18, 0x00, 0xb1, 0x8f, 0x14, 0x00, 0xb0, 0x8f,
  0x08, 0x00, 0xe0, 0x03, 0x28, 0x00, 0xbd, 0x27, 0xc0, 0xff, 0xbd, 0x27,
  0x38, 0x00, 0xb4, 0xaf, 0x34, 0x00, 0xb3, 0xaf, 0x2c, 0x00, 0xb1, 0xaf,
  0x28, 0x00, 0xb0, 0xaf, 0x0c, 0x00, 0x94, 0x8c, 0x3c, 0x00, 0xbf, 0xaf,
  0x30, 0x00, 0xb2, 0xaf, 0x25, 0x88, 0x80, 0x00, 0x25, 0x80, 0xa0, 0x00,
  0x25, 0x98, 0xc0, 0x00, 0x76, 0xfe, 0x11, 0x04, 0x20, 0x00, 0xa0, 0xaf,
  0x25, 0x18, 0x40, 0x00, 0x8a, 0x00, 0x60, 0x14, 0xf4, 0xff, 0x02, 0x24,
  0x18, 0x00, 0x22, 0x8e, 0x00, 0x00, 0x00, 0x00, 0xe4, 0x03, 0x44, 0x8c,
  0x5d, 0xfa, 0x11, 0x04, 0x00, 0x00, 0x00, 0x00, 0x68, 0x00, 0x40, 0x14,
  0x00, 0x00, 0x00, 0x00, 0x00, 0x00, 0x02, 0x8e, 0x04, 0x00, 0x04, 0x8e,
  0x18, 0x00, 0x52, 0x8c, 0x56, 0xfa, 0x11, 0x04, 0x00, 0x00, 0x00, 0x00,
  0xc0, 0x10, 0x02, 0x00, 0x21, 0x10, 0x42, 0x02, 0x2c, 0x00, 0x43, 0x94,
  0x25, 0x20, 0x80, 0x02, 0x1c, 0x00, 0xa3, 0xa7, 0x01, 0x00, 0x03, 0x24,
  0x1e, 0x00, 0xa3, 0xa7, 0x2e, 0x00, 0x43, 0x94, 0x28, 0x00, 0x42, 0x8c,
  0x00, 0x00, 0x00, 0x00, 0x21, 0x10, 0x43, 0x00, 0x18, 0x00, 0xa2, 0xaf,
  0x18, 0x00, 0x22, 0x8e, 0x00, 0x00, 0x00, 0x00, 0xe0, 0x03, 0x46, 0x8c,
  0xe5, 0xef, 0x11, 0x04, 0x18, 0x00, 0xa5, 0x27, 0x01, 0x00, 0x04, 0x3c,
  0xe0, 0x92, 0x84, 0x24, 0x66, 0x00, 0x40, 0x04, 0x20, 0x00, 0xa2, 0xaf,
  0x18, 0x00, 0x82, 0x8e, 0x18, 0x00, 0xa6, 0x8f, 0x20, 0x00, 0xa3, 0x27,
  0x1c, 0x00, 0xa5, 0x97, 0x22, 0x00, 0x07, 0x24, 0x10, 0x00, 0xa3, 0xaf,
  0x04, 0x30, 0x46, 0x00, 0xee, 0xfd, 0x11, 0x04, 0x25, 0x20, 0x80, 0x02,
  0x18, 0x00, 0x44, 0x8c, 0x25, 0x90, 0x40, 0x00, 0x00, 0x04, 0x06, 0x24,
  0xe9, 0xed, 0x11, 0x04, 0x25, 0x28, 0x00, 0x00, 0x18, 0x00, 0x44, 0x8e,
  0x18, 0x00, 0x25, 0x8e, 0x45, 0x53, 0x02, 0x3c, 0x49, 0x47, 0x42, 0x24,
  0x04, 0x00, 0x82, 0xac, 0x08, 0x00, 0x06, 0x24, 0x08, 0x00, 0xa5, 0x24,
  0xde, 0xed, 0x11, 0x04, 0x08, 0x00, 0x84, 0x24, 0x00, 0x00, 0x02, 0x8e,
  0x18, 0x00, 0x44, 0x8e, 0x18, 0x00, 0x45, 0x8c, 0x08, 0x00, 0x06, 0x24,
  0x28, 0x00, 0xa5, 0x24, 0xd7, 0xed, 0x11, 0x04, 0x18, 0x00, 0x84, 0x24,
  0x18, 0x00, 0x44, 0x8e, 0x08, 0x00, 0x06, 0x24, 0x18, 0x00, 0xa5, 0x27,
  0xd2, 0xed, 0x11, 0x04, 0x28, 0x00, 0x84, 0x24, 0x08, 0x00, 0x42, 0x96,
  0x18, 0x00, 0x24, 0x8e, 0x01, 0x00, 0x42, 0x34, 0x08, 0x00, 0x42, 0xa6,
  0x1e, 0x00, 0xa3, 0x97, 0xe0, 0x03, 0x82, 0x8c, 0x08, 0x00, 0x06, 0x24,
  0x21, 0x10, 0x43, 0x00, 0xe0, 0x03, 0x82, 0xac, 0xe4, 0x03, 0x82, 0x8c,
  0x18, 0x00, 0xa5, 0x27, 0x01, 0x00, 0x42, 0x24, 0xe4, 0x03, 0x82, 0xac,
  0xc3, 0xed, 0x11, 0x04, 0x18, 0x00, 0x84, 0x24, 0x18, 0x00, 0x23, 0x8e,
  0x08, 0x00, 0x06, 0x24, 0xe8, 0x03, 0x62, 0x8c, 0x18, 0x00, 0xa5, 0x27,
  0x01, 0x00, 0x42, 0x24, 0xe8, 0x03, 0x62, 0xac, 0x08, 0x00, 0x22, 0x96,
  0x00, 0x00, 0x00, 0x00, 0x01, 0x00, 0x42, 0x34, 0x08, 0x00, 0x22, 0xa6,
  0x04, 0x00, 0x02, 0x8e, 0x08, 0x00, 0x00, 0xae, 0x01, 0x00, 0x42, 0x24,
  0x04, 0x00, 0x02, 0xae, 0x00, 0x00, 0x02, 0x8e, 0x00, 0x00, 0x00, 0x00,
  0x18, 0x00, 0x44, 0x8c, 0xb0, 0xed, 0x11, 0x04, 0x10, 0x00, 0x84, 0x24,
  0x00, 0x00, 0x04, 0x8e, 0x00, 0x00, 0x00, 0x00, 0x08, 0x00, 0x82, 0x94,
  0x00, 0x00, 0x00, 0x00, 0x01, 0x00, 0x42, 0x34, 0x8a, 0xfc, 0x11, 0x04,
  0x08, 0x00, 0x82, 0xa4, 0x00, 0x00, 0x12, 0xae, 0x00, 0x00, 0x02, 0x8e,
  0x04, 0x00, 0x04, 0x8e, 0x18, 0x00, 0x52, 0x8c, 0xef, 0xf9, 0x11, 0x04,
  0x00, 0x00, 0x00, 0x00, 0xc0, 0x10, 0x02, 0x00, 0x21, 0x10, 0x42, 0x02,
  0x2c, 0x00, 0x43, 0x94, 0x18, 0x00, 0xa5, 0x27, 0x1c, 0x00, 0xa3, 0xa7,
  0x2e, 0x00, 0x43, 0x94, 0x28, 0x00, 0x42, 0x8c, 0x00, 0x00, 0x00, 0x00,
  0x21, 0x10, 0x43, 0x00, 0x18, 0x00, 0xa2, 0xaf, 0x18, 0x00, 0x22, 0x8e,
  0x1e, 0x00, 0xb3, 0xa7, 0xe0, 0x03, 0x46, 0x8c, 0x80, 0xef, 0x11, 0x04,
  0x25, 0x20, 0x80, 0x02, 0x0e, 0x00, 0x41, 0x04, 0x20, 0x00, 0xa2, 0xaf,
  0x01, 0x00, 0x04, 0x3c, 0x08, 0x93, 0x84, 0x24, 0x85, 0xed, 0x11, 0x04,
  0x00, 0x00, 0x00, 0x00, 0x20, 0x00, 0xa2, 0x8f, 0x3c, 0x00, 0xbf, 0x8f,
  0x38, 0x00, 0xb4, 0x8f, 0x34, 0x00, 0xb3, 0x8f, 0x30, 0x00, 0xb2, 0x8f,
  0x2c, 0x00, 0xb1, 0x8f, 0x28, 0x00, 0xb0, 0x8f, 0x08, 0x00, 0xe0, 0x03,
  0x40, 0x00, 0xbd, 0x27, 0x18, 0x00, 0x22, 0x8e, 0x1e, 0x00, 0xa4, 0x97,
  0xe0, 0x03, 0x43, 0x8c, 0x00, 0x00, 0x00, 0x00, 0x21, 0x18, 0x64, 0x00,
  0xe4, 0x03, 0x44, 0x8c, 0xe0, 0x03, 0x43, 0xac, 0x01, 0x00, 0x83, 0x24,
  0xe4, 0x03, 0x43, 0xac, 0x08, 0x00, 0x22, 0x96, 0x00, 0x00, 0x00, 0x00,
  0x01, 0x00, 0x42, 0x34, 0x08, 0x00, 0x22, 0xa6, 0x04, 0x00, 0x02, 0x8e,
  0x08, 0x00, 0x00, 0xae, 0x01, 0x00, 0x42, 0x24, 0xbf, 0xf9, 0x11, 0x04,
  0x04, 0x00, 0x02, 0xae, 0x00, 0x00, 0x03, 0x8e, 0x05, 0x00, 0x42, 0x24,
  0x18, 0x00, 0x64, 0x8c, 0xc0, 0x10, 0x02, 0x00, 0x08, 0x00, 0x06, 0x24,
  0x18, 0x00, 0xa5, 0x27, 0x6b, 0xed, 0x11, 0x04, 0x21, 0x20, 0x82, 0x00,
  0x00, 0x00, 0x03, 0x8e, 0x00, 0x00, 0x00, 0x00, 0x08, 0x00, 0x62, 0x94,
  0x00, 0x00, 0x00, 0x00, 0x01, 0x00, 0x42, 0x34, 0x08, 0x00, 0x62, 0xa4,
  0x1e, 0x00, 0xa2, 0x97, 0x00, 0x00, 0x00, 0x00, 0x06, 0x00, 0x62, 0x12,
  0x23, 0x90, 0x62, 0x02, 0x25, 0x30, 0x40, 0x02, 0x25, 0x28, 0x00, 0x02,
  0x02, 0xff, 0x11, 0x04, 0x25, 0x20, 0x20, 0x02, 0x23, 0x90, 0x42, 0x02,
  0xce, 0xff, 0x00, 0x10, 0x23, 0x10, 0x72, 0x02, 0x00, 0x00, 0x82, 0x8c,
  0x04, 0x00, 0x84, 0x8c, 0xe8, 0xff, 0xbd, 0x27, 0x10, 0x00, 0xb0, 0xaf,
  0x14, 0x00, 0xbf, 0xaf, 0x18, 0x00, 0x50, 0x8c, 0x9e, 0xf9, 0x11, 0x04,
  0x00, 0x00, 0x00, 0x00, 0x05, 0x00, 0x42, 0x24, 0x14, 0x00, 0xbf, 0x8f,
  0xc0, 0x10, 0x02, 0x00, 0x21, 0x10, 0x02, 0x02, 0x10, 0x00, 0xb0, 0x8f,
  0x08, 0x00, 0xe0, 0x03, 0x18, 0x00, 0xbd, 0x27, 0x25, 0x10, 0x80, 0x00,
  0x18, 0x00, 0x42, 0x8c, 0x0c, 0x00, 0x84, 0x8c, 0x18, 0x00, 0x48, 0x8c,
  0x18, 0x00, 0x86, 0x8c, 0x25, 0x18, 0xa0, 0x00, 0x0c, 0x00, 0x49, 0x94,
  0x1c, 0x00, 0x45, 0x94, 0xe0, 0xff, 0xbd, 0x27, 0x04, 0x30, 0xc8, 0x00,
  0x20, 0x00, 0x07, 0x24, 0x06, 0x00, 0x25, 0x15, 0x1c, 0x00, 0xbf, 0xaf,
  0x08, 0x00, 0x42, 0x8c, 0x00, 0x00, 0x00, 0x00, 0x02, 0x00, 0x02, 0x15,
  0x00, 0x00, 0x00, 0x00, 0x10, 0x00, 0x07, 0x24, 0x39, 0xfd, 0x11, 0x04,
  0x10, 0x00, 0xa3, 0xaf, 0x1c, 0x00, 0xbf, 0x8f, 0x00, 0x00, 0x00, 0x00,
  0x08, 0x00, 0xe0, 0x03, 0x20, 0x00, 0xbd, 0x27, 0x00, 0x00, 0x00, 0x00,
  0x00, 0x00, 0x00, 0x00, 0x00, 0x00, 0x00, 0x00, 0x25, 0x40, 0xc0, 0x00,
  0x25, 0x48, 0x80, 0x00, 0x4c, 0x00, 0xe0, 0x14, 0x25, 0x10, 0xa0, 0x00,
  0x2b, 0x18, 0xa6, 0x00, 0xa3, 0x00, 0x60, 0x10, 0x01, 0x00, 0x03, 0x3c,
  0x2b, 0x18, 0xc3, 0x00, 0x11, 0x01, 0x60, 0x14, 0x00, 0x01, 0xca, 0x2c,
  0x00, 0x01, 0x03, 0x3c, 0x2b, 0x18, 0xc3, 0x00, 0x02, 0x00, 0x60, 0x10,
  0x18, 0x00, 0x0a, 0x24, 0x10, 0x00, 0x0a, 0x24, 0x01, 0x00, 0x07, 0x3c,
  0xd0, 0x89, 0xe7, 0x24, 0x06, 0x18, 0x46, 0x01, 0x21, 0x18, 0x67, 0x00,
  0x00, 0x00, 0x63, 0x90, 0x20, 0x00, 0x07, 0x24, 0x21, 0x18, 0x6a, 0x00,
  0x06, 0x00, 0x67, 0x10, 0x23, 0x38, 0xe3, 0x00, 0x04, 0x10, 0xe5, 0x00,
  0x06, 0x18, 0x64, 0x00, 0x04, 0x40, 0xe6, 0x00, 0x25, 0x10, 0x62, 0x00,
  0x04, 0x48, 0xe4, 0x00, 0x02, 0x24, 0x08, 0x00, 0x02, 0x00, 0x80, 0x14,
  0x1b, 0x00, 0x44, 0x00, 0x0d, 0x00, 0x07, 0x00, 0xff, 0xff, 0x07, 0x31,
  0x02, 0x2c, 0x09, 0x00, 0x12, 0x10, 0x00, 0x00, 0x10, 0x18, 0x00, 0x00,
  0x00, 0x1c, 0x03, 0x00, 0x25, 0x18, 0x65, 0x00, 0x18, 0x00, 0xe2, 0x00,
  0x12, 0x30, 0x00, 0x00, 0x2b, 0x28, 0x66, 0x00, 0x09, 0x00, 0xa0, 0x10,
  0x00, 0x00, 0x00, 0x00, 0x21, 0x18, 0x68, 0x00, 0x2b, 0x28, 0x68, 0x00,
  0x04, 0x00, 0xa0, 0x14, 0xff, 0xff, 0x4a, 0x24, 0x2b, 0x28, 0x66, 0x00,
  0x25, 0x01, 0xa0, 0x14, 0x00, 0x00, 0x00, 0x00, 0x25, 0x10, 0x40, 0x01,
  0x23, 0x18, 0x66, 0x00, 0x02, 0x00, 0x80, 0x14, 0x1b, 0x00, 0x64, 0x00,
  0x0d, 0x00, 0x07, 0x00, 0xff, 0xff, 0x29, 0x31, 0x12, 0x20, 0x00, 0x00,
  0x10, 0x18, 0x00, 0x00, 0x00, 0x1c, 0x03, 0x00, 0x25, 0x18, 0x69, 0x00,
  0x18, 0x00, 0xe4, 0x00, 0x12, 0x28, 0x00, 0x00, 0x2b, 0x30, 0x65, 0x00,
  0x08, 0x00, 0xc0, 0x10, 0x21, 0x18, 0x03, 0x01, 0x2b, 0x40, 0x68, 0x00,
  0x04, 0x00, 0x00, 0x15, 0xff, 0xff, 0x86, 0x24, 0x2b, 0x28, 0x65, 0x00,
  0x13, 0x01, 0xa0, 0x14, 0x00, 0x00, 0x00, 0x00, 0x25, 0x20, 0xc0, 0x00,
  0x25, 0x28, 0x00, 0x00, 0x00, 0x14, 0x02, 0x00, 0x25, 0x10, 0x44, 0x00,
  0x25, 0x18, 0xa0, 0x00, 0x08, 0x00, 0xe0, 0x03, 0x00, 0x00, 0x00, 0x00,
  0x2b, 0x10, 0xa7, 0x00, 0x05, 0x00, 0x40, 0x10, 0x25, 0x10, 0x00, 0x00,
  0x25, 0x28, 0x00, 0x00, 0x25, 0x18, 0xa0, 0x00, 0x08, 0x00, 0xe0, 0x03,
  0x00, 0x00, 0x00, 0x00, 0x01, 0x00, 0x02, 0x3c, 0x2b, 0x10, 0xe2, 0x00,
  0xcc, 0x00, 0x40, 0x14, 0x00, 0x01, 0x02, 0x3c, 0x2b, 0x10, 0xe2, 0x00,
  0xdc, 0x00, 0x40, 0x10, 0x00, 0x00, 0x00, 0x00, 0x10, 0x00, 0x02, 0x24,
  0x01, 0x00, 0x08, 0x3c, 0xd0, 0x89, 0x08, 0x25, 0x06, 0x18, 0x47, 0x00,
  0x21, 0x18, 0x68, 0x00, 0x00, 0x00, 0x68, 0x90, 0x20, 0x00, 0x09, 0x24,
  0x21, 0x40, 0x02, 0x01, 0xcc, 0x00, 0x09, 0x11, 0x23, 0x48, 0x28, 0x01,
  0x06, 0x10, 0x06, 0x01, 0x04, 0x38, 0x27, 0x01, 0x25, 0x38, 0x47, 0x00,
  0x06, 0x18, 0x05, 0x01, 0x02, 0x54, 0x07, 0x00, 0x02, 0x00, 0x40, 0x15,
  0x1b, 0x00, 0x6a, 0x00, 0x0d, 0x00, 0x07, 0x00, 0xff, 0xff, 0xeb, 0x30,
  0x04, 0x28, 0x25, 0x01, 0x06, 0x40, 0x04, 0x01, 0x25, 0x40, 0x05, 0x01,
  0x02, 0x64, 0x08, 0x00, 0x12, 0x10, 0x00, 0x00, 0x10, 0x18, 0x00, 0x00,
  0x00, 0x1c, 0x03, 0x00, 0x25, 0x18, 0x6c, 0x00, 0x18, 0x00, 0x62, 0x01,
  0x12, 0x28, 0x00, 0x00, 0x2b, 0x60, 0x65, 0x00, 0x06, 0x00, 0x80, 0x11,
  0x04, 0x30, 0x26, 0x01, 0x21, 0x18, 0x67, 0x00, 0x2b, 0x60, 0x67, 0x00,
  0xc9, 0x00, 0x80, 0x11, 0xff, 0xff, 0x4d, 0x24, 0x25, 0x10, 0xa0, 0x01,
  0x23, 0x18, 0x65, 0x00, 0x02, 0x00, 0x40, 0x15, 0x1b, 0x00, 0x6a, 0x00,
  0x0d, 0x00, 0x07, 0x00, 0xff, 0xff, 0x08, 0x31, 0x12, 0x28, 0x00, 0x00,
  0x10, 0x18, 0x00, 0x00, 0x00, 0x1c, 0x03, 0x00, 0x25, 0x18, 0x68, 0x00,
  0x18, 0x00, 0x65, 0x01, 0x12, 0x50, 0x00, 0x00, 0x2b, 0x40, 0x6a, 0x00,
  0x06, 0x00, 0x00, 0x11, 0x00, 0x00, 0x00, 0x00, 0x21, 0x18, 0x67, 0x00,
  0x2b, 0x40, 0x67, 0x00, 0xaa, 0x00, 0x00, 0x11, 0xff, 0xff, 0xab, 0x24,
  0x25, 0x28, 0x60, 0x01, 0x00, 0x14, 0x02, 0x00, 0x25, 0x10, 0x45, 0x00,
  0x19, 0x00, 0x46, 0x00, 0x23, 0x18, 0x6a, 0x00, 0x10, 0x38, 0x00, 0x00,
  0x2b, 0x28, 0x67, 0x00, 0x12, 0x30, 0x00, 0x00, 0x07, 0x00, 0xa0, 0x14,
  0x00, 0x00, 0x00, 0x00, 0xb4, 0xff, 0x67, 0x14, 0x00, 0x00, 0x00, 0x00,
  0x04, 0x20, 0x24, 0x01, 0x2b, 0x20, 0x86, 0x00, 0x02, 0x00, 0x80, 0x10,
  0x00, 0x00, 0x00, 0x00, 0xff, 0xff, 0x42, 0x24, 0x25, 0x28, 0x00, 0x00,
  0x25, 0x18, 0xa0, 0x00, 0x08, 0x00, 0xe0, 0x03, 0x00, 0x00, 0x00, 0x00,
  0x73, 0x00, 0xc0, 0x14, 0x01, 0x00, 0x02, 0x3c, 0x01, 0x00, 0x02, 0x24,
  0x02, 0x00, 0xc0, 0x14, 0x1b, 0x00, 0x46, 0x00, 0x0d, 0x00, 0x07, 0x00,
  0x12, 0x40, 0x00, 0x00, 0x00, 0x01, 0x02, 0x2d, 0x01, 0x00, 0x42, 0x38,
  0xc0, 0x10, 0x02, 0x00, 0x01, 0x00, 0x06, 0x3c, 0xd0, 0x89, 0xc6, 0x24,
  0x06, 0x18, 0x48, 0x00, 0x21, 0x18, 0x66, 0x00, 0x00, 0x00, 0x63, 0x90,
  0x20, 0x00, 0x06, 0x24, 0x21, 0x18, 0x62, 0x00, 0x72, 0x00, 0x66, 0x10,
  0x06, 0x10, 0x65, 0x00, 0x23, 0x48, 0xc3, 0x00, 0x04, 0x40, 0x28, 0x01,
  0x02, 0x3c, 0x08, 0x00, 0x02, 0x00, 0xe0, 0x14, 0x1b, 0x00, 0x47, 0x00,
  0x0d, 0x00, 0x07, 0x00, 0xff, 0xff, 0x06, 0x31, 0x04, 0x28, 0x25, 0x01,
  0x06, 0x18, 0x64, 0x00, 0x25, 0x18, 0x65, 0x00, 0x02, 0x2c, 0x03, 0x00,
  0x04, 0x48, 0x24, 0x01, 0x12, 0x50, 0x00, 0x00, 0x10, 0x10, 0x00, 0x00,
  0x00, 0x14, 0x02, 0x00, 0x25, 0x10, 0x45, 0x00, 0x18, 0x00, 0xca, 0x00,
  0x12, 0x20, 0x00, 0x00, 0x2b, 0x28, 0x44, 0x00, 0x06, 0x00, 0xa0, 0x10,
  0x00, 0x00, 0x00, 0x00, 0x21, 0x10, 0x48, 0x00, 0x2b, 0x28, 0x48, 0x00,
  0x7b, 0x00, 0xa0, 0x10, 0xff, 0xff, 0x4b, 0x25, 0x25, 0x50, 0x60, 0x01,
  0x23, 0x10, 0x44, 0x00, 0x02, 0x00, 0xe0, 0x14, 0x1b, 0x00, 0x47, 0x00,
  0x0d, 0x00, 0x07, 0x00, 0xff, 0xff, 0x63, 0x30, 0x12, 0x20, 0x00, 0x00,
  0x10, 0x10, 0x00, 0x00, 0x00, 0x14, 0x02, 0x00, 0x25, 0x10, 0x43, 0x00,
  0x18, 0x00, 0xc4, 0x00, 0x12, 0x58, 0x00, 0x00, 0x2b, 0x18, 0x4b, 0x00,
  0x07, 0x00, 0x60, 0x10, 0x00, 0x2c, 0x0a, 0x00, 0x21, 0x10, 0x48, 0x00,
  0x2b, 0x18, 0x48, 0x00, 0x5c, 0x00, 0x60, 0x10, 0xff, 0xff, 0x85, 0x24,
  0x25, 0x20, 0xa0, 0x00, 0x00, 0x2c, 0x0a, 0x00, 0x23, 0x10, 0x4b, 0x00,
  0x25, 0x28, 0xa4, 0x00, 0x02, 0x00, 0xe0, 0x14, 0x1b, 0x00, 0x47, 0x00,
  0x0d, 0x00, 0x07, 0x00, 0x12, 0x20, 0x00, 0x00, 0x10, 0x10, 0x00, 0x00,
  0x00, 0x1c, 0x02, 0x00, 0x02, 0x14, 0x09, 0x00, 0x18, 0x00, 0x86, 0x00,
  0x25, 0x18, 0x62, 0x00, 0x12, 0x58, 0x00, 0x00, 0x2b, 0x10, 0x6b, 0x00,
  0x09, 0x00, 0x40, 0x10, 0x00, 0x00, 0x00, 0x00, 0x21, 0x18, 0x68, 0x00,
  0x2b, 0x10, 0x68, 0x00, 0x04, 0x00, 0x40, 0x14, 0xff, 0xff, 0x8a, 0x24,
  0x2b, 0x10, 0x6b, 0x00, 0x5d, 0x00, 0x40, 0x14, 0x00, 0x00, 0x00, 0x00,
  0x25, 0x20, 0x40, 0x01, 0x23, 0x18, 0x6b, 0x00, 0x02, 0x00, 0xe0, 0x14,
  0x1b, 0x00, 0x67, 0x00, 0x0d, 0x00, 0x07, 0x00, 0xff, 0xff, 0x29, 0x31,
  0x12, 0x38, 0x00, 0x00, 0x10, 0x18, 0x00, 0x00, 0x00, 0x1c, 0x03, 0x00,
  0x25, 0x18, 0x69, 0x00, 0x18, 0x00, 0xe6, 0x00, 0x12, 0x10, 0x00, 0x00,
  0x2b, 0x30, 0x62, 0x00, 0x07, 0x00, 0xc0, 0x10, 0x21, 0x18, 0x03, 0x01,
  0x2b, 0x40, 0x68, 0x00, 0x18, 0x00, 0x00, 0x15, 0xff, 0xff, 0xe6, 0x24,
  0x2b, 0x10, 0x62, 0x00, 0x15, 0x00, 0x40, 0x10, 0xfe, 0xff, 0xe7, 0x24,
  0x00, 0x14, 0x04, 0x00, 0x25, 0x10, 0x47, 0x00, 0x25, 0x18, 0xa0, 0x00,
  0x08, 0x00, 0xe0, 0x03, 0x00, 0x00, 0x00, 0x00, 0x01, 0x00, 0x4a, 0x39,
  0xf3, 0xfe, 0x00, 0x10, 0xc0, 0x50, 0x0a, 0x00, 0x2b, 0x10, 0xc2, 0x00,
  0x91, 0xff, 0x40, 0x14, 0x00, 0x01, 0x02, 0x3c, 0x2b, 0x10, 0xc2, 0x00,
  0x33, 0x00, 0x40, 0x10, 0x00, 0x00, 0x00, 0x00, 0x8f, 0xff, 0x00, 0x10,
  0x10, 0x00, 0x02, 0x24, 0x00, 0x01, 0xe2, 0x2c, 0x01, 0x00, 0x42, 0x38,
  0x36, 0xff, 0x00, 0x10, 0xc0, 0x10, 0x02, 0x00, 0x25, 0x38, 0xc0, 0x00,
  0x00, 0x14, 0x04, 0x00, 0xeb, 0xff, 0x00, 0x10, 0x25, 0x10, 0x47, 0x00,
  0x23, 0x10, 0xa8, 0x00, 0x02, 0x3c, 0x08, 0x00, 0xff, 0xff, 0x06, 0x31,
  0xbb, 0xff, 0x00, 0x10, 0x01, 0x00, 0x05, 0x24, 0x2b, 0x38, 0xe5, 0x00,
  0x06, 0x00, 0xe0, 0x10, 0x2b, 0x10, 0x86, 0x00, 0x25, 0x28, 0x00, 0x00,
  0x1c, 0xff, 0x00, 0x10, 0x01, 0x00, 0x02, 0x24, 0x25, 0xff, 0x00, 0x10,
  0x18, 0x00, 0x02, 0x24, 0x01, 0x00, 0x42, 0x38, 0x17, 0xff, 0x00, 0x10,
  0x25, 0x28, 0x00, 0x00, 0x2b, 0x40, 0x6a, 0x00, 0x55, 0xff, 0x00, 0x11,
  0x00, 0x00, 0x00, 0x00, 0xfe, 0xff, 0xa5, 0x24, 0x53, 0xff, 0x00, 0x10,
  0x21, 0x18, 0x67, 0x00, 0x2b, 0x18, 0x4b, 0x00, 0xa3, 0xff, 0x60, 0x10,
  0x00, 0x00, 0x00, 0x00, 0xfe, 0xff, 0x84, 0x24, 0xa1, 0xff, 0x00, 0x10,
  0x21, 0x10, 0x48, 0x00, 0x2b, 0x60, 0x65, 0x00, 0x36, 0xff, 0x80, 0x11,
  0x00, 0x00, 0x00, 0x00, 0xfe, 0xff, 0x42, 0x24, 0x34, 0xff, 0x00, 0x10,
  0x21, 0x18, 0x67, 0x00, 0x2b, 0x28, 0x44, 0x00, 0x84, 0xff, 0xa0, 0x10,
  0x00, 0x00, 0x00, 0x00, 0xfe, 0xff, 0x4a, 0x25, 0x82, 0xff, 0x00, 0x10,
  0x21, 0x10, 0x48, 0x00, 0x5d, 0xff, 0x00, 0x10, 0x18, 0x00, 0x02, 0x24,
  0xfe, 0xff, 0x42, 0x24, 0xdb, 0xfe, 0x00, 0x10, 0x21, 0x18, 0x68, 0x00,
  0xee, 0xfe, 0x00, 0x10, 0xfe, 0xff, 0x84, 0x24, 0xfe, 0xff, 0x84, 0x24,
  0xa3, 0xff, 0x00, 0x10, 0x21, 0x18, 0x68, 0x00, 0x00, 0x00, 0x00, 0x00,
  0x25, 0x18, 0xc0, 0x00, 0x25, 0x40, 0x80, 0x00, 0x25, 0x48, 0xa0, 0x00,
  0x39, 0x00, 0xe0, 0x14, 0x25, 0x10, 0xa0, 0x00, 0x2b, 0x38, 0xa6, 0x00,
  0x94, 0x00, 0xe0, 0x10, 0x01, 0x00, 0x07, 0x3c, 0x2b, 0x38, 0xc7, 0x00,
  0x03, 0x01, 0xe0, 0x14, 0x00, 0x01, 0x07, 0x3c, 0x2b, 0x38, 0xc7, 0x00,
  0x25, 0x01, 0xe0, 0x10, 0x00, 0x00, 0x00, 0x00, 0x10, 0x00, 0x07, 0x24,
  0x01, 0x00, 0x0a, 0x3c, 0x06, 0x48, 0xe6, 0x00, 0xd0, 0x89, 0x4a, 0x25,
  0x21, 0x48, 0x2a, 0x01, 0x00, 0x00, 0x29, 0x91, 0x20, 0x00, 0x0a, 0x24,
  0x21, 0x48, 0x27, 0x01, 0x06, 0x00, 0x2a, 0x11, 0x23, 0x38, 0x49, 0x01,
  0x04, 0x10, 0xe5, 0x00, 0x06, 0x48, 0x24, 0x01, 0x04, 0x18, 0xe6, 0x00,
  0x25, 0x10, 0x22, 0x01, 0x04, 0x40, 0xe4, 0x00, 0x02, 0x2c, 0x03, 0x00,
  0x02, 0x00, 0xa0, 0x14, 0x1b, 0x00, 0x45, 0x00, 0x0d, 0x00, 0x07, 0x00,
  0xff, 0xff, 0x69, 0x30, 0x02, 0x14, 0x08, 0x00, 0x12, 0x30, 0x00, 0x00,
  0x10, 0x20, 0x00, 0x00, 0x00, 0x24, 0x04, 0x00, 0x25, 0x10, 0x82, 0x00,
  0x18, 0x00, 0xc9, 0x00, 0x12, 0x30, 0x00, 0x00, 0x2b, 0x20, 0x46, 0x00,
  0x08, 0x00, 0x80, 0x10, 0x00, 0x00, 0x00, 0x00, 0x21, 0x10, 0x43, 0x00,
  0x2b, 0x20, 0x43, 0x00, 0x04, 0x00, 0x80, 0x14, 0x2b, 0x20, 0x46, 0x00,
  0x02, 0x00, 0x80, 0x10, 0x00, 0x00, 0x00, 0x00, 0x21, 0x10, 0x43, 0x00,
  0x23, 0x10, 0x46, 0x00, 0x02, 0x00, 0xa0, 0x14, 0x1b, 0x00, 0x45, 0x00,
  0x0d, 0x00, 0x07, 0x00, 0xff, 0xff, 0x08, 0x31, 0x12, 0x20, 0x00, 0x00,
  0x10, 0x10, 0x00, 0x00, 0x00, 0x00, 0x00, 0x00, 0xbe, 0x00, 0x00, 0x10,
  0x18, 0x00, 0x89, 0x00, 0x2b, 0x10, 0xa7, 0x00, 0x05, 0x00, 0x40, 0x10,
  0x25, 0x50, 0x80, 0x00, 0x25, 0x10, 0x80, 0x00, 0x25, 0x18, 0xa0, 0x00,
  0x08, 0x00, 0xe0, 0x03, 0x00, 0x00, 0x00, 0x00, 0x01, 0x00, 0x02, 0x3c,
  0x2b, 0x10, 0xe2, 0x00, 0xd2, 0x00, 0x40, 0x14, 0x00, 0x01, 0x02, 0x3c,
  0x2b, 0x10, 0xe2, 0x00, 0xea, 0x00, 0x40, 0x10, 0x00, 0x00, 0x00, 0x00,
  0x10, 0x00, 0x02, 0x24, 0x01, 0x00, 0x08, 0x3c, 0xd0, 0x89, 0x08, 0x25,
  0x06, 0x18, 0x47, 0x00, 0x21, 0x18, 0x68, 0x00, 0x00, 0x00, 0x63, 0x90,
  0x20, 0x00, 0x08, 0x24, 0x21, 0x18, 0x62, 0x00, 0xd4, 0x00, 0x68, 0x10,
  0x23, 0x40, 0x03, 0x01, 0x06, 0x10, 0x66, 0x00, 0x04, 0x38, 0x07, 0x01,
  0x25, 0x38, 0x47, 0x00, 0x02, 0x5c, 0x07, 0x00, 0x06, 0x10, 0x65, 0x00,
  0x02, 0x00, 0x60, 0x15, 0x1b, 0x00, 0x4b, 0x00, 0x0d, 0x00, 0x07, 0x00,
  0xff, 0xff, 0xed, 0x30, 0x06, 0x10, 0x64, 0x00, 0x04, 0x28, 0x05, 0x01,
  0x25, 0x28, 0x45, 0x00, 0x02, 0x14, 0x05, 0x00, 0x04, 0x30, 0x06, 0x01,
  0x12, 0x48, 0x00, 0x00, 0x10, 0x50, 0x00, 0x00, 0x00, 0x54, 0x0a, 0x00,
  0x25, 0x10, 0x42, 0x01, 0x18, 0x00, 0xa9, 0x01, 0x12, 0x60, 0x00, 0x00,
  0x2b, 0x50, 0x4c, 0x00, 0x06, 0x00, 0x40, 0x11, 0x04, 0x20, 0x04, 0x01,
  0x21, 0x10, 0x47, 0x00, 0x2b, 0x50, 0x47, 0x00, 0xd6, 0x00, 0x40, 0x11,
  0xff, 0xff, 0x2e, 0x25, 0x25, 0x48, 0xc0, 0x01, 0x23, 0x10, 0x4c, 0x00,
  0x02, 0x00, 0x60, 0x15, 0x1b, 0x00, 0x4b, 0x00, 0x0d, 0x00, 0x07, 0x00,
  0xff, 0xff, 0xa5, 0x30, 0x12, 0x50, 0x00, 0x00, 0x10, 0x10, 0x00, 0x00,
  0x00, 0x14, 0x02, 0x00, 0x25, 0x10, 0x45, 0x00, 0x18, 0x00, 0xaa, 0x01,
  0x12, 0x60, 0x00, 0x00, 0x2b, 0x28, 0x4c, 0x00, 0x06, 0x00, 0xa0, 0x10,
  0x00, 0x00, 0x00, 0x00, 0x21, 0x10, 0x47, 0x00, 0x2b, 0x28, 0x47, 0x00,
  0xb9, 0x00, 0xa0, 0x10, 0xff, 0xff, 0x4b, 0x25, 0x25, 0x50, 0x60, 0x01,
  0x00, 0x4c, 0x09, 0x00, 0x25, 0x48, 0x2a, 0x01, 0x19, 0x00, 0x26, 0x01,
  0x23, 0x28, 0x4c, 0x00, 0x10, 0x58, 0x00, 0x00, 0x2b, 0x60, 0xab, 0x00,
  0x25, 0x48, 0x60, 0x01, 0x12, 0x50, 0x00, 0x00, 0x92, 0x00, 0x80, 0x15,
  0x25, 0x10, 0x40, 0x01, 0x8e, 0x00, 0xab, 0x10, 0x2b, 0x60, 0x8a, 0x00,
  0x23, 0x10, 0x82, 0x00, 0x2b, 0x20, 0x82, 0x00, 0x23, 0x28, 0xa9, 0x00,
  0x23, 0x28, 0xa4, 0x00, 0x04, 0x18, 0x65, 0x00, 0x06, 0x10, 0x02, 0x01,
  0x06, 0x28, 0x05, 0x01, 0x25, 0x10, 0x62, 0x00, 0x25, 0x18, 0xa0, 0x00,
  0x08, 0x00, 0xe0, 0x03, 0x00, 0x00, 0x00, 0x00, 0x75, 0x00, 0xc0, 0x14,
  0x01, 0x00, 0x02, 0x3c, 0x01, 0x00, 0x02, 0x24, 0x02, 0x00, 0xc0, 0x14,
  0x1b, 0x00, 0x46, 0x00, 0x0d, 0x00, 0x07, 0x00, 0x12, 0x18, 0x00, 0x00,
  0x00, 0x01, 0x66, 0x2c, 0x01, 0x00, 0xc6, 0x38, 0xc0, 0x30, 0x06, 0x00,
  0x01, 0x00, 0x07, 0x3c, 0xd0, 0x89, 0xe7, 0x24, 0x06, 0x10, 0xc3, 0x00,
  0x21, 0x10, 0x47, 0x00, 0x00, 0x00, 0x42, 0x90, 0x20, 0x00, 0x09, 0x24,
  0x21, 0x10, 0x46, 0x00, 0x77, 0x00, 0x49, 0x10, 0x23, 0x38, 0x22, 0x01,
  0x04, 0x18, 0xe3, 0x00, 0x06, 0x40, 0x45, 0x00, 0x02, 0x34, 0x03, 0x00,
  0x02, 0x00, 0xc0, 0x14, 0x1b, 0x00, 0x06, 0x01, 0x0d, 0x00, 0x07, 0x00,
  0x06, 0x10, 0x44, 0x00, 0xff, 0xff, 0x6a, 0x30, 0x04, 0x40, 0xe4, 0x00,
  0x04, 0x28, 0xe5, 0x00, 0x25, 0x28, 0x45, 0x00, 0x02, 0x14, 0x05, 0x00,
  0x12, 0x20, 0x00, 0x00, 0x10, 0x48, 0x00, 0x00, 0x00, 0x4c, 0x09, 0x00,
  0x25, 0x10, 0x22, 0x01, 0x18, 0x00, 0x8a, 0x00, 0x12, 0x20, 0x00, 0x00,
  0x2b, 0x48, 0x44, 0x00, 0x08, 0x00, 0x20, 0x11, 0x00, 0x00, 0x00, 0x00,
  0x21, 0x10, 0x43, 0x00, 0x2b, 0x48, 0x43, 0x00, 0x04, 0x00, 0x20, 0x15,
  0x2b, 0x48, 0x44, 0x00, 0x02, 0x00, 0x20, 0x11, 0x00, 0x00, 0x00, 0x00,
  0x21, 0x10, 0x43, 0x00, 0x23, 0x10, 0x44, 0x00, 0x02, 0x00, 0xc0, 0x14,
  0x1b, 0x00, 0x46, 0x00, 0x0d, 0x00, 0x07, 0x00, 0xff, 0xff, 0xa5, 0x30,
  0x12, 0x20, 0x00, 0x00, 0x10, 0x10, 0x00, 0x00, 0x00, 0x14, 0x02, 0x00,
  0x25, 0x10, 0x45, 0x00, 0x18, 0x00, 0x8a, 0x00, 0x12, 0x20, 0x00, 0x00,
  0x2b, 0x28, 0x44, 0x00, 0x05, 0x00, 0xa0, 0x10, 0x00, 0x00, 0x00, 0x00,
  0x21, 0x10, 0x43, 0x00, 0x2b, 0x28, 0x43, 0x00, 0x66, 0x00, 0xa0, 0x10,
  0x2b, 0x28, 0x44, 0x00, 0x23, 0x10, 0x44, 0x00, 0x02, 0x00, 0xc0, 0x14,
  0x1b, 0x00, 0x46, 0x00, 0x0d, 0x00, 0x07, 0x00, 0x02, 0x24, 0x08, 0x00,
  0x12, 0x28, 0x00, 0x00, 0x10, 0x10, 0x00, 0x00, 0x00, 0x14, 0x02, 0x00,
  0x25, 0x10, 0x44, 0x00, 0x18, 0x00, 0xaa, 0x00, 0x12, 0x28, 0x00, 0x00,
  0x2b, 0x20, 0x45, 0x00, 0x07, 0x00, 0x80, 0x10, 0x00, 0x00, 0x00, 0x00,
  0x21, 0x10, 0x43, 0x00, 0x2b, 0x20, 0x43, 0x00, 0x03, 0x00, 0x80, 0x14,
  0x2b, 0x20, 0x45, 0x00, 0x5e, 0x00, 0x80, 0x14, 0x00, 0x00, 0x00, 0x00,
  0x23, 0x10, 0x45, 0x00, 0x02, 0x00, 0xc0, 0x14, 0x1b, 0x00, 0x46, 0x00,
  0x0d, 0x00, 0x07, 0x00, 0xff, 0xff, 0x08, 0x31, 0x12, 0x20, 0x00, 0x00,
  0x10, 0x10, 0x00, 0x00, 0x00, 0x00, 0x00, 0x00, 0x00, 0x00, 0x00, 0x00,
  0x18, 0x00, 0x8a, 0x00, 0x00, 0x14, 0x02, 0x00, 0x25, 0x10, 0x48, 0x00,
  0x12, 0x20, 0x00, 0x00, 0x2b, 0x28, 0x44, 0x00, 0x08, 0x00, 0xa0, 0x10,
  0x00, 0x00, 0x00, 0x00, 0x21, 0x10, 0x43, 0x00, 0x2b, 0x28, 0x43, 0x00,
  0x04, 0x00, 0xa0, 0x14, 0x2b, 0x28, 0x44, 0x00, 0x02, 0x00, 0xa0, 0x10,
  0x00, 0x00, 0x00, 0x00, 0x21, 0x10, 0x43, 0x00, 0x23, 0x10, 0x44, 0x00,
  0x25, 0x28, 0x00, 0x00, 0x06, 0x10, 0xe2, 0x00, 0x25, 0x18, 0xa0, 0x00,
  0x08, 0x00, 0xe0, 0x03, 0x00, 0x00, 0x00, 0x00, 0x00, 0x01, 0xc7, 0x2c,
  0x01, 0x00, 0xe7, 0x38, 0xff, 0xfe, 0x00, 0x10, 0xc0, 0x38, 0x07, 0x00,
  0x2b, 0x10, 0xc2, 0x00, 0x8f, 0xff, 0x40, 0x14, 0x00, 0x01, 0x02, 0x3c,
  0x2b, 0x10, 0xc2, 0x00, 0x35, 0x00, 0x40, 0x10, 0x00, 0x00, 0x00, 0x00,
  0x8d, 0xff, 0x00, 0x10, 0x10, 0x00, 0x06, 0x24, 0x00, 0x01, 0xe2, 0x2c,
  0x01, 0x00, 0x42, 0x38, 0x30, 0xff, 0x00, 0x10, 0xc0, 0x10, 0x02, 0x00,
  0x72, 0xff, 0x80, 0x11, 0x00, 0x00, 0x00, 0x00, 0x23, 0x10, 0x46, 0x01,
  0x23, 0x38, 0x67, 0x01, 0x2b, 0x50, 0x42, 0x01, 0x6d, 0xff, 0x00, 0x10,
  0x23, 0x48, 0xea, 0x00, 0x23, 0x10, 0xa3, 0x00, 0x02, 0x34, 0x03, 0x00,
  0xb6, 0xff, 0x00, 0x10, 0xff, 0xff, 0x6a, 0x30, 0x2b, 0x10, 0xe5, 0x00,
  0x0c, 0x00, 0x40, 0x10, 0x00, 0x00, 0x00, 0x00, 0x23, 0x50, 0x86, 0x00,
  0x23, 0x38, 0xa7, 0x00, 0x2b, 0x48, 0x8a, 0x00, 0x23, 0x48, 0xe9, 0x00,
  0x25, 0x10, 0x40, 0x01, 0x10, 0xff, 0x00, 0x10, 0x25, 0x28, 0x20, 0x01,
  0xdc, 0xfe, 0x00, 0x10, 0x18, 0x00, 0x07, 0x24, 0x17, 0xff, 0x00, 0x10,
  0x18, 0x00, 0x02, 0x24, 0x2b, 0x10, 0x86, 0x00, 0xf7, 0xff, 0x40, 0x14,
  0x00, 0x00, 0x00, 0x00, 0xf2, 0xff, 0x00, 0x10, 0x23, 0x50, 0x86, 0x00,
  0x2b, 0x28, 0x4c, 0x00, 0x46, 0xff, 0xa0, 0x10, 0x00, 0x00, 0x00, 0x00,
  0xfe, 0xff, 0x4a, 0x25, 0x44, 0xff, 0x00, 0x10, 0x21, 0x10, 0x47, 0x00,
  0x9a, 0xff, 0xa0, 0x10, 0x00, 0x00, 0x00, 0x00, 0x98, 0xff, 0x00, 0x10,
  0x21, 0x10, 0x43, 0x00, 0x2b, 0x50, 0x4c, 0x00, 0x29, 0xff, 0x40, 0x11,
  0x00, 0x00, 0x00, 0x00, 0xfe, 0xff, 0x29, 0x25, 0x27, 0xff, 0x00, 0x10,
  0x21, 0x10, 0x47, 0x00, 0x59, 0xff, 0x00, 0x10, 0x18, 0x00, 0x06, 0x24,
  0xa2, 0xff, 0x00, 0x10, 0x21, 0x10, 0x43, 0x00, 0x00, 0x00, 0x00, 0x00,
  0x00, 0x04, 0x02, 0x06, 0x00, 0x00, 0x00, 0x00, 0x00, 0x00, 0x00, 0x00,
  0x00, 0x00, 0x00, 0x00, 0x50, 0x32, 0x00, 0x00, 0x5c, 0x32, 0x00, 0x00,
  0x80, 0x32, 0x00, 0x00, 0x6c, 0x32, 0x00, 0x00, 0x04, 0x00, 0x00, 0x00,
  0x03, 0x00, 0x00, 0x00, 0x03, 0x00, 0x00, 0x00, 0x02, 0x00, 0x00, 0x00,
  0x03, 0x00, 0x00, 0x00, 0x02, 0x00, 0x00, 0x00, 0x02, 0x00, 0x00, 0x00,
  0x01, 0x00, 0x00, 0x00, 0x03, 0x00, 0x00, 0x00, 0x02, 0x00, 0x00, 0x00,
  0x02, 0x00, 0x00, 0x00, 0x01, 0x00, 0x00, 0x00, 0x02, 0x00, 0x00, 0x00,
  0x01, 0x00, 0x00, 0x00, 0x01, 0x00, 0x00, 0x00, 0x00, 0x00, 0x00, 0x00,
  0x00, 0x01, 0x02, 0x02, 0x03, 0x03, 0x03, 0x03, 0x04, 0x04, 0x04, 0x04,
  0x04, 0x04, 0x04, 0x04, 0x05, 0x05, 0x05, 0x05, 0x05, 0x05, 0x05, 0x05,
  0x05, 0x05, 0x05, 0x05, 0x05, 0x05, 0x05, 0x05, 0x06, 0x06, 0x06, 0x06,
  0x06, 0x06, 0x06, 0x06, 0x06, 0x06, 0x06, 0x06, 0x06, 0x06, 0x06, 0x06,
  0x06, 0x06, 0x06, 0x06, 0x06, 0x06, 0x06, 0x06, 0x06, 0x06, 0x06, 0x06,
  0x06, 0x06, 0x06, 0x06, 0x07, 0x07, 0x07, 0x07, 0x07, 0x07, 0x07, 0x07,
  0x07, 0x07, 0x07, 0x07, 0x07, 0x07, 0x07, 0x07, 0x07, 0x07, 0x07, 0x07,
  0x07, 0x07, 0x07, 0x07, 0x07, 0x07, 0x07, 0x07, 0x07, 0x07, 0x07, 0x07,
  0x07, 0x07, 0x07, 0x07, 0x07, 0x07, 0x07, 0x07, 0x07, 0x07, 0x07, 0x07,
  0x07, 0x07, 0x07, 0x07, 0x07, 0x07, 0x07, 0x07, 0x07, 0x07, 0x07, 0x07,
  0x07, 0x07, 0x07, 0x07, 0x07, 0x07, 0x07, 0x07, 0x08, 0x08, 0x08, 0x08,
  0x08, 0x08, 0x08, 0x08, 0x08, 0x08, 0x08, 0x08, 0x08, 0x08, 0x08, 0x08,
  0x08, 0x08, 0x08, 0x08, 0x08, 0x08, 0x08, 0x08, 0x08, 0x08, 0x08, 0x08,
  0x08, 0x08, 0x08, 0x08, 0x08, 0x08, 0x08, 0x08, 0x08, 0x08, 0x08, 0x08,
  0x08, 0x08, 0x08, 0x08, 0x08, 0x08, 0x08, 0x08, 0x08, 0x08, 0x08, 0x08,
  0x08, 0x08, 0x08, 0x08, 0x08, 0x08, 0x08, 0x08, 0x08, 0x08, 0x08, 0x08,
  0x08, 0x08, 0x08, 0x08, 0x08, 0x08, 0x08, 0x08, 0x08, 0x08, 0x08, 0x08,
  0x08, 0x08, 0x08, 0x08, 0x08, 0x08, 0x08, 0x08, 0x08, 0x08, 0x08, 0x08,
  0x08, 0x08, 0x08, 0x08, 0x08, 0x08, 0x08, 0x08, 0x08, 0x08, 0x08, 0x08,
  0x08, 0x08, 0x08, 0x08, 0x08, 0x08, 0x08, 0x08, 0x08, 0x08, 0x08, 0x08,
  0x08, 0x08, 0x08, 0x08, 0x08, 0x08, 0x08, 0x08, 0x08, 0x08, 0x08, 0x08,
  0x08, 0x08, 0x08, 0x08, 0x70, 0x66, 0x73, 0x20, 0x45, 0x52, 0x52, 0x4f,
  0x52, 0x3a, 0x20, 0x55, 0x73, 0x61, 0x67, 0x65, 0x3a, 0x20, 0x25, 0x73,
  0x20, 0x5b, 0x2d, 0x6d, 0x20, 0x3c, 0x6d, 0x61, 0x78, 0x6d, 0x6f, 0x75,
  0x6e, 0x74, 0x3e, 0x5d, 0x20, 0x5b, 0x2d, 0x6f, 0x20, 0x3c, 0x6d, 0x61,
  0x78, 0x6f, 0x70, 0x65, 0x6e, 0x3e, 0x5d, 0x20, 0x5b, 0x2d, 0x6e, 0x20,
  0x3c, 0x6e, 0x75, 0x6d, 0x62, 0x75, 0x66, 0x66, 0x65, 0x72, 0x3e, 0x5d,
  0x0a, 0x00, 0x00, 0x00, 0x70, 0x66, 0x73, 0x3a, 0x20, 0x65, 0x72, 0x72,
  0x6f, 0x72, 0x3a, 0x20, 0x63, 0x61, 0x6e, 0x27, 0x74, 0x20, 0x73, 0x74,
  0x6f, 0x70, 0x20, 0x6d, 0x6f, 0x64, 0x75, 0x6c, 0x65, 0x28, 0x66, 0x64,
  0x20, 0x62, 0x75, 0x73, 0x79, 0x29, 0x0a, 0x00, 0x70, 0x66, 0x73, 0x3a,
  0x20, 0x73, 0x74, 0x6f, 0x70, 0x70, 0x65, 0x64, 0x20, 0x6d, 0x6f, 0x64,
  0x75, 0x6c, 0x65, 0x0a, 0x00, 0x00, 0x00, 0x00, 0x70, 0x66, 0x73, 0x20,
  0x50, 0x6c, 0x61, 0x79, 0x73, 0x74, 0x61, 0x74, 0x69, 0x6f, 0x6e, 0x20,
  0x46, 0x69, 0x6c, 0x65, 0x73, 0x79, 0x73, 0x74, 0x65, 0x6d, 0x20, 0x44,
  0x72, 0x69, 0x76, 0x65, 0x72, 0x20, 0x76, 0x25, 0x64, 0x2e, 0x25, 0x64,
  0x0a, 0x70, 0x73, 0x32, 0x66, 0x73, 0x3a, 0x20, 0x28, 0x63, 0x29, 0x20,
  0x32, 0x30, 0x30, 0x33, 0x20, 0x53, 0x6a, 0x65, 0x65, 0x70, 0x2c, 0x20,
  0x56, 0x65, 0x63, 0x74, 0x6f, 0x72, 0x20, 0x61, 0x6e, 0x64, 0x20, 0x46,
  0x6c, 0x6f, 0x72, 0x69, 0x6e, 0x20, 0x53, 0x61, 0x73, 0x75, 0x0a, 0x00,
  0x70, 0x66, 0x73, 0x20, 0x4d, 0x61, 0x78, 0x20, 0x6d, 0x6f, 0x75, 0x6e,
  0x74, 0x3a, 0x20, 0x25, 0x6c, 0x64, 0x2c, 0x20, 0x4d, 0x61, 0x78, 0x20,
  0x6f, 0x70, 0x65, 0x6e, 0x3a, 0x20, 0x25, 0x6c, 0x64, 0x2c, 0x20, 0x4e,
  0x75, 0x6d, 0x62, 0x65, 0x72, 0x20, 0x6f, 0x66, 0x20, 0x62, 0x75, 0x66,
  0x66, 0x65, 0x72, 0x73, 0x3a, 0x20, 0x25, 0x64, 0x0a, 0x00, 0x00, 0x00,
  0x2d, 0x6d, 0x00, 0x00, 0x2d, 0x6f, 0x00, 0x00, 0x2d, 0x6e, 0x00, 0x00,
  0x70, 0x66, 0x73, 0x20, 0x45, 0x52, 0x52, 0x4f, 0x52, 0x3a, 0x20, 0x4e,
  0x75, 0x6d, 0x62, 0x65, 0x72, 0x20, 0x6f, 0x66, 0x20, 0x62, 0x75, 0x66,
  0x66, 0x65, 0x72, 0x73, 0x20, 0x69, 0x73, 0x20, 0x6c, 0x61, 0x72, 0x67,
  0x65, 0x72, 0x20, 0x74, 0x68, 0x61, 0x6e, 0x20, 0x31, 0x32, 0x37, 0x21,
  0x0a, 0x00, 0x00, 0x00, 0x70, 0x66, 0x73, 0x20, 0x57, 0x61, 0x72, 0x6e,
  0x69, 0x6e, 0x67, 0x3a, 0x20, 0x25, 0x64, 0x20, 0x62, 0x75, 0x66, 0x66,
  0x65, 0x72, 0x73, 0x20, 0x6d, 0x61, 0x79, 0x20, 0x62, 0x65, 0x20, 0x6e,
  0x65, 0x65, 0x64, 0x65, 0x64, 0x2c, 0x20, 0x62, 0x75, 0x74, 0x20, 0x6f,
  0x6e, 0x6c, 0x79, 0x20, 0x25, 0x64, 0x20, 0x62, 0x75, 0x66, 0x66, 0x65,
  0x72, 0x73, 0x20, 0x61, 0x72, 0x65, 0x20, 0x61, 0x6c, 0x6c, 0x6f, 0x63,
  0x61, 0x74, 0x65, 0x64, 0x0a, 0x00, 0x00, 0x00, 0x70, 0x66, 0x73, 0x20,
  0x45, 0x72, 0x72, 0x6f, 0x72, 0x3a, 0x20, 0x46, 0x61, 0x69, 0x6c, 0x65,
  0x64, 0x20, 0x74, 0x6f, 0x20, 0x61, 0x6c, 0x6c, 0x6f, 0x63, 0x61, 0x74,
  0x65, 0x20, 0x6d, 0x65, 0x6d, 0x6f, 0x72, 0x79, 0x20, 0x66, 0x6f, 0x72,
  0x20, 0x66, 0x69, 0x6c, 0x65, 0x20, 0x64, 0x65, 0x73, 0x63, 0x72, 0x69,
  0x70, 0x74, 0x6f, 0x72, 0x73, 0x21, 0x0a, 0x00, 0x70, 0x66, 0x73, 0x20,
  0x76, 0x65, 0x72, 0x73, 0x69, 0x6f, 0x6e, 0x20, 0x25, 0x30, 0x34, 0x78,
  0x20, 0x64, 0x72, 0x69, 0x76, 0x65, 0x72, 0x20, 0x73, 0x74, 0x61, 0x72,
  0x74, 0x2e, 0x0a, 0x00, 0x70, 0x66, 0x73, 0x00, 0x50, 0x46, 0x53, 0x00,
  0x70, 0x66, 0x73, 0x5f, 0x64, 0x72, 0x69, 0x76, 0x65, 0x72, 0x00, 0x00,
  0x00, 0x00, 0x00, 0x00, 0x00, 0x00, 0x00, 0x00, 0x70, 0x66, 0x73, 0x20,
  0x50, 0x61, 0x6e, 0x69, 0x63, 0x3a, 0x20, 0x54, 0x68, 0x69, 0x73, 0x20,
  0x69, 0x73, 0x20, 0x61, 0x20, 0x62, 0x75, 0x67, 0x21, 0x0a, 0x00, 0x00,
  0x70, 0x66, 0x73, 0x20, 0x50, 0x61, 0x6e, 0x69, 0x63, 0x3a, 0x20, 0x54,
  0x68, 0x65, 0x72, 0x65, 0x20, 0x69, 0x73, 0x20, 0x6e, 0x6f, 0x20, 0x7a,
  0x6f, 0x6e, 0x65, 0x2e, 0x0a, 0x00, 0x00, 0x00, 0x70, 0x66, 0x73, 0x20,
  0x45, 0x72, 0x72, 0x6f, 0x72, 0x3a, 0x20, 0x54, 0x68, 0x65, 0x72, 0x65,
  0x20, 0x61, 0x72, 0x65, 0x20, 0x6e, 0x6f, 0x20, 0x66, 0x72, 0x65, 0x65,
  0x20, 0x66, 0x69, 0x6c, 0x65, 0x20, 0x73, 0x6c, 0x6f, 0x74, 0x73, 0x21,
  0x0a, 0x00, 0x00, 0x00, 0x2e, 0x00, 0x00, 0x00, 0x2e, 0x2e, 0x00, 0x00,
  0x70, 0x66, 0x73, 0x20, 0x45, 0x72, 0x72, 0x6f, 0x72, 0x3a, 0x20, 0x61,
  0x65, 0x6e, 0x74, 0x72, 0x79, 0x20, 0x61, 0x6c, 0x6c, 0x6f, 0x63, 0x61,
  0x74, 0x65, 0x64, 0x20, 0x6c, 0x65, 0x6e, 0x67, 0x74, 0x68, 0x2f, 0x34,
  0x20, 0x21, 0x3d, 0x20, 0x30, 0x0a, 0x00, 0x00, 0x70, 0x66, 0x73, 0x20,
  0x50, 0x61, 0x6e, 0x69, 0x63, 0x3a, 0x20, 0x61, 0x65, 0x6e, 0x74, 0x72,
  0x79, 0x20, 0x69, 0x73, 0x20, 0x74, 0x6f, 0x6f, 0x20, 0x73, 0x6d, 0x61,
  0x6c, 0x6c, 0x0a, 0x00, 0x70, 0x66, 0x73, 0x20, 0x45, 0x72, 0x72, 0x6f,
  0x72, 0x3a, 0x20, 0x61, 0x65, 0x6e, 0x74, 0x72, 0x79, 0x20, 0x74, 0x6f,
  0x6f, 0x20, 0x62, 0x69, 0x67, 0x0a, 0x00, 0x00, 0x00, 0x00, 0x00, 0x00,
  0x00, 0x00, 0x00, 0x00, 0x70, 0x66, 0x73, 0x3a, 0x20, 0x45, 0x72, 0x72,
  0x6f, 0x72, 0x3a, 0x20, 0x54, 0x72, 0x69, 0x65, 0x64, 0x20, 0x74, 0x6f,
  0x20, 0x61, 0x6c, 0x6c, 0x6f, 0x63, 0x61, 0x74, 0x65, 0x20, 0x75, 0x73,
  0x65, 0x64, 0x20, 0x62, 0x6c, 0x6f, 0x63, 0x6b, 0x21, 0x0a, 0x00, 0x00,
  0x70, 0x66, 0x73, 0x3a, 0x20, 0x45, 0x72, 0x72, 0x6f, 0x72, 0x3a, 0x20,
  0x54, 0x72, 0x69, 0x65, 0x64, 0x20, 0x74, 0x6f, 0x20, 0x66, 0x72, 0x65,
  0x65, 0x20, 0x75, 0x6e, 0x75, 0x73, 0x65, 0x64, 0x20, 0x62, 0x6c, 0x6f,
  0x63, 0x6b, 0x21, 0x0a, 0x00, 0x00, 0x00, 0x00, 0x70, 0x66, 0x73, 0x3a,
  0x20, 0x5a, 0x6f, 0x6e, 0x65, 0x20, 0x73, 0x68, 0x6f, 0x77, 0x3a, 0x20,
  0x70, 0x6e, 0x20, 0x25, 0x6c, 0x64, 0x2c, 0x20, 0x62, 0x6e, 0x20, 0x25,
  0x6c, 0x64, 0x2c, 0x20, 0x62, 0x69, 0x74, 0x63, 0x6e, 0x74, 0x20, 0x25,
  0x6c, 0x64, 0x0a, 0x00, 0x00, 0x00, 0x00, 0x00, 0x00, 0x00, 0x00, 0x00,
  0x00, 0x00, 0x00, 0x00, 0x70, 0x66, 0x73, 0x3a, 0x20, 0x45, 0x72, 0x72,
  0x6f, 0x72, 0x3a, 0x20, 0x64, 0x65, 0x6e, 0x74, 0x72, 0x79, 0x20, 0x61,
  0x6c, 0x6c, 0x6f, 0x63, 0x61, 0x74, 0x65, 0x64, 0x20, 0x6c, 0x65, 0x6e,
  0x67, 0x74, 0x68, 0x2f, 0x34, 0x20, 0x21, 0x3d, 0x20, 0x30, 0x0a, 0x00,
  0x70, 0x66, 0x73, 0x3a, 0x20, 0x45, 0x72, 0x72, 0x6f, 0x72, 0x3a, 0x20,
  0x64, 0x65, 0x6e, 0x74, 0x72, 0x79, 0x20, 0x69, 0x73, 0x20, 0x74, 0x6f,
  0x6f, 0x20, 0x73, 0x6d, 0x61, 0x6c, 0x6c, 0x0a, 0x00, 0x00, 0x00, 0x00,
  0x70, 0x66, 0x73, 0x3a, 0x20, 0x45, 0x72, 0x72, 0x6f, 0x72, 0x3a, 0x20,
  0x64, 0x65, 0x6e, 0x74, 0x72, 0x79, 0x20, 0x61, 0x63, 0x72, 0x6f, 0x73,
  0x73, 0x20, 0x73, 0x65, 0x63, 0x74, 0x6f, 0x72, 0x73, 0x0a, 0x00, 0x00,
  0x2e, 0x00, 0x00, 0x00, 0x2e, 0x2e, 0x00, 0x00, 0x70, 0x66, 0x73, 0x3a,
  0x20, 0x63, 0x6f, 0x75, 0x6c, 0x64, 0x6e, 0x74, 0x20, 0x67, 0x65, 0x74,
  0x20, 0x64, 0x65, 0x6e, 0x74, 0x72, 0x69, 0x65, 0x73, 0x20, 0x63, 0x68,
  0x75, 0x6e, 0x6b, 0x20, 0x66, 0x6f, 0x72, 0x20, 0x64, 0x72, 0x65, 0x61,
  0x64, 0x21, 0x0a, 0x00, 0x00, 0x00, 0x00, 0x00, 0x00, 0x00, 0x00, 0x00,
  0x70, 0x66, 0x73, 0x3a, 0x20, 0x70, 0x66, 0x73, 0x49, 0x6e, 0x6f, 0x64,
  0x65, 0x50, 0x72, 0x69, 0x6e, 0x74, 0x3a, 0x20, 0x43, 0x68, 0x65, 0x63,
  0x6b, 0x73, 0x75, 0x6d, 0x20, 0x3d, 0x20, 0x30, 0x78, 0x25, 0x6c, 0x58,
  0x2c, 0x20, 0x4d, 0x61, 0x67, 0x69, 0x63, 0x20, 0x3d, 0x20, 0x30, 0x78,
  0x25, 0x6c, 0x58, 0x0a, 0x00, 0x00, 0x00, 0x00, 0x70, 0x66, 0x73, 0x3a,
  0x20, 0x20, 0x20, 0x20, 0x20, 0x4d, 0x6f, 0x64, 0x65, 0x20, 0x3d, 0x20,
  0x30, 0x78, 0x25, 0x58, 0x2c, 0x20, 0x61, 0x74, 0x74, 0x72, 0x20, 0x3d,
  0x20, 0x30, 0x78, 0x25, 0x58, 0x0a, 0x00, 0x00, 0x70, 0x66, 0x73, 0x3a,
  0x20, 0x20, 0x20, 0x20, 0x20, 0x73, 0x69, 0x7a, 0x65, 0x20, 0x3d, 0x20,
  0x30, 0x78, 0x25, 0x30, 0x38, 0x6c, 0x58, 0x25, 0x30, 0x38, 0x6c, 0x58,
  0x0a, 0x00, 0x00, 0x00, 0x70, 0x66, 0x73, 0x3a, 0x20, 0x70, 0x61, 0x6e,
  0x69, 0x63, 0x3a, 0x20, 0x66, 0x70, 0x20, 0x65, 0x78, 0x63, 0x65, 0x65,
  0x64, 0x73, 0x20, 0x66, 0x69, 0x6c, 0x65, 0x2e, 0x0a, 0x00, 0x00, 0x00,
  0x00, 0x00, 0x00, 0x00, 0x70, 0x66, 0x73, 0x3a, 0x20, 0x45, 0x72, 0x72,
  0x6f, 0x72, 0x3a, 0x20, 0x63, 0x61, 0x6e, 0x6e, 0x6f, 0x74, 0x20, 0x72,
  0x65, 0x61, 0x64, 0x20, 0x6c, 0x6f, 0x67, 0x2f, 0x69, 0x6e, 0x76, 0x61,
  0x6c, 0x69, 0x64, 0x20, 0x6c, 0x6f, 0x67, 0x0a, 0x00, 0x00, 0x00, 0x00,
  0x70, 0x66, 0x73, 0x3a, 0x20, 0x4c, 0x6f, 0x67, 0x20, 0x6f, 0x76, 0x65,
  0x72, 0x77, 0x72, 0x69, 0x74, 0x65, 0x20, 0x25, 0x64, 0x3a, 0x25, 0x30,
  0x38, 0x6c, 0x78, 0x0a, 0x00, 0x00, 0x00, 0x00, 0x00, 0x00, 0x00, 0x00,
  0x25, 0x30, 0x32, 0x78, 0x20, 0x00, 0x00, 0x00, 0x25, 0x73, 0x25, 0x73,
  0x0a, 0x00, 0x00, 0x00, 0x70, 0x66, 0x73, 0x3a, 0x20, 0x45, 0x72, 0x72,
  0x6f, 0x72, 0x3a, 0x20, 0x55, 0x6e, 0x6b, 0x6e, 0x6f, 0x77, 0x6e, 0x20,
  0x62, 0x6c, 0x6f, 0x63, 0x6b, 0x20, 0x64, 0x65, 0x76, 0x69, 0x63, 0x65,
  0x20, 0x27, 0x25, 0x73, 0x27, 0x0a, 0x00, 0x00, 0x68, 0x64, 0x64, 0x00,
  0x00, 0x00, 0x00, 0x00, 0x70, 0x66, 0x73, 0x3a, 0x20, 0x45, 0x72, 0x72,
  0x6f, 0x72, 0x3a, 0x20, 0x49, 0x6e, 0x76, 0x61, 0x6c, 0x69, 0x64, 0x20,
  0x7a, 0x6f, 0x6e, 0x65, 0x20, 0x73, 0x69, 0x7a, 0x65, 0x0a, 0x00, 0x00,
  0x70, 0x66, 0x73, 0x3a, 0x20, 0x46, 0x6f, 0x72, 0x6d, 0x61, 0x74, 0x20,
  0x73, 0x75, 0x62, 0x3a, 0x20, 0x73, 0x75, 0x62, 0x20, 0x3d, 0x20, 0x25,
  0x6c, 0x64, 0x2c, 0x20, 0x73, 0x65, 0x63, 0x74, 0x6f, 0x72, 0x20, 0x73,
  0x74, 0x61, 0x72, 0x74, 0x20, 0x3d, 0x20, 0x25, 0x6c, 0x64, 0x2c, 0x20,
  0x00, 0x00, 0x00, 0x00, 0x73, 0x65, 0x63, 0x74, 0x6f, 0x72, 0x20, 0x65,
  0x6e, 0x64, 0x20, 0x3d, 0x20, 0x25, 0x6c, 0x64, 0x0a, 0x00, 0x00, 0x00,
  0x70, 0x66, 0x73, 0x3a, 0x20, 0x46, 0x6f, 0x72, 0x6d, 0x61, 0x74, 0x3a,
  0x20, 0x6c, 0x6f, 0x67, 0x2e, 0x6e, 0x75, 0x6d, 0x62, 0x65, 0x72, 0x20,
  0x3d, 0x20, 0x25, 0x6c, 0x64, 0x2c, 0x20, 0x6c, 0x6f, 0x67, 0x2e, 0x63,
  0x6f, 0x75, 0x6e, 0x74, 0x20, 0x3d, 0x20, 0x25, 0x64, 0x0a, 0x00, 0x00,
  0x70, 0x66, 0x73, 0x3a, 0x20, 0x45, 0x72, 0x72, 0x6f, 0x72, 0x3a, 0x20,
  0x49, 0x6e, 0x76, 0x61, 0x6c, 0x69, 0x64, 0x20, 0x6d, 0x61, 0x67, 0x69,
  0x63, 0x2f, 0x76, 0x65, 0x72, 0x73, 0x69, 0x6f, 0x6e, 0x0a, 0x00, 0x00,
  0x70, 0x66, 0x73, 0x3a, 0x20, 0x45, 0x72, 0x72, 0x6f, 0x72, 0x3a, 0x20,
  0x46, 0x69, 0x6c, 0x65, 0x73, 0x79, 0x73, 0x74, 0x65, 0x6d, 0x20, 0x6c,
  0x61, 0x72, 0x67, 0x65, 0x72, 0x20, 0x74, 0x68, 0x61, 0x6e, 0x20, 0x70,
  0x61, 0x72, 0x74, 0x69, 0x74, 0x69, 0x6f, 0x6e, 0x0a, 0x00, 0x00, 0x00,
  0x70, 0x66, 0x73, 0x3a, 0x20, 0x4e, 0x65, 0x77, 0x20, 0x73, 0x75, 0x62,
  0x73, 0x20, 0x61, 0x64, 0x64, 0x65, 0x64, 0x2c, 0x20, 0x75, 0x70, 0x64,
  0x61, 0x74, 0x69, 0x6e, 0x67, 0x20, 0x66, 0x69, 0x6c, 0x65, 0x73, 0x79,
  0x73, 0x74, 0x65, 0x6d, 0x2e, 0x2e, 0x0a, 0x00, 0x00, 0x00, 0x00, 0x00,
  0x00, 0x00, 0x00, 0x00, 0x70, 0x66, 0x73, 0x3a, 0x20, 0x57, 0x61, 0x72,
  0x6e, 0x69, 0x6e, 0x67, 0x3a, 0x20, 0x4e, 0x55, 0x4c, 0x4c, 0x20, 0x62,
  0x75, 0x66, 0x66, 0x65, 0x72, 0x20, 0x72, 0x65, 0x74, 0x75, 0x72, 0x6e,
  0x65, 0x64, 0x0a, 0x00, 0x70, 0x66, 0x73, 0x3a, 0x20, 0x45, 0x72, 0x72,
  0x6f, 0x72, 0x3a, 0x20, 0x55, 0x6e, 0x75, 0x73, 0x65, 0x64, 0x20, 0x63,
  0x61, 0x63, 0x68, 0x65, 0x20, 0x72, 0x65, 0x74, 0x75, 0x72, 0x6e, 0x65,
  0x64, 0x0a, 0x00, 0x00, 0x70, 0x66, 0x73, 0x3a, 0x20, 0x57, 0x61, 0x72,
  0x6e, 0x69, 0x6e, 0x67, 0x3a, 0x20, 0x49, 0x6e, 0x76, 0x61, 0x6c, 0x69,
  0x64, 0x61, 0x74, 0x65, 0x64, 0x20, 0x62, 0x75, 0x66, 0x66, 0x65, 0x72,
  0x20, 0x69, 0x73, 0x20, 0x69, 0x6e, 0x20, 0x75, 0x73, 0x65, 0x0a, 0x00,
  0x70, 0x66, 0x73, 0x3a, 0x20, 0x45, 0x72, 0x72, 0x6f, 0x72, 0x3a, 0x20,
  0x44, 0x69, 0x73, 0x6b, 0x20, 0x65, 0x72, 0x72, 0x6f, 0x72, 0x20, 0x70,
  0x61, 0x72, 0x74, 0x69, 0x74, 0x69, 0x6f, 0x6e, 0x20, 0x25, 0x6c, 0x64,
  0x2c, 0x20, 0x62, 0x6c, 0x6f, 0x63, 0x6b, 0x20, 0x25, 0x6c, 0x64, 0x2c,
  0x20, 0x65, 0x72, 0x72, 0x20, 0x25, 0x64, 0x0a, 0x00, 0x00, 0x00, 0x00,
  0x70, 0x66, 0x73, 0x3a, 0x20, 0x45, 0x72, 0x72, 0x6f, 0x72, 0x3a, 0x20,
  0x46, 0x72, 0x65, 0x65, 0x20, 0x62, 0x75, 0x66, 0x66, 0x65, 0x72, 0x20,
  0x6c, 0x69, 0x73, 0x74, 0x20, 0x69, 0x73, 0x20, 0x65, 0x6d, 0x70, 0x74,
  0x79, 0x0a, 0x00, 0x00, 0x70, 0x66, 0x73, 0x3a, 0x20, 0x50, 0x61, 0x6e,
  0x69, 0x63, 0x3a, 0x20, 0x4e, 0x75, 0x6c, 0x6c, 0x20, 0x70, 0x6f, 0x69,
  0x6e, 0x74, 0x65, 0x72, 0x20, 0x61, 0x6c, 0x6c, 0x6f, 0x63, 0x61, 0x74,
  0x65, 0x64, 0x0a, 0x00, 0x70, 0x66, 0x73, 0x3a, 0x20, 0x45, 0x72, 0x72,
  0x6f, 0x72, 0x3a, 0x20, 0x4e, 0x75, 0x6d, 0x62, 0x65, 0x72, 0x20, 0x6f,
  0x66, 0x20, 0x62, 0x75, 0x66, 0x66, 0x65, 0x72, 0x73, 0x20, 0x6c, 0x61,
  0x72, 0x67, 0x65, 0x72, 0x20, 0x74, 0x68, 0x61, 0x6e, 0x20, 0x31, 0x32,
  0x37, 0x2e, 0x0a, 0x00, 0x00, 0x00, 0x00, 0x00, 0x70, 0x66, 0x73, 0x3a,
  0x20, 0x45, 0x72, 0x72, 0x6f, 0x72, 0x3a, 0x20, 0x54, 0x68, 0x65, 0x72,
  0x65, 0x20, 0x69, 0x73, 0x20, 0x6e, 0x6f, 0x20, 0x6e, 0x65, 0x78, 0x74,
  0x20, 0x73, 0x65, 0x67, 0x6d, 0x65, 0x6e, 0x74, 0x20, 0x64, 0x65, 0x73,
  0x63, 0x72, 0x69, 0x70, 0x74, 0x6f, 0x72, 0x0a, 0x00, 0x00, 0x00, 0x00,
  0x70, 0x66, 0x73, 0x3a, 0x20, 0x50, 0x61, 0x6e, 0x69, 0x63, 0x3a, 0x20,
  0x54, 0x68, 0x69, 0x73, 0x20, 0x69, 0x73, 0x20, 0x61, 0x20, 0x62, 0x75,
  0x67, 0x21, 0x0a, 0x00, 0x70, 0x66, 0x73, 0x3a, 0x20, 0x45, 0x72, 0x72,
  0x6f, 0x72, 0x3a, 0x20, 0x43, 0x6f, 0x75, 0x6c, 0x64, 0x6e, 0x74, 0x20,
  0x61, 0x6c, 0x6c, 0x6f, 0x63, 0x61, 0x74, 0x65, 0x20, 0x7a, 0x6f, 0x6e,
  0x65, 0x21, 0x20, 0x28, 0x31, 0x29, 0x0a, 0x00, 0x70, 0x66, 0x73, 0x3a,
  0x20, 0x45, 0x72, 0x72, 0x6f, 0x72, 0x3a, 0x20, 0x43, 0x6f, 0x75, 0x6c,
  0x64, 0x6e, 0x74, 0x20, 0x61, 0x6c, 0x6c, 0x6f, 0x63, 0x61, 0x74, 0x65,
  0x20, 0x7a, 0x6f, 0x6e, 0x65, 0x21, 0x20, 0x28, 0x32, 0x29, 0x0a, 0x00,
  0x01, 0x00, 0x00, 0x00, 0x02, 0x00, 0x00, 0x00, 0xd4, 0x8c, 0x00, 0x00,
  0x10, 0x00, 0x00, 0x10, 0x01, 0x00, 0x00, 0x00, 0xd8, 0x8c, 0x00, 0x00,
  0x4c, 0x93, 0x00, 0x00, 0xc0, 0x15, 0x00, 0x00, 0xfc, 0x15, 0x00, 0x00,
  0x2c, 0x16, 0x00, 0x00, 0x00, 0x17, 0x00, 0x00, 0xec, 0x17, 0x00, 0x00,
  0x3c, 0x18, 0x00, 0x00, 0x20, 0x19, 0x00, 0x00, 0xfc, 0x19, 0x00, 0x00,
  0x5c, 0x2d, 0x00, 0x00, 0x0c, 0x1b, 0x00, 0x00, 0x60, 0x1b, 0x00, 0x00,
  0xd8, 0x1b, 0x00, 0x00, 0x5c, 0x1c, 0x00, 0x00, 0xec, 0x17, 0x00, 0x00,
  0x68, 0x1c, 0x00, 0x00, 0x6c, 0x1d, 0x00, 0x00, 0x00, 0x1e, 0x00, 0x00,
  0xac, 0x1f, 0x00, 0x00, 0xd0, 0x24, 0x00, 0x00, 0xa8, 0x25, 0x00, 0x00,
  0x4c, 0x27, 0x00, 0x00, 0xc0, 0x28, 0x00, 0x00, 0x74, 0x1a, 0x00, 0x00,
  0xbc, 0x31, 0x00, 0x00, 0x7c, 0x29, 0x00, 0x00, 0xf4, 0x29, 0x00, 0x00,
  0x64, 0x2d, 0x00, 0x00, 0xdc, 0x8c, 0x00, 0x00, 0x02, 0x02, 0x00, 0x00,
  0x00, 0x20, 0x00, 0x00, 0x00, 0x00, 0x00, 0x00, 0x00, 0x00, 0x00, 0x00,
  0x00, 0x00, 0x00, 0x00, 0x00, 0x07, 0x06, 0x05, 0x04, 0x03, 0xd0, 0x07,
  0x38, 0x90, 0x00, 0x00, 0x44, 0x60, 0x00, 0x00, 0x14, 0x60, 0x00, 0x00,
  0xe0, 0x5f, 0x00, 0x00, 0xb0, 0x5f, 0x00, 0x00, 0x80, 0x5f, 0x00, 0x00,
  0x00, 0x04, 0x00, 0x00, 0x01, 0x00, 0x00, 0x00, 0x00, 0x00, 0x00, 0x00,
  0x00, 0x00, 0x00, 0x00, 0x10, 0x00, 0x00, 0x00, 0x00, 0x00, 0x00, 0x00,
  0x01, 0x7a, 0x52, 0x00, 0x01, 0x7c, 0x1f, 0x01, 0x0b, 0x0d, 0x1d, 0x00,
  0x10, 0x00, 0x00, 0x00, 0x18, 0x00, 0x00, 0x00, 0xb0, 0x7e, 0x00, 0x00,
  0x7c, 0x05, 0x00, 0x00, 0x00, 0x00, 0x00, 0x00, 0x10, 0x00, 0x00, 0x00,
  0x00, 0x00, 0x00, 0x00, 0x01, 0x7a, 0x52, 0x00, 0x01, 0x7c, 0x1f, 0x01,
  0x0b, 0x0d, 0x1d, 0x00, 0x10, 0x00, 0x00, 0x00, 0x18, 0x00, 0x00, 0x00,
  0x30, 0x84, 0x00, 0x00, 0x3c, 0x05, 0x00, 0x00, 0x00, 0x00, 0x00, 0x00,
  0x00, 0x2e, 0x69, 0x6f, 0x70, 0x6d, 0x6f, 0x64, 0x00, 0x2e, 0x74, 0x65,
  0x78, 0x74, 0x00, 0x2e, 0x72, 0x65, 0x6c, 0x2e, 0x74, 0x65, 0x78, 0x74,
  0x00, 0x2e, 0x72, 0x6f, 0x64, 0x61, 0x74, 0x61, 0x00, 0x2e, 0x72, 0x65,
  0x6c, 0x2e, 0x72, 0x6f, 0x64, 0x61, 0x74, 0x61, 0x00, 0x2e, 0x64, 0x61,
  0x74, 0x61, 0x00, 0x2e, 0x72, 0x65, 0x6c, 0x2e, 0x64, 0x61, 0x74, 0x61,
  0x00, 0x2e, 0x65, 0x68, 0x5f, 0x66, 0x72, 0x61, 0x6d, 0x65, 0x00, 0x2e,
  0x72, 0x65, 0x6c, 0x2e, 0x65, 0x68, 0x5f, 0x66, 0x72, 0x61, 0x6d, 0x65,
  0x00, 0x2e, 0x62, 0x73, 0x73, 0x00, 0x2e, 0x73, 0x68, 0x73, 0x74, 0x72,
  0x74, 0x61, 0x62, 0x00, 0x2e, 0x73, 0x79, 0x6d, 0x74, 0x61, 0x62, 0x00,
  0x2e, 0x73, 0x74, 0x72, 0x74, 0x61, 0x62, 0x00, 0x00, 0x00, 0x00, 0x00,
  0x00, 0x00, 0x00, 0x00, 0x00, 0x00, 0x00, 0x00, 0x00, 0x00, 0x00, 0x00,
  0x00, 0x00, 0x00, 0x00, 0x00, 0x00, 0x00, 0x00, 0x00, 0x00, 0x00, 0x00,
  0x00, 0x00, 0x00, 0x00, 0x00, 0x00, 0x00, 0x00, 0x00, 0x00, 0x00, 0x00,
  0x01, 0x00, 0x00, 0x00, 0x80, 0x00, 0x00, 0x70, 0x00, 0x00, 0x00, 0x00,
  0x00, 0x00, 0x00, 0x00, 0x74, 0x00, 0x00, 0x00, 0x1b, 0x00, 0x00, 0x00,
  0x00, 0x00, 0x00, 0x00, 0x00, 0x00, 0x00, 0x00, 0x04, 0x00, 0x00, 0x00,
  0x00, 0x00, 0x00, 0x00, 0x09, 0x00, 0x00, 0x00, 0x01, 0x00, 0x00, 0x00,
  0x06, 0x00, 0x00, 0x00, 0x00, 0x00, 0x00, 0x00, 0x90, 0x00, 0x00, 0x00,
  0x70, 0x89, 0x00, 0x00, 0x00, 0x00, 0x00, 0x00, 0x00, 0x00, 0x00, 0x00,
  0x10, 0x00, 0x00, 0x00, 0x00, 0x00, 0x00, 0x00, 0x0f, 0x00, 0x00, 0x00,
  0x09, 0x00, 0x00, 0x00, 0x40, 0x00, 0x00, 0x00, 0x00, 0x00, 0x00, 0x00,
  0x84, 0x97, 0x00, 0x00, 0x00, 0x0d, 0x00, 0x00, 0x0c, 0x00, 0x00, 0x00,
  0x02, 0x00, 0x00, 0x00, 0x04, 0x00, 0x00, 0x00, 0x08, 0x00, 0x00, 0x00,
  0x19, 0x00, 0x00, 0x00, 0x01, 0x00, 0x00, 0x00, 0x02, 0x00, 0x00, 0x00,
  0x70, 0x89, 0x00, 0x00, 0x00, 0x8a, 0x00, 0x00, 0xc0, 0x09, 0x00, 0x00,
  0x00, 0x00, 0x00, 0x00, 0x00, 0x00, 0x00, 0x00, 0x10, 0x00, 0x00, 0x00,
  0x00, 0x00, 0x00, 0x00, 0x21, 0x00, 0x00, 0x00, 0x09, 0x00, 0x00, 0x00,
  0x40, 0x00, 0x00, 0x00, 0x00, 0x00, 0x00, 0x00, 0x84, 0xa4, 0x00, 0x00,
  0x20, 0x00, 0x00, 0x00, 0x0c, 0x00, 0x00, 0x00, 0x04, 0x00, 0x00, 0x00,
  0x04, 0x00, 0x00, 0x00, 0x08, 0x00, 0x00, 0x00, 0x2d, 0x00, 0x00, 0x00,
  0x01, 0x00, 0x00, 0x00, 0x03, 0x00, 0x00, 0x00, 0x30, 0x93, 0x00, 0x00,
  0xc0, 0x93, 0x00, 0x00, 0xd0, 0x00, 0x00, 0x00, 0x00, 0x00, 0x00, 0x00,
  0x00, 0x00, 0x00, 0x00, 0x10, 0x00, 0x00, 0x00, 0x00, 0x00, 0x00, 0x00,
  0x33, 0x00, 0x00, 0x00, 0x09, 0x00, 0x00, 0x00, 0x40, 0x00, 0x00, 0x00,
  0x00, 0x00, 0x00, 0x00, 0xa4, 0xa4, 0x00, 0x00, 0x28, 0x01, 0x00, 0x00,
  0x0c, 0x00, 0x00, 0x00, 0x06, 0x00, 0x00, 0x00, 0x04, 0x00, 0x00, 0x00,
  0x08, 0x00, 0x00, 0x00, 0x3d, 0x00, 0x00, 0x00, 0x01, 0x00, 0x00, 0x00,
  0x02, 0x00, 0x00, 0x00, 0x00, 0x94, 0x00, 0x00, 0x90, 0x94, 0x00, 0x00,
  0x50, 0x00, 0x00, 0x00, 0x00, 0x00, 0x00, 0x00, 0x00, 0x00, 0x00, 0x00,
  0x04, 0x00, 0x00, 0x00, 0x00, 0x00, 0x00, 0x00, 0x47, 0x00, 0x00, 0x00,
  0x09, 0x00, 0x00, 0x00, 0x40, 0x00, 0x00, 0x00, 0x00, 0x00, 0x00, 0x00,
  0xcc, 0xa5, 0x00, 0x00, 0x10, 0x00, 0x00, 0x00, 0x0c, 0x00, 0x00, 0x00,
  0x08, 0x00, 0x00, 0x00, 0x04, 0x00, 0x00, 0x00, 0x08, 0x00, 0x00, 0x00,
  0x55, 0x00, 0x00, 0x00, 0x08, 0x00, 0x00, 0x00, 0x03, 0x00, 0x00, 0x00,
  0x50, 0x94, 0x00, 0x00, 0xe0, 0x94, 0x00, 0x00, 0x40, 0x04, 0x00, 0x00,
  0x00, 0x00, 0x00, 0x00, 0x00, 0x00, 0x00, 0x00, 0x10, 0x00, 0x00, 0x00,
  0x00, 0x00, 0x00, 0x00, 0x5a, 0x00, 0x00, 0x00, 0x03, 0x00, 0x00, 0x00,
  0x00, 0x00, 0x00, 0x00, 0x00, 0x00, 0x00, 0x00, 0xe0, 0x94, 0x00, 0x00,
  0x74, 0x00, 0x00, 0x00, 0x00, 0x00, 0x00, 0x00, 0x00, 0x00, 0x00, 0x00,
  0x01, 0x00, 0x00, 0x00, 0x00, 0x00, 0x00, 0x00, 0x64, 0x00, 0x00, 0x00,
  0x02, 0x00, 0x00, 0x00, 0x00, 0x00, 0x00, 0x00, 0x00, 0x00, 0x00, 0x00,
  0xdc, 0xa5, 0x00, 0x00, 0x10, 0x00, 0x00, 0x00, 0x0d, 0x00, 0x00, 0x00,
  0x01, 0x00, 0x00, 0x00, 0x04, 0x00, 0x00, 0x00, 0x10, 0x00, 0x00, 0x00,
  0x6c, 0x00, 0x00, 0x00, 0x03, 0x00, 0x00, 0x00, 0x00, 0x00, 0x00, 0x00,
  0x00, 0x00, 0x00, 0x00, 0xec, 0xa5, 0x00, 0x00, 0x01, 0x00, 0x00, 0x00,
  0x00, 0x00, 0x00, 0x00, 0x00, 0x00, 0x00, 0x00, 0x01, 0x00, 0x00, 0x00,
  0x00, 0x00, 0x00, 0x00, 0x00, 0x00, 0x00, 0x00, 0x05, 0x00, 0x00, 0x00,
  0x04, 0x00, 0x00, 0x00, 0x06, 0x00, 0x00, 0x00, 0x08, 0x00, 0x00, 0x00,
  0x05, 0x00, 0x00, 0x00, 0x10, 0x00, 0x00, 0x00, 0x06, 0x00, 0x00, 0x00,
  0x20, 0x00, 0x00, 0x00, 0x05, 0x00, 0x00, 0x00, 0x24, 0x00, 0x00, 0x00,
  0x06, 0x00, 0x00, 0x00, 0x40, 0x00, 0x00, 0x00, 0x05, 0x00, 0x00, 0x00,
  0x44, 0x00, 0x00, 0x00, 0x06, 0x00, 0x00, 0x00, 0x94, 0x00, 0x00, 0x00,
  0x05, 0x00, 0x00, 0x00, 0x98, 0x00, 0x00, 0x00, 0x06, 0x00, 0x00, 0x00,
  0x9c, 0x00, 0x00, 0x00, 0x05, 0x00, 0x00, 0x00, 0xa0, 0x00, 0x00, 0x00,
  0x06, 0x00, 0x00, 0x00, 0xb4, 0x00, 0x00, 0x00, 0x05, 0x00, 0x00, 0x00,
  0xb8, 0x00, 0x00, 0x00, 0x06, 0x00, 0x00, 0x00, 0xc4, 0x00, 0x00, 0x00,
  0x05, 0x00, 0x00, 0x00, 0xc8, 0x00, 0x00, 0x00, 0x06, 0x00, 0x00, 0x00,
  0xd4, 0x00, 0x00, 0x00, 0x05, 0x00, 0x00, 0x00, 0xd8, 0x00, 0x00, 0x00,
  0x06, 0x00, 0x00, 0x00, 0xec, 0x00, 0x00, 0x00, 0x05, 0x00, 0x00, 0x00,
  0xf0, 0x00, 0x00, 0x00, 0x06, 0x00, 0x00, 0x00, 0x14, 0x01, 0x00, 0x00,
  0x05, 0x00, 0x00, 0x00, 0x18, 0x01, 0x00, 0x00, 0x06, 0x00, 0x00, 0x00,
  0x60, 0x01, 0x00, 0x00, 0x05, 0x00, 0x00, 0x00, 0x64, 0x01, 0x00, 0x00,
  0x06, 0x00, 0x00, 0x00, 0x90, 0x01, 0x00, 0x00, 0x05, 0x00, 0x00, 0x00,
  0x94, 0x01, 0x00, 0x00, 0x06, 0x00, 0x00, 0x00, 0x9c, 0x01, 0x00, 0x00,
  0x05, 0x00, 0x00, 0x00, 0xa0, 0x01, 0x00, 0x00, 0x06, 0x00, 0x00, 0x00,
  0xa8, 0x01, 0x00, 0x00, 0x05, 0x00, 0x00, 0x00, 0xac, 0x01, 0x00, 0x00,
  0x06, 0x00, 0x00, 0x00, 0xb0, 0x01, 0x00, 0x00, 0x05, 0x00, 0x00, 0x00,
  0xb4, 0x01, 0x00, 0x00, 0x06, 0x00, 0x00, 0x00, 0xf0, 0x01, 0x00, 0x00,
  0x05, 0x00, 0x00, 0x00, 0xf4, 0x01, 0x00, 0x00, 0x06, 0x00, 0x00, 0x00,
  0x00, 0x02, 0x00, 0x00, 0x05, 0x00, 0x00, 0x00, 0x04, 0x02, 0x00, 0x00,
  0x06, 0x00, 0x00, 0x00, 0x2c, 0x02, 0x00, 0x00, 0x05, 0x00, 0x00, 0x00,
  0x30, 0x02, 0x00, 0x00, 0x06, 0x00, 0x00, 0x00, 0x54, 0x02, 0x00, 0x00,
  0x05, 0x00, 0x00, 0x00, 0x58, 0x02, 0x00, 0x00, 0x06, 0x00, 0x00, 0x00,
  0x88, 0x02, 0x00, 0x00, 0x05, 0x00, 0x00, 0x00, 0x8c, 0x02, 0x00, 0x00,
  0x06, 0x00, 0x00, 0x00, 0x98, 0x02, 0x00, 0x00, 0x05, 0x00, 0x00, 0x00,
  0xa0, 0x02, 0x00, 0x00, 0x06, 0x00, 0x00, 0x00, 0xe8, 0x02, 0x00, 0x00,
  0x05, 0x00, 0x00, 0x00, 0xec, 0x02, 0x00, 0x00, 0x06, 0x00, 0x00, 0x00,
  0x30, 0x03, 0x00, 0x00, 0x05, 0x00, 0x00, 0x00, 0x34, 0x03, 0x00, 0x00,
  0x06, 0x00, 0x00, 0x00, 0x88, 0x03, 0x00, 0x00, 0x05, 0x00, 0x00, 0x00,
  0x8c, 0x03, 0x00, 0x00, 0x06, 0x00, 0x00, 0x00, 0xac, 0x03, 0x00, 0x00,
  0x05, 0x00, 0x00, 0x00, 0xb0, 0x03, 0x00, 0x00, 0x06, 0x00, 0x00, 0x00,
  0xc4, 0x03, 0x00, 0x00, 0x05, 0x00, 0x00, 0x00, 0xc8, 0x03, 0x00, 0x00,
  0x06, 0x00, 0x00, 0x00, 0xd4, 0x03, 0x00, 0x00, 0x05, 0x00, 0x00, 0x00,
  0xdc, 0x03, 0x00, 0x00, 0x06, 0x00, 0x00, 0x00, 0xe8, 0x03, 0x00, 0x00,
  0x05, 0x00, 0x00, 0x00, 0xec, 0x03, 0x00, 0x00, 0x06, 0x00, 0x00, 0x00,
  0x5c, 0x06, 0x00, 0x00, 0x05, 0x00, 0x00, 0x00, 0x60, 0x06, 0x00, 0x00,
  0x06, 0x00, 0x00, 0x00, 0x48, 0x0c, 0x00, 0x00, 0x05, 0x00, 0x00, 0x00,
  0x4c, 0x0c, 0x00, 0x00, 0x06, 0x00, 0x00, 0x00, 0xc0, 0x0c, 0x00, 0x00,
  0x05, 0x00, 0x00, 0x00, 0xc8, 0x0c, 0x00, 0x00, 0x06, 0x00, 0x00, 0x00,
  0xd8, 0x0d, 0x00, 0x00, 0x05, 0x00, 0x00, 0x00, 0xdc, 0x0d, 0x00, 0x00,
  0x06, 0x00, 0x00, 0x00, 0xe0, 0x0d, 0x00, 0x00, 0x05, 0x00, 0x00, 0x00,
  0xe4, 0x0d, 0x00, 0x00, 0x06, 0x00, 0x00, 0x00, 0x04, 0x11, 0x00, 0x00,
  0x05, 0x00, 0x00, 0x00, 0x08, 0x11, 0x00, 0x00, 0x06, 0x00, 0x00, 0x00,
  0x28, 0x11, 0x00, 0x00, 0x05, 0x00, 0x00, 0x00, 0x2c, 0x11, 0x00, 0x00,
  0x06, 0x00, 0x00, 0x00, 0x40, 0x14, 0x00, 0x00, 0x05, 0x00, 0x00, 0x00,
  0x44, 0x14, 0x00, 0x00, 0x06, 0x00, 0x00, 0x00, 0x64, 0x14, 0x00, 0x00,
  0x05, 0x00, 0x00, 0x00, 0x68, 0x14, 0x00, 0x00, 0x06, 0x00, 0x00, 0x00,
  0x78, 0x15, 0x00, 0x00, 0x05, 0x00, 0x00, 0x00, 0x7c, 0x15, 0x00, 0x00,
  0x06, 0x00, 0x00, 0x00, 0x9c, 0x15, 0x00, 0x00, 0x05, 0x00, 0x00, 0x00,
  0xa0, 0x15, 0x00, 0x00, 0x06, 0x00, 0x00, 0x00, 0xe8, 0x15, 0x00, 0x00,
  0x05, 0x00, 0x00, 0x00, 0xec, 0x15, 0x00, 0x00, 0x06, 0x00, 0x00, 0x00,
  0x0c, 0x16, 0x00, 0x00, 0x05, 0x00, 0x00, 0x00, 0x10, 0x16, 0x00, 0x00,
  0x06, 0x00, 0x00, 0x00, 0x88, 0x16, 0x00, 0x00, 0x05, 0x00, 0x00, 0x00,
  0x8c, 0x16, 0x00, 0x00, 0x06, 0x00, 0x00, 0x00, 0xcc, 0x16, 0x00, 0x00,
  0x05, 0x00, 0x00, 0x00, 0xd0, 0x16, 0x00, 0x00, 0x06, 0x00, 0x00, 0x00,
  0x38, 0x17, 0x00, 0x00, 0x05, 0x00, 0x00, 0x00, 0x3c, 0x17, 0x00, 0x00,
  0x06, 0x00, 0x00, 0x00, 0x40, 0x17, 0x00, 0x00, 0x05, 0x00, 0x00, 0x00,
  0x44, 0x17, 0x00, 0x00, 0x06, 0x00, 0x00, 0x00, 0x5c, 0x17, 0x00, 0x00,
  0x05, 0x00, 0x00, 0x00, 0x60, 0x17, 0x00, 0x00, 0x06, 0x00, 0x00, 0x00,
  0xac, 0x17, 0x00, 0x00, 0x05, 0x00, 0x00, 0x00, 0xb0, 0x17, 0x00, 0x00,
  0x06, 0x00, 0x00, 0x00, 0x18, 0x18, 0x00, 0x00, 0x05, 0x00, 0x00, 0x00,
  0x1c, 0x18, 0x00, 0x00, 0x06, 0x00, 0x00, 0x00, 0xf8, 0x18, 0x00, 0x00,
  0x05, 0x00, 0x00, 0x00, 0xfc, 0x18, 0x00, 0x00, 0x06, 0x00, 0x00, 0x00,
  0xcc, 0x19, 0x00, 0x00, 0x05, 0x00, 0x00, 0x00, 0xd0, 0x19, 0x00, 0x00,
  0x06, 0x00, 0x00, 0x00, 0x4c, 0x1a, 0x00, 0x00, 0x05, 0x00, 0x00, 0x00,
  0x50, 0x1a, 0x00, 0x00, 0x06, 0x00, 0x00, 0x00, 0xcc, 0x1a, 0x00, 0x00,
  0x05, 0x00, 0x00, 0x00, 0xd0, 0x1a, 0x00, 0x00, 0x06, 0x00, 0x00, 0x00,
  0x3c, 0x1b, 0x00, 0x00, 0x05, 0x00, 0x00, 0x00, 0x40, 0x1b, 0x00, 0x00,
  0x06, 0x00, 0x00, 0x00, 0xb0, 0x1b, 0x00, 0x00, 0x05, 0x00, 0x00, 0x00,
  0xb4, 0x1b, 0x00, 0x00, 0x06, 0x00, 0x00, 0x00, 0x30, 0x1c, 0x00, 0x00,
  0x05, 0x00, 0x00, 0x00, 0x34, 0x1c, 0x00, 0x00, 0x06, 0x00, 0x00, 0x00,
  0xf4, 0x1c, 0x00, 0x00, 0x05, 0x00, 0x00, 0x00, 0xf8, 0x1c, 0x00, 0x00,
  0x06, 0x00, 0x00, 0x00, 0xcc, 0x1d, 0x00, 0x00, 0x05, 0x00, 0x00, 0x00,
  0xd0, 0x1d, 0x00, 0x00, 0x06, 0x00, 0x00, 0x00, 0x6c, 0x1f, 0x00, 0x00,
  0x05, 0x00, 0x00, 0x00, 0x70, 0x1f, 0x00, 0x00, 0x06, 0x00, 0x00, 0x00,
  0x58, 0x20, 0x00, 0x00, 0x05, 0x00, 0x00, 0x00, 0x5c, 0x20, 0x00, 0x00,
  0x06, 0x00, 0x00, 0x00, 0xf4, 0x21, 0x00, 0x00, 0x05, 0x00, 0x00, 0x00,
  0xf8, 0x21, 0x00, 0x00, 0x06, 0x00, 0x00, 0x00, 0x2c, 0x22, 0x00, 0x00,
  0x05, 0x00, 0x00, 0x00, 0x30, 0x22, 0x00, 0x00, 0x06, 0x00, 0x00, 0x00,
  0xa4, 0x22, 0x00, 0x00, 0x05, 0x00, 0x00, 0x00, 0xa8, 0x22, 0x00, 0x00,
  0x06, 0x00, 0x00, 0x00, 0xbc, 0x22, 0x00, 0x00, 0x05, 0x00, 0x00, 0x00,
  0xc0, 0x22, 0x00, 0x00, 0x06, 0x00, 0x00, 0x00, 0xd4, 0x22, 0x00, 0x00,
  0x05, 0x00, 0x00, 0x00, 0xd8, 0x22, 0x00, 0x00, 0x06, 0x00, 0x00, 0x00,
  0x40, 0x25, 0x00, 0x00, 0x05, 0x00, 0x00, 0x00, 0x44, 0x25, 0x00, 0x00,
  0x06, 0x00, 0x00, 0x00, 0xe8, 0x25, 0x00, 0x00, 0x05, 0x00, 0x00, 0x00,
  0xec, 0x25, 0x00, 0x00, 0x06, 0x00, 0x00, 0x00, 0x14, 0x26, 0x00, 0x00,
  0x05, 0x00, 0x00, 0x00, 0x18, 0x26, 0x00, 0x00, 0x06, 0x00, 0x00, 0x00,
  0x54, 0x26, 0x00, 0x00, 0x05, 0x00, 0x00, 0x00, 0x58, 0x26, 0x00, 0x00,
  0x06, 0x00, 0x00, 0x00, 0xc8, 0x26, 0x00, 0x00, 0x05, 0x00, 0x00, 0x00,
  0xcc, 0x26, 0x00, 0x00, 0x06, 0x00, 0x00, 0x00, 0x84, 0x27, 0x00, 0x00,
  0x05, 0x00, 0x00, 0x00, 0x88, 0x27, 0x00, 0x00, 0x06, 0x00, 0x00, 0x00,
  0xb4, 0x27, 0x00, 0x00, 0x05, 0x00, 0x00, 0x00, 0xb8, 0x27, 0x00, 0x00,
  0x06, 0x00, 0x00, 0x00, 0xd4, 0x27, 0x00, 0x00, 0x05, 0x00, 0x00, 0x00,
  0xd8, 0x27, 0x00, 0x00, 0x06, 0x00, 0x00, 0x00, 0x50, 0x28, 0x00, 0x00,
  0x05, 0x00, 0x00, 0x00, 0x54, 0x28, 0x00, 0x00, 0x06, 0x00, 0x00, 0x00,
  0x70, 0x28, 0x00, 0x00, 0x05, 0x00, 0x00, 0x00, 0x74, 0x28, 0x00, 0x00,
  0x06, 0x00, 0x00, 0x00, 0xe4, 0x28, 0x00, 0x00, 0x05, 0x00, 0x00, 0x00,
  0xe8, 0x28, 0x00, 0x00, 0x06, 0x00, 0x00, 0x00, 0xec, 0x28, 0x00, 0x00,
  0x05, 0x00, 0x00, 0x00, 0xf0, 0x28, 0x00, 0x00, 0x06, 0x00, 0x00, 0x00,
  0x54, 0x29, 0x00, 0x00, 0x05, 0x00, 0x00, 0x00, 0x58, 0x29, 0x00, 0x00,
  0x06, 0x00, 0x00, 0x00, 0xd0, 0x29, 0x00, 0x00, 0x05, 0x00, 0x00, 0x00,
  0xd4, 0x29, 0x00, 0x00, 0x06, 0x00, 0x00, 0x00, 0x80, 0x2a, 0x00, 0x00,
  0x05, 0x00, 0x00, 0x00, 0x84, 0x2a, 0x00, 0x00, 0x06, 0x00, 0x00, 0x00,
  0xc0, 0x2b, 0x00, 0x00, 0x05, 0x00, 0x00, 0x00, 0xc4, 0x2b, 0x00, 0x00,
  0x06, 0x00, 0x00, 0x00, 0xcc, 0x2b, 0x00, 0x00, 0x05, 0x00, 0x00, 0x00,
  0xd0, 0x2b, 0x00, 0x00, 0x06, 0x00, 0x00, 0x00, 0x38, 0x2c, 0x00, 0x00,
  0x05, 0x00, 0x00, 0x00, 0x40, 0x2c, 0x00, 0x00, 0x06, 0x00, 0x00, 0x00,
  0x84, 0x2e, 0x00, 0x00, 0x05, 0x00, 0x00, 0x00, 0x88, 0x2e, 0x00, 0x00,
  0x06, 0x00, 0x00, 0x00, 0x1c, 0x31, 0x00, 0x00, 0x05, 0x00, 0x00, 0x00,
  0x20, 0x31, 0x00, 0x00, 0x06, 0x00, 0x00, 0x00, 0x6c, 0x31, 0x00, 0x00,
  0x05, 0x00, 0x00, 0x00, 0x70, 0x31, 0x00, 0x00, 0x06, 0x00, 0x00, 0x00,
  0x0c, 0x32, 0x00, 0x00, 0x05, 0x00, 0x00, 0x00, 0x10, 0x32, 0x00, 0x00,
  0x06, 0x00, 0x00, 0x00, 0x2c, 0x32, 0x00, 0x00, 0x05, 0x00, 0x00, 0x00,
  0x30, 0x32, 0x00, 0x00, 0x06, 0x00, 0x00, 0x00, 0xac, 0x34, 0x00, 0x00,
  0x05, 0x00, 0x00, 0x00, 0xb0, 0x34, 0x00, 0x00, 0x06, 0x00, 0x00, 0x00,
  0x10, 0x35, 0x00, 0x00, 0x05, 0x00, 0x00, 0x00, 0x14, 0x35, 0x00, 0x00,
  0x06, 0x00, 0x00, 0x00, 0x1c, 0x35, 0x00, 0x00, 0x05, 0x00, 0x00, 0x00,
  0x20, 0x35, 0x00, 0x00, 0x06, 0x00, 0x00, 0x00, 0xb0, 0x35, 0x00, 0x00,
  0x05, 0x00, 0x00, 0x00, 0xb4, 0x35, 0x00, 0x00, 0x06, 0x00, 0x00, 0x00,
  0x10, 0x36, 0x00, 0x00, 0x05, 0x00, 0x00, 0x00, 0x14, 0x36, 0x00, 0x00,
  0x06, 0x00, 0x00, 0x00, 0x84, 0x37, 0x00, 0x00, 0x05, 0x00, 0x00, 0x00,
  0x88, 0x37, 0x00, 0x00, 0x06, 0x00, 0x00, 0x00, 0xbc, 0x37, 0x00, 0x00,
  0x05, 0x00, 0x00, 0x00, 0xc0, 0x37, 0x00, 0x00, 0x06, 0x00, 0x00, 0x00,
  0x44, 0x39, 0x00, 0x00, 0x05, 0x00, 0x00, 0x00, 0x48, 0x39, 0x00, 0x00,
  0x06, 0x00, 0x00, 0x00, 0xb8, 0x39, 0x00, 0x00, 0x05, 0x00, 0x00, 0x00,
  0xbc, 0x39, 0x00, 0x00, 0x06, 0x00, 0x00, 0x00, 0x40, 0x3a, 0x00, 0x00,
  0x05, 0x00, 0x00, 0x00, 0x44, 0x3a, 0x00, 0x00, 0x06, 0x00, 0x00, 0x00,
  0xb8, 0x3a, 0x00, 0x00, 0x05, 0x00, 0x00, 0x00, 0xbc, 0x3a, 0x00, 0x00,
  0x06, 0x00, 0x00, 0x00, 0xa8, 0x3c, 0x00, 0x00, 0x05, 0x00, 0x00, 0x00,
  0xac, 0x3c, 0x00, 0x00, 0x06, 0x00, 0x00, 0x00, 0x70, 0x3d, 0x00, 0x00,
  0x05, 0x00, 0x00, 0x00, 0x74, 0x3d, 0x00, 0x00, 0x06, 0x00, 0x00, 0x00,
  0x34, 0x3e, 0x00, 0x00, 0x05, 0x00, 0x00, 0x00, 0x38, 0x3e, 0x00, 0x00,
  0x06, 0x00, 0x00, 0x00, 0x50, 0x3e, 0x00, 0x00, 0x05, 0x00, 0x00, 0x00,
  0x54, 0x3e, 0x00, 0x00, 0x06, 0x00, 0x00, 0x00, 0x7c, 0x3f, 0x00, 0x00,
  0x05, 0x00, 0x00, 0x00, 0x80, 0x3f, 0x00, 0x00, 0x06, 0x00, 0x00, 0x00,
  0xe8, 0x3f, 0x00, 0x00, 0x05, 0x00, 0x00, 0x00, 0xec, 0x3f, 0x00, 0x00,
  0x06, 0x00, 0x00, 0x00, 0x28, 0x40, 0x00, 0x00, 0x05, 0x00, 0x00, 0x00,
  0x2c, 0x40, 0x00, 0x00, 0x06, 0x00, 0x00, 0x00, 0x40, 0x40, 0x00, 0x00,
  0x05, 0x00, 0x00, 0x00, 0x44, 0x40, 0x00, 0x00, 0x06, 0x00, 0x00, 0x00,
  0x70, 0x42, 0x00, 0x00, 0x05, 0x00, 0x00, 0x00, 0x74, 0x42, 0x00, 0x00,
  0x06, 0x00, 0x00, 0x00, 0xf4, 0x42, 0x00, 0x00, 0x05, 0x00, 0x00, 0x00,
  0xf8, 0x42, 0x00, 0x00, 0x06, 0x00, 0x00, 0x00, 0x48, 0x43, 0x00, 0x00,
  0x05, 0x00, 0x00, 0x00, 0x50, 0x43, 0x00, 0x00, 0x06, 0x00, 0x00, 0x00,
  0x60, 0x43, 0x00, 0x00, 0x05, 0x00, 0x00, 0x00, 0x68, 0x43, 0x00, 0x00,
  0x06, 0x00, 0x00, 0x00, 0x40, 0x44, 0x00, 0x00, 0x05, 0x00, 0x00, 0x00,
  0x44, 0x44, 0x00, 0x00, 0x06, 0x00, 0x00, 0x00, 0x5c, 0x44, 0x00, 0x00,
  0x05, 0x00, 0x00, 0x00, 0x64, 0x44, 0x00, 0x00, 0x06, 0x00, 0x00, 0x00,
  0xe0, 0x44, 0x00, 0x00, 0x05, 0x00, 0x00, 0x00, 0xe8, 0x44, 0x00, 0x00,
  0x06, 0x00, 0x00, 0x00, 0xf8, 0x44, 0x00, 0x00, 0x05, 0x00, 0x00, 0x00,
  0xfc, 0x44, 0x00, 0x00, 0x06, 0x00, 0x00, 0x00, 0x80, 0x47, 0x00, 0x00,
  0x05, 0x00, 0x00, 0x00, 0x84, 0x47, 0x00, 0x00, 0x06, 0x00, 0x00, 0x00,
  0x84, 0x48, 0x00, 0x00, 0x05, 0x00, 0x00, 0x00, 0x88, 0x48, 0x00, 0x00,
  0x06, 0x00, 0x00, 0x00, 0x28, 0x4b, 0x00, 0x00, 0x05, 0x00, 0x00, 0x00,
  0x2c, 0x4b, 0x00, 0x00, 0x06, 0x00, 0x00, 0x00, 0xe4, 0x4d, 0x00, 0x00,
  0x05, 0x00, 0x00, 0x00, 0xe8, 0x4d, 0x00, 0x00, 0x06, 0x00, 0x00, 0x00,
  0x2c, 0x4e, 0x00, 0x00, 0x05, 0x00, 0x00, 0x00, 0x30, 0x4e, 0x00, 0x00,
  0x06, 0x00, 0x00, 0x00, 0x3c, 0x4e, 0x00, 0x00, 0x05, 0x00, 0x00, 0x00,
  0x40, 0x4e, 0x00, 0x00, 0x06, 0x00, 0x00, 0x00, 0x4c, 0x4e, 0x00, 0x00,
  0x05, 0x00, 0x00, 0x00, 0x50, 0x4e, 0x00, 0x00, 0x06, 0x00, 0x00, 0x00,
  0xf4, 0x56, 0x00, 0x00, 0x05, 0x00, 0x00, 0x00, 0xf8, 0x56, 0x00, 0x00,
  0x06, 0x00, 0x00, 0x00, 0x10, 0x57, 0x00, 0x00, 0x05, 0x00, 0x00, 0x00,
  0x18, 0x57, 0x00, 0x00, 0x06, 0x00, 0x00, 0x00, 0x2c, 0x57, 0x00, 0x00,
  0x05, 0x00, 0x00, 0x00, 0x30, 0x57, 0x00, 0x00, 0x06, 0x00, 0x00, 0x00,
  0xc0, 0x58, 0x00, 0x00, 0x05, 0x00, 0x00, 0x00, 0xc8, 0x58, 0x00, 0x00,
  0x06, 0x00, 0x00, 0x00, 0x64, 0x59, 0x00, 0x00, 0x05, 0x00, 0x00, 0x00,
  0x68, 0x59, 0x00, 0x00, 0x06, 0x00, 0x00, 0x00, 0xe8, 0x59, 0x00, 0x00,
  0x05, 0x00, 0x00, 0x00, 0xec, 0x59, 0x00, 0x00, 0x06, 0x00, 0x00, 0x00,
  0x78, 0x5a, 0x00, 0x00, 0x05, 0x00, 0x00, 0x00, 0x7c, 0x5a, 0x00, 0x00,
  0x06, 0x00, 0x00, 0x00, 0x94, 0x5a, 0x00, 0x00, 0x05, 0x00, 0x00, 0x00,
  0x98, 0x5a, 0x00, 0x00, 0x06, 0x00, 0x00, 0x00, 0xdc, 0x5a, 0x00, 0x00,
  0x05, 0x00, 0x00, 0x00, 0xe0, 0x5a, 0x00, 0x00, 0x06, 0x00, 0x00, 0x00,
  0x38, 0x5b, 0x00, 0x00, 0x05, 0x00, 0x00, 0x00, 0x3c, 0x5b, 0x00, 0x00,
  0x06, 0x00, 0x00, 0x00, 0x54, 0x5b, 0x00, 0x00, 0x05, 0x00, 0x00, 0x00,
  0x58, 0x5b, 0x00, 0x00, 0x06, 0x00, 0x00, 0x00, 0x78, 0x5b, 0x00, 0x00,
  0x05, 0x00, 0x00, 0x00, 0x7c, 0x5b, 0x00, 0x00, 0x06, 0x00, 0x00, 0x00,
  0xbc, 0x5b, 0x00, 0x00, 0x05, 0x00, 0x00, 0x00, 0xc0, 0x5b, 0x00, 0x00,
  0x06, 0x00, 0x00, 0x00, 0xd8, 0x5b, 0x00, 0x00, 0x05, 0x00, 0x00, 0x00,
  0xdc, 0x5b, 0x00, 0x00, 0x06, 0x00, 0x00, 0x00, 0xf8, 0x5b, 0x00, 0x00,
  0x05, 0x00, 0x00, 0x00, 0xfc, 0x5b, 0x00, 0x00, 0x06, 0x00, 0x00, 0x00,
  0x68, 0x5c, 0x00, 0x00, 0x05, 0x00, 0x00, 0x00, 0x6c, 0x5c, 0x00, 0x00,
  0x06, 0x00, 0x00, 0x00, 0x2c, 0x5d, 0x00, 0x00, 0x05, 0x00, 0x00, 0x00,
  0x30, 0x5d, 0x00, 0x00, 0x06, 0x00, 0x00, 0x00, 0xcc, 0x5d, 0x00, 0x00,
  0x05, 0x00, 0x00, 0x00, 0xd0, 0x5d, 0x00, 0x00, 0x06, 0x00, 0x00, 0x00,
  0xe4, 0x5d, 0x00, 0x00, 0x05, 0x00, 0x00, 0x00, 0xe8, 0x5d, 0x00, 0x00,
  0x06, 0x00, 0x00, 0x00, 0x04, 0x5e, 0x00, 0x00, 0x05, 0x00, 0x00, 0x00,
  0x0c, 0x5e, 0x00, 0x00, 0x06, 0x00, 0x00, 0x00, 0x10, 0x5e, 0x00, 0x00,
  0x05, 0x00, 0x00, 0x00, 0x14, 0x5e, 0x00, 0x00, 0x06, 0x00, 0x00, 0x00,
  0x24, 0x5e, 0x00, 0x00, 0x05, 0x00, 0x00, 0x00, 0x2c, 0x5e, 0x00, 0x00,
  0x06, 0x00, 0x00, 0x00, 0x58, 0x5e, 0x00, 0x00, 0x05, 0x00, 0x00, 0x00,
  0x5c, 0x5e, 0x00, 0x00, 0x06, 0x00, 0x00, 0x00, 0x7c, 0x5e, 0x00, 0x00,
  0x05, 0x00, 0x00, 0x00, 0x80, 0x5e, 0x00, 0x00, 0x06, 0x00, 0x00, 0x00,
  0x84, 0x5e, 0x00, 0x00, 0x05, 0x00, 0x00, 0x00, 0x88, 0x5e, 0x00, 0x00,
  0x06, 0x00, 0x00, 0x00, 0x74, 0x61, 0x00, 0x00, 0x05, 0x00, 0x00, 0x00,
  0x78, 0x61, 0x00, 0x00, 0x06, 0x00, 0x00, 0x00, 0x98, 0x61, 0x00, 0x00,
  0x05, 0x00, 0x00, 0x00, 0x9c, 0x61, 0x00, 0x00, 0x06, 0x00, 0x00, 0x00,
  0xbc, 0x61, 0x00, 0x00, 0x05, 0x00, 0x00, 0x00, 0xc0, 0x61, 0x00, 0x00,
  0x06, 0x00, 0x00, 0x00, 0xe0, 0x61, 0x00, 0x00, 0x05, 0x00, 0x00, 0x00,
  0xe4, 0x61, 0x00, 0x00, 0x06, 0x00, 0x00, 0x00, 0x08, 0x62, 0x00, 0x00,
  0x05, 0x00, 0x00, 0x00, 0x0c, 0x62, 0x00, 0x00, 0x06, 0x00, 0x00, 0x00,
  0x2c, 0x62, 0x00, 0x00, 0x05, 0x00, 0x00, 0x00, 0x30, 0x62, 0x00, 0x00,
  0x06, 0x00, 0x00, 0x00, 0x38, 0x62, 0x00, 0x00, 0x05, 0x00, 0x00, 0x00,
  0x3c, 0x62, 0x00, 0x00, 0x06, 0x00, 0x00, 0x00, 0x80, 0x63, 0x00, 0x00,
  0x05, 0x00, 0x00, 0x00, 0x84, 0x63, 0x00, 0x00, 0x06, 0x00, 0x00, 0x00,
  0x18, 0x64, 0x00, 0x00, 0x05, 0x00, 0x00, 0x00, 0x1c, 0x64, 0x00, 0x00,
  0x06, 0x00, 0x00, 0x00, 0x00, 0x65, 0x00, 0x00, 0x05, 0x00, 0x00, 0x00,
  0x04, 0x65, 0x00, 0x00, 0x06, 0x00, 0x00, 0x00, 0x5c, 0x65, 0x00, 0x00,
  0x05, 0x00, 0x00, 0x00, 0x60, 0x65, 0x00, 0x00, 0x06, 0x00, 0x00, 0x00,
  0xc8, 0x65, 0x00, 0x00, 0x05, 0x00, 0x00, 0x00, 0xcc, 0x65, 0x00, 0x00,
  0x06, 0x00, 0x00, 0x00, 0x30, 0x67, 0x00, 0x00, 0x05, 0x00, 0x00, 0x00,
  0x34, 0x67, 0x00, 0x00, 0x06, 0x00, 0x00, 0x00, 0x74, 0x67, 0x00, 0x00,
  0x05, 0x00, 0x00, 0x00, 0x78, 0x67, 0x00, 0x00, 0x06, 0x00, 0x00, 0x00,
  0xb0, 0x68, 0x00, 0x00, 0x05, 0x00, 0x00, 0x00, 0xb4, 0x68, 0x00, 0x00,
  0x06, 0x00, 0x00, 0x00, 0x2c, 0x69, 0x00, 0x00, 0x05, 0x00, 0x00, 0x00,
  0x30, 0x69, 0x00, 0x00, 0x06, 0x00, 0x00, 0x00, 0x94, 0x69, 0x00, 0x00,
  0x05, 0x00, 0x00, 0x00, 0x98, 0x69, 0x00, 0x00, 0x06, 0x00, 0x00, 0x00,
  0x14, 0x6a, 0x00, 0x00, 0x05, 0x00, 0x00, 0x00, 0x18, 0x6a, 0x00, 0x00,
  0x06, 0x00, 0x00, 0x00, 0x18, 0x6d, 0x00, 0x00, 0x05, 0x00, 0x00, 0x00,
  0x20, 0x6d, 0x00, 0x00, 0x06, 0x00, 0x00, 0x00, 0xa4, 0x6d, 0x00, 0x00,
  0x05, 0x00, 0x00, 0x00, 0xac, 0x6d, 0x00, 0x00, 0x06, 0x00, 0x00, 0x00,
  0xf0, 0x6d, 0x00, 0x00, 0x05, 0x00, 0x00, 0x00, 0xf4, 0x6d, 0x00, 0x00,
  0x06, 0x00, 0x00, 0x00, 0xc0, 0x6e, 0x00, 0x00, 0x05, 0x00, 0x00, 0x00,
  0xc8, 0x6e, 0x00, 0x00, 0x06, 0x00, 0x00, 0x00, 0xf8, 0x6e, 0x00, 0x00,
  0x05, 0x00, 0x00, 0x00, 0xfc, 0x6e, 0x00, 0x00, 0x06, 0x00, 0x00, 0x00,
  0x18, 0x6f, 0x00, 0x00, 0x05, 0x00, 0x00, 0x00, 0x1c, 0x6f, 0x00, 0x00,
  0x06, 0x00, 0x00, 0x00, 0x44, 0x6f, 0x00, 0x00, 0x05, 0x00, 0x00, 0x00,
  0x48, 0x6f, 0x00, 0x00, 0x06, 0x00, 0x00, 0x00, 0x80, 0x6f, 0x00, 0x00,
  0x05, 0x00, 0x00, 0x00, 0x84, 0x6f, 0x00, 0x00, 0x06, 0x00, 0x00, 0x00,
  0x90, 0x6f, 0x00, 0x00, 0x05, 0x00, 0x00, 0x00, 0x94, 0x6f, 0x00, 0x00,
  0x06, 0x00, 0x00, 0x00, 0x10, 0x70, 0x00, 0x00, 0x05, 0x00, 0x00, 0x00,
  0x14, 0x70, 0x00, 0x00, 0x06, 0x00, 0x00, 0x00, 0xdc, 0x70, 0x00, 0x00,
  0x05, 0x00, 0x00, 0x00, 0xe0, 0x70, 0x00, 0x00, 0x06, 0x00, 0x00, 0x00,
  0x68, 0x71, 0x00, 0x00, 0x05, 0x00, 0x00, 0x00, 0x6c, 0x71, 0x00, 0x00,
  0x06, 0x00, 0x00, 0x00, 0x70, 0x71, 0x00, 0x00, 0x05, 0x00, 0x00, 0x00,
  0x74, 0x71, 0x00, 0x00, 0x06, 0x00, 0x00, 0x00, 0x04, 0x72, 0x00, 0x00,
  0x05, 0x00, 0x00, 0x00, 0x08, 0x72, 0x00, 0x00, 0x06, 0x00, 0x00, 0x00,
  0x24, 0x72, 0x00, 0x00, 0x05, 0x00, 0x00, 0x00, 0x28, 0x72, 0x00, 0x00,
  0x06, 0x00, 0x00, 0x00, 0x6c, 0x72, 0x00, 0x00, 0x05, 0x00, 0x00, 0x00,
  0x70, 0x72, 0x00, 0x00, 0x06, 0x00, 0x00, 0x00, 0xb8, 0x72, 0x00, 0x00,
  0x05, 0x00, 0x00, 0x00, 0xbc, 0x72, 0x00, 0x00, 0x06, 0x00, 0x00, 0x00,
  0x08, 0x73, 0x00, 0x00, 0x05, 0x00, 0x00, 0x00, 0x0c, 0x73, 0x00, 0x00,
  0x06, 0x00, 0x00, 0x00, 0x78, 0x73, 0x00, 0x00, 0x05, 0x00, 0x00, 0x00,
  0x7c, 0x73, 0x00, 0x00, 0x06, 0x00, 0x00, 0x00, 0x80, 0x73, 0x00, 0x00,
  0x05, 0x00, 0x00, 0x00, 0x84, 0x73, 0x00, 0x00, 0x06, 0x00, 0x00, 0x00,
  0x38, 0x74, 0x00, 0x00, 0x05, 0x00, 0x00, 0x00, 0x3c, 0x74, 0x00, 0x00,
  0x06, 0x00, 0x00, 0x00, 0xe0, 0x74, 0x00, 0x00, 0x05, 0x00, 0x00, 0x00,
  0xe4, 0x74, 0x00, 0x00, 0x06, 0x00, 0x00, 0x00, 0x34, 0x75, 0x00, 0x00,
  0x05, 0x00, 0x00, 0x00, 0x38, 0x75, 0x00, 0x00, 0x06, 0x00, 0x00, 0x00,
  0xa4, 0x75, 0x00, 0x00, 0x05, 0x00, 0x00, 0x00, 0xa8, 0x75, 0x00, 0x00,
  0x06, 0x00, 0x00, 0x00, 0xb8, 0x75, 0x00, 0x00, 0x05, 0x00, 0x00, 0x00,
  0xbc, 0x75, 0x00, 0x00, 0x06, 0x00, 0x00, 0x00, 0xc8, 0x75, 0x00, 0x00,
  0x05, 0x00, 0x00, 0x00, 0xcc, 0x75, 0x00, 0x00, 0x06, 0x00, 0x00, 0x00,
  0x20, 0x76, 0x00, 0x00, 0x05, 0x00, 0x00, 0x00, 0x24, 0x76, 0x00, 0x00,
  0x06, 0x00, 0x00, 0x00, 0x38, 0x76, 0x00, 0x00, 0x05, 0x00, 0x00, 0x00,
  0x3c, 0x76, 0x00, 0x00, 0x06, 0x00, 0x00, 0x00, 0x50, 0x76, 0x00, 0x00,
  0x05, 0x00, 0x00, 0x00, 0x54, 0x76, 0x00, 0x00, 0x06, 0x00, 0x00, 0x00,
  0x84, 0x76, 0x00, 0x00, 0x05, 0x00, 0x00, 0x00, 0x88, 0x76, 0x00, 0x00,
  0x06, 0x00, 0x00, 0x00, 0x8c, 0x76, 0x00, 0x00, 0x05, 0x00, 0x00, 0x00,
  0x90, 0x76, 0x00, 0x00, 0x06, 0x00, 0x00, 0x00, 0xdc, 0x76, 0x00, 0x00,
  0x05, 0x00, 0x00, 0x00, 0xe0, 0x76, 0x00, 0x00, 0x06, 0x00, 0x00, 0x00,
  0xe4, 0x76, 0x00, 0x00, 0x05, 0x00, 0x00, 0x00, 0xe8, 0x76, 0x00, 0x00,
  0x06, 0x00, 0x00, 0x00, 0xd0, 0x77, 0x00, 0x00, 0x05, 0x00, 0x00, 0x00,
  0xd8, 0x77, 0x00, 0x00, 0x06, 0x00, 0x00, 0x00, 0x08, 0x78, 0x00, 0x00,
  0x05, 0x00, 0x00, 0x00, 0x0c, 0x78, 0x00, 0x00, 0x06, 0x00, 0x00, 0x00,
  0x8c, 0x7b, 0x00, 0x00, 0x05, 0x00, 0x00, 0x00, 0x90, 0x7b, 0x00, 0x00,
  0x06, 0x00, 0x00, 0x00, 0x28, 0x7d, 0x00, 0x00, 0x05, 0x00, 0x00, 0x00,
  0x2c, 0x7d, 0x00, 0x00, 0x06, 0x00, 0x00, 0x00, 0xec, 0x7e, 0x00, 0x00,
  0x05, 0x00, 0x00, 0x00, 0xf0, 0x7e, 0x00, 0x00, 0x06, 0x00, 0x00, 0x00,
  0x28, 0x80, 0x00, 0x00, 0x05, 0x00, 0x00, 0x00, 0x2c, 0x80, 0x00, 0x00,
  0x06, 0x00, 0x00, 0x00, 0x7c, 0x81, 0x00, 0x00, 0x05, 0x00, 0x00, 0x00,
  0x80, 0x81, 0x00, 0x00, 0x06, 0x00, 0x00, 0x00, 0x6c, 0x84, 0x00, 0x00,
  0x05, 0x00, 0x00, 0x00, 0x74, 0x84, 0x00, 0x00, 0x06, 0x00, 0x00, 0x00,
  0x60, 0x85, 0x00, 0x00, 0x05, 0x00, 0x00, 0x00, 0x64, 0x85, 0x00, 0x00,
  0x06, 0x00, 0x00, 0x00, 0xc4, 0x86, 0x00, 0x00, 0x05, 0x00, 0x00, 0x00,
  0xc8, 0x86, 0x00, 0x00, 0x06, 0x00, 0x00, 0x00, 0x80, 0x89, 0x00, 0x00,
  0x02, 0x00, 0x00, 0x00, 0x84, 0x89, 0x00, 0x00, 0x02, 0x00, 0x00, 0x00,
  0x88, 0x89, 0x00, 0x00, 0x02, 0x00, 0x00, 0x00, 0x8c, 0x89, 0x00, 0x00,
  0x02, 0x00, 0x00, 0x00, 0x38, 0x93, 0x00, 0x00, 0x02, 0x00, 0x00, 0x00,
  0x44, 0x93, 0x00, 0x00, 0x02, 0x00, 0x00, 0x00, 0x48, 0x93, 0x00, 0x00,
  0x02, 0x00, 0x00, 0x00, 0x4c, 0x93, 0x00, 0x00, 0x02, 0x00, 0x00, 0x00,
  0x50, 0x93, 0x00, 0x00, 0x02, 0x00, 0x00, 0x00, 0x54, 0x93, 0x00, 0x00,
  0x02, 0x00, 0x00, 0x00, 0x58, 0x93, 0x00, 0x00, 0x02, 0x00, 0x00, 0x00,
  0x5c, 0x93, 0x00, 0x00, 0x02, 0x00, 0x00, 0x00, 0x60, 0x93, 0x00, 0x00,
  0x02, 0x00, 0x00, 0x00, 0x64, 0x93, 0x00, 0x00, 0x02, 0x00, 0x00, 0x00,
  0x68, 0x93, 0x00, 0x00, 0x02, 0x00, 0x00, 0x00, 0x6c, 0x93, 0x00, 0x00,
  0x02, 0x00, 0x00, 0x00, 0x70, 0x93, 0x00, 0x00, 0x02, 0x00, 0x00, 0x00,
  0x74, 0x93, 0x00, 0x00, 0x02, 0x00, 0x00, 0x00, 0x78, 0x93, 0x00, 0x00,
  0x02, 0x00, 0x00, 0x00, 0x7c, 0x93, 0x00, 0x00, 0x02, 0x00, 0x00, 0x00,
  0x80, 0x93, 0x00, 0x00, 0x02, 0x00, 0x00, 0x00, 0x84, 0x93, 0x00, 0x00,
  0x02, 0x00, 0x00, 0x00, 0x88, 0x93, 0x00, 0x00, 0x02, 0x00, 0x00, 0x00,
  0x8c, 0x93, 0x00, 0x00, 0x02, 0x00, 0x00, 0x00, 0x90, 0x93, 0x00, 0x00,
  0x02, 0x00, 0x00, 0x00, 0x94, 0x93, 0x00, 0x00, 0x02, 0x00, 0x00, 0x00,
  0x98, 0x93, 0x00, 0x00, 0x02, 0x00, 0x00, 0x00, 0x9c, 0x93, 0x00, 0x00,
  0x02, 0x00, 0x00, 0x00, 0xa0, 0x93, 0x00, 0x00, 0x02, 0x00, 0x00, 0x00,
  0xa4, 0x93, 0x00, 0x00, 0x02, 0x00, 0x00, 0x00, 0xa8, 0x93, 0x00, 0x00,
  0x02, 0x00, 0x00, 0x00, 0xac, 0x93, 0x00, 0x00, 0x02, 0x00, 0x00, 0x00,
  0xb0, 0x93, 0x00, 0x00, 0x02, 0x00, 0x00, 0x00, 0xb4, 0x93, 0x00, 0x00,
  0x02, 0x00, 0x00, 0x00, 0xb8, 0x93, 0x00, 0x00, 0x02, 0x00, 0x00, 0x00,
  0xd8, 0x93, 0x00, 0x00, 0x02, 0x00, 0x00, 0x00, 0xdc, 0x93, 0x00, 0x00,
  0x02, 0x00, 0x00, 0x00, 0xe0, 0x93, 0x00, 0x00, 0x02, 0x00, 0x00, 0x00,
  0xe4, 0x93, 0x00, 0x00, 0x02, 0x00, 0x00, 0x00, 0xe8, 0x93, 0x00, 0x00,
  0x02, 0x00, 0x00, 0x00, 0xec, 0x93, 0x00, 0x00, 0x02, 0x00, 0x00, 0x00,
  0x1c, 0x94, 0x00, 0x00, 0x02, 0x00, 0x00, 0x00, 0x44, 0x94, 0x00, 0x00,
  0x02, 0x00, 0x00, 0x00, 0x00, 0x00, 0x00, 0x00, 0x00, 0x00, 0x00, 0x00,
  0x00, 0x00, 0x00, 0x00, 0x00, 0x00, 0x00, 0x00, 0x00
};
unsigned int size_ps2fs_irx = 42477;
