unsigned char usbd_irx[] = {
  0x7f, 0x45, 0x4c, 0x46, 0x01, 0x01, 0x01, 0x00, 0x00, 0x00, 0x00, 0x00,
  0x00, 0x00, 0x00, 0x00, 0x80, 0xff, 0x08, 0x00, 0x01, 0x00, 0x00, 0x00,
  0x1c, 0x41, 0x00, 0x00, 0x34, 0x00, 0x00, 0x00, 0x40, 0x59, 0x00, 0x00,
  0x01, 0x10, 0x00, 0x00, 0x34, 0x00, 0x20, 0x00, 0x02, 0x00, 0x28, 0x00,
  0x0b, 0x00, 0x08, 0x00, 0x80, 0x00, 0x00, 0x70, 0x74, 0x00, 0x00, 0x00,
  0x00, 0x00, 0x00, 0x00, 0x00, 0x00, 0x00, 0x00, 0x1b, 0x00, 0x00, 0x00,
  0x00, 0x00, 0x00, 0x00, 0x04, 0x00, 0x00, 0x00, 0x04, 0x00, 0x00, 0x00,
  0x01, 0x00, 0x00, 0x00, 0x90, 0x00, 0x00, 0x00, 0x00, 0x00, 0x00, 0x00,
  0x00, 0x00, 0x00, 0x00, 0x60, 0x58, 0x00, 0x00, 0xa0, 0x58, 0x00, 0x00,
  0x07, 0x00, 0x00, 0x00, 0x10, 0x00, 0x00, 0x00, 0x58, 0x58, 0x00, 0x00,
  0x1c, 0x41, 0x00, 0x00, 0x50, 0xd8, 0x00, 0x00, 0x10, 0x56, 0x00, 0x00,
  0x50, 0x02, 0x00, 0x00, 0x40, 0x00, 0x00, 0x00, 0x04, 0x02, 0x00, 0x00,
  0x00, 0x00, 0xc0, 0x41, 0x00, 0x00, 0x00, 0x00, 0x02, 0x01, 0x00, 0x00,
  0x75, 0x73, 0x62, 0x64, 0x00, 0x00, 0x00, 0x00, 0x1c, 0x41, 0x00, 0x00,
  0x64, 0x00, 0x00, 0x00, 0x00, 0x41, 0x00, 0x00, 0x64, 0x00, 0x00, 0x00,
  0x28, 0x38, 0x00, 0x00, 0xf0, 0x38, 0x00, 0x00, 0xa8, 0x39, 0x00, 0x00,
  0xc8, 0x3a, 0x00, 0x00, 0x48, 0x3b, 0x00, 0x00, 0xb0, 0x3b, 0x00, 0x00,
  0xd0, 0x3c, 0x00, 0x00, 0x40, 0x3d, 0x00, 0x00, 0x40, 0x3c, 0x00, 0x00,
  0x40, 0x3a, 0x00, 0x00, 0x8c, 0x38, 0x00, 0x00, 0x50, 0x39, 0x00, 0x00,
  0xdc, 0x3d, 0x00, 0x00, 0x84, 0x3e, 0x00, 0x00, 0x94, 0x3d, 0x00, 0x00,
  0x00, 0x00, 0x00, 0x00, 0x08, 0x00, 0xe0, 0x03, 0x00, 0x00, 0x00, 0x00,
  0x00, 0x00, 0x00, 0x00, 0x0c, 0x00, 0x82, 0x8c, 0x00, 0x00, 0x00, 0x00,
  0x1c, 0x00, 0x43, 0x8c, 0x00, 0x00, 0x00, 0x00, 0x0f, 0x00, 0x60, 0x10,
  0xfd, 0xff, 0x63, 0x24, 0x03, 0x00, 0x63, 0x2c, 0x08, 0x00, 0x60, 0x10,
  0x00, 0x00, 0x00, 0x00, 0x24, 0x01, 0x83, 0x94, 0x00, 0x00, 0x00, 0x00,
  0x01, 0x00, 0x63, 0x30, 0x05, 0x00, 0x60, 0x10, 0x00, 0x00, 0x00, 0x00,
  0x04, 0x00, 0x03, 0x24, 0x1c, 0x00, 0x43, 0xac, 0x08, 0x00, 0xe0, 0x03,
  0x00, 0x00, 0x00, 0x00, 0xfc, 0xff, 0x00, 0x10, 0x05, 0x00, 0x03, 0x24,
  0xd0, 0x00, 0x83, 0x8c, 0xd4, 0x00, 0x84, 0x8c, 0x00, 0x00, 0x00, 0x00,
  0x07, 0x00, 0x80, 0x10, 0x00, 0x00, 0x00, 0x00, 0x03, 0x00, 0x60, 0x1c,
  0x00, 0x00, 0x00, 0x00, 0xf3, 0xff, 0x00, 0x10, 0x02, 0x00, 0x03, 0x24,
  0xf1, 0xff, 0x00, 0x10, 0x03, 0x00, 0x03, 0x24, 0xef, 0xff, 0x00, 0x10,
  0x2a, 0x18, 0x03, 0x00, 0xe8, 0xff, 0xbd, 0x27, 0x01, 0x00, 0x06, 0x24,
  0x14, 0x00, 0xbf, 0xaf, 0xdb, 0x12, 0x11, 0x04, 0x25, 0x28, 0x00, 0x00,
  0x25, 0x18, 0x40, 0x00, 0x09, 0x00, 0x60, 0x10, 0x25, 0x10, 0x00, 0x00,
  0x04, 0x00, 0x65, 0x90, 0x09, 0x00, 0x04, 0x24, 0x05, 0x00, 0xa4, 0x14,
  0x00, 0x00, 0x00, 0x00, 0x11, 0x00, 0x62, 0x90, 0x00, 0x00, 0x00, 0x00,
  0x01, 0x00, 0x42, 0x38, 0x01, 0x00, 0x42, 0x2c, 0x14, 0x00, 0xbf, 0x8f,
  0x00, 0x00, 0x00, 0x00, 0x08, 0x00, 0xe0, 0x03, 0x18, 0x00, 0xbd, 0x27,
  0x78, 0x00, 0x82, 0x8c, 0x00, 0x00, 0x00, 0x00, 0x11, 0x00, 0x40, 0x14,
  0x2c, 0x01, 0x86, 0x24, 0x18, 0x01, 0x87, 0x8c, 0xe0, 0xff, 0xbd, 0x27,
  0x00, 0x00, 0x02, 0x3c, 0xf8, 0x01, 0x42, 0x24, 0x07, 0x00, 0xe7, 0x24,
  0x10, 0x00, 0xa2, 0xaf, 0x74, 0x00, 0x85, 0x24, 0xc3, 0x38, 0x07, 0x00,
  0x14, 0x00, 0x84, 0x8c, 0x1c, 0x00, 0xbf, 0xaf, 0x22, 0x13, 0x11, 0x04,
  0xff, 0xff, 0xe7, 0x30, 0x1c, 0x00, 0xbf, 0x8f, 0x00, 0x00, 0x00, 0x00,
  0x08, 0x00, 0xe0, 0x03, 0x20, 0x00, 0xbd, 0x27, 0x08, 0x00, 0xe0, 0x03,
  0x00, 0x00, 0x00, 0x00, 0x1c, 0x00, 0x8b, 0x8c, 0x25, 0x10, 0xa0, 0x00,
  0x10, 0x00, 0xa3, 0x97, 0x14, 0x00, 0xa8, 0x97, 0x18, 0x00, 0xa9, 0x8f,
  0x1c, 0x00, 0xaa, 0x8f, 0x20, 0x00, 0xa5, 0x8f, 0x05, 0x00, 0x60, 0x11,
  0x00, 0x00, 0x00, 0x00, 0x00, 0x00, 0x04, 0x3c, 0x10, 0x56, 0x84, 0x24,
  0xcb, 0x14, 0x00, 0x10, 0x00, 0x00, 0x00, 0x00, 0x10, 0x00, 0xa7, 0xaf,
  0x20, 0x00, 0xaa, 0xaf, 0x1c, 0x00, 0xa9, 0xaf, 0x18, 0x00, 0xa8, 0xaf,
  0x14, 0x00, 0xa3, 0xaf, 0x18, 0x00, 0x85, 0x24, 0x10, 0x00, 0x84, 0x8c,
  0x25, 0x38, 0xc0, 0x00, 0x26, 0x13, 0x00, 0x10, 0x25, 0x30, 0x40, 0x00,
  0x28, 0x00, 0x82, 0x8c, 0x00, 0x00, 0x00, 0x00, 0x56, 0x00, 0x40, 0x14,
  0x00, 0x00, 0x00, 0x00, 0xd0, 0xff, 0xbd, 0x27, 0x34, 0x00, 0x84, 0x8c,
  0x2c, 0x00, 0xbf, 0xaf, 0x2c, 0x01, 0x82, 0x90, 0x00, 0x00, 0x00, 0x00,
  0x01, 0x00, 0x43, 0x30, 0x16, 0x00, 0x60, 0x10, 0xfe, 0x00, 0x42, 0x30,
  0x2c, 0x01, 0x82, 0xa0, 0x00, 0x00, 0x02, 0x3c, 0x34, 0x56, 0x42, 0x24,
  0x20, 0x00, 0xa2, 0xaf, 0x00, 0x00, 0x02, 0x3c, 0x64, 0x03, 0x42, 0x24,
  0x1c, 0x00, 0xa2, 0xaf, 0x24, 0x01, 0x82, 0x24, 0x18, 0x00, 0xa2, 0xaf,
  0x04, 0x00, 0x02, 0x24, 0x14, 0x00, 0xa2, 0xaf, 0x10, 0x00, 0xa0, 0xaf,
  0x25, 0x38, 0x00, 0x00, 0x25, 0x30, 0x00, 0x00, 0xa0, 0x00, 0x05, 0x24,
  0xcd, 0xff, 0x11, 0x04, 0x00, 0x00, 0x00, 0x00, 0x2c, 0x00, 0xbf, 0x8f,
  0x00, 0x00, 0x00, 0x00, 0x08, 0x00, 0xe0, 0x03, 0x30, 0x00, 0xbd, 0x27,
  0x20, 0x01, 0x82, 0x8c, 0x00, 0x00, 0x00, 0x00, 0x2c, 0x00, 0x40, 0x1c,
  0xc3, 0x18, 0x02, 0x00, 0x18, 0x01, 0x87, 0x8c, 0x00, 0x00, 0x00, 0x00,
  0x07, 0x00, 0xe0, 0x1c, 0x01, 0x00, 0x02, 0x24, 0x2c, 0x00, 0xbf, 0x8f,
  0xa8, 0xff, 0x00, 0x10, 0x30, 0x00, 0xbd, 0x27, 0x2a, 0x18, 0xe2, 0x00,
  0xfb, 0xff, 0x60, 0x14, 0x00, 0x00, 0x00, 0x00, 0xc3, 0x18, 0x02, 0x00,
  0x21, 0x28, 0x83, 0x00, 0x2c, 0x01, 0xa5, 0x90, 0x07, 0x00, 0x46, 0x30,
  0x07, 0x30, 0xc5, 0x00, 0x01, 0x00, 0xc6, 0x30, 0xf6, 0xff, 0xc0, 0x10,
  0x01, 0x00, 0x42, 0x24, 0xff, 0xff, 0x42, 0x24, 0x07, 0x00, 0x47, 0x30,
  0x01, 0x00, 0x06, 0x24, 0x04, 0x30, 0xe6, 0x00, 0x27, 0x30, 0x06, 0x00,
  0x24, 0x28, 0xa6, 0x00, 0x21, 0x18, 0x83, 0x00, 0x2c, 0x01, 0x65, 0xa0,
  0x00, 0x00, 0x03, 0x3c, 0x34, 0x56, 0x63, 0x24, 0x1c, 0x01, 0x82, 0xac,
  0x20, 0x00, 0xa3, 0xaf, 0x00, 0x00, 0x03, 0x3c, 0x30, 0x09, 0x63, 0x24,
  0x1c, 0x00, 0xa3, 0xaf, 0x28, 0x01, 0x83, 0x24, 0x18, 0x00, 0xa3, 0xaf,
  0xff, 0xff, 0x42, 0x30, 0x04, 0x00, 0x03, 0x24, 0x14, 0x00, 0xa3, 0xaf,
  0x10, 0x00, 0xa2, 0xaf, 0x25, 0x38, 0x00, 0x00, 0x25, 0x30, 0x00, 0x00,
  0xcc, 0xff, 0x00, 0x10, 0xa3, 0x00, 0x05, 0x24, 0x21, 0x28, 0x83, 0x00,
  0x2c, 0x01, 0xa5, 0x90, 0x07, 0x00, 0x46, 0x30, 0x07, 0x30, 0xc5, 0x00,
  0x01, 0x00, 0xc6, 0x30, 0xe3, 0xff, 0xc0, 0x14, 0x07, 0x00, 0x47, 0x30,
  0xd1, 0xff, 0x00, 0x10, 0x00, 0x00, 0x00, 0x00, 0x08, 0x00, 0xe0, 0x03,
  0x00, 0x00, 0x00, 0x00, 0x28, 0x00, 0x82, 0x8c, 0x00, 0x00, 0x00, 0x00,
  0x35, 0x00, 0x40, 0x14, 0x00, 0x00, 0x00, 0x00, 0x34, 0x00, 0x84, 0x8c,
  0xc8, 0xff, 0xbd, 0x27, 0x26, 0x01, 0x82, 0x94, 0x00, 0x00, 0x00, 0x00,
  0x01, 0x00, 0x43, 0x30, 0x15, 0x00, 0x60, 0x10, 0x34, 0x00, 0xbf, 0xaf,
  0xfe, 0xff, 0x42, 0x30, 0x26, 0x01, 0x82, 0xa4, 0x00, 0x00, 0x02, 0x3c,
  0x48, 0x56, 0x42, 0x24, 0x20, 0x00, 0xa2, 0xaf, 0x00, 0x00, 0x02, 0x3c,
  0x64, 0x03, 0x42, 0x24, 0x1c, 0x00, 0xa2, 0xaf, 0x18, 0x00, 0xa0, 0xaf,
  0x14, 0x00, 0xa0, 0xaf, 0x10, 0x00, 0xa0, 0xaf, 0x25, 0x38, 0x00, 0x00,
  0x01, 0x00, 0x06, 0x24, 0x20, 0x00, 0x05, 0x24, 0x74, 0xff, 0x11, 0x04,
  0x28, 0x00, 0xa4, 0xaf, 0x28, 0x00, 0xa4, 0x8f, 0x34, 0x00, 0xbf, 0x8f,
  0x25, 0xff, 0x00, 0x10, 0x38, 0x00, 0xbd, 0x27, 0x02, 0x00, 0x43, 0x30,
  0x13, 0x00, 0x60, 0x10, 0xfd, 0xff, 0x42, 0x30, 0x26, 0x01, 0x82, 0xa4,
  0x00, 0x00, 0x02, 0x3c, 0x48, 0x56, 0x42, 0x24, 0x20, 0x00, 0xa2, 0xaf,
  0x00, 0x00, 0x02, 0x3c, 0x64, 0x03, 0x42, 0x24, 0x1c, 0x00, 0xa2, 0xaf,
  0x18, 0x00, 0xa0, 0xaf, 0x14, 0x00, 0xa0, 0xaf, 0x10, 0x00, 0xa0, 0xaf,
  0x01, 0x00, 0x07, 0x24, 0x01, 0x00, 0x06, 0x24, 0x5f, 0xff, 0x11, 0x04,
  0x20, 0x00, 0x05, 0x24, 0x34, 0x00, 0xbf, 0x8f, 0x00, 0x00, 0x00, 0x00,
  0x08, 0x00, 0xe0, 0x03, 0x38, 0x00, 0xbd, 0x27, 0x34, 0x00, 0xbf, 0x8f,
  0x74, 0x00, 0x84, 0x24, 0x6e, 0xff, 0x00, 0x10, 0x38, 0x00, 0xbd, 0x27,
  0x08, 0x00, 0xe0, 0x03, 0x00, 0x00, 0x00, 0x00, 0x25, 0x18, 0x80, 0x00,
  0x34, 0x00, 0x84, 0x8c, 0x00, 0x00, 0x00, 0x00, 0x1c, 0x01, 0x82, 0x8c,
  0x00, 0x00, 0x00, 0x00, 0x05, 0x00, 0x40, 0x18, 0x00, 0x00, 0x00, 0x00,
  0x28, 0x00, 0x63, 0x8c, 0x00, 0x00, 0x00, 0x00, 0x21, 0x00, 0x60, 0x14,
  0x00, 0x00, 0x00, 0x00, 0x18, 0x01, 0x83, 0x8c, 0x01, 0x00, 0x42, 0x24,
  0x2a, 0x18, 0x62, 0x00, 0x07, 0x00, 0x60, 0x14, 0x1c, 0x01, 0x82, 0xac,
  0x00, 0x00, 0x03, 0x3c, 0xac, 0x57, 0x63, 0x8c, 0x00, 0x00, 0x00, 0x00,
  0x2a, 0x18, 0x62, 0x00, 0x03, 0x00, 0x60, 0x10, 0x08, 0x00, 0x07, 0x24,
  0x27, 0xff, 0x00, 0x10, 0x00, 0x00, 0x00, 0x00, 0xd0, 0xff, 0xbd, 0x27,
  0x00, 0x00, 0x03, 0x3c, 0x5c, 0x56, 0x63, 0x24, 0xff, 0xff, 0x42, 0x30,
  0x20, 0x00, 0xa3, 0xaf, 0x00, 0x00, 0x03, 0x3c, 0x4c, 0x04, 0x63, 0x24,
  0x1c, 0x00, 0xa3, 0xaf, 0x18, 0x00, 0xa0, 0xaf, 0x14, 0x00, 0xa0, 0xaf,
  0x10, 0x00, 0xa2, 0xaf, 0x03, 0x00, 0x06, 0x24, 0x2c, 0x00, 0xbf, 0xaf,
  0x2e, 0xff, 0x11, 0x04, 0x23, 0x00, 0x05, 0x24, 0x2c, 0x00, 0xbf, 0x8f,
  0x00, 0x00, 0x00, 0x00, 0x08, 0x00, 0xe0, 0x03, 0x30, 0x00, 0xbd, 0x27,
  0x08, 0x00, 0xe0, 0x03, 0x00, 0x00, 0x00, 0x00, 0xd8, 0xff, 0xbd, 0x27,
  0x1c, 0x00, 0xb1, 0xaf, 0x28, 0x00, 0x91, 0x8c, 0x24, 0x00, 0xbf, 0xaf,
  0x20, 0x00, 0xb2, 0xaf, 0x27, 0x00, 0x20, 0x16, 0x18, 0x00, 0xb0, 0xaf,
  0x34, 0x00, 0x90, 0x8c, 0x25, 0x90, 0x80, 0x00, 0xd2, 0xfe, 0x11, 0x04,
  0x25, 0x20, 0x00, 0x02, 0xda, 0x00, 0x02, 0x92, 0x20, 0x01, 0x00, 0xae,
  0x1c, 0x01, 0x00, 0xae, 0x18, 0x01, 0x02, 0xae, 0x18, 0x01, 0x02, 0x8e,
  0x00, 0x00, 0x00, 0x00, 0x2a, 0x18, 0x22, 0x02, 0x0f, 0x00, 0x60, 0x10,
  0x00, 0x00, 0x00, 0x00, 0x00, 0x00, 0x03, 0x3c, 0xac, 0x57, 0x63, 0x8c,
  0x00, 0x00, 0x00, 0x00, 0x2a, 0x18, 0x23, 0x02, 0x09, 0x00, 0x60, 0x10,
  0x01, 0x00, 0x25, 0x26, 0x10, 0x00, 0x02, 0x8e, 0x00, 0x00, 0x00, 0x00,
  0x18, 0x00, 0x44, 0x8c, 0x03, 0x02, 0x11, 0x04, 0x10, 0x00, 0xa5, 0xaf,
  0x0a, 0x00, 0x40, 0x14, 0x25, 0x10, 0x20, 0x02, 0x18, 0x01, 0x11, 0xae,
  0x0a, 0x00, 0x40, 0x18, 0x25, 0x20, 0x40, 0x02, 0x24, 0x00, 0xbf, 0x8f,
  0x1c, 0x00, 0xb1, 0x8f, 0x18, 0x00, 0xb0, 0x8f, 0x20, 0x00, 0xb2, 0x8f,
  0xaa, 0xff, 0x00, 0x10, 0x28, 0x00, 0xbd, 0x27, 0x10, 0x00, 0xb1, 0x8f,
  0xe3, 0xff, 0x00, 0x10, 0x00, 0x00, 0x00, 0x00, 0x24, 0x00, 0xbf, 0x8f,
  0x20, 0x00, 0xb2, 0x8f, 0x1c, 0x00, 0xb1, 0x8f, 0x18, 0x00, 0xb0, 0x8f,
  0x08, 0x00, 0xe0, 0x03, 0x28, 0x00, 0xbd, 0x27, 0xb8, 0xff, 0xbd, 0x27,
  0x34, 0x00, 0xb0, 0xaf, 0x44, 0x00, 0xbf, 0xaf, 0x40, 0x00, 0xb3, 0xaf,
  0x3c, 0x00, 0xb2, 0xaf, 0x38, 0x00, 0xb1, 0xaf, 0xb2, 0x01, 0x11, 0x04,
  0x25, 0x80, 0x80, 0x00, 0x45, 0x00, 0x40, 0x10, 0x02, 0x00, 0x06, 0x24,
  0x25, 0x28, 0x00, 0x00, 0x25, 0x20, 0x00, 0x02, 0x9c, 0x11, 0x11, 0x04,
  0x25, 0x90, 0x40, 0x00, 0x3f, 0x00, 0x40, 0x10, 0x25, 0x88, 0x40, 0x00,
  0x04, 0x00, 0x53, 0x90, 0x01, 0x00, 0x02, 0x24, 0x3b, 0x00, 0x62, 0x16,
  0x04, 0x00, 0x06, 0x24, 0x25, 0x28, 0x20, 0x02, 0x93, 0x11, 0x11, 0x04,
  0x25, 0x20, 0x00, 0x02, 0x36, 0x00, 0x40, 0x10, 0x00, 0x00, 0x00, 0x00,
  0x04, 0x00, 0x43, 0x90, 0x00, 0x00, 0x00, 0x00, 0x32, 0x00, 0x73, 0x14,
  0x25, 0x28, 0x40, 0x00, 0x05, 0x00, 0x06, 0x24, 0x8a, 0x11, 0x11, 0x04,
  0x25, 0x20, 0x00, 0x02, 0x2d, 0x00, 0x40, 0x10, 0x25, 0x28, 0x40, 0x00,
  0x02, 0x00, 0x42, 0x80, 0x00, 0x00, 0x00, 0x00, 0x29, 0x00, 0x41, 0x04,
  0x03, 0x00, 0x03, 0x24, 0x03, 0x00, 0xa2, 0x90, 0x00, 0x00, 0x00, 0x00,
  0x03, 0x00, 0x42, 0x30, 0x24, 0x00, 0x43, 0x14, 0x25, 0x20, 0x00, 0x02,
  0x29, 0x00, 0x06, 0x24, 0x7c, 0x11, 0x11, 0x04, 0x28, 0x00, 0xa5, 0xaf,
  0x00, 0x00, 0x10, 0x3c, 0x68, 0x58, 0x10, 0x8e, 0x00, 0x00, 0x00, 0x00,
  0x1c, 0x00, 0x00, 0x12, 0x25, 0x98, 0x40, 0x00, 0x00, 0x00, 0x02, 0x8e,
  0xd9, 0x00, 0x00, 0xa2, 0x00, 0x00, 0x01, 0x3c, 0x68, 0x58, 0x22, 0xac,
  0x00, 0x00, 0x02, 0x3c, 0x60, 0x58, 0x42, 0x8c, 0x28, 0x00, 0xa5, 0x8f,
  0x08, 0x00, 0x02, 0xae, 0x01, 0x00, 0x42, 0x24, 0x00, 0x00, 0x01, 0x3c,
  0x60, 0x58, 0x22, 0xac, 0x0c, 0x00, 0x42, 0x8e, 0x78, 0x00, 0x00, 0xae,
  0x1c, 0x00, 0x00, 0xae, 0x25, 0x30, 0x00, 0x00, 0x30, 0x00, 0x50, 0xae,
  0x25, 0x20, 0x40, 0x02, 0x0c, 0x00, 0x12, 0xae, 0xb1, 0x11, 0x11, 0x04,
  0x10, 0x00, 0x02, 0xae, 0x0e, 0x00, 0x40, 0x14, 0x14, 0x00, 0x02, 0xae,
  0x00, 0x00, 0x02, 0x3c, 0x68, 0x58, 0x42, 0x8c, 0x00, 0x00, 0x01, 0x3c,
  0x68, 0x58, 0x30, 0xac, 0x00, 0x00, 0x02, 0xae, 0xff, 0xff, 0x02, 0x24,
  0x44, 0x00, 0xbf, 0x8f, 0x40, 0x00, 0xb3, 0x8f, 0x3c, 0x00, 0xb2, 0x8f,
  0x38, 0x00, 0xb1, 0x8f, 0x34, 0x00, 0xb0, 0x8f, 0x08, 0x00, 0xe0, 0x03,
  0x48, 0x00, 0xbd, 0x27, 0xa8, 0x00, 0x10, 0xae, 0x4c, 0x00, 0x10, 0xae,
  0x08, 0x00, 0x22, 0x92, 0x25, 0x20, 0x00, 0x02, 0xd0, 0x00, 0x02, 0xae,
  0x07, 0x00, 0x22, 0x92, 0x00, 0x00, 0x00, 0x00, 0x82, 0x11, 0x02, 0x00,
  0x01, 0x00, 0x42, 0x30, 0x49, 0xfe, 0x11, 0x04, 0xd4, 0x00, 0x02, 0xae,
  0x0c, 0x00, 0x60, 0x12, 0x00, 0x00, 0x00, 0x00, 0x00, 0x00, 0x66, 0x92,
  0x00, 0x00, 0x00, 0x00, 0xff, 0x00, 0xc2, 0x30, 0x28, 0x00, 0x42, 0x2c,
  0x02, 0x00, 0x40, 0x14, 0x00, 0x00, 0x00, 0x00, 0x27, 0x00, 0x06, 0x24,
  0xff, 0x00, 0xc6, 0x30, 0xd8, 0x00, 0x05, 0x26, 0x9a, 0x13, 0x11, 0x04,
  0x25, 0x20, 0x60, 0x02, 0x00, 0x00, 0x02, 0x3c, 0x6c, 0x56, 0x42, 0x24,
  0x05, 0x00, 0x27, 0x92, 0x20, 0x00, 0xa2, 0xaf, 0x00, 0x00, 0x02, 0x3c,
  0x3c, 0x08, 0x42, 0x24, 0x1c, 0x00, 0xa2, 0xaf, 0x18, 0x00, 0xa0, 0xaf,
  0x14, 0x00, 0xa0, 0xaf, 0x10, 0x00, 0xa0, 0xaf, 0x09, 0x00, 0x06, 0x24,
  0x25, 0x28, 0x00, 0x00, 0x79, 0xfe, 0x11, 0x04, 0x25, 0x20, 0x00, 0x02,
  0xd2, 0xff, 0x00, 0x10, 0x25, 0x10, 0x00, 0x00, 0x28, 0x00, 0x82, 0x8c,
  0x00, 0x00, 0x00, 0x00, 0x04, 0x00, 0x40, 0x14, 0x00, 0x00, 0x00, 0x00,
  0x34, 0x00, 0x84, 0x8c, 0x5a, 0xfe, 0x00, 0x10, 0x00, 0x00, 0x00, 0x00,
  0x08, 0x00, 0xe0, 0x03, 0x00, 0x00, 0x00, 0x00, 0xd0, 0xff, 0xbd, 0x27,
  0x00, 0x00, 0x02, 0x3c, 0x78, 0x56, 0x42, 0x24, 0x20, 0x00, 0xa2, 0xaf,
  0x00, 0x00, 0x02, 0x3c, 0x00, 0x05, 0x42, 0x24, 0x1c, 0x00, 0xa2, 0xaf,
  0x24, 0x01, 0x82, 0x24, 0x18, 0x00, 0xa2, 0xaf, 0x04, 0x00, 0x02, 0x24,
  0x14, 0x00, 0xa2, 0xaf, 0x10, 0x00, 0xa0, 0xaf, 0x25, 0x38, 0x00, 0x00,
  0x25, 0x30, 0x00, 0x00, 0x2c, 0x00, 0xbf, 0xaf, 0x5d, 0xfe, 0x11, 0x04,
  0xa0, 0x00, 0x05, 0x24, 0x2c, 0x00, 0xbf, 0x8f, 0x00, 0x00, 0x00, 0x00,
  0x08, 0x00, 0xe0, 0x03, 0x30, 0x00, 0xbd, 0x27, 0x28, 0x00, 0x82, 0x8c,
  0x00, 0x00, 0x00, 0x00, 0x1d, 0x00, 0x40, 0x14, 0x29, 0x00, 0x02, 0x24,
  0x34, 0x00, 0x84, 0x8c, 0x00, 0x00, 0x00, 0x00, 0xd9, 0x00, 0x83, 0x90,
  0x00, 0x00, 0x00, 0x00, 0x03, 0x00, 0x62, 0x14, 0x00, 0x29, 0x07, 0x24,
  0xe0, 0xff, 0x00, 0x10, 0x00, 0x00, 0x00, 0x00, 0xd0, 0xff, 0xbd, 0x27,
  0x00, 0x00, 0x02, 0x3c, 0x88, 0x56, 0x42, 0x24, 0x20, 0x00, 0xa2, 0xaf,
  0x00, 0x00, 0x02, 0x3c, 0xc4, 0x08, 0x42, 0x24, 0x1c, 0x00, 0xa2, 0xaf,
  0xd8, 0x00, 0x82, 0x24, 0x18, 0x00, 0xa2, 0xaf, 0x27, 0x00, 0x02, 0x24,
  0x14, 0x00, 0xa2, 0xaf, 0x10, 0x00, 0xa0, 0xaf, 0x06, 0x00, 0x06, 0x24,
  0x2c, 0x00, 0xbf, 0xaf, 0x3d, 0xfe, 0x11, 0x04, 0xa0, 0x00, 0x05, 0x24,
  0x2c, 0x00, 0xbf, 0x8f, 0x00, 0x00, 0x00, 0x00, 0x08, 0x00, 0xe0, 0x03,
  0x30, 0x00, 0xbd, 0x27, 0x08, 0x00, 0xe0, 0x03, 0x00, 0x00, 0x00, 0x00,
  0x28, 0x00, 0x82, 0x8c, 0x00, 0x00, 0x00, 0x00, 0x04, 0x00, 0x40, 0x14,
  0x00, 0x00, 0x00, 0x00, 0x34, 0x00, 0x84, 0x8c, 0xc3, 0xff, 0x00, 0x10,
  0x00, 0x00, 0x00, 0x00, 0x08, 0x00, 0xe0, 0x03, 0x00, 0x00, 0x00, 0x00,
  0xe8, 0xff, 0xbd, 0x27, 0x14, 0x00, 0xbf, 0xaf, 0xef, 0x00, 0x11, 0x04,
  0x00, 0x00, 0x00, 0x00, 0x25, 0x18, 0x40, 0x00, 0x08, 0x00, 0x60, 0x10,
  0xff, 0xff, 0x02, 0x24, 0x30, 0x00, 0x62, 0x8c, 0x00, 0x00, 0x03, 0x3c,
  0x68, 0x58, 0x63, 0x8c, 0x00, 0x00, 0x01, 0x3c, 0x68, 0x58, 0x22, 0xac,
  0x00, 0x00, 0x43, 0xac, 0x25, 0x10, 0x00, 0x00, 0x14, 0x00, 0xbf, 0x8f,
  0x00, 0x00, 0x00, 0x00, 0x08, 0x00, 0xe0, 0x03, 0x18, 0x00, 0xbd, 0x27,
  0x28, 0x00, 0x82, 0x8c, 0x00, 0x00, 0x00, 0x00, 0x85, 0x00, 0x40, 0x14,
  0x00, 0x00, 0x00, 0x00, 0xc8, 0xff, 0xbd, 0x27, 0x30, 0x00, 0xb0, 0xaf,
  0x34, 0x00, 0x90, 0x8c, 0x01, 0x00, 0x04, 0x3c, 0x28, 0x01, 0x02, 0x8e,
  0x1c, 0x01, 0x03, 0x8e, 0x24, 0x20, 0x44, 0x00, 0x2e, 0x00, 0x80, 0x10,
  0x34, 0x00, 0xbf, 0xaf, 0x10, 0x00, 0x02, 0x8e, 0x00, 0x00, 0x00, 0x00,
  0x18, 0x00, 0x42, 0x8c, 0x00, 0x00, 0x00, 0x00, 0x20, 0x00, 0x44, 0x8c,
  0x00, 0x00, 0x00, 0x00, 0x6b, 0x00, 0x80, 0x10, 0x00, 0x00, 0x00, 0x00,
  0x21, 0x00, 0x60, 0x1c, 0x00, 0x00, 0x00, 0x00, 0x18, 0x00, 0x82, 0x90,
  0x00, 0x00, 0x00, 0x00, 0x03, 0x00, 0x42, 0x2c, 0x04, 0x00, 0x40, 0x14,
  0x10, 0x00, 0x07, 0x24, 0x31, 0x12, 0x11, 0x04, 0x00, 0x00, 0x00, 0x00,
  0x10, 0x00, 0x07, 0x24, 0x01, 0x00, 0x02, 0x24, 0x28, 0x01, 0x03, 0x8e,
  0x04, 0x10, 0xe2, 0x00, 0x27, 0x10, 0x02, 0x00, 0x24, 0x10, 0x62, 0x00,
  0x28, 0x01, 0x02, 0xae, 0x00, 0x00, 0x02, 0x3c, 0xa0, 0x56, 0x42, 0x24,
  0x20, 0x00, 0xa2, 0xaf, 0x00, 0x00, 0x02, 0x3c, 0x30, 0x09, 0x42, 0x24,
  0x1c, 0x00, 0xa2, 0xaf, 0x18, 0x00, 0xa0, 0xaf, 0x14, 0x00, 0xa0, 0xaf,
  0x1c, 0x01, 0x02, 0x96, 0x25, 0x20, 0x00, 0x02, 0x10, 0x00, 0xa2, 0xaf,
  0x01, 0x00, 0x06, 0x24, 0xe9, 0xfd, 0x11, 0x04, 0x23, 0x00, 0x05, 0x24,
  0x34, 0x00, 0xbf, 0x8f, 0x30, 0x00, 0xb0, 0x8f, 0x08, 0x00, 0xe0, 0x03,
  0x38, 0x00, 0xbd, 0x27, 0x04, 0x00, 0x84, 0x8c, 0xda, 0xff, 0x00, 0x10,
  0xff, 0xff, 0x63, 0x24, 0x02, 0x00, 0x04, 0x3c, 0x24, 0x20, 0x44, 0x00,
  0x29, 0x00, 0x80, 0x14, 0x04, 0x00, 0x04, 0x3c, 0x24, 0x20, 0x44, 0x00,
  0x28, 0x00, 0x80, 0x14, 0x08, 0x00, 0x04, 0x3c, 0x24, 0x20, 0x44, 0x00,
  0x27, 0x00, 0x80, 0x14, 0x10, 0x00, 0x04, 0x3c, 0x24, 0x20, 0x44, 0x00,
  0xd9, 0xff, 0x80, 0x14, 0x14, 0x00, 0x07, 0x24, 0x10, 0x00, 0x04, 0x8e,
  0x00, 0x00, 0x00, 0x00, 0x18, 0x00, 0x84, 0x8c, 0x00, 0x00, 0x00, 0x00,
  0x20, 0x00, 0x84, 0x8c, 0x00, 0x00, 0x00, 0x00, 0x31, 0x00, 0x80, 0x10,
  0x00, 0x00, 0x00, 0x00, 0x13, 0x00, 0x60, 0x1c, 0x00, 0x00, 0x00, 0x00,
  0x01, 0x00, 0x43, 0x30, 0x31, 0x00, 0x60, 0x10, 0x01, 0x00, 0x05, 0x24,
  0x18, 0x00, 0x83, 0x90, 0x00, 0x00, 0x00, 0x00, 0x15, 0x00, 0x65, 0x14,
  0x00, 0x00, 0x00, 0x00, 0x03, 0x00, 0x02, 0x24, 0x18, 0x00, 0x82, 0xa0,
  0x34, 0x00, 0xbf, 0x8f, 0x30, 0x00, 0xb0, 0x8f, 0x25, 0x30, 0x80, 0x00,
  0xf5, 0x01, 0x07, 0x24, 0x00, 0x00, 0x05, 0x3c, 0xc0, 0x22, 0xa5, 0x24,
  0x34, 0x00, 0x84, 0x24, 0xee, 0x01, 0x00, 0x10, 0x38, 0x00, 0xbd, 0x27,
  0x04, 0x00, 0x84, 0x8c, 0xe8, 0xff, 0x00, 0x10, 0xff, 0xff, 0x63, 0x24,
  0xb8, 0xff, 0x00, 0x10, 0x11, 0x00, 0x07, 0x24, 0xb6, 0xff, 0x00, 0x10,
  0x12, 0x00, 0x07, 0x24, 0xb4, 0xff, 0x00, 0x10, 0x13, 0x00, 0x07, 0x24,
  0x05, 0x00, 0x05, 0x24, 0x11, 0x00, 0x65, 0x14, 0x02, 0x00, 0x43, 0x30,
  0x0f, 0x00, 0x60, 0x10, 0x42, 0x12, 0x02, 0x00, 0x06, 0x00, 0x03, 0x24,
  0x01, 0x00, 0x42, 0x30, 0x18, 0x00, 0x83, 0xa0, 0x1a, 0x00, 0x82, 0xa0,
  0x25, 0x30, 0x00, 0x00, 0x25, 0x28, 0x00, 0x00, 0x1c, 0x03, 0x11, 0x04,
  0x28, 0x00, 0xa4, 0xaf, 0x04, 0x00, 0x40, 0x10, 0x00, 0x00, 0x00, 0x00,
  0x28, 0x00, 0xa4, 0x8f, 0xc3, 0x11, 0x11, 0x04, 0x00, 0x00, 0x00, 0x00,
  0x20, 0x01, 0x00, 0xae, 0x34, 0x00, 0xbf, 0x8f, 0x74, 0x00, 0x04, 0x26,
  0x30, 0x00, 0xb0, 0x8f, 0xaf, 0xfd, 0x00, 0x10, 0x38, 0x00, 0xbd, 0x27,
  0xc9, 0x11, 0x11, 0x04, 0x00, 0x00, 0x00, 0x00, 0xf8, 0xff, 0x00, 0x10,
  0x00, 0x00, 0x00, 0x00, 0x08, 0x00, 0xe0, 0x03, 0x00, 0x00, 0x00, 0x00,
  0x28, 0x00, 0x82, 0x8c, 0xd0, 0xff, 0xbd, 0x27, 0x30, 0x00, 0x43, 0x8c,
  0x2c, 0x00, 0x82, 0x8c, 0x00, 0x00, 0x04, 0x3c, 0xb4, 0x56, 0x84, 0x24,
  0x2c, 0x00, 0xbf, 0xaf, 0x20, 0x01, 0x62, 0xac, 0x20, 0x00, 0xa4, 0xaf,
  0xff, 0xff, 0x42, 0x30, 0x00, 0x00, 0x04, 0x3c, 0xc4, 0x07, 0x84, 0x24,
  0x1c, 0x00, 0xa4, 0xaf, 0x18, 0x00, 0xa0, 0xaf, 0x14, 0x00, 0xa0, 0xaf,
  0x10, 0x00, 0xa2, 0xaf, 0x04, 0x00, 0x07, 0x24, 0x03, 0x00, 0x06, 0x24,
  0x23, 0x00, 0x05, 0x24, 0x7d, 0xfd, 0x11, 0x04, 0x25, 0x20, 0x60, 0x00,
  0x2c, 0x00, 0xbf, 0x8f, 0x00, 0x00, 0x00, 0x00, 0x08, 0x00, 0xe0, 0x03,
  0x30, 0x00, 0xbd, 0x27, 0xe0, 0xff, 0xbd, 0x27, 0x14, 0x00, 0xb0, 0xaf,
  0x00, 0x00, 0x10, 0x3c, 0x90, 0x57, 0x10, 0x26, 0x18, 0x00, 0x02, 0x8e,
  0x4c, 0x01, 0x03, 0x24, 0x18, 0x00, 0x62, 0x00, 0x18, 0x00, 0xb1, 0xaf,
  0x1c, 0x00, 0xbf, 0xaf, 0x12, 0x88, 0x00, 0x00, 0xde, 0x09, 0x11, 0x04,
  0x25, 0x20, 0x20, 0x02, 0x25, 0x20, 0x40, 0x00, 0x00, 0x00, 0x01, 0x3c,
  0x68, 0x58, 0x22, 0xac, 0x15, 0x00, 0x80, 0x10, 0xff, 0xff, 0x02, 0x24,
  0x25, 0x30, 0x20, 0x02, 0x00, 0x00, 0x01, 0x3c, 0x64, 0x58, 0x24, 0xac,
  0x7a, 0x12, 0x11, 0x04, 0x25, 0x28, 0x00, 0x00, 0x20, 0x00, 0x06, 0x8e,
  0x18, 0x00, 0x05, 0x8e, 0x21, 0x30, 0xd1, 0x00, 0x4c, 0x01, 0x44, 0x24,
  0x20, 0x00, 0x06, 0xae, 0xff, 0xff, 0xa7, 0x24, 0x25, 0x10, 0x00, 0x00,
  0x2a, 0x18, 0x45, 0x00, 0x0b, 0x00, 0x60, 0x14, 0x00, 0x00, 0x00, 0x00,
  0x00, 0x00, 0x04, 0x3c, 0x60, 0x57, 0x84, 0x24, 0x1f, 0x0f, 0x11, 0x04,
  0x25, 0x28, 0x80, 0x03, 0x25, 0x10, 0x00, 0x00, 0x1c, 0x00, 0xbf, 0x8f,
  0x18, 0x00, 0xb1, 0x8f, 0x14, 0x00, 0xb0, 0x8f, 0x08, 0x00, 0xe0, 0x03,
  0x20, 0x00, 0xbd, 0x27, 0x2a, 0x18, 0x47, 0x00, 0x02, 0x00, 0x60, 0x14,
  0x25, 0x30, 0x80, 0x00, 0x25, 0x30, 0x00, 0x00, 0xb4, 0xfe, 0x86, 0xac,
  0x01, 0x00, 0x42, 0x24, 0xec, 0xff, 0x00, 0x10, 0x4c, 0x01, 0x84, 0x24,
  0xe8, 0xff, 0xbd, 0x27, 0x00, 0x00, 0x04, 0x3c, 0x60, 0x57, 0x84, 0x24,
  0x14, 0x00, 0xbf, 0xaf, 0x6e, 0x0f, 0x11, 0x04, 0x00, 0x00, 0x00, 0x00,
  0x14, 0x00, 0xbf, 0x8f, 0x00, 0x00, 0x04, 0x3c, 0x64, 0x58, 0x84, 0x8c,
  0xbf, 0x09, 0x00, 0x10, 0x18, 0x00, 0xbd, 0x27, 0x14, 0x00, 0x80, 0x18,
  0x25, 0x10, 0x00, 0x00, 0x00, 0x00, 0x03, 0x3c, 0x90, 0x57, 0x63, 0x8c,
  0x00, 0x00, 0x00, 0x00, 0x2a, 0x18, 0x83, 0x00, 0x0e, 0x00, 0x60, 0x10,
  0x00, 0x00, 0x00, 0x00, 0xc4, 0x00, 0x02, 0x24, 0x18, 0x00, 0x82, 0x00,
  0x00, 0x00, 0x02, 0x3c, 0x94, 0x58, 0x42, 0x8c, 0x00, 0x00, 0x00, 0x00,
  0x38, 0x00, 0x42, 0x8c, 0x12, 0x18, 0x00, 0x00, 0x21, 0x10, 0x43, 0x00,
  0x28, 0x00, 0x43, 0x8c, 0x00, 0x00, 0x00, 0x00, 0x02, 0x00, 0x60, 0x14,
  0x00, 0x00, 0x00, 0x00, 0x25, 0x10, 0x00, 0x00, 0x08, 0x00, 0xe0, 0x03,
  0x00, 0x00, 0x00, 0x00, 0x15, 0x00, 0x80, 0x04, 0x25, 0x10, 0x00, 0x00,
  0x00, 0x00, 0x03, 0x3c, 0x94, 0x57, 0x63, 0x8c, 0x00, 0x00, 0x00, 0x00,
  0x2a, 0x18, 0x83, 0x00, 0x0f, 0x00, 0x60, 0x10, 0x00, 0x00, 0x00, 0x00,
  0x80, 0x10, 0x04, 0x00, 0x21, 0x10, 0x44, 0x00, 0x00, 0x21, 0x02, 0x00,
  0x00, 0x00, 0x02, 0x3c, 0x94, 0x58, 0x42, 0x8c, 0x00, 0x00, 0x00, 0x00,
  0x44, 0x00, 0x42, 0x8c, 0x00, 0x00, 0x00, 0x00, 0x21, 0x10, 0x44, 0x00,
  0x18, 0x00, 0x43, 0x8c, 0x00, 0x00, 0x00, 0x00, 0x02, 0x00, 0x60, 0x14,
  0x00, 0x00, 0x00, 0x00, 0x25, 0x10, 0x00, 0x00, 0x08, 0x00, 0xe0, 0x03,
  0x00, 0x00, 0x00, 0x00, 0x00, 0x00, 0x02, 0x3c, 0x94, 0x58, 0x42, 0x8c,
  0x00, 0x00, 0x00, 0x00, 0x08, 0x01, 0x42, 0x8c, 0x08, 0x00, 0xe0, 0x03,
  0x00, 0x00, 0x00, 0x00, 0x00, 0x00, 0x06, 0x3c, 0x94, 0x58, 0xc6, 0x8c,
  0x00, 0x00, 0x00, 0x00, 0x3c, 0x00, 0xc2, 0x8c, 0x00, 0x00, 0x00, 0x00,
  0x1f, 0x00, 0x40, 0x10, 0x00, 0x00, 0x00, 0x00, 0x04, 0x00, 0x43, 0x8c,
  0x08, 0x00, 0x47, 0x8c, 0x1d, 0x00, 0x60, 0x10, 0x00, 0x00, 0x00, 0x00,
  0x08, 0x00, 0x67, 0xac, 0x08, 0x00, 0x47, 0x8c, 0x00, 0x00, 0x00, 0x00,
  0x1a, 0x00, 0xe0, 0x10, 0x00, 0x00, 0x00, 0x00, 0x04, 0x00, 0xe3, 0xac,
  0x01, 0x00, 0x03, 0x24, 0x10, 0x00, 0x40, 0xac, 0x0c, 0x00, 0x40, 0xac,
  0x14, 0x00, 0x40, 0xac, 0x18, 0x00, 0x43, 0xa0, 0x1b, 0x00, 0x40, 0xa0,
  0x1c, 0x00, 0x40, 0xac, 0x24, 0x00, 0x40, 0xac, 0x20, 0x00, 0x40, 0xac,
  0x28, 0x00, 0x44, 0xac, 0x2c, 0x00, 0x45, 0xac, 0x08, 0x00, 0x80, 0x10,
  0x30, 0x00, 0x40, 0xac, 0x24, 0x00, 0x83, 0x8c, 0x00, 0x00, 0x00, 0x00,
  0x0a, 0x00, 0x60, 0x10, 0x08, 0x00, 0x43, 0xac, 0x04, 0x00, 0x62, 0xac,
  0x04, 0x00, 0x40, 0xac, 0x24, 0x00, 0x82, 0xac, 0x08, 0x00, 0xe0, 0x03,
  0x00, 0x00, 0x00, 0x00, 0xe4, 0xff, 0x00, 0x10, 0x40, 0x00, 0xc7, 0xac,
  0xe7, 0xff, 0x00, 0x10, 0x3c, 0x00, 0xc3, 0xac, 0xf7, 0xff, 0x00, 0x10,
  0x20, 0x00, 0x82, 0xac, 0x1a, 0x00, 0x80, 0x10, 0x00, 0x00, 0x00, 0x00,
  0x00, 0x00, 0x03, 0x3c, 0x94, 0x58, 0x63, 0x8c, 0x00, 0x00, 0x00, 0x00,
  0x38, 0x00, 0x62, 0x8c, 0x00, 0x00, 0x00, 0x00, 0x2b, 0x28, 0x82, 0x00,
  0x12, 0x00, 0xa0, 0x14, 0xc4, 0x00, 0x06, 0x24, 0x00, 0x00, 0x05, 0x3c,
  0x90, 0x57, 0xa5, 0x8c, 0x00, 0x00, 0x00, 0x00, 0x18, 0x00, 0xc5, 0x00,
  0x12, 0x28, 0x00, 0x00, 0x21, 0x10, 0x45, 0x00, 0x2b, 0x10, 0x82, 0x00,
  0x09, 0x00, 0x40, 0x10, 0x00, 0x00, 0x00, 0x00, 0x40, 0x00, 0x62, 0x8c,
  0x00, 0x00, 0x00, 0x00, 0x07, 0x00, 0x40, 0x10, 0x08, 0x00, 0x82, 0xac,
  0x04, 0x00, 0x44, 0xac, 0x04, 0x00, 0x80, 0xac, 0x40, 0x00, 0x64, 0xac,
  0x28, 0x00, 0x80, 0xac, 0x08, 0x00, 0xe0, 0x03, 0x00, 0x00, 0x00, 0x00,
  0xfa, 0xff, 0x00, 0x10, 0x3c, 0x00, 0x64, 0xac, 0x00, 0x00, 0x04, 0x3c,
  0x94, 0x58, 0x84, 0x8c, 0x00, 0x00, 0x00, 0x00, 0x30, 0x00, 0x82, 0x8c,
  0x00, 0x00, 0x00, 0x00, 0x0f, 0x00, 0x40, 0x10, 0x00, 0x00, 0x00, 0x00,
  0x08, 0x00, 0x43, 0x8c, 0x0c, 0x00, 0x45, 0x8c, 0x08, 0x00, 0x60, 0x10,
  0x00, 0x00, 0x00, 0x00, 0x0c, 0x00, 0x65, 0xac, 0x0c, 0x00, 0x45, 0x8c,
  0x00, 0x00, 0x00, 0x00, 0x05, 0x00, 0xa0, 0x10, 0x00, 0x00, 0x00, 0x00,
  0x08, 0x00, 0xe0, 0x03, 0x08, 0x00, 0xa3, 0xac, 0xf9, 0xff, 0x00, 0x10,
  0x34, 0x00, 0x85, 0xac, 0x30, 0x00, 0x83, 0xac, 0x08, 0x00, 0xe0, 0x03,
  0x00, 0x00, 0x00, 0x00, 0x29, 0x00, 0x80, 0x10, 0x00, 0x00, 0x00, 0x00,
  0x00, 0x00, 0x03, 0x3c, 0x94, 0x58, 0x63, 0x8c, 0x00, 0x00, 0x00, 0x00,
  0x2c, 0x00, 0x62, 0x8c, 0x00, 0x00, 0x00, 0x00, 0x2b, 0x28, 0x82, 0x00,
  0x0a, 0x00, 0xa0, 0x14, 0x5c, 0x00, 0x06, 0x24, 0x00, 0x00, 0x05, 0x3c,
  0xa0, 0x57, 0xa5, 0x8c, 0x00, 0x00, 0x00, 0x00, 0x18, 0x00, 0xc5, 0x00,
  0x12, 0x28, 0x00, 0x00, 0x21, 0x10, 0x45, 0x00, 0x2b, 0x10, 0x82, 0x00,
  0x03, 0x00, 0x40, 0x14, 0x00, 0x00, 0x00, 0x00, 0x08, 0x00, 0xe0, 0x03,
  0x04, 0x00, 0x80, 0xac, 0x30, 0x00, 0x62, 0x8c, 0x00, 0x00, 0x00, 0x00,
  0x0c, 0x00, 0x40, 0x10, 0x00, 0x00, 0x00, 0x00, 0x03, 0x00, 0x44, 0x14,
  0x00, 0x00, 0x00, 0x00, 0x08, 0x00, 0xe0, 0x03, 0x00, 0x00, 0x00, 0x00,
  0x08, 0x00, 0x42, 0x8c, 0xf8, 0xff, 0x00, 0x10, 0x00, 0x00, 0x00, 0x00,
  0x08, 0x00, 0x44, 0xac, 0x08, 0x00, 0x80, 0xac, 0x08, 0x00, 0xe0, 0x03,
  0x34, 0x00, 0x64, 0xac, 0x34, 0x00, 0x62, 0x8c, 0x04, 0x00, 0x80, 0xac,
  0xf9, 0xff, 0x40, 0x14, 0x0c, 0x00, 0x82, 0xac, 0xf8, 0xff, 0x00, 0x10,
  0x30, 0x00, 0x64, 0xac, 0x08, 0x00, 0xe0, 0x03, 0x00, 0x00, 0x00, 0x00,
  0x00, 0x00, 0x06, 0x3c, 0x94, 0x58, 0xc6, 0x8c, 0x00, 0x00, 0x00, 0x00,
  0x48, 0x00, 0xc2, 0x8c, 0x00, 0x00, 0x00, 0x00, 0x18, 0x00, 0x40, 0x10,
  0x00, 0x00, 0x00, 0x00, 0x08, 0x00, 0x43, 0x8c, 0x0c, 0x00, 0x47, 0x8c,
  0x16, 0x00, 0x60, 0x10, 0x00, 0x00, 0x00, 0x00, 0x0c, 0x00, 0x67, 0xac,
  0x0c, 0x00, 0x47, 0x8c, 0x00, 0x00, 0x00, 0x00, 0x13, 0x00, 0xe0, 0x10,
  0x00, 0x00, 0x00, 0x00, 0x08, 0x00, 0xe3, 0xac, 0x10, 0x00, 0x83, 0x8c,
  0x18, 0x00, 0x44, 0xac, 0x20, 0x00, 0x40, 0xac, 0x1c, 0x00, 0x40, 0xac,
  0x14, 0x00, 0x40, 0xac, 0x10, 0x00, 0x40, 0xac, 0x04, 0x00, 0x40, 0xac,
  0x48, 0x00, 0x45, 0xac, 0x0a, 0x00, 0x60, 0x10, 0x0c, 0x00, 0x43, 0xac,
  0x08, 0x00, 0x62, 0xac, 0x08, 0x00, 0x40, 0xac, 0x10, 0x00, 0x82, 0xac,
  0x08, 0x00, 0xe0, 0x03, 0x00, 0x00, 0x00, 0x00, 0xeb, 0xff, 0x00, 0x10,
  0x4c, 0x00, 0xc7, 0xac, 0xee, 0xff, 0x00, 0x10, 0x48, 0x00, 0xc3, 0xac,
  0xf7, 0xff, 0x00, 0x10, 0x0c, 0x00, 0x82, 0xac, 0x34, 0x00, 0xa0, 0x10,
  0x00, 0x00, 0x00, 0x00, 0x00, 0x00, 0x02, 0x3c, 0x94, 0x58, 0x42, 0x8c,
  0x00, 0x00, 0x00, 0x00, 0x44, 0x00, 0x43, 0x8c, 0x00, 0x00, 0x00, 0x00,
  0x2b, 0x30, 0xa3, 0x00, 0x2c, 0x00, 0xc0, 0x14, 0x00, 0x00, 0x00, 0x00,
  0x00, 0x00, 0x07, 0x3c, 0x94, 0x57, 0xe7, 0x8c, 0x00, 0x00, 0x00, 0x00,
  0x80, 0x30, 0x07, 0x00, 0x21, 0x30, 0xc7, 0x00, 0x00, 0x31, 0x06, 0x00,
  0x21, 0x18, 0x66, 0x00, 0x2b, 0x18, 0xa3, 0x00, 0x22, 0x00, 0x60, 0x10,
  0x00, 0x00, 0x00, 0x00, 0x04, 0x00, 0xa3, 0x8c, 0x00, 0x00, 0x00, 0x00,
  0x0c, 0x00, 0x60, 0x10, 0x00, 0x00, 0x00, 0x00, 0x10, 0x00, 0xa3, 0x8c,
  0x14, 0x00, 0xa6, 0x8c, 0x1c, 0x00, 0x60, 0x10, 0x00, 0x00, 0x00, 0x00,
  0x14, 0x00, 0x66, 0xac, 0x14, 0x00, 0xa6, 0x8c, 0x00, 0x00, 0x00, 0x00,
  0x19, 0x00, 0xc0, 0x10, 0x00, 0x00, 0x00, 0x00, 0x10, 0x00, 0xc3, 0xac,
  0x04, 0x00, 0xa0, 0xac, 0x08, 0x00, 0xa3, 0x8c, 0x0c, 0x00, 0xa6, 0x8c,
  0x15, 0x00, 0x60, 0x10, 0x00, 0x00, 0x00, 0x00, 0x0c, 0x00, 0x66, 0xac,
  0x0c, 0x00, 0xa6, 0x8c, 0x00, 0x00, 0x00, 0x00, 0x12, 0x00, 0xc0, 0x10,
  0x00, 0x00, 0x00, 0x00, 0x08, 0x00, 0xc3, 0xac, 0x4c, 0x00, 0x43, 0x8c,
  0x00, 0x00, 0x00, 0x00, 0x0f, 0x00, 0x60, 0x10, 0x0c, 0x00, 0xa3, 0xac,
  0x08, 0x00, 0x65, 0xac, 0x08, 0x00, 0xa0, 0xac, 0x4c, 0x00, 0x45, 0xac,
  0x18, 0x00, 0xa0, 0xac, 0x08, 0x00, 0xe0, 0x03, 0x25, 0x10, 0x00, 0x00,
  0xe5, 0xff, 0x00, 0x10, 0x54, 0x00, 0x46, 0xac, 0xe8, 0xff, 0x00, 0x10,
  0x50, 0x00, 0x43, 0xac, 0xec, 0xff, 0x00, 0x10, 0x10, 0x00, 0x86, 0xac,
  0xef, 0xff, 0x00, 0x10, 0x0c, 0x00, 0x83, 0xac, 0xf2, 0xff, 0x00, 0x10,
  0x48, 0x00, 0x45, 0xac, 0x00, 0x00, 0x03, 0x3c, 0x94, 0x58, 0x63, 0x8c,
  0x00, 0x00, 0x00, 0x00, 0x0c, 0x00, 0x62, 0x8c, 0x00, 0x00, 0x00, 0x00,
  0x05, 0x00, 0x40, 0x10, 0x00, 0x00, 0x00, 0x00, 0x08, 0x00, 0x44, 0x8c,
  0x00, 0x00, 0x00, 0x00, 0x0c, 0x00, 0x64, 0xac, 0x08, 0x00, 0x40, 0xac,
  0x08, 0x00, 0xe0, 0x03, 0x00, 0x00, 0x00, 0x00, 0x12, 0x00, 0x80, 0x10,
  0x00, 0x00, 0x00, 0x00, 0x00, 0x00, 0x03, 0x3c, 0x94, 0x58, 0x63, 0x8c,
  0x00, 0x00, 0x00, 0x00, 0x0c, 0x00, 0x65, 0x8c, 0x00, 0x00, 0x00, 0x00,
  0x25, 0x10, 0xa0, 0x00, 0x08, 0x00, 0x40, 0x10, 0x00, 0x00, 0x00, 0x00,
  0x03, 0x00, 0x44, 0x14, 0x00, 0x00, 0x00, 0x00, 0x08, 0x00, 0xe0, 0x03,
  0x00, 0x00, 0x00, 0x00, 0x08, 0x00, 0x42, 0x8c, 0xf8, 0xff, 0x00, 0x10,
  0x00, 0x00, 0x00, 0x00, 0x08, 0x00, 0x85, 0xac, 0x0c, 0x00, 0x64, 0xac,
  0x08, 0x00, 0xe0, 0x03, 0x00, 0x00, 0x00, 0x00, 0x00, 0x00, 0x03, 0x3c,
  0x94, 0x58, 0x63, 0x8c, 0x00, 0x00, 0x00, 0x00, 0x18, 0x00, 0x62, 0x8c,
  0x00, 0x00, 0x00, 0x00, 0x05, 0x00, 0x40, 0x10, 0x00, 0x00, 0x00, 0x00,
  0x08, 0x00, 0x44, 0x8c, 0x00, 0x00, 0x00, 0x00, 0x18, 0x00, 0x64, 0xac,
  0x08, 0x00, 0x40, 0xac, 0x08, 0x00, 0xe0, 0x03, 0x00, 0x00, 0x00, 0x00,
  0x12, 0x00, 0x80, 0x10, 0x00, 0x00, 0x00, 0x00, 0x00, 0x00, 0x03, 0x3c,
  0x94, 0x58, 0x63, 0x8c, 0x00, 0x00, 0x00, 0x00, 0x18, 0x00, 0x65, 0x8c,
  0x00, 0x00, 0x00, 0x00, 0x25, 0x10, 0xa0, 0x00, 0x08, 0x00, 0x40, 0x10,
  0x00, 0x00, 0x00, 0x00, 0x03, 0x00, 0x44, 0x14, 0x00, 0x00, 0x00, 0x00,
  0x08, 0x00, 0xe0, 0x03, 0x00, 0x00, 0x00, 0x00, 0x08, 0x00, 0x42, 0x8c,
  0xf8, 0xff, 0x00, 0x10, 0x00, 0x00, 0x00, 0x00, 0x08, 0x00, 0x85, 0xac,
  0x18, 0x00, 0x64, 0xac, 0x08, 0x00, 0xe0, 0x03, 0x00, 0x00, 0x00, 0x00,
  0x00, 0x00, 0x00, 0x00, 0x00, 0x00, 0x83, 0x8c, 0x00, 0x00, 0x00, 0x00,
  0x1f, 0x00, 0x60, 0x14, 0xff, 0xff, 0x02, 0x24, 0x01, 0x00, 0x02, 0x24,
  0x02, 0x00, 0xe0, 0x18, 0x00, 0x00, 0x82, 0xac, 0xff, 0xff, 0xe7, 0x24,
  0x00, 0x00, 0x03, 0x3c, 0x94, 0x58, 0x63, 0x8c, 0x0c, 0x00, 0x85, 0xac,
  0x00, 0x01, 0x62, 0x8c, 0x10, 0x00, 0x86, 0xac, 0x1b, 0x00, 0x40, 0x10,
  0x00, 0x00, 0x00, 0x00, 0x14, 0x00, 0x45, 0x8c, 0x00, 0x00, 0x00, 0x00,
  0x2a, 0x30, 0xe5, 0x00, 0x11, 0x00, 0xc0, 0x10, 0x00, 0x00, 0x00, 0x00,
  0x08, 0x00, 0x46, 0x8c, 0x00, 0x00, 0x00, 0x00, 0x10, 0x00, 0xc0, 0x10,
  0x08, 0x00, 0x86, 0xac, 0x04, 0x00, 0xc4, 0xac, 0x23, 0x28, 0xa7, 0x00,
  0x04, 0x00, 0x82, 0xac, 0x08, 0x00, 0x44, 0xac, 0x14, 0x00, 0x45, 0xac,
  0x00, 0x00, 0x62, 0x8c, 0x04, 0x00, 0x03, 0x24, 0x14, 0x00, 0x87, 0xac,
  0x10, 0x00, 0x43, 0xac, 0x25, 0x10, 0x00, 0x00, 0x08, 0x00, 0xe0, 0x03,
  0x00, 0x00, 0x00, 0x00, 0x04, 0x00, 0x42, 0x8c, 0xe7, 0xff, 0x00, 0x10,
  0x23, 0x38, 0xe5, 0x00, 0xf1, 0xff, 0x00, 0x10, 0x00, 0x01, 0x64, 0xac,
  0x04, 0x01, 0x62, 0x8c, 0x00, 0x00, 0x00, 0x00, 0x05, 0x00, 0x40, 0x10,
  0x08, 0x00, 0x82, 0xac, 0x04, 0x00, 0x44, 0xac, 0x04, 0x01, 0x64, 0xac,
  0xed, 0xff, 0x00, 0x10, 0x04, 0x00, 0x80, 0xac, 0xfc, 0xff, 0x00, 0x10,
  0x00, 0x01, 0x64, 0xac, 0x00, 0x00, 0x83, 0x8c, 0x00, 0x00, 0x00, 0x00,
  0x0f, 0x00, 0x60, 0x10, 0xff, 0xff, 0x02, 0x24, 0x04, 0x00, 0x82, 0x8c,
  0x08, 0x00, 0x83, 0x8c, 0x0d, 0x00, 0x40, 0x10, 0x00, 0x00, 0x00, 0x00,
  0x08, 0x00, 0x43, 0xac, 0x08, 0x00, 0x83, 0x8c, 0x00, 0x00, 0x00, 0x00,
  0x0c, 0x00, 0x60, 0x10, 0x00, 0x00, 0x00, 0x00, 0x04, 0x00, 0x62, 0xac,
  0x00, 0x00, 0x80, 0xac, 0x08, 0x00, 0x80, 0xac, 0x04, 0x00, 0x80, 0xac,
  0x25, 0x10, 0x00, 0x00, 0x08, 0x00, 0xe0, 0x03, 0x00, 0x00, 0x00, 0x00,
  0x00, 0x00, 0x05, 0x3c, 0x94, 0x58, 0xa5, 0x8c, 0xf2, 0xff, 0x00, 0x10,
  0x04, 0x01, 0xa3, 0xac, 0x00, 0x00, 0x03, 0x3c, 0x94, 0x58, 0x63, 0x8c,
  0xf3, 0xff, 0x00, 0x10, 0x00, 0x01, 0x62, 0xac, 0x00, 0x00, 0x03, 0x3c,
  0x94, 0x58, 0x63, 0x8c, 0x00, 0x00, 0x00, 0x00, 0x00, 0x01, 0x64, 0x8c,
  0x00, 0x00, 0x00, 0x00, 0x33, 0x00, 0x80, 0x10, 0x00, 0x00, 0x00, 0x00,
  0x14, 0x00, 0x82, 0x8c, 0x00, 0x00, 0x00, 0x00, 0x05, 0x00, 0x40, 0x10,
  0xff, 0xff, 0x42, 0x24, 0x14, 0x00, 0x82, 0xac, 0x00, 0x00, 0x03, 0x3c,
  0x94, 0x58, 0x63, 0x8c, 0x00, 0x00, 0x00, 0x00, 0x00, 0x01, 0x62, 0x8c,
  0x00, 0x00, 0x00, 0x00, 0x27, 0x00, 0x40, 0x10, 0x00, 0x00, 0x00, 0x00,
  0x14, 0x00, 0x44, 0x8c, 0x00, 0x00, 0x00, 0x00, 0x27, 0x00, 0x80, 0x1c,
  0x00, 0x00, 0x00, 0x00, 0xe8, 0xff, 0xbd, 0x27, 0x13, 0x00, 0x00, 0x10,
  0x14, 0x00, 0xbf, 0xaf, 0x04, 0x01, 0x60, 0xac, 0x0c, 0x00, 0x43, 0x8c,
  0x10, 0x00, 0x44, 0x8c, 0x08, 0x00, 0x40, 0xac, 0x04, 0x00, 0x40, 0xac,
  0x09, 0xf8, 0x60, 0x00, 0x00, 0x00, 0x40, 0xac, 0x00, 0x00, 0x03, 0x3c,
  0x94, 0x58, 0x63, 0x8c, 0x00, 0x00, 0x00, 0x00, 0x00, 0x01, 0x62, 0x8c,
  0x00, 0x00, 0x00, 0x00, 0x0b, 0x00, 0x40, 0x10, 0x00, 0x00, 0x00, 0x00,
  0x14, 0x00, 0x44, 0x8c, 0x00, 0x00, 0x00, 0x00, 0x0a, 0x00, 0x80, 0x1c,
  0x00, 0x00, 0x00, 0x00, 0x04, 0x00, 0x44, 0x8c, 0x00, 0x00, 0x00, 0x00,
  0xeb, 0xff, 0x80, 0x10, 0x00, 0x01, 0x64, 0xac, 0xea, 0xff, 0x00, 0x10,
  0x08, 0x00, 0x80, 0xac, 0x00, 0x00, 0x62, 0x8c, 0x04, 0x00, 0x03, 0x24,
  0x14, 0x00, 0x43, 0xac, 0x14, 0x00, 0xbf, 0x8f, 0x00, 0x00, 0x00, 0x00,
  0x08, 0x00, 0xe0, 0x03, 0x18, 0x00, 0xbd, 0x27, 0x00, 0x00, 0x62, 0x8c,
  0x04, 0x00, 0x03, 0x24, 0x08, 0x00, 0xe0, 0x03, 0x14, 0x00, 0x43, 0xac,
  0x08, 0x00, 0xe0, 0x03, 0x00, 0x00, 0x00, 0x00, 0x00, 0x00, 0x00, 0x00,
  0x00, 0x00, 0x00, 0x00, 0x28, 0x00, 0x83, 0x8c, 0xd8, 0xff, 0xbd, 0x27,
  0x41, 0x00, 0x02, 0x24, 0x1c, 0x00, 0xb3, 0xaf, 0x18, 0x00, 0xb2, 0xaf,
  0x14, 0x00, 0xb1, 0xaf, 0x10, 0x00, 0xb0, 0xaf, 0x24, 0x00, 0x92, 0x8c,
  0x24, 0x00, 0xbf, 0xaf, 0x20, 0x00, 0xb4, 0xaf, 0x25, 0x80, 0x80, 0x00,
  0x00, 0x00, 0x13, 0x3c, 0x90, 0x57, 0x73, 0x26, 0x26, 0x00, 0x62, 0x10,
  0x25, 0x88, 0x00, 0x00, 0x08, 0x00, 0x62, 0x8e, 0x00, 0x00, 0x00, 0x00,
  0x2a, 0x10, 0x22, 0x02, 0x5e, 0x00, 0x40, 0x14, 0x80, 0xa0, 0x11, 0x00,
  0x04, 0x00, 0x44, 0x8e, 0x22, 0xff, 0x11, 0x04, 0x00, 0x00, 0x00, 0x00,
  0x25, 0x00, 0x00, 0x10, 0x04, 0x00, 0x40, 0xae, 0x00, 0x00, 0x02, 0x3c,
  0x94, 0x58, 0x42, 0x8c, 0x00, 0x00, 0x00, 0x00, 0x28, 0x00, 0x42, 0x8c,
  0x00, 0x00, 0x00, 0x00, 0x21, 0x10, 0x54, 0x00, 0x00, 0x00, 0x44, 0x8c,
  0x00, 0x00, 0x00, 0x00, 0x11, 0x00, 0x80, 0x10, 0x00, 0x00, 0x00, 0x00,
  0x10, 0x00, 0x82, 0x8c, 0x00, 0x00, 0x00, 0x00, 0x0d, 0x00, 0x50, 0x14,
  0x00, 0x00, 0x00, 0x00, 0x70, 0xfe, 0x11, 0x04, 0x00, 0x00, 0x00, 0x00,
  0x00, 0x00, 0x03, 0x3c, 0x94, 0x58, 0x63, 0x8c, 0x40, 0x21, 0x11, 0x00,
  0x28, 0x00, 0x62, 0x8c, 0x00, 0x00, 0x00, 0x00, 0x21, 0x10, 0x54, 0x00,
  0x00, 0x00, 0x40, 0xac, 0x1c, 0x00, 0x62, 0x8c, 0x28, 0xff, 0x11, 0x04,
  0x21, 0x20, 0x44, 0x00, 0x01, 0x00, 0x31, 0x26, 0x0c, 0x00, 0x62, 0x8e,
  0x00, 0x00, 0x00, 0x00, 0x2a, 0x10, 0x22, 0x02, 0xe1, 0xff, 0x40, 0x14,
  0x80, 0xa0, 0x11, 0x00, 0x04, 0x00, 0x44, 0x8e, 0x1f, 0xff, 0x11, 0x04,
  0x00, 0x00, 0x00, 0x00, 0x04, 0x00, 0x40, 0xae, 0x08, 0x00, 0x40, 0xae,
  0x1c, 0x00, 0x04, 0x8e, 0x00, 0x00, 0x00, 0x00, 0x4c, 0x00, 0x80, 0x14,
  0x00, 0x00, 0x00, 0x00, 0x4c, 0x00, 0x02, 0x92, 0x18, 0x00, 0x04, 0x8e,
  0x00, 0x00, 0x03, 0x3c, 0x94, 0x58, 0x63, 0x8c, 0x16, 0x00, 0x42, 0x24,
  0x1a, 0x00, 0x84, 0x90, 0x80, 0x10, 0x02, 0x00, 0x21, 0x10, 0x62, 0x00,
  0x02, 0x00, 0x80, 0x10, 0x01, 0x00, 0x06, 0x24, 0x08, 0x00, 0x06, 0x24,
  0x25, 0x28, 0x00, 0x00, 0x4d, 0x00, 0x04, 0x92, 0x00, 0x00, 0x00, 0x00,
  0x2a, 0x20, 0xa4, 0x00, 0x4d, 0x00, 0x80, 0x14, 0x00, 0x00, 0x00, 0x00,
  0x04, 0x00, 0x02, 0x8e, 0x00, 0x00, 0x00, 0x00, 0x0c, 0x00, 0x40, 0x10,
  0x00, 0x00, 0x00, 0x00, 0x10, 0x00, 0x02, 0x8e, 0x14, 0x00, 0x04, 0x8e,
  0x54, 0x00, 0x40, 0x10, 0x00, 0x00, 0x00, 0x00, 0x14, 0x00, 0x44, 0xac,
  0x14, 0x00, 0x04, 0x8e, 0x00, 0x00, 0x00, 0x00, 0x51, 0x00, 0x80, 0x10,
  0x00, 0x00, 0x00, 0x00, 0x10, 0x00, 0x82, 0xac, 0x04, 0x00, 0x00, 0xae,
  0x4c, 0x00, 0x62, 0x8c, 0x00, 0x00, 0x00, 0x00, 0x4d, 0x00, 0x40, 0x10,
  0x0c, 0x00, 0x02, 0xae, 0x08, 0x00, 0x50, 0xac, 0x24, 0x00, 0xbf, 0x8f,
  0x08, 0x00, 0x00, 0xae, 0x20, 0x00, 0xb4, 0x8f, 0x1c, 0x00, 0xb3, 0x8f,
  0x18, 0x00, 0xb2, 0x8f, 0x14, 0x00, 0xb1, 0x8f, 0x4c, 0x00, 0x70, 0xac,
  0x10, 0x00, 0xb0, 0x8f, 0x08, 0x00, 0xe0, 0x03, 0x28, 0x00, 0xbd, 0x27,
  0x00, 0x00, 0x02, 0x3c, 0x94, 0x58, 0x42, 0x8c, 0x00, 0x00, 0x00, 0x00,
  0x24, 0x00, 0x42, 0x8c, 0x00, 0x00, 0x00, 0x00, 0x21, 0x10, 0x54, 0x00,
  0x00, 0x00, 0x44, 0x8c, 0x00, 0x00, 0x00, 0x00, 0x11, 0x00, 0x80, 0x10,
  0x00, 0x00, 0x00, 0x00, 0x10, 0x00, 0x82, 0x8c, 0x00, 0x00, 0x00, 0x00,
  0x0d, 0x00, 0x50, 0x14, 0x00, 0x00, 0x00, 0x00, 0x18, 0xfe, 0x11, 0x04,
  0x00, 0x00, 0x00, 0x00, 0x00, 0x00, 0x03, 0x3c, 0x94, 0x58, 0x63, 0x8c,
  0x00, 0x21, 0x11, 0x00, 0x24, 0x00, 0x62, 0x8c, 0x00, 0x00, 0x00, 0x00,
  0x21, 0x10, 0x54, 0x00, 0x00, 0x00, 0x40, 0xac, 0x10, 0x00, 0x62, 0x8c,
  0xae, 0xfe, 0x11, 0x04, 0x21, 0x20, 0x44, 0x00, 0x83, 0xff, 0x00, 0x10,
  0x01, 0x00, 0x31, 0x26, 0x08, 0x00, 0x82, 0x8c, 0x0c, 0x00, 0x83, 0x8c,
  0x0b, 0x00, 0x40, 0x10, 0x00, 0x00, 0x00, 0x00, 0x0c, 0x00, 0x43, 0xac,
  0x0c, 0x00, 0x83, 0x8c, 0x00, 0x00, 0x00, 0x00, 0x08, 0x00, 0x60, 0x10,
  0x00, 0x00, 0x00, 0x00, 0x08, 0x00, 0x62, 0xac, 0x00, 0xfe, 0x11, 0x04,
  0x00, 0x00, 0x00, 0x00, 0xa4, 0xff, 0x00, 0x10, 0x00, 0x00, 0x00, 0x00,
  0xf6, 0xff, 0x00, 0x10, 0x20, 0x00, 0x03, 0xae, 0xf9, 0xff, 0x00, 0x10,
  0x1c, 0x00, 0x02, 0xae, 0x4f, 0x00, 0x04, 0x92, 0x00, 0x00, 0x00, 0x00,
  0x18, 0x00, 0x86, 0x00, 0x00, 0x00, 0x44, 0x8c, 0x12, 0x38, 0x00, 0x00,
  0x23, 0x20, 0x87, 0x00, 0x02, 0x00, 0x81, 0x04, 0x00, 0x00, 0x00, 0x00,
  0x25, 0x20, 0x00, 0x00, 0x00, 0x00, 0x44, 0xac, 0x4e, 0x00, 0x04, 0x92,
  0x01, 0x00, 0xa5, 0x24, 0x80, 0x20, 0x04, 0x00, 0xa1, 0xff, 0x00, 0x10,
  0x21, 0x10, 0x44, 0x00, 0xad, 0xff, 0x00, 0x10, 0x54, 0x00, 0x64, 0xac,
  0xb0, 0xff, 0x00, 0x10, 0x50, 0x00, 0x62, 0xac, 0xb4, 0xff, 0x00, 0x10,
  0x48, 0x00, 0x70, 0xac, 0xd8, 0xff, 0xbd, 0x27, 0x20, 0x00, 0xb4, 0xaf,
  0x25, 0xa0, 0xa0, 0x00, 0x25, 0x28, 0xc0, 0x00, 0x1c, 0x00, 0xb3, 0xaf,
  0x24, 0x00, 0xbf, 0xaf, 0x18, 0x00, 0xb2, 0xaf, 0x14, 0x00, 0xb1, 0xaf,
  0x10, 0x00, 0xb0, 0xaf, 0x25, 0x98, 0x80, 0x00, 0x05, 0xfe, 0x11, 0x04,
  0x30, 0x00, 0xa6, 0xaf, 0x18, 0x00, 0x40, 0x10, 0x00, 0x00, 0x00, 0x00,
  0xb9, 0x00, 0x80, 0x12, 0x25, 0x90, 0x40, 0x00, 0x05, 0x00, 0x91, 0x92,
  0x04, 0x00, 0x82, 0x92, 0x00, 0x8a, 0x11, 0x00, 0x25, 0x88, 0x22, 0x02,
  0x03, 0x00, 0x82, 0x92, 0x02, 0x00, 0x03, 0x24, 0x03, 0x00, 0x42, 0x30,
  0x30, 0x00, 0xa5, 0x8f, 0x16, 0x00, 0x43, 0x10, 0x03, 0x00, 0x03, 0x24,
  0x20, 0x00, 0x43, 0x10, 0x01, 0x00, 0x03, 0x24, 0xa9, 0x00, 0x43, 0x14,
  0x00, 0x00, 0x00, 0x00, 0x7a, 0xfe, 0x11, 0x04, 0x41, 0x00, 0x10, 0x24,
  0x60, 0x00, 0x40, 0x14, 0xff, 0x07, 0x03, 0x3c, 0x25, 0x28, 0x40, 0x02,
  0x12, 0xfe, 0x11, 0x04, 0x25, 0x20, 0x60, 0x02, 0x25, 0x90, 0x00, 0x00,
  0x24, 0x00, 0xbf, 0x8f, 0x20, 0x00, 0xb4, 0x8f, 0x1c, 0x00, 0xb3, 0x8f,
  0x14, 0x00, 0xb1, 0x8f, 0x10, 0x00, 0xb0, 0x8f, 0x25, 0x10, 0x40, 0x02,
  0x18, 0x00, 0xb2, 0x8f, 0x08, 0x00, 0xe0, 0x03, 0x28, 0x00, 0xbd, 0x27,
  0x02, 0x00, 0x82, 0x82, 0x00, 0x00, 0x00, 0x00, 0x07, 0x00, 0x40, 0x04,
  0x40, 0x00, 0x10, 0x24, 0x4c, 0x00, 0xa0, 0x14, 0x25, 0x10, 0x00, 0x00,
  0x3f, 0x00, 0x22, 0x2a, 0x02, 0x00, 0x40, 0x14, 0x00, 0x00, 0x00, 0x00,
  0x3e, 0x00, 0x11, 0x24, 0x46, 0x00, 0x00, 0x10, 0x25, 0x10, 0x00, 0x00,
  0x00, 0x00, 0x02, 0x3c, 0x94, 0x58, 0x42, 0x8c, 0x06, 0x00, 0x84, 0x92,
  0x58, 0x00, 0x43, 0x24, 0x20, 0x00, 0x82, 0x2c, 0x1a, 0x00, 0x6e, 0x92,
  0x6e, 0x00, 0x40, 0x10, 0x20, 0x00, 0x07, 0x24, 0x10, 0x00, 0x82, 0x2c,
  0x6e, 0x00, 0x40, 0x10, 0x10, 0x00, 0x07, 0x24, 0x08, 0x00, 0x82, 0x2c,
  0x6e, 0x00, 0x40, 0x10, 0x08, 0x00, 0x07, 0x24, 0x04, 0x00, 0x82, 0x2c,
  0x6e, 0x00, 0x40, 0x10, 0x04, 0x00, 0x07, 0x24, 0x02, 0x00, 0x84, 0x2c,
  0x72, 0x00, 0x80, 0x14, 0x02, 0x00, 0x07, 0x24, 0x10, 0x00, 0x04, 0x24,
  0x01, 0x00, 0x10, 0x24, 0x80, 0x30, 0x07, 0x00, 0x25, 0x50, 0x60, 0x00,
  0x25, 0x58, 0x00, 0x00, 0xff, 0xff, 0x02, 0x24, 0x25, 0x40, 0x00, 0x00,
  0xff, 0xff, 0x0f, 0x24, 0x25, 0x68, 0x40, 0x01, 0x25, 0x60, 0x00, 0x00,
  0x25, 0x48, 0x00, 0x00, 0x00, 0x00, 0xb8, 0x8d, 0x01, 0x00, 0x8c, 0x25,
  0x21, 0x48, 0x38, 0x01, 0xfc, 0xff, 0x84, 0x15, 0x21, 0x68, 0xa6, 0x01,
  0x5e, 0x00, 0x4f, 0x10, 0x2a, 0x60, 0x2b, 0x01, 0x5c, 0x00, 0x80, 0x15,
  0x00, 0x00, 0x00, 0x00, 0x25, 0x48, 0x60, 0x01, 0x01, 0x00, 0x08, 0x25,
  0x56, 0x00, 0xe8, 0x14, 0x04, 0x00, 0x4a, 0x25, 0x21, 0x80, 0x02, 0x02,
  0x41, 0x00, 0x29, 0x2a, 0x02, 0x00, 0x20, 0x15, 0x25, 0x38, 0x20, 0x02,
  0x40, 0x00, 0x07, 0x24, 0x0d, 0x00, 0xe7, 0x24, 0x4c, 0x00, 0x42, 0xa2,
  0x4d, 0x00, 0x44, 0xa2, 0x4e, 0x00, 0x48, 0xa2, 0x02, 0x00, 0xc0, 0x11,
  0x4f, 0x00, 0x47, 0xa2, 0xc0, 0x38, 0x07, 0x00, 0x80, 0x10, 0x02, 0x00,
  0x21, 0x10, 0x62, 0x00, 0x25, 0x18, 0x00, 0x00, 0x00, 0x00, 0x48, 0x8c,
  0x01, 0x00, 0x63, 0x24, 0x21, 0x40, 0x07, 0x01, 0x00, 0x00, 0x48, 0xac,
  0xfb, 0xff, 0x83, 0x14, 0x21, 0x10, 0x46, 0x00, 0x02, 0x00, 0x83, 0x82,
  0x00, 0x00, 0x00, 0x00, 0xb4, 0xff, 0x61, 0x04, 0x25, 0x10, 0x00, 0x00,
  0xff, 0x07, 0x03, 0x3c, 0x00, 0x8c, 0x11, 0x00, 0x24, 0x88, 0x23, 0x02,
  0x41, 0x00, 0x03, 0x24, 0x02, 0x00, 0x03, 0x16, 0x00, 0x00, 0x00, 0x00,
  0x00, 0x80, 0x31, 0x36, 0x1a, 0x00, 0x63, 0x92, 0x00, 0x00, 0x00, 0x00,
  0x02, 0x00, 0x60, 0x10, 0x00, 0x00, 0x00, 0x00, 0x00, 0x20, 0x31, 0x36,
  0x02, 0x00, 0x83, 0x92, 0x00, 0x08, 0x05, 0x24, 0xc0, 0x21, 0x03, 0x00,
  0x00, 0x1e, 0x03, 0x00, 0x03, 0x1e, 0x03, 0x00, 0x02, 0x00, 0x61, 0x04,
  0x80, 0x0f, 0x84, 0x30, 0x00, 0x10, 0x05, 0x24, 0x19, 0x00, 0x63, 0x92,
  0x24, 0x00, 0x46, 0x8e, 0x7f, 0x00, 0x63, 0x30, 0x25, 0x18, 0x71, 0x00,
  0x25, 0x18, 0x64, 0x00, 0x25, 0x18, 0x65, 0x00, 0x00, 0x00, 0xc3, 0xac,
  0x05, 0x00, 0x40, 0x14, 0x28, 0x00, 0x50, 0xae, 0xd9, 0xfd, 0x11, 0x04,
  0x00, 0x00, 0x00, 0x00, 0x83, 0xff, 0x40, 0x10, 0x25, 0x28, 0x40, 0x02,
  0x24, 0x00, 0x43, 0x8e, 0xff, 0x00, 0x10, 0x32, 0x08, 0x00, 0x62, 0xac,
  0x04, 0x00, 0x62, 0xac, 0x00, 0x00, 0x02, 0x3c, 0x94, 0x58, 0x42, 0x8c,
  0x00, 0x81, 0x10, 0x00, 0x08, 0x00, 0x42, 0x8c, 0x00, 0x00, 0x00, 0x00,
  0x21, 0x10, 0x50, 0x00, 0x0c, 0x00, 0x44, 0x8c, 0x00, 0x00, 0x00, 0x00,
  0x0c, 0x00, 0x64, 0xac, 0x77, 0xff, 0x00, 0x10, 0x0c, 0x00, 0x43, 0xac,
  0x01, 0x00, 0x04, 0x24, 0x9f, 0xff, 0x00, 0x10, 0x1f, 0x00, 0x10, 0x24,
  0x02, 0x00, 0x04, 0x24, 0x9c, 0xff, 0x00, 0x10, 0x0f, 0x00, 0x10, 0x24,
  0x04, 0x00, 0x04, 0x24, 0x99, 0xff, 0x00, 0x10, 0x07, 0x00, 0x10, 0x24,
  0x08, 0x00, 0x04, 0x24, 0x96, 0xff, 0x00, 0x10, 0x03, 0x00, 0x10, 0x24,
  0x9a, 0xff, 0x00, 0x10, 0x25, 0x58, 0x20, 0x01, 0xa5, 0xff, 0x00, 0x10,
  0x25, 0x10, 0x00, 0x01, 0x04, 0x00, 0x06, 0x24, 0x01, 0x00, 0x08, 0x24,
  0x20, 0x00, 0x04, 0x24, 0x25, 0x10, 0x00, 0x00, 0xa3, 0xff, 0x00, 0x10,
  0x25, 0x80, 0x00, 0x00, 0x6c, 0xff, 0x00, 0x10, 0x3f, 0x00, 0x10, 0x24,
  0x24, 0x00, 0x43, 0x8c, 0x1a, 0x00, 0x62, 0x92, 0x08, 0x00, 0x04, 0x3c,
  0x2b, 0x10, 0x02, 0x00, 0x40, 0x13, 0x02, 0x00, 0x25, 0x10, 0x44, 0x00,
  0x00, 0x00, 0x62, 0xac, 0x3f, 0x00, 0x02, 0x24, 0x28, 0x00, 0x42, 0xae,
  0xcb, 0xff, 0x00, 0x10, 0x3f, 0x00, 0x10, 0x24, 0x25, 0x30, 0xa0, 0x00,
  0x24, 0x00, 0xa5, 0x8c, 0xe8, 0xff, 0xbd, 0x27, 0x00, 0x00, 0xa2, 0x94,
  0x14, 0x00, 0xbf, 0xaf, 0x00, 0x40, 0x42, 0x34, 0x00, 0x00, 0xa2, 0xa4,
  0x00, 0x00, 0x02, 0x3c, 0x94, 0x58, 0x42, 0x8c, 0x28, 0x00, 0xc3, 0x8c,
  0x08, 0x00, 0x42, 0x8c, 0x00, 0x19, 0x03, 0x00, 0x21, 0x10, 0x43, 0x00,
  0x0c, 0x00, 0x43, 0x8c, 0x00, 0x00, 0x00, 0x00, 0x06, 0x00, 0x60, 0x10,
  0x00, 0x00, 0x00, 0x00, 0x18, 0x00, 0xa3, 0x14, 0x00, 0x00, 0x00, 0x00,
  0x0c, 0x00, 0xa3, 0x8c, 0x00, 0x00, 0x00, 0x00, 0x0c, 0x00, 0x43, 0xac,
  0x08, 0x00, 0xc2, 0x8c, 0x0c, 0x00, 0xc3, 0x8c, 0x15, 0x00, 0x40, 0x10,
  0x00, 0x00, 0x00, 0x00, 0x0c, 0x00, 0x43, 0xac, 0x0c, 0x00, 0xc3, 0x8c,
  0x00, 0x00, 0x00, 0x00, 0x12, 0x00, 0x60, 0x10, 0x00, 0x00, 0x00, 0x00,
  0x08, 0x00, 0x62, 0xac, 0x18, 0x00, 0xc0, 0xac, 0xc8, 0x00, 0x07, 0x24,
  0x00, 0x00, 0x05, 0x3c, 0xb0, 0x14, 0xa5, 0x24, 0xc4, 0xfd, 0x11, 0x04,
  0x30, 0x00, 0xc4, 0x24, 0x14, 0x00, 0xbf, 0x8f, 0x25, 0x10, 0x00, 0x00,
  0x08, 0x00, 0xe0, 0x03, 0x18, 0x00, 0xbd, 0x27, 0x25, 0x10, 0x60, 0x00,
  0x0c, 0x00, 0x63, 0x8c, 0xe2, 0xff, 0x00, 0x10, 0x00, 0x00, 0x00, 0x00,
  0xec, 0xff, 0x00, 0x10, 0x10, 0x00, 0x83, 0xac, 0xef, 0xff, 0x00, 0x10,
  0x0c, 0x00, 0x82, 0xac, 0x00, 0x00, 0x00, 0x00, 0x00, 0x00, 0x00, 0x00,
  0x00, 0x00, 0x00, 0x00, 0xd0, 0xff, 0xbd, 0x27, 0x28, 0x00, 0x82, 0x8c,
  0x24, 0x00, 0xb2, 0xaf, 0x24, 0x00, 0x92, 0x8c, 0x3f, 0x00, 0x03, 0x24,
  0x20, 0x00, 0xb1, 0xaf, 0x1c, 0x00, 0xb0, 0xaf, 0x04, 0x00, 0x51, 0x8e,
  0x2c, 0x00, 0xbf, 0xaf, 0x28, 0x00, 0xb3, 0xaf, 0x58, 0x00, 0x43, 0x10,
  0x25, 0x80, 0x80, 0x00, 0x41, 0x00, 0x03, 0x24, 0x0e, 0x01, 0x43, 0x10,
  0x00, 0x00, 0x00, 0x00, 0x63, 0x00, 0x20, 0x12, 0x00, 0x00, 0x00, 0x00,
  0x08, 0x00, 0x42, 0x8e, 0x00, 0x00, 0x00, 0x00, 0x01, 0x00, 0x42, 0x30,
  0x5e, 0x00, 0x40, 0x14, 0x00, 0x00, 0x00, 0x00, 0x00, 0x00, 0x42, 0x96,
  0x00, 0x00, 0x00, 0x00, 0x00, 0x40, 0x42, 0x30, 0x59, 0x00, 0x40, 0x14,
  0x00, 0x00, 0x00, 0x00, 0x1c, 0x00, 0x93, 0x8c, 0x00, 0x00, 0x00, 0x00,
  0x55, 0x00, 0x60, 0x12, 0x00, 0x00, 0x00, 0x00, 0x4f, 0xfd, 0x11, 0x04,
  0x00, 0x00, 0x00, 0x00, 0x76, 0x00, 0x40, 0x10, 0x00, 0x00, 0x00, 0x00,
  0x08, 0x00, 0x63, 0x8e, 0x0c, 0x00, 0x64, 0x8e, 0x9c, 0x01, 0x60, 0x10,
  0x00, 0x00, 0x00, 0x00, 0x0c, 0x00, 0x64, 0xac, 0x0c, 0x00, 0x64, 0x8e,
  0x00, 0x00, 0x00, 0x00, 0x99, 0x01, 0x80, 0x10, 0x00, 0x00, 0x00, 0x00,
  0x08, 0x00, 0x83, 0xac, 0x1c, 0xe0, 0x03, 0x3c, 0x00, 0x00, 0x23, 0xae,
  0x1c, 0x00, 0x63, 0x8e, 0x08, 0x00, 0x22, 0xae, 0x04, 0x00, 0x23, 0xae,
  0x07, 0x00, 0x60, 0x10, 0x0c, 0x00, 0x20, 0xae, 0x20, 0x00, 0x64, 0x8e,
  0x00, 0x00, 0x00, 0x00, 0x03, 0x00, 0x80, 0x18, 0xff, 0xff, 0x84, 0x24,
  0x21, 0x18, 0x64, 0x00, 0x0c, 0x00, 0x23, 0xae, 0x00, 0x00, 0x03, 0x3c,
  0x94, 0x58, 0x63, 0x8c, 0x00, 0x00, 0x00, 0x00, 0x10, 0x00, 0x64, 0x8c,
  0x00, 0x00, 0x00, 0x00, 0x23, 0x88, 0x24, 0x02, 0x03, 0x89, 0x11, 0x00,
  0x24, 0x00, 0x64, 0x8c, 0x80, 0x88, 0x11, 0x00, 0x21, 0x20, 0x91, 0x00,
  0x00, 0x00, 0x93, 0xac, 0x28, 0x00, 0x04, 0x8e, 0x04, 0x00, 0x42, 0xae,
  0x40, 0x00, 0x02, 0x24, 0x07, 0x00, 0x82, 0x14, 0x00, 0x00, 0x00, 0x00,
  0x00, 0x00, 0x64, 0x8c, 0x00, 0x00, 0x00, 0x00, 0x08, 0x00, 0x82, 0x8c,
  0x00, 0x00, 0x00, 0x00, 0x04, 0x00, 0x42, 0x34, 0x08, 0x00, 0x82, 0xac,
  0x1c, 0x00, 0x02, 0x8e, 0x00, 0x00, 0x00, 0x00, 0x32, 0x00, 0x40, 0x14,
  0x00, 0x00, 0x00, 0x00, 0x04, 0x00, 0x02, 0x8e, 0x00, 0x00, 0x00, 0x00,
  0x2e, 0x00, 0x40, 0x10, 0x00, 0x00, 0x00, 0x00, 0x10, 0x00, 0x02, 0x8e,
  0x14, 0x00, 0x04, 0x8e, 0x6b, 0x01, 0x40, 0x10, 0x00, 0x00, 0x00, 0x00,
  0x14, 0x00, 0x44, 0xac, 0x14, 0x00, 0x04, 0x8e, 0x00, 0x00, 0x00, 0x00,
  0x23, 0x00, 0x80, 0x10, 0x00, 0x00, 0x00, 0x00, 0x22, 0x00, 0x00, 0x10,
  0x10, 0x00, 0x82, 0xac, 0x0f, 0x00, 0x20, 0x12, 0x00, 0x00, 0x00, 0x00,
  0x08, 0x00, 0x42, 0x8e, 0x00, 0x00, 0x00, 0x00, 0x01, 0x00, 0x42, 0x30,
  0x0a, 0x00, 0x40, 0x14, 0x00, 0x00, 0x00, 0x00, 0x00, 0x00, 0x42, 0x96,
  0x00, 0x00, 0x00, 0x00, 0x00, 0x40, 0x42, 0x30, 0x05, 0x00, 0x40, 0x14,
  0x00, 0x00, 0x00, 0x00, 0x1c, 0x00, 0x92, 0x8c, 0x00, 0x00, 0x00, 0x00,
  0x1a, 0x00, 0x40, 0x16, 0x00, 0x00, 0x00, 0x00, 0x04, 0x00, 0x02, 0x8e,
  0x00, 0x00, 0x00, 0x00, 0x0f, 0x00, 0x40, 0x10, 0x00, 0x00, 0x00, 0x00,
  0x10, 0x00, 0x02, 0x8e, 0x14, 0x00, 0x03, 0x8e, 0x42, 0x01, 0x40, 0x10,
  0x00, 0x00, 0x00, 0x00, 0x14, 0x00, 0x43, 0xac, 0x14, 0x00, 0x03, 0x8e,
  0x00, 0x00, 0x00, 0x00, 0x93, 0x00, 0x60, 0x14, 0x00, 0x00, 0x00, 0x00,
  0x00, 0x00, 0x03, 0x3c, 0x94, 0x58, 0x63, 0x8c, 0x00, 0x00, 0x00, 0x00,
  0x50, 0x00, 0x62, 0xac, 0x04, 0x00, 0x00, 0xae, 0x2c, 0x00, 0xbf, 0x8f,
  0x28, 0x00, 0xb3, 0x8f, 0x24, 0x00, 0xb2, 0x8f, 0x20, 0x00, 0xb1, 0x8f,
  0x1c, 0x00, 0xb0, 0x8f, 0x08, 0x00, 0xe0, 0x03, 0x30, 0x00, 0xbd, 0x27,
  0x1c, 0x00, 0x51, 0x8e, 0x00, 0x00, 0x00, 0x00, 0x19, 0x00, 0x20, 0x12,
  0x00, 0x00, 0x00, 0x00, 0x20, 0x00, 0x42, 0x8e, 0x00, 0x00, 0x00, 0x00,
  0x15, 0x00, 0x40, 0x18, 0x25, 0x88, 0x00, 0x00, 0xda, 0xfc, 0x11, 0x04,
  0x00, 0x00, 0x00, 0x00, 0x11, 0x00, 0x40, 0x14, 0x25, 0x88, 0x40, 0x00,
  0x04, 0x00, 0x02, 0x8e, 0x00, 0x00, 0x00, 0x00, 0xea, 0xff, 0x40, 0x14,
  0x00, 0x00, 0x00, 0x00, 0x00, 0x00, 0x02, 0x3c, 0x94, 0x58, 0x42, 0x8c,
  0x00, 0x00, 0x00, 0x00, 0x54, 0x00, 0x43, 0x8c, 0x00, 0x00, 0x00, 0x00,
  0x1e, 0x01, 0x60, 0x10, 0x14, 0x00, 0x03, 0xae, 0x10, 0x00, 0x70, 0xac,
  0x10, 0x00, 0x00, 0xae, 0x54, 0x00, 0x50, 0xac, 0x98, 0x00, 0x00, 0x10,
  0x01, 0x00, 0x02, 0x24, 0xc6, 0xfc, 0x11, 0x04, 0x00, 0x00, 0x00, 0x00,
  0xc4, 0xfc, 0x11, 0x04, 0x25, 0x98, 0x40, 0x00, 0x03, 0x00, 0x60, 0x12,
  0x25, 0x20, 0x20, 0x02, 0x0a, 0x00, 0x40, 0x14, 0x00, 0x00, 0x00, 0x00,
  0xcb, 0xfc, 0x11, 0x04, 0x10, 0x00, 0xa2, 0xaf, 0xc9, 0xfc, 0x11, 0x04,
  0x25, 0x20, 0x60, 0x02, 0x10, 0x00, 0xa4, 0x8f, 0xc6, 0xfc, 0x11, 0x04,
  0x00, 0x00, 0x00, 0x00, 0xe0, 0xff, 0x00, 0x10, 0x00, 0x00, 0x00, 0x00,
  0x08, 0x00, 0x43, 0x8e, 0x0c, 0x00, 0x44, 0x8e, 0x58, 0x00, 0x60, 0x10,
  0x00, 0x00, 0x00, 0x00, 0x0c, 0x00, 0x64, 0xac, 0x0c, 0x00, 0x44, 0x8e,
  0x00, 0x00, 0x00, 0x00, 0x55, 0x00, 0x80, 0x10, 0x00, 0x00, 0x00, 0x00,
  0x08, 0x00, 0x83, 0xac, 0x24, 0x00, 0x08, 0x8e, 0xe0, 0xe2, 0x04, 0x3c,
  0x04, 0x00, 0x03, 0x8d, 0x00, 0x00, 0x00, 0x00, 0x00, 0x00, 0x64, 0xac,
  0x14, 0x00, 0x44, 0x26, 0x04, 0x00, 0x64, 0xac, 0x02, 0x00, 0x20, 0x12,
  0x25, 0x20, 0x60, 0x02, 0x25, 0x20, 0x20, 0x02, 0x08, 0x00, 0x64, 0xac,
  0x1b, 0x00, 0x44, 0x26, 0x0c, 0x00, 0x64, 0xac, 0x00, 0x00, 0x04, 0x3c,
  0x94, 0x58, 0x84, 0x8c, 0x00, 0x00, 0x00, 0x00, 0x10, 0x00, 0x86, 0x8c,
  0x24, 0x00, 0x85, 0x8c, 0x23, 0x18, 0x66, 0x00, 0x03, 0x19, 0x03, 0x00,
  0x80, 0x18, 0x03, 0x00, 0x21, 0x18, 0xa3, 0x00, 0x13, 0x00, 0x20, 0x12,
  0x00, 0x00, 0x72, 0xac, 0x14, 0x00, 0x47, 0x82, 0x00, 0x00, 0x00, 0x00,
  0x02, 0x00, 0xe0, 0x04, 0xf4, 0xe3, 0x03, 0x3c, 0xec, 0xe3, 0x03, 0x3c,
  0x20, 0x00, 0x47, 0x8e, 0x00, 0x00, 0x23, 0xae, 0x1c, 0x00, 0x43, 0x8e,
  0xff, 0xff, 0xe7, 0x24, 0x04, 0x00, 0x23, 0xae, 0x21, 0x18, 0x67, 0x00,
  0x08, 0x00, 0x33, 0xae, 0x0c, 0x00, 0x23, 0xae, 0x23, 0x88, 0x26, 0x02,
  0x03, 0x89, 0x11, 0x00, 0x80, 0x88, 0x11, 0x00, 0x21, 0x88, 0xb1, 0x00,
  0x00, 0x00, 0x32, 0xae, 0x14, 0x00, 0x47, 0x82, 0x00, 0x00, 0x00, 0x00,
  0x02, 0x00, 0xe0, 0x04, 0x08, 0xe3, 0x03, 0x3c, 0x10, 0xe3, 0x03, 0x3c,
  0x00, 0x00, 0x63, 0xae, 0x08, 0x00, 0x62, 0xae, 0x04, 0x00, 0x60, 0xae,
  0x0c, 0x00, 0x60, 0xae, 0x23, 0x98, 0x66, 0x02, 0x03, 0x99, 0x13, 0x00,
  0x00, 0x00, 0x83, 0x8c, 0x80, 0x98, 0x13, 0x00, 0x21, 0x28, 0xb3, 0x00,
  0x00, 0x00, 0xb2, 0xac, 0x04, 0x00, 0x02, 0xad, 0x08, 0x00, 0x62, 0x8c,
  0x00, 0x00, 0x00, 0x00, 0x02, 0x00, 0x42, 0x34, 0x08, 0x00, 0x62, 0xac,
  0x1c, 0x00, 0x02, 0x8e, 0x00, 0x00, 0x00, 0x00, 0x81, 0xff, 0x40, 0x14,
  0x00, 0x00, 0x00, 0x00, 0x04, 0x00, 0x02, 0x8e, 0x00, 0x00, 0x00, 0x00,
  0x7d, 0xff, 0x40, 0x10, 0x00, 0x00, 0x00, 0x00, 0x10, 0x00, 0x02, 0x8e,
  0x14, 0x00, 0x03, 0x8e, 0x0c, 0x00, 0x40, 0x10, 0x00, 0x00, 0x00, 0x00,
  0x14, 0x00, 0x43, 0xac, 0x14, 0x00, 0x03, 0x8e, 0x00, 0x00, 0x00, 0x00,
  0x09, 0x00, 0x60, 0x10, 0x00, 0x00, 0x00, 0x00, 0x71, 0xff, 0x00, 0x10,
  0x10, 0x00, 0x62, 0xac, 0xa9, 0xff, 0x00, 0x10, 0x20, 0x00, 0x04, 0xae,
  0xac, 0xff, 0x00, 0x10, 0x1c, 0x00, 0x03, 0xae, 0xf5, 0xff, 0x00, 0x10,
  0x54, 0x00, 0x83, 0xac, 0x69, 0xff, 0x00, 0x10, 0x50, 0x00, 0x82, 0xac,
  0x56, 0xff, 0x20, 0x12, 0x00, 0x00, 0x00, 0x00, 0x08, 0x00, 0x42, 0x8e,
  0x00, 0x00, 0x00, 0x00, 0x01, 0x00, 0x42, 0x30, 0x51, 0xff, 0x40, 0x14,
  0x00, 0x00, 0x00, 0x00, 0x00, 0x00, 0x42, 0x96, 0x00, 0x00, 0x00, 0x00,
  0x00, 0x40, 0x42, 0x30, 0x4c, 0xff, 0x40, 0x14, 0x00, 0x00, 0x00, 0x00,
  0x1c, 0x00, 0x93, 0x8c, 0x00, 0x00, 0x00, 0x00, 0x48, 0xff, 0x60, 0x12,
  0x00, 0x00, 0x00, 0x00, 0x64, 0xfc, 0x11, 0x04, 0x00, 0x00, 0x00, 0x00,
  0x14, 0x00, 0x40, 0x14, 0x00, 0x00, 0x00, 0x00, 0x04, 0x00, 0x02, 0x8e,
  0x00, 0x00, 0x00, 0x00, 0x52, 0xff, 0x40, 0x14, 0x00, 0x00, 0x00, 0x00,
  0x00, 0x00, 0x02, 0x3c, 0x94, 0x58, 0x42, 0x8c, 0x00, 0x00, 0x00, 0x00,
  0x54, 0x00, 0x43, 0x8c, 0x00, 0x00, 0x00, 0x00, 0x07, 0x00, 0x60, 0x10,
  0x14, 0x00, 0x03, 0xae, 0x10, 0x00, 0x70, 0xac, 0x10, 0x00, 0x00, 0xae,
  0x54, 0x00, 0x50, 0xac, 0x02, 0x00, 0x02, 0x24, 0x45, 0xff, 0x00, 0x10,
  0x04, 0x00, 0x02, 0xae, 0xfa, 0xff, 0x00, 0x10, 0x50, 0x00, 0x50, 0xac,
  0x08, 0x00, 0x63, 0x8e, 0x0c, 0x00, 0x64, 0x8e, 0x53, 0x00, 0x60, 0x10,
  0x00, 0x00, 0x00, 0x00, 0x0c, 0x00, 0x64, 0xac, 0x0c, 0x00, 0x64, 0x8e,
  0x00, 0x00, 0x00, 0x00, 0x50, 0x00, 0x80, 0x10, 0x00, 0x00, 0x00, 0x00,
  0x08, 0x00, 0x83, 0xac, 0x08, 0x00, 0x43, 0x8e, 0xf0, 0xff, 0x04, 0x24,
  0x24, 0x18, 0x64, 0x00, 0x04, 0x00, 0x44, 0x8e, 0x00, 0x00, 0x07, 0x3c,
  0x94, 0x58, 0xe7, 0x8c, 0x49, 0x00, 0x83, 0x14, 0x00, 0x00, 0x00, 0x00,
  0x04, 0x00, 0xe3, 0x8c, 0x00, 0x00, 0x00, 0x00, 0x80, 0x00, 0x63, 0x94,
  0x00, 0x00, 0x00, 0x00, 0x02, 0x00, 0x63, 0x24, 0x30, 0x00, 0x64, 0x8e,
  0x48, 0x00, 0x68, 0x8e, 0x21, 0x18, 0x64, 0x00, 0xff, 0xff, 0x63, 0x30,
  0x02, 0x00, 0x00, 0x11, 0x01, 0x00, 0x04, 0x24, 0xff, 0xff, 0x04, 0x31,
  0x21, 0x20, 0x64, 0x00, 0x2c, 0x00, 0x04, 0xae, 0x1c, 0x00, 0x64, 0x8e,
  0x00, 0xf0, 0x09, 0x24, 0x24, 0x48, 0x89, 0x00, 0x42, 0x00, 0x00, 0x11,
  0xff, 0x0f, 0x85, 0x30, 0xff, 0xff, 0x06, 0x25, 0x00, 0x36, 0x06, 0x00,
  0x25, 0x18, 0xc3, 0x00, 0x00, 0xe0, 0x06, 0x3c, 0x25, 0x18, 0x66, 0x00,
  0x00, 0x00, 0x23, 0xae, 0x08, 0x00, 0x22, 0xae, 0x04, 0x00, 0x29, 0xae,
  0x07, 0x00, 0x80, 0x10, 0x0c, 0x00, 0x20, 0xae, 0x20, 0x00, 0x63, 0x8e,
  0x00, 0x00, 0x00, 0x00, 0x03, 0x00, 0x60, 0x18, 0xff, 0xff, 0x63, 0x24,
  0x21, 0x20, 0x83, 0x00, 0x0c, 0x00, 0x24, 0xae, 0x00, 0xe0, 0xa3, 0x34,
  0x10, 0x00, 0x26, 0x26, 0x25, 0x28, 0x00, 0x00, 0x2a, 0x20, 0xa8, 0x00,
  0x23, 0x00, 0x80, 0x14, 0x24, 0x00, 0xa4, 0x24, 0x1c, 0x00, 0xe3, 0x8c,
  0x28, 0x00, 0xe4, 0x8c, 0x23, 0x18, 0x23, 0x02, 0x43, 0x19, 0x03, 0x00,
  0x80, 0x18, 0x03, 0x00, 0x21, 0x18, 0x83, 0x00, 0x00, 0x00, 0x73, 0xac,
  0x04, 0x00, 0x42, 0xae, 0x1c, 0x00, 0x02, 0x8e, 0x00, 0x00, 0x00, 0x00,
  0xfc, 0xfe, 0x40, 0x14, 0x00, 0x00, 0x00, 0x00, 0x04, 0x00, 0x02, 0x8e,
  0x00, 0x00, 0x00, 0x00, 0xf8, 0xfe, 0x40, 0x10, 0x00, 0x00, 0x00, 0x00,
  0x10, 0x00, 0x02, 0x8e, 0x14, 0x00, 0x03, 0x8e, 0x29, 0x00, 0x40, 0x10,
  0x00, 0x00, 0x00, 0x00, 0x14, 0x00, 0x43, 0xac, 0x14, 0x00, 0x03, 0x8e,
  0x00, 0x00, 0x00, 0x00, 0x7c, 0xff, 0x60, 0x14, 0x00, 0x00, 0x00, 0x00,
  0xec, 0xfe, 0x00, 0x10, 0x50, 0x00, 0xe2, 0xac, 0xae, 0xff, 0x00, 0x10,
  0x20, 0x00, 0x04, 0xae, 0xb1, 0xff, 0x00, 0x10, 0x1c, 0x00, 0x03, 0xae,
  0x2c, 0x00, 0x03, 0x8e, 0xbb, 0xff, 0x00, 0x10, 0x00, 0x00, 0x00, 0x00,
  0x40, 0x20, 0x04, 0x00, 0x00, 0x00, 0xc3, 0xa4, 0x21, 0x20, 0x64, 0x02,
  0x04, 0x00, 0x84, 0x94, 0x01, 0x00, 0xa5, 0x24, 0xff, 0x07, 0x84, 0x30,
  0x21, 0x18, 0x64, 0x00, 0xd3, 0xff, 0x00, 0x10, 0x02, 0x00, 0xc6, 0x24,
  0x00, 0xe0, 0x06, 0x3c, 0x25, 0x18, 0x66, 0x00, 0x00, 0x00, 0x23, 0xae,
  0x08, 0x00, 0x22, 0xae, 0x04, 0x00, 0x29, 0xae, 0x07, 0x00, 0x80, 0x10,
  0x0c, 0x00, 0x20, 0xae, 0x20, 0x00, 0x63, 0x8e, 0x00, 0x00, 0x00, 0x00,
  0x03, 0x00, 0x60, 0x18, 0xff, 0xff, 0x63, 0x24, 0x21, 0x20, 0x83, 0x00,
  0x0c, 0x00, 0x24, 0xae, 0x00, 0xe0, 0x03, 0x24, 0x25, 0x18, 0xa3, 0x00,
  0xc5, 0xff, 0x00, 0x10, 0x10, 0x00, 0x23, 0xa6, 0xd8, 0xff, 0x00, 0x10,
  0x54, 0x00, 0xe3, 0xac, 0x00, 0x00, 0x04, 0x3c, 0x94, 0x58, 0x84, 0x8c,
  0xbd, 0xfe, 0x00, 0x10, 0x54, 0x00, 0x83, 0xac, 0xe3, 0xfe, 0x00, 0x10,
  0x50, 0x00, 0x50, 0xac, 0x65, 0xfe, 0x00, 0x10, 0x20, 0x00, 0x04, 0xae,
  0x68, 0xfe, 0x00, 0x10, 0x1c, 0x00, 0x03, 0xae, 0x96, 0xfe, 0x00, 0x10,
  0x54, 0x00, 0x64, 0xac, 0x00, 0x00, 0x03, 0x3c, 0x94, 0x58, 0x63, 0x8c,
  0x00, 0x00, 0x00, 0x00, 0xd8, 0x00, 0x65, 0x8c, 0x00, 0x00, 0x00, 0x00,
  0x04, 0x00, 0xa0, 0x10, 0x05, 0x00, 0x06, 0x24, 0x04, 0x00, 0x03, 0x24,
  0x08, 0x00, 0xe0, 0x03, 0x18, 0x00, 0x83, 0xa0, 0x01, 0x00, 0x05, 0x24,
  0xd8, 0x00, 0x65, 0xac, 0x18, 0x00, 0x86, 0xa0, 0x1b, 0x00, 0x85, 0xa0,
  0x28, 0x00, 0x86, 0x8c, 0x08, 0x01, 0x65, 0x8c, 0x00, 0x00, 0x00, 0x00,
  0x09, 0x00, 0xc5, 0x14, 0x00, 0x00, 0x00, 0x00, 0x2c, 0x00, 0x82, 0x8c,
  0x00, 0x00, 0x63, 0x8c, 0x13, 0x00, 0x42, 0x24, 0x80, 0x10, 0x02, 0x00,
  0x21, 0x10, 0x62, 0x00, 0x10, 0x00, 0x03, 0x24, 0x08, 0x00, 0xe0, 0x03,
  0x04, 0x00, 0x43, 0xac, 0x0a, 0xfa, 0x00, 0x10, 0x00, 0x00, 0x00, 0x00,
  0xe0, 0xff, 0xbd, 0x27, 0x18, 0x00, 0xb1, 0xaf, 0x14, 0x00, 0xb0, 0xaf,
  0x1c, 0x00, 0xbf, 0xaf, 0x25, 0x80, 0x80, 0x00, 0x04, 0x00, 0x11, 0x24,
  0x08, 0x00, 0x00, 0x12, 0x25, 0x10, 0x00, 0x00, 0x18, 0x00, 0x02, 0x92,
  0x00, 0x00, 0x00, 0x00, 0x09, 0x00, 0x51, 0x14, 0x00, 0x00, 0x00, 0x00,
  0xd6, 0xff, 0x11, 0x04, 0x25, 0x20, 0x00, 0x02, 0x01, 0x00, 0x02, 0x24,
  0x1c, 0x00, 0xbf, 0x8f, 0x18, 0x00, 0xb1, 0x8f, 0x14, 0x00, 0xb0, 0x8f,
  0x08, 0x00, 0xe0, 0x03, 0x20, 0x00, 0xbd, 0x27, 0x20, 0x00, 0x04, 0x8e,
  0x00, 0x00, 0x00, 0x00, 0x04, 0x00, 0x80, 0x14, 0x00, 0x00, 0x00, 0x00,
  0x04, 0x00, 0x10, 0x8e, 0xec, 0xff, 0x00, 0x10, 0x00, 0x00, 0x00, 0x00,
  0xf9, 0xff, 0x42, 0x24, 0x02, 0x00, 0x42, 0x2c, 0xfa, 0xff, 0x40, 0x10,
  0x00, 0x00, 0x00, 0x00, 0xe0, 0xff, 0x11, 0x04, 0x00, 0x00, 0x00, 0x00,
  0xf6, 0xff, 0x40, 0x10, 0x00, 0x00, 0x00, 0x00, 0xeb, 0xff, 0x00, 0x10,
  0x01, 0x00, 0x02, 0x24, 0x00, 0x00, 0x02, 0x3c, 0x94, 0x58, 0x42, 0x8c,
  0x10, 0x00, 0x03, 0x24, 0x00, 0x00, 0x42, 0x8c, 0x00, 0x00, 0x00, 0x00,
  0x54, 0x00, 0x43, 0xac, 0x08, 0x00, 0xe0, 0x03, 0x58, 0x00, 0x43, 0xac,
  0x00, 0x00, 0x02, 0x3c, 0x94, 0x58, 0x42, 0x8c, 0xe8, 0xff, 0xbd, 0x27,
  0x14, 0x00, 0xbf, 0xaf, 0xd8, 0x00, 0x40, 0xac, 0x1b, 0x00, 0x80, 0xa0,
  0x08, 0x01, 0x42, 0x8c, 0x00, 0x00, 0x00, 0x00, 0x20, 0x00, 0x44, 0x8c,
  0xc9, 0xff, 0x11, 0x04, 0x00, 0x00, 0x00, 0x00, 0x14, 0x00, 0xbf, 0x8f,
  0x25, 0x10, 0x00, 0x00, 0x08, 0x00, 0xe0, 0x03, 0x18, 0x00, 0xbd, 0x27,
  0x00, 0x00, 0x02, 0x3c, 0x94, 0x58, 0x42, 0x8c, 0xc8, 0xff, 0xbd, 0x27,
  0x08, 0x01, 0x42, 0x8c, 0x2c, 0x00, 0xb4, 0xaf, 0x20, 0x00, 0x44, 0x8c,
  0x28, 0x00, 0xb3, 0xaf, 0x24, 0x00, 0xb2, 0xaf, 0x20, 0x00, 0xb1, 0xaf,
  0x34, 0x00, 0xbf, 0xaf, 0x30, 0x00, 0xb5, 0xaf, 0x1c, 0x00, 0xb0, 0xaf,
  0x25, 0x88, 0x00, 0x00, 0x1f, 0x00, 0x12, 0x3c, 0x01, 0x00, 0x13, 0x24,
  0x05, 0x00, 0x14, 0x24, 0x0a, 0x00, 0x80, 0x14, 0x80, 0x18, 0x11, 0x00,
  0x34, 0x00, 0xbf, 0x8f, 0x30, 0x00, 0xb5, 0x8f, 0x2c, 0x00, 0xb4, 0x8f,
  0x28, 0x00, 0xb3, 0x8f, 0x24, 0x00, 0xb2, 0x8f, 0x20, 0x00, 0xb1, 0x8f,
  0x1c, 0x00, 0xb0, 0x8f, 0x08, 0x00, 0xe0, 0x03, 0x38, 0x00, 0xbd, 0x27,
  0x00, 0x00, 0x02, 0x3c, 0x94, 0x58, 0x42, 0x8c, 0x00, 0x00, 0x00, 0x00,
  0x00, 0x00, 0x42, 0x8c, 0x04, 0x00, 0x95, 0x8c, 0x21, 0x10, 0x43, 0x00,
  0x54, 0x00, 0x50, 0x8c, 0x54, 0x00, 0x52, 0xac, 0x01, 0x00, 0x02, 0x32,
  0x2e, 0x00, 0x40, 0x10, 0x00, 0x00, 0x00, 0x00, 0x18, 0x00, 0x82, 0x90,
  0x00, 0x00, 0x00, 0x00, 0x03, 0x00, 0x42, 0x2c, 0x08, 0x00, 0x40, 0x14,
  0x01, 0x00, 0x02, 0x3c, 0x24, 0x10, 0x02, 0x02, 0x05, 0x00, 0x40, 0x10,
  0x00, 0x00, 0x00, 0x00, 0x62, 0x0b, 0x11, 0x04, 0x10, 0x00, 0xa4, 0xaf,
  0x10, 0x00, 0xa4, 0x8f, 0x00, 0x00, 0x00, 0x00, 0x18, 0x00, 0x82, 0x90,
  0x00, 0x00, 0x00, 0x00, 0x0b, 0x00, 0x53, 0x14, 0x25, 0x30, 0x80, 0x00,
  0x03, 0x00, 0x02, 0x24, 0x18, 0x00, 0x82, 0xa0, 0xf5, 0x01, 0x07, 0x24,
  0x00, 0x00, 0x05, 0x3c, 0xc0, 0x22, 0xa5, 0x24, 0x57, 0xfb, 0x11, 0x04,
  0x34, 0x00, 0x84, 0x24, 0x01, 0x00, 0x31, 0x26, 0xd1, 0xff, 0x00, 0x10,
  0x25, 0x20, 0xa0, 0x02, 0xfc, 0xff, 0x54, 0x14, 0x10, 0x00, 0x02, 0x32,
  0xfa, 0xff, 0x40, 0x14, 0x06, 0x00, 0x02, 0x24, 0x42, 0x82, 0x10, 0x00,
  0x01, 0x00, 0x10, 0x32, 0x18, 0x00, 0x82, 0xa0, 0x1a, 0x00, 0x90, 0xa0,
  0x25, 0x30, 0x00, 0x00, 0x25, 0x28, 0x00, 0x00, 0x8c, 0xfc, 0x11, 0x04,
  0x10, 0x00, 0xa4, 0xaf, 0xf0, 0xff, 0x40, 0x10, 0x00, 0x00, 0x00, 0x00,
  0x10, 0x00, 0xa4, 0x8f, 0x33, 0x0b, 0x11, 0x04, 0x01, 0x00, 0x31, 0x26,
  0xbe, 0xff, 0x00, 0x10, 0x25, 0x20, 0xa0, 0x02, 0x3d, 0x0b, 0x11, 0x04,
  0x01, 0x00, 0x31, 0x26, 0xba, 0xff, 0x00, 0x10, 0x25, 0x20, 0xa0, 0x02,
  0x00, 0x00, 0x03, 0x3c, 0x94, 0x58, 0x63, 0x8c, 0xd0, 0xff, 0xbd, 0x27,
  0x10, 0x00, 0x62, 0x8c, 0x24, 0x00, 0x63, 0x8c, 0x23, 0x10, 0x82, 0x00,
  0x03, 0x11, 0x02, 0x00, 0x80, 0x10, 0x02, 0x00, 0x21, 0x10, 0x62, 0x00,
  0x1c, 0x00, 0xb1, 0xaf, 0x00, 0x00, 0x51, 0x8c, 0x28, 0x00, 0xb4, 0xaf,
  0x20, 0x00, 0xb2, 0xaf, 0x18, 0x00, 0xb0, 0xaf, 0x04, 0x00, 0x92, 0x8c,
  0x00, 0x00, 0x90, 0x8c, 0x0c, 0x00, 0x94, 0x8c, 0x2c, 0x00, 0xbf, 0xaf,
  0x24, 0x00, 0xb3, 0xaf, 0x84, 0x00, 0x20, 0x12, 0x00, 0x00, 0x40, 0xac,
  0xee, 0xfa, 0x11, 0x04, 0x02, 0x9f, 0x10, 0x00, 0x0a, 0x00, 0x80, 0x12,
  0x18, 0x00, 0x02, 0x3c, 0x24, 0x10, 0x02, 0x02, 0x07, 0x00, 0x40, 0x10,
  0x00, 0x00, 0x00, 0x00, 0x3f, 0x00, 0x40, 0x12, 0x00, 0x00, 0x00, 0x00,
  0x1c, 0x00, 0x22, 0x8e, 0x00, 0x00, 0x00, 0x00, 0x23, 0x90, 0x42, 0x02,
  0x2c, 0x00, 0x32, 0xae, 0x28, 0x00, 0x22, 0x8e, 0x00, 0x00, 0x00, 0x00,
  0x02, 0x00, 0x40, 0x14, 0x00, 0x00, 0x00, 0x00, 0x28, 0x00, 0x33, 0xae,
  0xe0, 0xf0, 0x02, 0x3c, 0x24, 0x10, 0x02, 0x02, 0xe0, 0x00, 0x03, 0x3c,
  0x04, 0x00, 0x43, 0x10, 0x25, 0x80, 0x00, 0x00, 0x0c, 0x00, 0x20, 0xae,
  0x08, 0x00, 0x20, 0xae, 0x25, 0x80, 0x20, 0x02, 0x13, 0x00, 0x60, 0x12,
  0x00, 0x00, 0x00, 0x00, 0x10, 0x00, 0x22, 0x8e, 0x00, 0x00, 0x00, 0x00,
  0x24, 0x00, 0x52, 0x8c, 0x00, 0x00, 0x00, 0x00, 0x08, 0x00, 0x44, 0x8e,
  0x00, 0x00, 0x00, 0x00, 0x01, 0x00, 0x82, 0x30, 0x0a, 0x00, 0x40, 0x10,
  0xf0, 0xff, 0x02, 0x24, 0x24, 0x20, 0x82, 0x00, 0x25, 0x88, 0x00, 0x02,
  0x22, 0x01, 0x14, 0x24, 0x04, 0x00, 0x42, 0x8e, 0x03, 0x00, 0x80, 0x10,
  0x00, 0x00, 0x00, 0x00, 0x1e, 0x00, 0x44, 0x14, 0x00, 0x00, 0x00, 0x00,
  0x08, 0x00, 0x42, 0xae, 0x3a, 0x00, 0x00, 0x16, 0x00, 0x00, 0x00, 0x00,
  0x00, 0x00, 0x02, 0x3c, 0x94, 0x58, 0x42, 0x8c, 0x00, 0x00, 0x00, 0x00,
  0x0c, 0x00, 0x43, 0x8c, 0x00, 0x00, 0x00, 0x00, 0x4d, 0x00, 0x60, 0x10,
  0x00, 0x00, 0x00, 0x00, 0x50, 0x00, 0x44, 0x8c, 0x01, 0x00, 0x02, 0x24,
  0x49, 0x00, 0x80, 0x10, 0x00, 0x00, 0x00, 0x00, 0x04, 0x00, 0x83, 0x8c,
  0x00, 0x00, 0x00, 0x00, 0x3d, 0x00, 0x62, 0x14, 0x00, 0x00, 0x00, 0x00,
  0x2c, 0x00, 0xbf, 0x8f, 0x28, 0x00, 0xb4, 0x8f, 0x24, 0x00, 0xb3, 0x8f,
  0x20, 0x00, 0xb2, 0x8f, 0x1c, 0x00, 0xb1, 0x8f, 0x18, 0x00, 0xb0, 0x8f,
  0x2d, 0xfd, 0x00, 0x10, 0x30, 0x00, 0xbd, 0x27, 0x20, 0x00, 0x32, 0x8e,
  0xc4, 0xff, 0x00, 0x10, 0x2c, 0x00, 0x32, 0xae, 0x08, 0x00, 0x93, 0x8c,
  0xa3, 0xfa, 0x11, 0x04, 0x10, 0x00, 0xa4, 0xaf, 0x00, 0x00, 0x02, 0x3c,
  0x94, 0x58, 0x42, 0x8c, 0x10, 0x00, 0xa4, 0x8f, 0x10, 0x00, 0x43, 0x8c,
  0x00, 0x00, 0x00, 0x00, 0x23, 0x20, 0x83, 0x00, 0x03, 0x21, 0x04, 0x00,
  0x24, 0x00, 0x43, 0x8c, 0x80, 0x20, 0x04, 0x00, 0x21, 0x18, 0x64, 0x00,
  0x00, 0x00, 0x62, 0x8c, 0x00, 0x00, 0x60, 0xac, 0x05, 0x00, 0x40, 0x14,
  0x25, 0x18, 0x00, 0x02, 0xcc, 0xff, 0x00, 0x10, 0x25, 0x20, 0x60, 0x02,
  0x08, 0x00, 0x63, 0x8c, 0x00, 0x00, 0x00, 0x00, 0x1e, 0x00, 0x60, 0x10,
  0x00, 0x00, 0x00, 0x00, 0xfb, 0xff, 0x62, 0x14, 0x25, 0x20, 0x60, 0x02,
  0xc4, 0xff, 0x00, 0x10, 0x00, 0x00, 0x00, 0x00, 0x08, 0x00, 0x22, 0xae,
  0x08, 0x00, 0x40, 0xac, 0xf3, 0xff, 0x00, 0x10, 0x25, 0x88, 0x40, 0x00,
  0x10, 0x00, 0x02, 0x8e, 0x08, 0x00, 0x11, 0x8e, 0x18, 0x00, 0x42, 0x8c,
  0x00, 0x00, 0x00, 0x00, 0x09, 0x00, 0x40, 0x10, 0x04, 0x00, 0x00, 0xae,
  0x24, 0x00, 0x02, 0x8e, 0x00, 0x00, 0x00, 0x00, 0x03, 0x00, 0x40, 0x10,
  0x00, 0x00, 0x00, 0x00, 0x09, 0xf8, 0x40, 0x00, 0x25, 0x20, 0x00, 0x02,
  0xb8, 0xff, 0x00, 0x10, 0x25, 0x80, 0x20, 0x02, 0xd7, 0xf9, 0x11, 0x04,
  0x25, 0x20, 0x00, 0x02, 0xb4, 0xff, 0x00, 0x10, 0x25, 0x80, 0x20, 0x02,
  0x10, 0x00, 0x84, 0x8c, 0xbc, 0xff, 0x00, 0x10, 0x00, 0x00, 0x00, 0x00,
  0x28, 0x00, 0x54, 0xac, 0xe5, 0xff, 0x20, 0x16, 0x0c, 0x00, 0x51, 0xac,
  0xe4, 0xff, 0x00, 0x10, 0x25, 0x80, 0x40, 0x00, 0x2c, 0x00, 0xbf, 0x8f,
  0x28, 0x00, 0xb4, 0x8f, 0x24, 0x00, 0xb3, 0x8f, 0x20, 0x00, 0xb2, 0x8f,
  0x1c, 0x00, 0xb1, 0x8f, 0x18, 0x00, 0xb0, 0x8f, 0x08, 0x00, 0xe0, 0x03,
  0x30, 0x00, 0xbd, 0x27, 0x00, 0x00, 0x03, 0x3c, 0x94, 0x58, 0x63, 0x8c,
  0xd0, 0xff, 0xbd, 0x27, 0x1c, 0x00, 0x62, 0x8c, 0x28, 0x00, 0x63, 0x8c,
  0x23, 0x10, 0x82, 0x00, 0x43, 0x11, 0x02, 0x00, 0x80, 0x10, 0x02, 0x00,
  0x21, 0x10, 0x62, 0x00, 0x18, 0x00, 0xb0, 0xaf, 0x00, 0x00, 0x50, 0x8c,
  0x24, 0x00, 0xb3, 0xaf, 0x20, 0x00, 0xb2, 0xaf, 0x00, 0x00, 0x93, 0x8c,
  0x10, 0x00, 0x92, 0x94, 0x2c, 0x00, 0xbf, 0xaf, 0x28, 0x00, 0xb4, 0xaf,
  0x1c, 0x00, 0xb1, 0xaf, 0x87, 0x00, 0x00, 0x12, 0x00, 0x00, 0x40, 0xac,
  0x48, 0x00, 0x02, 0x8e, 0x25, 0x88, 0x80, 0x00, 0x05, 0x00, 0x40, 0x10,
  0x02, 0x9f, 0x13, 0x00, 0x10, 0x00, 0x06, 0x24, 0x4c, 0x00, 0x05, 0x26,
  0x5f, 0x0b, 0x11, 0x04, 0x10, 0x00, 0x84, 0x24, 0x69, 0xfa, 0x11, 0x04,
  0x25, 0x20, 0x20, 0x02, 0x10, 0x00, 0x02, 0x8e, 0x2c, 0x00, 0x00, 0xae,
  0x24, 0x00, 0x51, 0x8c, 0x48, 0x00, 0x02, 0x8e, 0x00, 0x00, 0x00, 0x00,
  0x2a, 0x00, 0x40, 0x10, 0x02, 0x1b, 0x12, 0x00, 0x28, 0x00, 0x13, 0xae,
  0x08, 0x00, 0x24, 0x8e, 0x0c, 0x00, 0x00, 0xae, 0x01, 0x00, 0x82, 0x30,
  0x0b, 0x00, 0x40, 0x10, 0x08, 0x00, 0x00, 0xae, 0xf0, 0xff, 0x02, 0x24,
  0x24, 0x20, 0x82, 0x00, 0x25, 0x90, 0x00, 0x02, 0x22, 0x01, 0x14, 0x24,
  0x04, 0x00, 0x22, 0x8e, 0x03, 0x00, 0x80, 0x10, 0x00, 0x00, 0x00, 0x00,
  0x2e, 0x00, 0x82, 0x14, 0x00, 0x00, 0x00, 0x00, 0x08, 0x00, 0x22, 0xae,
  0x4a, 0x00, 0x00, 0x16, 0x00, 0x00, 0x00, 0x00, 0x00, 0x00, 0x02, 0x3c,
  0x94, 0x58, 0x42, 0x8c, 0x00, 0x00, 0x00, 0x00, 0x18, 0x00, 0x43, 0x8c,
  0x00, 0x00, 0x00, 0x00, 0x5d, 0x00, 0x60, 0x10, 0x00, 0x00, 0x00, 0x00,
  0x50, 0x00, 0x44, 0x8c, 0x02, 0x00, 0x02, 0x24, 0x59, 0x00, 0x80, 0x10,
  0x00, 0x00, 0x00, 0x00, 0x04, 0x00, 0x83, 0x8c, 0x00, 0x00, 0x00, 0x00,
  0x4d, 0x00, 0x62, 0x14, 0x00, 0x00, 0x00, 0x00, 0x2c, 0x00, 0xbf, 0x8f,
  0x28, 0x00, 0xb4, 0x8f, 0x24, 0x00, 0xb3, 0x8f, 0x20, 0x00, 0xb2, 0x8f,
  0x1c, 0x00, 0xb1, 0x8f, 0x18, 0x00, 0xb0, 0x8f, 0x9b, 0xfc, 0x00, 0x10,
  0x30, 0x00, 0xbd, 0x27, 0x00, 0x11, 0x03, 0x00, 0x25, 0x10, 0x53, 0x00,
  0xd5, 0xff, 0x60, 0x16, 0x28, 0x00, 0x02, 0xae, 0x01, 0x02, 0x02, 0x24,
  0x06, 0x10, 0x62, 0x00, 0x01, 0x00, 0x42, 0x30, 0xd0, 0xff, 0x40, 0x10,
  0x00, 0x10, 0x03, 0x24, 0x00, 0x00, 0x22, 0x96, 0x00, 0x00, 0x00, 0x00,
  0x00, 0x18, 0x42, 0x30, 0x03, 0x00, 0x43, 0x14, 0xff, 0x07, 0x52, 0x32,
  0xc9, 0xff, 0x00, 0x10, 0x2c, 0x00, 0x12, 0xae, 0x20, 0x00, 0x02, 0x8e,
  0xc6, 0xff, 0x00, 0x10, 0x2c, 0x00, 0x02, 0xae, 0x08, 0x00, 0x93, 0x8c,
  0x23, 0xfa, 0x11, 0x04, 0x10, 0x00, 0xa4, 0xaf, 0x00, 0x00, 0x02, 0x3c,
  0x94, 0x58, 0x42, 0x8c, 0x10, 0x00, 0xa4, 0x8f, 0x1c, 0x00, 0x43, 0x8c,
  0x00, 0x00, 0x00, 0x00, 0x23, 0x20, 0x83, 0x00, 0x43, 0x21, 0x04, 0x00,
  0x28, 0x00, 0x43, 0x8c, 0x80, 0x20, 0x04, 0x00, 0x21, 0x18, 0x64, 0x00,
  0x00, 0x00, 0x62, 0x8c, 0x00, 0x00, 0x00, 0x00, 0x09, 0x00, 0x40, 0x10,
  0x00, 0x00, 0x60, 0xac, 0x03, 0x00, 0x00, 0x10, 0x25, 0x18, 0x00, 0x02,
  0x08, 0x00, 0x63, 0x8c, 0x00, 0x00, 0x00, 0x00, 0x1e, 0x00, 0x60, 0x10,
  0x00, 0x00, 0x00, 0x00, 0xfb, 0xff, 0x62, 0x14, 0x00, 0x00, 0x00, 0x00,
  0xb4, 0xff, 0x00, 0x10, 0x25, 0x20, 0x60, 0x02, 0x08, 0x00, 0x42, 0xae,
  0x08, 0x00, 0x40, 0xac, 0xfb, 0xff, 0x00, 0x10, 0x25, 0x90, 0x40, 0x00,
  0x10, 0x00, 0x02, 0x8e, 0x08, 0x00, 0x11, 0x8e, 0x18, 0x00, 0x42, 0x8c,
  0x00, 0x00, 0x00, 0x00, 0x09, 0x00, 0x40, 0x10, 0x04, 0x00, 0x00, 0xae,
  0x24, 0x00, 0x02, 0x8e, 0x00, 0x00, 0x00, 0x00, 0x03, 0x00, 0x40, 0x10,
  0x00, 0x00, 0x00, 0x00, 0x09, 0xf8, 0x40, 0x00, 0x25, 0x20, 0x00, 0x02,
  0xa8, 0xff, 0x00, 0x10, 0x25, 0x80, 0x20, 0x02, 0x35, 0xf9, 0x11, 0x04,
  0x25, 0x20, 0x00, 0x02, 0xa4, 0xff, 0x00, 0x10, 0x25, 0x80, 0x20, 0x02,
  0x10, 0x00, 0x84, 0x8c, 0xac, 0xff, 0x00, 0x10, 0x00, 0x00, 0x00, 0x00,
  0x28, 0x00, 0x54, 0xac, 0xe5, 0xff, 0x40, 0x16, 0x0c, 0x00, 0x52, 0xac,
  0xe4, 0xff, 0x00, 0x10, 0x25, 0x80, 0x40, 0x00, 0x2c, 0x00, 0xbf, 0x8f,
  0x28, 0x00, 0xb4, 0x8f, 0x24, 0x00, 0xb3, 0x8f, 0x20, 0x00, 0xb2, 0x8f,
  0x1c, 0x00, 0xb1, 0x8f, 0x18, 0x00, 0xb0, 0x8f, 0x08, 0x00, 0xe0, 0x03,
  0x30, 0x00, 0xbd, 0x27, 0x00, 0x00, 0x00, 0x00, 0x00, 0x00, 0x00, 0x00,
  0xe0, 0xff, 0xbd, 0x27, 0xff, 0xff, 0x02, 0x24, 0x18, 0x00, 0xb0, 0xaf,
  0x80, 0xbf, 0x10, 0x3c, 0x1c, 0x00, 0xbf, 0xaf, 0x14, 0x16, 0x02, 0xae,
  0x04, 0x16, 0x02, 0x8e, 0xc3, 0xff, 0x03, 0x24, 0x24, 0x10, 0x43, 0x00,
  0xd0, 0x07, 0x04, 0x24, 0xa2, 0x0a, 0x11, 0x04, 0x04, 0x16, 0x02, 0xae,
  0x01, 0x00, 0x02, 0x24, 0x08, 0x16, 0x02, 0xae, 0x80, 0xbf, 0x04, 0x3c,
  0x04, 0x16, 0x00, 0xae, 0xe7, 0x03, 0x02, 0x24, 0xc0, 0xbf, 0x05, 0x3c,
  0x08, 0x16, 0x83, 0x8c, 0x00, 0x00, 0x00, 0x00, 0x01, 0x00, 0x63, 0x30,
  0x13, 0x00, 0x60, 0x10, 0x00, 0x00, 0x00, 0x00, 0x10, 0x00, 0xa0, 0xaf,
  0x00, 0x00, 0xa3, 0x8c, 0x10, 0x00, 0xa3, 0x8f, 0x00, 0x00, 0x00, 0x00,
  0xff, 0xff, 0x63, 0x24, 0x10, 0x00, 0xa3, 0xaf, 0x10, 0x00, 0xa3, 0x8f,
  0x00, 0x00, 0x00, 0x00, 0xf8, 0xff, 0x60, 0x1c, 0x00, 0x00, 0x00, 0x00,
  0xff, 0xff, 0x42, 0x24, 0xef, 0xff, 0x40, 0x14, 0x00, 0x00, 0x00, 0x00,
  0xff, 0xff, 0x02, 0x24, 0x1c, 0x00, 0xbf, 0x8f, 0x18, 0x00, 0xb0, 0x8f,
  0x08, 0x00, 0xe0, 0x03, 0x20, 0x00, 0xbd, 0x27, 0xfb, 0xff, 0x00, 0x10,
  0x25, 0x10, 0x00, 0x00, 0x00, 0x00, 0x02, 0x3c, 0x94, 0x58, 0x42, 0x8c,
  0xe0, 0xff, 0xbd, 0x27, 0xdc, 0x00, 0x43, 0x8c, 0x14, 0x00, 0xb1, 0xaf,
  0x00, 0x00, 0x51, 0x8c, 0x01, 0x00, 0x63, 0x24, 0x18, 0x00, 0xb2, 0xaf,
  0x1c, 0x00, 0xbf, 0xaf, 0x0c, 0x00, 0x32, 0x8e, 0x10, 0x00, 0xb0, 0xaf,
  0xdc, 0x00, 0x43, 0xac, 0x10, 0x00, 0x23, 0x8e, 0x04, 0x00, 0x45, 0x8c,
  0x24, 0x90, 0x43, 0x02, 0x01, 0x00, 0x43, 0x32, 0x08, 0x00, 0x60, 0x10,
  0x01, 0x00, 0x03, 0x24, 0x0c, 0x00, 0x23, 0xae, 0xfe, 0xff, 0x03, 0x24,
  0x24, 0x90, 0x43, 0x02, 0xe0, 0x00, 0x43, 0x8c, 0x00, 0x00, 0x00, 0x00,
  0x01, 0x00, 0x63, 0x24, 0xe0, 0x00, 0x43, 0xac, 0x84, 0x00, 0xa4, 0x8c,
  0x00, 0x00, 0x00, 0x00, 0x10, 0x00, 0x82, 0x2c, 0x14, 0x00, 0x40, 0x14,
  0x25, 0x80, 0x40, 0x02, 0xf0, 0xff, 0x02, 0x24, 0x24, 0x20, 0x82, 0x00,
  0x02, 0x00, 0x02, 0x24, 0x84, 0x00, 0xa0, 0xac, 0x25, 0x18, 0x00, 0x00,
  0x0c, 0x00, 0x22, 0xae, 0x08, 0x00, 0x82, 0x8c, 0x08, 0x00, 0x83, 0xac,
  0x64, 0x00, 0x40, 0x14, 0x25, 0x18, 0x80, 0x00, 0x00, 0x00, 0x02, 0x3c,
  0x94, 0x58, 0x42, 0x8c, 0x62, 0x00, 0x80, 0x14, 0xfd, 0xff, 0x10, 0x24,
  0xe4, 0x00, 0x43, 0x8c, 0x00, 0x00, 0x00, 0x00, 0x01, 0x00, 0x63, 0x24,
  0x24, 0x80, 0x50, 0x02, 0xe4, 0x00, 0x43, 0xac, 0x04, 0x00, 0x02, 0x32,
  0x0c, 0x00, 0x40, 0x10, 0x04, 0x00, 0x02, 0x24, 0x0c, 0x00, 0x22, 0xae,
  0xe6, 0xf9, 0x11, 0x04, 0x00, 0x00, 0x00, 0x00, 0x00, 0x00, 0x03, 0x3c,
  0x94, 0x58, 0x63, 0x8c, 0xfb, 0xff, 0x02, 0x24, 0x24, 0x80, 0x02, 0x02,
  0xe8, 0x00, 0x62, 0x8c, 0x00, 0x00, 0x00, 0x00, 0x01, 0x00, 0x42, 0x24,
  0xe8, 0x00, 0x62, 0xac, 0x08, 0x00, 0x02, 0x32, 0x0a, 0x00, 0x40, 0x10,
  0x08, 0x00, 0x02, 0x24, 0x00, 0x00, 0x03, 0x3c, 0x94, 0x58, 0x63, 0x8c,
  0x0c, 0x00, 0x22, 0xae, 0xf7, 0xff, 0x02, 0x24, 0x24, 0x80, 0x02, 0x02,
  0xec, 0x00, 0x62, 0x8c, 0x00, 0x00, 0x00, 0x00, 0x01, 0x00, 0x42, 0x24,
  0xec, 0x00, 0x62, 0xac, 0x10, 0x00, 0x02, 0x32, 0x0a, 0x00, 0x40, 0x10,
  0x10, 0x00, 0x02, 0x24, 0x00, 0x00, 0x03, 0x3c, 0x94, 0x58, 0x63, 0x8c,
  0x0c, 0x00, 0x22, 0xae, 0xef, 0xff, 0x02, 0x24, 0x24, 0x80, 0x02, 0x02,
  0xf0, 0x00, 0x62, 0x8c, 0x00, 0x00, 0x00, 0x00, 0x01, 0x00, 0x42, 0x24,
  0xf0, 0x00, 0x62, 0xac, 0x20, 0x00, 0x02, 0x32, 0x0a, 0x00, 0x40, 0x10,
  0x20, 0x00, 0x02, 0x24, 0x00, 0x00, 0x03, 0x3c, 0x94, 0x58, 0x63, 0x8c,
  0x0c, 0x00, 0x22, 0xae, 0xdf, 0xff, 0x02, 0x24, 0x24, 0x80, 0x02, 0x02,
  0xf4, 0x00, 0x62, 0x8c, 0x00, 0x00, 0x00, 0x00, 0x01, 0x00, 0x42, 0x24,
  0xf4, 0x00, 0x62, 0xac, 0x40, 0x00, 0x02, 0x32, 0x0c, 0x00, 0x40, 0x10,
  0x40, 0x00, 0x02, 0x24, 0x0c, 0x00, 0x22, 0xae, 0xd2, 0xfd, 0x11, 0x04,
  0x00, 0x00, 0x00, 0x00, 0x00, 0x00, 0x03, 0x3c, 0x94, 0x58, 0x63, 0x8c,
  0xbf, 0xff, 0x02, 0x24, 0x24, 0x80, 0x02, 0x02, 0xf8, 0x00, 0x62, 0x8c,
  0x00, 0x00, 0x00, 0x00, 0x01, 0x00, 0x42, 0x24, 0xf8, 0x00, 0x62, 0xac,
  0x00, 0x40, 0x02, 0x3c, 0x24, 0x18, 0x02, 0x02, 0x0b, 0x00, 0x60, 0x10,
  0x00, 0x00, 0x00, 0x00, 0x00, 0x00, 0x03, 0x3c, 0x94, 0x58, 0x63, 0x8c,
  0x0c, 0x00, 0x22, 0xae, 0xff, 0xbf, 0x02, 0x3c, 0xff, 0xff, 0x42, 0x34,
  0x24, 0x80, 0x02, 0x02, 0xfc, 0x00, 0x62, 0x8c, 0x00, 0x00, 0x00, 0x00,
  0x01, 0x00, 0x42, 0x24, 0xfc, 0x00, 0x62, 0xac, 0xff, 0x7f, 0x02, 0x3c,
  0xff, 0xff, 0x42, 0x34, 0x24, 0x80, 0x02, 0x02, 0x02, 0x00, 0x00, 0x12,
  0x00, 0x00, 0x00, 0x00, 0x14, 0x00, 0x30, 0xae, 0x1c, 0x00, 0xbf, 0x8f,
  0x18, 0x00, 0xb2, 0x8f, 0x14, 0x00, 0xb1, 0x8f, 0x10, 0x00, 0xb0, 0x8f,
  0x08, 0x00, 0xe0, 0x03, 0x20, 0x00, 0xbd, 0x27, 0x98, 0xff, 0x00, 0x10,
  0x25, 0x20, 0x40, 0x00, 0x10, 0x00, 0x43, 0x8c, 0x08, 0x00, 0x90, 0x8c,
  0x2b, 0x18, 0x83, 0x00, 0x06, 0x00, 0x60, 0x14, 0x00, 0x00, 0x00, 0x00,
  0x14, 0x00, 0x43, 0x8c, 0x00, 0x00, 0x00, 0x00, 0x2b, 0x18, 0x83, 0x00,
  0x0f, 0x00, 0x60, 0x14, 0x00, 0x00, 0x00, 0x00, 0x1c, 0x00, 0x43, 0x8c,
  0x00, 0x00, 0x00, 0x00, 0x2b, 0x18, 0x83, 0x00, 0x08, 0x00, 0x60, 0x14,
  0x00, 0x00, 0x00, 0x00, 0x20, 0x00, 0x42, 0x8c, 0x00, 0x00, 0x00, 0x00,
  0x2b, 0x10, 0x82, 0x00, 0x03, 0x00, 0x40, 0x10, 0x00, 0x00, 0x00, 0x00,
  0x8f, 0xfe, 0x11, 0x04, 0x00, 0x00, 0x00, 0x00, 0x84, 0xff, 0x00, 0x10,
  0x25, 0x20, 0x00, 0x02, 0xeb, 0xfd, 0x11, 0x04, 0x00, 0x00, 0x00, 0x00,
  0x80, 0xff, 0x00, 0x10, 0x25, 0x20, 0x00, 0x02, 0x00, 0x00, 0x02, 0x3c,
  0x94, 0x58, 0x42, 0x8c, 0xf8, 0xff, 0xbd, 0x27, 0x00, 0x00, 0x43, 0x8c,
  0x00, 0x80, 0x02, 0x3c, 0xc0, 0xbf, 0x04, 0x3c, 0x00, 0x00, 0xa0, 0xaf,
  0x14, 0x00, 0x62, 0xac, 0x00, 0x00, 0x82, 0x8c, 0x00, 0x00, 0xa2, 0x8f,
  0x00, 0x00, 0x00, 0x00, 0xff, 0xff, 0x42, 0x24, 0x00, 0x00, 0xa2, 0xaf,
  0x00, 0x00, 0xa2, 0x8f, 0x00, 0x00, 0x00, 0x00, 0xf8, 0xff, 0x40, 0x1c,
  0x00, 0x80, 0x02, 0x3c, 0x10, 0x00, 0x62, 0xac, 0x08, 0x00, 0xe0, 0x03,
  0x08, 0x00, 0xbd, 0x27, 0xc8, 0xff, 0xbd, 0x27, 0x34, 0x00, 0xbf, 0xaf,
  0x30, 0x00, 0xbe, 0xaf, 0x2c, 0x00, 0xb7, 0xaf, 0x28, 0x00, 0xb6, 0xaf,
  0x24, 0x00, 0xb5, 0xaf, 0x20, 0x00, 0xb4, 0xaf, 0x1c, 0x00, 0xb3, 0xaf,
  0x18, 0x00, 0xb2, 0xaf, 0x14, 0x00, 0xb1, 0xaf, 0x0d, 0xff, 0x11, 0x04,
  0x10, 0x00, 0xb0, 0xaf, 0xff, 0xff, 0x03, 0x24, 0x30, 0x00, 0x43, 0x10,
  0x00, 0x00, 0x00, 0x00, 0x00, 0x00, 0x11, 0x3c, 0x90, 0x57, 0x31, 0x26,
  0x10, 0x00, 0x26, 0x8e, 0x5c, 0x00, 0x17, 0x24, 0x18, 0x00, 0xe6, 0x02,
  0x00, 0x00, 0x25, 0x8e, 0xc4, 0x00, 0x12, 0x24, 0x80, 0xbf, 0x1e, 0x3c,
  0x70, 0x15, 0xc2, 0x8f, 0x00, 0x08, 0x03, 0x3c, 0x25, 0x10, 0x43, 0x00,
  0x70, 0x15, 0xc2, 0xaf, 0x01, 0x00, 0x02, 0x24, 0x04, 0x00, 0x24, 0x8e,
  0x08, 0x00, 0x23, 0x8e, 0x80, 0x16, 0xc2, 0xaf, 0x12, 0x98, 0x00, 0x00,
  0x0c, 0x00, 0x22, 0x8e, 0x00, 0x00, 0x00, 0x00, 0x18, 0x00, 0xb2, 0x00,
  0x12, 0x30, 0x00, 0x00, 0x21, 0x98, 0x66, 0x02, 0x14, 0x00, 0x26, 0x8e,
  0x3c, 0x05, 0x73, 0x26, 0x18, 0x00, 0xa6, 0x00, 0x12, 0x28, 0x00, 0x00,
  0x21, 0x98, 0x65, 0x02, 0x21, 0x28, 0x43, 0x00, 0x21, 0x18, 0x64, 0x00,
  0x40, 0x10, 0x02, 0x00, 0x21, 0x10, 0x43, 0x00, 0x80, 0x18, 0x04, 0x00,
  0x21, 0x18, 0x64, 0x00, 0x80, 0x28, 0x05, 0x00, 0x21, 0x10, 0x43, 0x00,
  0x21, 0x98, 0x65, 0x02, 0x00, 0x11, 0x02, 0x00, 0x21, 0x98, 0x62, 0x02,
  0x16, 0x01, 0x11, 0x04, 0x25, 0x20, 0x60, 0x02, 0x06, 0x00, 0x40, 0x10,
  0x25, 0xb0, 0x40, 0x00, 0xff, 0x00, 0x42, 0x30, 0x10, 0x00, 0x40, 0x10,
  0x25, 0x30, 0x60, 0x02, 0x21, 0x01, 0x11, 0x04, 0x25, 0x20, 0xc0, 0x02,
  0xff, 0xff, 0x02, 0x24, 0x34, 0x00, 0xbf, 0x8f, 0x30, 0x00, 0xbe, 0x8f,
  0x2c, 0x00, 0xb7, 0x8f, 0x28, 0x00, 0xb6, 0x8f, 0x24, 0x00, 0xb5, 0x8f,
  0x20, 0x00, 0xb4, 0x8f, 0x1c, 0x00, 0xb3, 0x8f, 0x18, 0x00, 0xb2, 0x8f,
  0x14, 0x00, 0xb1, 0x8f, 0x10, 0x00, 0xb0, 0x8f, 0x08, 0x00, 0xe0, 0x03,
  0x38, 0x00, 0xbd, 0x27, 0x25, 0x28, 0x00, 0x00, 0x00, 0x00, 0x01, 0x3c,
  0x70, 0x58, 0x36, 0xac, 0xa3, 0x09, 0x11, 0x04, 0x25, 0x20, 0xc0, 0x02,
  0x00, 0x00, 0x28, 0x8e, 0x10, 0x00, 0x24, 0x8e, 0x18, 0x00, 0x12, 0x01,
  0xe0, 0xff, 0x02, 0x24, 0x1b, 0x01, 0xd4, 0x26, 0x24, 0xa0, 0x82, 0x02,
  0x0c, 0x00, 0x22, 0x8e, 0x08, 0x00, 0x29, 0x8e, 0x04, 0x00, 0x26, 0x8e,
  0x40, 0xa9, 0x02, 0x00, 0x00, 0x39, 0x09, 0x00, 0x21, 0xa8, 0x95, 0x02,
  0x21, 0x38, 0xa7, 0x02, 0x00, 0x81, 0x06, 0x00, 0x12, 0x90, 0x00, 0x00,
  0x21, 0x80, 0xf0, 0x00, 0x20, 0x04, 0x03, 0x26, 0x18, 0x00, 0xe4, 0x02,
  0x00, 0x00, 0x01, 0x3c, 0x94, 0x58, 0x23, 0xac, 0x80, 0x18, 0x06, 0x00,
  0x21, 0x18, 0x66, 0x00, 0x2c, 0x05, 0x05, 0x26, 0x00, 0x19, 0x03, 0x00,
  0x21, 0x18, 0xa3, 0x00, 0x21, 0x90, 0x72, 0x00, 0x80, 0x10, 0x02, 0x00,
  0x00, 0x16, 0xde, 0x27, 0x80, 0x48, 0x09, 0x00, 0x20, 0x04, 0x1e, 0xae,
  0x12, 0x50, 0x00, 0x00, 0x21, 0x50, 0x4a, 0x02, 0x21, 0x20, 0x42, 0x01,
  0x20, 0x00, 0x22, 0x8e, 0x48, 0x04, 0x0a, 0xae, 0x21, 0x10, 0x53, 0x00,
  0x20, 0x00, 0x22, 0xae, 0xff, 0x1f, 0x02, 0x3c, 0xff, 0xff, 0x42, 0x34,
  0x24, 0x10, 0xc2, 0x02, 0x00, 0xa0, 0x0a, 0x3c, 0x25, 0x10, 0x4a, 0x00,
  0x24, 0x04, 0x02, 0xae, 0x28, 0x04, 0x10, 0xae, 0x44, 0x04, 0x04, 0xae,
  0x64, 0x04, 0x05, 0xae, 0x25, 0x98, 0x00, 0x02, 0x25, 0x10, 0x00, 0x00,
  0x2a, 0x50, 0x46, 0x00, 0x5e, 0x00, 0x40, 0x15, 0x00, 0x00, 0x00, 0x00,
  0x14, 0x00, 0x26, 0x8e, 0x21, 0x10, 0x89, 0x00, 0x74, 0x04, 0x00, 0xae,
  0x70, 0x04, 0x00, 0xae, 0x58, 0x04, 0x03, 0xae, 0x25, 0x20, 0x00, 0x00,
  0x2a, 0x28, 0x88, 0x00, 0x64, 0x00, 0xa0, 0x14, 0x00, 0x00, 0x00, 0x00,
  0x48, 0xf7, 0x11, 0x04, 0x25, 0x20, 0x00, 0x00, 0x28, 0x05, 0x02, 0xae,
  0x00, 0x00, 0x02, 0x3c, 0x94, 0x58, 0x42, 0x8c, 0x01, 0x00, 0x05, 0x24,
  0x08, 0x01, 0x44, 0x8c, 0x02, 0x00, 0x02, 0x24, 0x40, 0xf7, 0x11, 0x04,
  0x1c, 0x00, 0x82, 0xac, 0x00, 0x00, 0x02, 0x3c, 0x94, 0x58, 0x42, 0x8c,
  0x00, 0x00, 0x00, 0x00, 0x08, 0x01, 0x44, 0x8c, 0x3a, 0xf7, 0x11, 0x04,
  0x02, 0x00, 0x05, 0x24, 0x00, 0x00, 0x02, 0x3c, 0x94, 0x58, 0x42, 0x8c,
  0x10, 0x00, 0x26, 0x8e, 0x2c, 0x00, 0x52, 0xac, 0x25, 0x18, 0x40, 0x02,
  0x25, 0x20, 0x00, 0x00, 0x2a, 0x28, 0x86, 0x00, 0x5c, 0x00, 0xa0, 0x14,
  0x00, 0x00, 0x00, 0x00, 0x08, 0x00, 0x23, 0x8e, 0x0c, 0x00, 0x55, 0xac,
  0x00, 0x21, 0x03, 0x00, 0x21, 0x20, 0xa4, 0x02, 0x10, 0x00, 0x55, 0xac,
  0x14, 0x00, 0x44, 0xac, 0x10, 0x00, 0xb5, 0x26, 0x25, 0x20, 0x00, 0x00,
  0xff, 0xff, 0x63, 0x24, 0x2a, 0x28, 0x83, 0x00, 0x5c, 0x00, 0xa0, 0x14,
  0x00, 0x00, 0x00, 0x00, 0x0c, 0x00, 0x23, 0x8e, 0x18, 0x00, 0x54, 0xac,
  0x40, 0x21, 0x03, 0x00, 0x21, 0x20, 0x84, 0x02, 0x1c, 0x00, 0x54, 0xac,
  0x20, 0x00, 0x44, 0xac, 0x20, 0x00, 0x94, 0x26, 0x25, 0x10, 0x00, 0x00,
  0xff, 0xff, 0x63, 0x24, 0x2a, 0x20, 0x43, 0x00, 0x54, 0x00, 0x80, 0x14,
  0x00, 0x40, 0x06, 0x24, 0xe1, 0xff, 0x02, 0x24, 0xe1, 0xff, 0x07, 0x24,
  0x20, 0x00, 0x05, 0x24, 0x53, 0x00, 0x47, 0x14, 0x00, 0x00, 0x66, 0xae,
  0x0c, 0x00, 0x60, 0xae, 0x01, 0x00, 0x42, 0x24, 0xfb, 0xff, 0x45, 0x14,
  0x10, 0x00, 0x73, 0x26, 0x80, 0xbf, 0x02, 0x3c, 0x00, 0x40, 0x03, 0x24,
  0xf0, 0x03, 0x04, 0x26, 0xf0, 0x03, 0x03, 0xae, 0x20, 0x16, 0x44, 0xac,
  0x00, 0x04, 0x04, 0x26, 0x00, 0x04, 0x03, 0xae, 0x28, 0x16, 0x44, 0xac,
  0x10, 0x04, 0x03, 0xae, 0x10, 0x04, 0x03, 0x26, 0x0c, 0x00, 0x03, 0xae,
  0x78, 0x27, 0x03, 0x3c, 0xdf, 0x2e, 0x63, 0x24, 0x18, 0x16, 0x56, 0xac,
  0x34, 0x16, 0x43, 0xac, 0x2f, 0x2a, 0x03, 0x24, 0x40, 0x16, 0x43, 0xac,
  0x00, 0x80, 0x03, 0x3c, 0x73, 0x00, 0x63, 0x24, 0x10, 0x16, 0x43, 0xac,
  0x04, 0x16, 0x43, 0x8c, 0x00, 0x00, 0x00, 0x00, 0xbf, 0x00, 0x63, 0x34,
  0x04, 0x16, 0x43, 0xac, 0x60, 0xff, 0x00, 0x10, 0x25, 0x10, 0x00, 0x00,
  0x00, 0x51, 0x02, 0x00, 0x21, 0x50, 0xea, 0x00, 0x24, 0x00, 0xaa, 0xac,
  0x6c, 0x04, 0x0a, 0x8e, 0x00, 0x00, 0xa2, 0xac, 0x07, 0x00, 0x40, 0x11,
  0x0c, 0x00, 0xaa, 0xac, 0x08, 0x00, 0x45, 0xad, 0x08, 0x00, 0xa0, 0xac,
  0x01, 0x00, 0x42, 0x24, 0x6c, 0x04, 0x05, 0xae, 0x94, 0xff, 0x00, 0x10,
  0x50, 0x00, 0xa5, 0x24, 0xfa, 0xff, 0x00, 0x10, 0x68, 0x04, 0x05, 0xae,
  0xff, 0x00, 0x85, 0x30, 0x19, 0x00, 0x64, 0xa0, 0xac, 0x00, 0x62, 0xac,
  0x00, 0x00, 0x65, 0xac, 0x60, 0x04, 0x05, 0x8e, 0x00, 0x00, 0x00, 0x00,
  0x08, 0x00, 0xa0, 0x10, 0x08, 0x00, 0x65, 0xac, 0x04, 0x00, 0xa3, 0xac,
  0x04, 0x00, 0x60, 0xac, 0x01, 0x00, 0x84, 0x24, 0x60, 0x04, 0x03, 0xae,
  0x21, 0x10, 0x46, 0x00, 0x8c, 0xff, 0x00, 0x10, 0xc4, 0x00, 0x63, 0x24,
  0xf9, 0xff, 0x00, 0x10, 0x5c, 0x04, 0x03, 0xae, 0x34, 0x00, 0x45, 0x8c,
  0x00, 0x00, 0x64, 0xac, 0x07, 0x00, 0xa0, 0x10, 0x0c, 0x00, 0x65, 0xac,
  0x08, 0x00, 0xa3, 0xac, 0x08, 0x00, 0x60, 0xac, 0x01, 0x00, 0x84, 0x24,
  0x34, 0x00, 0x43, 0xac, 0x99, 0xff, 0x00, 0x10, 0x5c, 0x00, 0x63, 0x24,
  0xfa, 0xff, 0x00, 0x10, 0x30, 0x00, 0x43, 0xac, 0xf8, 0xff, 0xb5, 0xae,
  0x01, 0x00, 0x84, 0x24, 0x9f, 0xff, 0x00, 0x10, 0x10, 0x00, 0xb5, 0x26,
  0xe8, 0xff, 0x94, 0xae, 0x01, 0x00, 0x42, 0x24, 0xa7, 0xff, 0x00, 0x10,
  0x20, 0x00, 0x94, 0x26, 0x1e, 0x00, 0x43, 0x24, 0x43, 0x18, 0x03, 0x00,
  0x00, 0x19, 0x03, 0x00, 0x21, 0x18, 0x03, 0x02, 0xaa, 0xff, 0x40, 0x04,
  0x0c, 0x00, 0x63, 0xae, 0x00, 0x19, 0x02, 0x00, 0x80, 0x20, 0x02, 0x00,
  0x08, 0x00, 0x84, 0x30, 0x10, 0x00, 0x63, 0x30, 0x25, 0x18, 0x64, 0x00,
  0x04, 0x00, 0x44, 0x30, 0x21, 0x18, 0x64, 0x00, 0x83, 0x20, 0x02, 0x00,
  0x02, 0x00, 0x84, 0x30, 0x21, 0x18, 0x64, 0x00, 0x03, 0x21, 0x02, 0x00,
  0x21, 0x18, 0x64, 0x00, 0x80, 0x18, 0x03, 0x00, 0x21, 0x18, 0xc3, 0x02,
  0x9a, 0xff, 0x00, 0x10, 0x00, 0x00, 0x73, 0xac, 0xe0, 0xff, 0xbd, 0x27,
  0x14, 0x00, 0xb0, 0xaf, 0x1c, 0x00, 0xbf, 0xaf, 0xea, 0xfd, 0x11, 0x04,
  0x18, 0x00, 0xb1, 0xaf, 0x00, 0x00, 0x02, 0x3c, 0x94, 0x58, 0x42, 0x8c,
  0x00, 0x00, 0x00, 0x00, 0x3c, 0x00, 0x50, 0x8c, 0x00, 0x00, 0x00, 0x00,
  0x08, 0x00, 0x00, 0x16, 0x00, 0x00, 0x00, 0x00, 0x1c, 0x00, 0xbf, 0x8f,
  0x18, 0x00, 0xb1, 0x8f, 0x14, 0x00, 0xb0, 0x8f, 0x00, 0x00, 0x04, 0x3c,
  0x70, 0x58, 0x84, 0x8c, 0x22, 0x00, 0x00, 0x10, 0x20, 0x00, 0xbd, 0x27,
  0xbc, 0x00, 0x04, 0x8e, 0x00, 0x00, 0x00, 0x00, 0x04, 0x00, 0x80, 0x14,
  0x00, 0x00, 0x00, 0x00, 0x04, 0x00, 0x10, 0x8e, 0xf1, 0xff, 0x00, 0x10,
  0x00, 0x00, 0x00, 0x00, 0x00, 0x00, 0x91, 0x8c, 0x18, 0x00, 0x11, 0x04,
  0x00, 0x00, 0x00, 0x00, 0xf7, 0xff, 0x00, 0x10, 0x25, 0x20, 0x20, 0x02,
  0x00, 0x00, 0x00, 0x00, 0x00, 0x00, 0x00, 0x00, 0x00, 0x00, 0x00, 0x00,
  0xe0, 0xff, 0xbd, 0x27, 0x20, 0x00, 0xa4, 0xaf, 0x10, 0x00, 0xa4, 0x27,
  0x1c, 0x00, 0xbf, 0xaf, 0x56, 0x08, 0x11, 0x04, 0x18, 0x00, 0xb0, 0xaf,
  0x20, 0x00, 0xa5, 0x8f, 0x25, 0x30, 0x00, 0x00, 0x34, 0x08, 0x11, 0x04,
  0x25, 0x20, 0x00, 0x00, 0x10, 0x00, 0xa4, 0x8f, 0x51, 0x08, 0x11, 0x04,
  0x25, 0x80, 0x40, 0x00, 0x1c, 0x00, 0xbf, 0x8f, 0x25, 0x10, 0x00, 0x02,
  0x18, 0x00, 0xb0, 0x8f, 0x08, 0x00, 0xe0, 0x03, 0x20, 0x00, 0xbd, 0x27,
  0xe0, 0xff, 0xbd, 0x27, 0x20, 0x00, 0xa4, 0xaf, 0x10, 0x00, 0xa4, 0x27,
  0x1c, 0x00, 0xbf, 0xaf, 0x44, 0x08, 0x11, 0x04, 0x18, 0x00, 0xb0, 0xaf,
  0x20, 0x00, 0xa4, 0x8f, 0x25, 0x08, 0x11, 0x04, 0x00, 0x00, 0x00, 0x00,
  0x10, 0x00, 0xa4, 0x8f, 0x40, 0x08, 0x11, 0x04, 0x25, 0x80, 0x40, 0x00,
  0x1c, 0x00, 0xbf, 0x8f, 0x25, 0x10, 0x00, 0x02, 0x18, 0x00, 0xb0, 0x8f,
  0x08, 0x00, 0xe0, 0x03, 0x20, 0x00, 0xbd, 0x27, 0x00, 0x00, 0x04, 0x3c,
  0xc0, 0x57, 0x84, 0x8c, 0x73, 0x08, 0x00, 0x10, 0x00, 0x00, 0x00, 0x00,
  0x00, 0x00, 0x04, 0x3c, 0xc0, 0x57, 0x84, 0x8c, 0x6d, 0x08, 0x00, 0x10,
  0x00, 0x00, 0x00, 0x00, 0x00, 0x00, 0x00, 0x00, 0xe0, 0xff, 0xbd, 0x27,
  0x18, 0x00, 0xb0, 0xaf, 0x25, 0x80, 0x80, 0x00, 0x1c, 0x00, 0xbf, 0xaf,
  0x2a, 0x08, 0x11, 0x04, 0x10, 0x00, 0xa4, 0x27, 0x00, 0x00, 0x02, 0x3c,
  0x8c, 0x58, 0x42, 0x8c, 0x00, 0x00, 0x00, 0x00, 0x10, 0x00, 0x40, 0x14,
  0x0c, 0x00, 0x02, 0xae, 0x00, 0x00, 0x01, 0x3c, 0x90, 0x58, 0x30, 0xac,
  0x10, 0x00, 0xa4, 0x8f, 0x08, 0x00, 0x00, 0xae, 0x00, 0x00, 0x01, 0x3c,
  0x20, 0x08, 0x11, 0x04, 0x8c, 0x58, 0x30, 0xac, 0x00, 0x00, 0x04, 0x3c,
  0xd0, 0x57, 0x84, 0x8c, 0x45, 0x08, 0x11, 0x04, 0x01, 0x00, 0x05, 0x24,
  0x1c, 0x00, 0xbf, 0x8f, 0x18, 0x00, 0xb0, 0x8f, 0x08, 0x00, 0xe0, 0x03,
  0x20, 0x00, 0xbd, 0x27, 0xf2, 0xff, 0x00, 0x10, 0x08, 0x00, 0x50, 0xac,
  0xb0, 0xff, 0xbd, 0x27, 0x48, 0x00, 0xb7, 0xaf, 0x44, 0x00, 0xb6, 0xaf,
  0x3c, 0x00, 0xb4, 0xaf, 0x38, 0x00, 0xb3, 0xaf, 0x34, 0x00, 0xb2, 0xaf,
  0x30, 0x00, 0xb1, 0xaf, 0x2c, 0x00, 0xb0, 0xaf, 0x60, 0x00, 0xb7, 0x8f,
  0x6c, 0x00, 0xb4, 0x8f, 0x4c, 0x00, 0xbf, 0xaf, 0x40, 0x00, 0xb5, 0xaf,
  0x25, 0xb0, 0x80, 0x00, 0x25, 0x98, 0xa0, 0x00, 0x25, 0x90, 0xc0, 0x00,
  0xcb, 0xff, 0x11, 0x04, 0x25, 0x88, 0xe0, 0x00, 0x53, 0x00, 0x40, 0x14,
  0x05, 0x01, 0x10, 0x24, 0x0f, 0xf6, 0x11, 0x04, 0x25, 0x20, 0x60, 0x02,
  0xb9, 0x00, 0x40, 0x14, 0x25, 0xa8, 0x40, 0x00, 0x4b, 0x00, 0x80, 0x16,
  0x02, 0x01, 0x10, 0x24, 0x0f, 0x00, 0x40, 0x12, 0x00, 0x00, 0x00, 0x00,
  0x0d, 0x00, 0x20, 0x1a, 0x00, 0x00, 0x00, 0x00, 0xc1, 0x00, 0x00, 0x16,
  0x00, 0x00, 0x00, 0x00, 0x48, 0x00, 0xa5, 0x8e, 0x00, 0x00, 0x00, 0x00,
  0xa9, 0x00, 0xa0, 0x10, 0x03, 0x00, 0x42, 0x32, 0xa7, 0x00, 0x40, 0x10,
  0x00, 0x00, 0x00, 0x00, 0x3d, 0x00, 0x80, 0x16, 0x06, 0x01, 0x10, 0x24,
  0xb9, 0x00, 0x20, 0x1e, 0x00, 0x00, 0x00, 0x00, 0x7e, 0x00, 0x00, 0x12,
  0x00, 0x00, 0x00, 0x00, 0x37, 0x00, 0x00, 0x10, 0x00, 0x00, 0x00, 0x00,
  0x28, 0x00, 0xa3, 0x8e, 0x00, 0x00, 0x00, 0x00, 0xaf, 0x00, 0x62, 0x14,
  0x25, 0x18, 0x00, 0x00, 0x25, 0x88, 0x00, 0x00, 0x0d, 0x00, 0x70, 0x14,
  0x04, 0x00, 0x62, 0x24, 0xff, 0xff, 0x22, 0x26, 0x21, 0x10, 0x52, 0x00,
  0x02, 0x13, 0x02, 0x00, 0x02, 0x1b, 0x12, 0x00, 0x23, 0x10, 0x43, 0x00,
  0x02, 0x00, 0x42, 0x2c, 0x61, 0x00, 0x40, 0x10, 0x00, 0x00, 0x00, 0x00,
  0x61, 0x00, 0x80, 0x12, 0x25, 0x80, 0x00, 0x00, 0x69, 0x00, 0x00, 0x10,
  0x00, 0x00, 0x00, 0x00, 0x40, 0x10, 0x02, 0x00, 0x21, 0x10, 0x82, 0x02,
  0x04, 0x00, 0x44, 0x94, 0x24, 0x00, 0xa2, 0x8e, 0xff, 0x07, 0x84, 0x30,
  0x02, 0x00, 0x42, 0x94, 0x00, 0x00, 0x00, 0x00, 0xff, 0x07, 0x42, 0x30,
  0x2b, 0x10, 0x44, 0x00, 0x91, 0x00, 0x40, 0x14, 0x00, 0x00, 0x00, 0x00,
  0x05, 0x00, 0xa0, 0x10, 0x21, 0x88, 0x24, 0x02, 0x21, 0x10, 0x51, 0x02,
  0x03, 0x00, 0x42, 0x30, 0x8d, 0x00, 0x40, 0x14, 0x00, 0x00, 0x00, 0x00,
  0xe0, 0xff, 0x00, 0x10, 0x01, 0x00, 0x63, 0x24, 0x03, 0x00, 0x42, 0x32,
  0x53, 0x00, 0x40, 0x10, 0x00, 0x00, 0x00, 0x00, 0x00, 0x00, 0xe2, 0x82,
  0x00, 0x00, 0x00, 0x00, 0x4f, 0x00, 0x40, 0x04, 0x40, 0x00, 0x03, 0x24,
  0x24, 0x00, 0xa2, 0x8e, 0x00, 0x00, 0x00, 0x00, 0x02, 0x00, 0x42, 0x94,
  0x00, 0x00, 0x00, 0x00, 0xff, 0x07, 0x42, 0x30, 0x48, 0x00, 0x43, 0x14,
  0x3f, 0x00, 0x22, 0x2a, 0x46, 0x00, 0x40, 0x14, 0x06, 0x01, 0x10, 0x24,
  0x7b, 0xff, 0x11, 0x04, 0x00, 0x00, 0x00, 0x00, 0x4c, 0x00, 0xbf, 0x8f,
  0x48, 0x00, 0xb7, 0x8f, 0x44, 0x00, 0xb6, 0x8f, 0x40, 0x00, 0xb5, 0x8f,
  0x3c, 0x00, 0xb4, 0x8f, 0x38, 0x00, 0xb3, 0x8f, 0x34, 0x00, 0xb2, 0x8f,
  0x30, 0x00, 0xb1, 0x8f, 0x25, 0x10, 0x00, 0x02, 0x2c, 0x00, 0xb0, 0x8f,
  0x08, 0x00, 0xe0, 0x03, 0x50, 0x00, 0xbd, 0x27, 0x24, 0x00, 0xa2, 0x8e,
  0x00, 0x00, 0x00, 0x00, 0x02, 0x00, 0x42, 0x94, 0x00, 0x00, 0x00, 0x00,
  0xff, 0x07, 0x42, 0x30, 0x2b, 0x10, 0x51, 0x00, 0xeb, 0xff, 0x40, 0x14,
  0x03, 0x01, 0x10, 0x24, 0x2e, 0x00, 0x00, 0x10, 0x00, 0x00, 0x00, 0x00,
  0x47, 0x00, 0x00, 0x10, 0x30, 0x00, 0x77, 0xae, 0x05, 0x00, 0xe0, 0x16,
  0x00, 0x00, 0x00, 0x00, 0x24, 0xf6, 0x11, 0x04, 0x25, 0x20, 0x60, 0x02,
  0xe1, 0xff, 0x00, 0x10, 0x13, 0x01, 0x10, 0x24, 0x06, 0x00, 0xe2, 0x96,
  0x00, 0x00, 0x00, 0x00, 0x05, 0x00, 0x51, 0x10, 0x25, 0x28, 0x60, 0x02,
  0x1c, 0xf6, 0x11, 0x04, 0x25, 0x20, 0x60, 0x02, 0xd9, 0xff, 0x00, 0x10,
  0x03, 0x01, 0x10, 0x24, 0x00, 0x00, 0x02, 0x3c, 0x10, 0x34, 0x42, 0x24,
  0x20, 0x00, 0xa2, 0xaf, 0x1c, 0x00, 0xb2, 0xaf, 0x18, 0x00, 0xb1, 0xaf,
  0x04, 0x00, 0xe2, 0x96, 0x00, 0x00, 0x00, 0x00, 0x14, 0x00, 0xa2, 0xaf,
  0x02, 0x00, 0xe2, 0x96, 0x00, 0x00, 0x00, 0x00, 0x10, 0x00, 0xa2, 0xaf,
  0x01, 0x00, 0xe7, 0x92, 0x00, 0x00, 0xe6, 0x92, 0xea, 0x05, 0x11, 0x04,
  0x25, 0x20, 0xa0, 0x02, 0xc8, 0xff, 0x00, 0x10, 0x25, 0x80, 0x40, 0x00,
  0x3e, 0x00, 0x80, 0x16, 0x03, 0x01, 0x10, 0x24, 0x8a, 0xff, 0x20, 0x1a,
  0x00, 0x00, 0x00, 0x00, 0xc2, 0xff, 0x00, 0x16, 0x3f, 0x00, 0x03, 0x24,
  0x28, 0x00, 0xa2, 0x8e, 0x00, 0x00, 0x00, 0x00, 0xae, 0xff, 0x43, 0x10,
  0x41, 0x00, 0x03, 0x24, 0xca, 0xff, 0x43, 0x10, 0x00, 0x00, 0x00, 0x00,
  0xe4, 0xf5, 0x11, 0x04, 0x12, 0x01, 0x10, 0x24, 0xb8, 0xff, 0x40, 0x10,
  0x25, 0x98, 0x40, 0x00, 0x68, 0x00, 0xa2, 0x8f, 0x3f, 0x00, 0x03, 0x24,
  0x34, 0x00, 0x62, 0xae, 0x64, 0x00, 0xa2, 0x8f, 0x3c, 0x00, 0x76, 0xae,
  0x38, 0x00, 0x62, 0xae, 0x28, 0x00, 0xa2, 0x8e, 0x00, 0x00, 0x00, 0x00,
  0xc8, 0xff, 0x43, 0x10, 0x48, 0x00, 0x60, 0xae, 0x41, 0x00, 0x03, 0x24,
  0x00, 0x00, 0x10, 0x3c, 0x10, 0x34, 0x10, 0x26, 0x09, 0x00, 0x43, 0x14,
  0xff, 0xff, 0x31, 0x32, 0xbf, 0xff, 0x80, 0x12, 0x1c, 0x00, 0x06, 0x24,
  0x04, 0x00, 0x82, 0x8e, 0x00, 0x00, 0x00, 0x00, 0x30, 0x00, 0x62, 0xae,
  0x25, 0x28, 0x80, 0x02, 0x9e, 0x07, 0x11, 0x04, 0x40, 0x00, 0x64, 0x26,
  0x10, 0x00, 0xb0, 0xaf, 0x25, 0x38, 0x20, 0x02, 0x25, 0x30, 0x40, 0x02,
  0x25, 0x28, 0x60, 0x02, 0x9a, 0x05, 0x11, 0x04, 0x25, 0x20, 0xa0, 0x02,
  0x99, 0xff, 0x00, 0x10, 0x25, 0x80, 0x40, 0x00, 0x61, 0xff, 0x80, 0x16,
  0x41, 0x00, 0x02, 0x24, 0x59, 0xff, 0x00, 0x10, 0x25, 0x80, 0x00, 0x00,
  0x49, 0xff, 0x80, 0x12, 0x25, 0x80, 0x00, 0x00, 0x08, 0x00, 0x90, 0x8e,
  0x00, 0x00, 0x00, 0x00, 0xff, 0xff, 0x02, 0x26, 0x08, 0x00, 0x42, 0x2c,
  0x05, 0x00, 0x40, 0x10, 0x00, 0x00, 0x00, 0x00, 0x00, 0x00, 0x92, 0x8e,
  0x00, 0x00, 0x00, 0x00, 0x45, 0xff, 0x40, 0x16, 0x00, 0x00, 0x00, 0x00,
  0x87, 0xff, 0x00, 0x10, 0x03, 0x01, 0x10, 0x24, 0x85, 0xff, 0x00, 0x10,
  0x06, 0x01, 0x10, 0x24, 0x83, 0xff, 0x00, 0x10, 0x02, 0x01, 0x10, 0x24,
  0x53, 0xff, 0x00, 0x12, 0xff, 0xff, 0x22, 0x26, 0x7f, 0xff, 0x00, 0x10,
  0x00, 0x00, 0x00, 0x00, 0x25, 0x10, 0x80, 0x03, 0x01, 0x00, 0x1c, 0x3c,
  0x50, 0xd8, 0x9c, 0x27, 0x08, 0x00, 0xe0, 0x03, 0x00, 0x00, 0x00, 0x00,
  0xe0, 0xff, 0xbd, 0x27, 0x18, 0x00, 0xb1, 0xaf, 0x14, 0x00, 0xb0, 0xaf,
  0x1c, 0x00, 0xbf, 0xaf, 0xf6, 0xff, 0x11, 0x04, 0x25, 0x80, 0x80, 0x00,
  0xea, 0xfe, 0x11, 0x04, 0x25, 0x88, 0x40, 0x00, 0x09, 0x00, 0x40, 0x10,
  0x25, 0x20, 0x00, 0x02, 0x25, 0xe0, 0x20, 0x02, 0x05, 0x01, 0x10, 0x24,
  0x1c, 0x00, 0xbf, 0x8f, 0x18, 0x00, 0xb1, 0x8f, 0x25, 0x10, 0x00, 0x02,
  0x14, 0x00, 0xb0, 0x8f, 0x08, 0x00, 0xe0, 0x03, 0x20, 0x00, 0xbd, 0x27,
  0x14, 0x04, 0x11, 0x04, 0x25, 0x28, 0x20, 0x02, 0xe0, 0xfe, 0x11, 0x04,
  0x25, 0x80, 0x40, 0x00, 0x25, 0xe0, 0x20, 0x02, 0xf4, 0xff, 0x00, 0x10,
  0x00, 0x00, 0x00, 0x00, 0xe0, 0xff, 0xbd, 0x27, 0x18, 0x00, 0xb1, 0xaf,
  0x14, 0x00, 0xb0, 0xaf, 0x1c, 0x00, 0xbf, 0xaf, 0xdd, 0xff, 0x11, 0x04,
  0x25, 0x80, 0x80, 0x00, 0xd1, 0xfe, 0x11, 0x04, 0x25, 0x88, 0x40, 0x00,
  0x09, 0x00, 0x40, 0x10, 0x25, 0x20, 0x00, 0x02, 0x25, 0xe0, 0x20, 0x02,
  0x05, 0x01, 0x10, 0x24, 0x1c, 0x00, 0xbf, 0x8f, 0x18, 0x00, 0xb1, 0x8f,
  0x25, 0x10, 0x00, 0x02, 0x14, 0x00, 0xb0, 0x8f, 0x08, 0x00, 0xe0, 0x03,
  0x20, 0x00, 0xbd, 0x27, 0x31, 0x04, 0x11, 0x04, 0x25, 0x28, 0x20, 0x02,
  0xc7, 0xfe, 0x11, 0x04, 0x25, 0x80, 0x40, 0x00, 0x25, 0xe0, 0x20, 0x02,
  0xf4, 0xff, 0x00, 0x10, 0x00, 0x00, 0x00, 0x00, 0xe0, 0xff, 0xbd, 0x27,
  0x18, 0x00, 0xb1, 0xaf, 0x14, 0x00, 0xb0, 0xaf, 0x1c, 0x00, 0xbf, 0xaf,
  0xc4, 0xff, 0x11, 0x04, 0x25, 0x80, 0x80, 0x00, 0xb8, 0xfe, 0x11, 0x04,
  0x25, 0x88, 0x40, 0x00, 0x08, 0x00, 0x40, 0x10, 0x25, 0xe0, 0x20, 0x02,
  0x05, 0x01, 0x10, 0x24, 0x1c, 0x00, 0xbf, 0x8f, 0x18, 0x00, 0xb1, 0x8f,
  0x25, 0x10, 0x00, 0x02, 0x14, 0x00, 0xb0, 0x8f, 0x08, 0x00, 0xe0, 0x03,
  0x20, 0x00, 0xbd, 0x27, 0x46, 0x04, 0x11, 0x04, 0x25, 0x20, 0x00, 0x02,
  0xaf, 0xfe, 0x11, 0x04, 0x25, 0x80, 0x40, 0x00, 0x25, 0xe0, 0x20, 0x02,
  0xf4, 0xff, 0x00, 0x10, 0x00, 0x00, 0x00, 0x00, 0xe0, 0xff, 0xbd, 0x27,
  0x18, 0x00, 0xb1, 0xaf, 0x1c, 0x00, 0xbf, 0xaf, 0xad, 0xff, 0x11, 0x04,
  0x14, 0x00, 0xb0, 0xaf, 0xa1, 0xfe, 0x11, 0x04, 0x25, 0x88, 0x40, 0x00,
  0x08, 0x00, 0x40, 0x10, 0x25, 0xe0, 0x20, 0x02, 0x05, 0x01, 0x10, 0x24,
  0x1c, 0x00, 0xbf, 0x8f, 0x18, 0x00, 0xb1, 0x8f, 0x25, 0x10, 0x00, 0x02,
  0x14, 0x00, 0xb0, 0x8f, 0x08, 0x00, 0xe0, 0x03, 0x20, 0x00, 0xbd, 0x27,
  0x55, 0x04, 0x11, 0x04, 0x00, 0x00, 0x00, 0x00, 0x98, 0xfe, 0x11, 0x04,
  0x25, 0x80, 0x40, 0x00, 0xf5, 0xff, 0x00, 0x10, 0x00, 0x00, 0x00, 0x00,
  0xe0, 0xff, 0xbd, 0x27, 0x18, 0x00, 0xb2, 0xaf, 0x14, 0x00, 0xb1, 0xaf,
  0x1c, 0x00, 0xbf, 0xaf, 0x10, 0x00, 0xb0, 0xaf, 0x24, 0x00, 0xa5, 0xaf,
  0x94, 0xff, 0x11, 0x04, 0x28, 0x00, 0xa6, 0xaf, 0x25, 0x88, 0x80, 0x00,
  0x87, 0xfe, 0x11, 0x04, 0x25, 0x90, 0x40, 0x00, 0x09, 0x00, 0x40, 0x10,
  0x25, 0xe0, 0x40, 0x02, 0x25, 0x80, 0x00, 0x00, 0x1c, 0x00, 0xbf, 0x8f,
  0x18, 0x00, 0xb2, 0x8f, 0x14, 0x00, 0xb1, 0x8f, 0x25, 0x10, 0x00, 0x02,
  0x10, 0x00, 0xb0, 0x8f, 0x08, 0x00, 0xe0, 0x03, 0x20, 0x00, 0xbd, 0x27,
  0xac, 0xf4, 0x11, 0x04, 0x25, 0x20, 0x20, 0x02, 0x0a, 0x00, 0x40, 0x10,
  0x25, 0x80, 0x40, 0x00, 0x18, 0x00, 0x43, 0x90, 0x08, 0x00, 0x02, 0x24,
  0x06, 0x00, 0x62, 0x14, 0x25, 0x80, 0x00, 0x00, 0x28, 0x00, 0xa6, 0x8f,
  0x24, 0x00, 0xa5, 0x8f, 0x92, 0x04, 0x11, 0x04, 0x25, 0x20, 0x20, 0x02,
  0x25, 0x80, 0x40, 0x00, 0x72, 0xfe, 0x11, 0x04, 0x25, 0xe0, 0x40, 0x02,
  0xe9, 0xff, 0x00, 0x10, 0x00, 0x00, 0x00, 0x00, 0xe0, 0xff, 0xbd, 0x27,
  0x18, 0x00, 0xb1, 0xaf, 0x14, 0x00, 0xb0, 0xaf, 0x1c, 0x00, 0xbf, 0xaf,
  0x70, 0xff, 0x11, 0x04, 0x24, 0x00, 0xa5, 0xaf, 0x25, 0x80, 0x80, 0x00,
  0x63, 0xfe, 0x11, 0x04, 0x25, 0x88, 0x40, 0x00, 0x08, 0x00, 0x40, 0x10,
  0x25, 0xe0, 0x20, 0x02, 0x05, 0x01, 0x10, 0x24, 0x1c, 0x00, 0xbf, 0x8f,
  0x18, 0x00, 0xb1, 0x8f, 0x25, 0x10, 0x00, 0x02, 0x14, 0x00, 0xb0, 0x8f,
  0x08, 0x00, 0xe0, 0x03, 0x20, 0x00, 0xbd, 0x27, 0x89, 0xf4, 0x11, 0x04,
  0x25, 0x20, 0x00, 0x02, 0x09, 0x00, 0x40, 0x10, 0x01, 0x01, 0x10, 0x24,
  0x18, 0x00, 0x44, 0x90, 0x08, 0x00, 0x03, 0x24, 0x05, 0x00, 0x83, 0x14,
  0x00, 0x00, 0x00, 0x00, 0x24, 0x00, 0xa5, 0x8f, 0x99, 0x04, 0x11, 0x04,
  0x25, 0x20, 0x40, 0x00, 0x25, 0x80, 0x40, 0x00, 0x50, 0xfe, 0x11, 0x04,
  0x25, 0xe0, 0x20, 0x02, 0xeb, 0xff, 0x00, 0x10, 0x00, 0x00, 0x00, 0x00,
  0xe0, 0xff, 0xbd, 0x27, 0x20, 0x00, 0xa4, 0xaf, 0x1c, 0x00, 0xbf, 0xaf,
  0x18, 0x00, 0xb2, 0xaf, 0x14, 0x00, 0xb1, 0xaf, 0x4d, 0xff, 0x11, 0x04,
  0x10, 0x00, 0xb0, 0xaf, 0x25, 0x88, 0xa0, 0x00, 0x40, 0xfe, 0x11, 0x04,
  0x25, 0x90, 0x40, 0x00, 0x20, 0x00, 0xa4, 0x8f, 0x09, 0x00, 0x40, 0x10,
  0x25, 0xe0, 0x40, 0x02, 0x05, 0x01, 0x10, 0x24, 0x1c, 0x00, 0xbf, 0x8f,
  0x18, 0x00, 0xb2, 0x8f, 0x14, 0x00, 0xb1, 0x8f, 0x25, 0x10, 0x00, 0x02,
  0x10, 0x00, 0xb0, 0x8f, 0x08, 0x00, 0xe0, 0x03, 0x20, 0x00, 0xbd, 0x27,
  0x64, 0xf4, 0x11, 0x04, 0x25, 0x80, 0x40, 0x00, 0x06, 0x00, 0x40, 0x10,
  0x00, 0x00, 0x00, 0x00, 0x30, 0x00, 0x51, 0xac, 0x32, 0xfe, 0x11, 0x04,
  0x25, 0xe0, 0x40, 0x02, 0xf1, 0xff, 0x00, 0x10, 0x00, 0x00, 0x00, 0x00,
  0xfb, 0xff, 0x00, 0x10, 0x01, 0x01, 0x10, 0x24, 0xe0, 0xff, 0xbd, 0x27,
  0x18, 0x00, 0xb1, 0xaf, 0x14, 0x00, 0xb0, 0xaf, 0x1c, 0x00, 0xbf, 0xaf,
  0x2e, 0xff, 0x11, 0x04, 0x25, 0x80, 0x80, 0x00, 0x22, 0xfe, 0x11, 0x04,
  0x25, 0x88, 0x40, 0x00, 0x08, 0x00, 0x40, 0x10, 0x25, 0xe0, 0x20, 0x02,
  0x25, 0x80, 0x00, 0x00, 0x1c, 0x00, 0xbf, 0x8f, 0x18, 0x00, 0xb1, 0x8f,
  0x25, 0x10, 0x00, 0x02, 0x14, 0x00, 0xb0, 0x8f, 0x08, 0x00, 0xe0, 0x03,
  0x20, 0x00, 0xbd, 0x27, 0x48, 0xf4, 0x11, 0x04, 0x25, 0x20, 0x00, 0x02,
  0x02, 0x00, 0x40, 0x10, 0x25, 0x80, 0x40, 0x00, 0x30, 0x00, 0x50, 0x8c,
  0x16, 0xfe, 0x11, 0x04, 0x25, 0xe0, 0x20, 0x02, 0xf2, 0xff, 0x00, 0x10,
  0x00, 0x00, 0x00, 0x00, 0xe0, 0xff, 0xbd, 0x27, 0x20, 0x00, 0xa4, 0xaf,
  0x1c, 0x00, 0xbf, 0xaf, 0x18, 0x00, 0xb1, 0xaf, 0x14, 0xff, 0x11, 0x04,
  0x14, 0x00, 0xb0, 0xaf, 0x25, 0x80, 0xa0, 0x00, 0x07, 0xfe, 0x11, 0x04,
  0x25, 0x88, 0x40, 0x00, 0x20, 0x00, 0xa4, 0x8f, 0x08, 0x00, 0x40, 0x10,
  0x25, 0xe0, 0x20, 0x02, 0xff, 0xff, 0x10, 0x24, 0x1c, 0x00, 0xbf, 0x8f,
  0x18, 0x00, 0xb1, 0x8f, 0x25, 0x10, 0x00, 0x02, 0x14, 0x00, 0xb0, 0x8f,
  0x08, 0x00, 0xe0, 0x03, 0x20, 0x00, 0xbd, 0x27, 0x2c, 0xf4, 0x11, 0x04,
  0x00, 0x00, 0x00, 0x00, 0x06, 0x00, 0x40, 0x14, 0x25, 0x30, 0x00, 0x00,
  0xff, 0xff, 0x10, 0x24, 0xfa, 0xfd, 0x11, 0x04, 0x25, 0xe0, 0x20, 0x02,
  0xf2, 0xff, 0x00, 0x10, 0x00, 0x00, 0x00, 0x00, 0x25, 0x28, 0x00, 0x02,
  0x60, 0x04, 0x11, 0x04, 0x25, 0x20, 0x40, 0x00, 0xf7, 0xff, 0x40, 0x10,
  0x00, 0x00, 0x00, 0x00, 0x00, 0x00, 0x50, 0x8c, 0xf5, 0xff, 0x00, 0x10,
  0x00, 0x00, 0x00, 0x00, 0xe0, 0xff, 0xbd, 0x27, 0x20, 0x00, 0xa4, 0xaf,
  0x1c, 0x00, 0xbf, 0xaf, 0x18, 0x00, 0xb1, 0xaf, 0xf0, 0xfe, 0x11, 0x04,
  0x14, 0x00, 0xb0, 0xaf, 0x25, 0x80, 0xa0, 0x00, 0xe3, 0xfd, 0x11, 0x04,
  0x25, 0x88, 0x40, 0x00, 0x20, 0x00, 0xa4, 0x8f, 0x08, 0x00, 0x40, 0x10,
  0x25, 0xe0, 0x20, 0x02, 0xff, 0xff, 0x10, 0x24, 0x1c, 0x00, 0xbf, 0x8f,
  0x18, 0x00, 0xb1, 0x8f, 0x25, 0x10, 0x00, 0x02, 0x14, 0x00, 0xb0, 0x8f,
  0x08, 0x00, 0xe0, 0x03, 0x20, 0x00, 0xbd, 0x27, 0x08, 0xf4, 0x11, 0x04,
  0x00, 0x00, 0x00, 0x00, 0x06, 0x00, 0x40, 0x14, 0x01, 0x00, 0x06, 0x24,
  0xff, 0xff, 0x10, 0x24, 0xd6, 0xfd, 0x11, 0x04, 0x25, 0xe0, 0x20, 0x02,
  0xf2, 0xff, 0x00, 0x10, 0x00, 0x00, 0x00, 0x00, 0x25, 0x28, 0x00, 0x02,
  0x3c, 0x04, 0x11, 0x04, 0x25, 0x20, 0x40, 0x00, 0xf7, 0xff, 0x40, 0x10,
  0x00, 0x00, 0x00, 0x00, 0x00, 0x00, 0x50, 0x8c, 0xf5, 0xff, 0x00, 0x10,
  0x00, 0x00, 0x00, 0x00, 0xe0, 0xff, 0xbd, 0x27, 0x18, 0x00, 0xb1, 0xaf,
  0x14, 0x00, 0xb0, 0xaf, 0x1c, 0x00, 0xbf, 0xaf, 0xcc, 0xfe, 0x11, 0x04,
  0x25, 0x80, 0x80, 0x00, 0xc0, 0xfd, 0x11, 0x04, 0x25, 0x88, 0x40, 0x00,
  0x08, 0x00, 0x40, 0x10, 0x25, 0xe0, 0x20, 0x02, 0x05, 0x01, 0x10, 0x24,
  0x1c, 0x00, 0xbf, 0x8f, 0x18, 0x00, 0xb1, 0x8f, 0x25, 0x10, 0x00, 0x02,
  0x14, 0x00, 0xb0, 0x8f, 0x08, 0x00, 0xe0, 0x03, 0x20, 0x00, 0xbd, 0x27,
  0xfd, 0xf3, 0x11, 0x04, 0x25, 0x20, 0x00, 0x02, 0x04, 0x00, 0x40, 0x10,
  0x02, 0x01, 0x10, 0x24, 0x2d, 0x04, 0x11, 0x04, 0x25, 0x20, 0x40, 0x00,
  0x25, 0x80, 0x40, 0x00, 0xb2, 0xfd, 0x11, 0x04, 0x25, 0xe0, 0x20, 0x02,
  0xf0, 0xff, 0x00, 0x10, 0x00, 0x00, 0x00, 0x00, 0xd8, 0xff, 0xbd, 0x27,
  0x24, 0x00, 0xbf, 0xaf, 0xb2, 0xfe, 0x11, 0x04, 0x20, 0x00, 0xb0, 0xaf,
  0x25, 0x80, 0x40, 0x00, 0x3c, 0x00, 0xa2, 0x8f, 0x10, 0x00, 0xa7, 0xaf,
  0x18, 0x00, 0xa2, 0xaf, 0x38, 0x00, 0xa2, 0x8f, 0x25, 0x38, 0xc0, 0x00,
  0x1c, 0x00, 0xa0, 0xaf, 0x25, 0x30, 0xa0, 0x00, 0x14, 0x00, 0xa2, 0xaf,
  0x25, 0x28, 0x80, 0x00, 0xc1, 0xfd, 0x11, 0x04, 0x25, 0x20, 0x00, 0x02,
  0x25, 0xe0, 0x00, 0x02, 0x24, 0x00, 0xbf, 0x8f, 0x20, 0x00, 0xb0, 0x8f,
  0x08, 0x00, 0xe0, 0x03, 0x28, 0x00, 0xbd, 0x27, 0xd8, 0xff, 0xbd, 0x27,
  0x24, 0x00, 0xbf, 0xaf, 0x9d, 0xfe, 0x11, 0x04, 0x20, 0x00, 0xb0, 0xaf,
  0x25, 0xe0, 0x40, 0x00, 0x1c, 0x00, 0xa5, 0xaf, 0x18, 0x00, 0xa7, 0xaf,
  0x14, 0x00, 0xa6, 0xaf, 0x25, 0x28, 0x80, 0x00, 0x10, 0x00, 0xa0, 0xaf,
  0x25, 0x38, 0x00, 0x00, 0x25, 0x30, 0x00, 0x00, 0xae, 0xfd, 0x11, 0x04,
  0x25, 0x20, 0x40, 0x00, 0x24, 0x00, 0xbf, 0x8f, 0x20, 0x00, 0xb0, 0x8f,
  0x08, 0x00, 0xe0, 0x03, 0x28, 0x00, 0xbd, 0x27, 0xe0, 0xff, 0xbd, 0x27,
  0x18, 0x00, 0xb2, 0xaf, 0x14, 0x00, 0xb1, 0xaf, 0x10, 0x00, 0xb0, 0xaf,
  0x1c, 0x00, 0xbf, 0xaf, 0x00, 0x00, 0x11, 0x3c, 0x90, 0x57, 0x31, 0x26,
  0x86, 0xfe, 0x11, 0x04, 0x25, 0x80, 0xa0, 0x00, 0x25, 0x90, 0x40, 0x00,
  0x24, 0x00, 0x22, 0x8e, 0x00, 0x00, 0x00, 0x00, 0x0c, 0x00, 0x44, 0x14,
  0x00, 0x00, 0x00, 0x00, 0x28, 0x00, 0x22, 0x8e, 0x00, 0x00, 0x00, 0x00,
  0x12, 0x00, 0x50, 0x14, 0x25, 0x10, 0x00, 0x00, 0x25, 0xe0, 0x40, 0x02,
  0x1c, 0x00, 0xbf, 0x8f, 0x18, 0x00, 0xb2, 0x8f, 0x14, 0x00, 0xb1, 0x8f,
  0x10, 0x00, 0xb0, 0x8f, 0x08, 0x00, 0xe0, 0x03, 0x20, 0x00, 0xbd, 0x27,
  0x24, 0x00, 0x24, 0xae, 0x25, 0x28, 0x80, 0x00, 0x00, 0x00, 0x04, 0x3c,
  0xc4, 0x57, 0x84, 0x8c, 0xba, 0x05, 0x11, 0x04, 0x00, 0x00, 0x00, 0x00,
  0xee, 0xff, 0x40, 0x10, 0x25, 0xe0, 0x40, 0x02, 0xf1, 0xff, 0x00, 0x10,
  0x00, 0x00, 0x00, 0x00, 0x00, 0x00, 0x04, 0x3c, 0xcc, 0x57, 0x84, 0x8c,
  0x25, 0x28, 0x00, 0x02, 0xb1, 0x05, 0x11, 0x04, 0x28, 0x00, 0x30, 0xae,
  0xea, 0xff, 0x00, 0x10, 0x25, 0xe0, 0x40, 0x02, 0xd8, 0xff, 0xbd, 0x27,
  0x28, 0x00, 0xa4, 0xaf, 0x24, 0x00, 0xbf, 0xaf, 0x20, 0x00, 0xb4, 0xaf,
  0x1c, 0x00, 0xb3, 0xaf, 0x18, 0x00, 0xb2, 0xaf, 0x14, 0x00, 0xb1, 0xaf,
  0x5c, 0xfe, 0x11, 0x04, 0x10, 0x00, 0xb0, 0xaf, 0x25, 0x98, 0xa0, 0x00,
  0x25, 0x90, 0xc0, 0x00, 0x25, 0x88, 0xe0, 0x00, 0x4d, 0xfd, 0x11, 0x04,
  0x25, 0xa0, 0x40, 0x00, 0x28, 0x00, 0xa4, 0x8f, 0x0b, 0x00, 0x40, 0x10,
  0x25, 0xe0, 0x80, 0x02, 0x05, 0x01, 0x10, 0x24, 0x24, 0x00, 0xbf, 0x8f,
  0x20, 0x00, 0xb4, 0x8f, 0x1c, 0x00, 0xb3, 0x8f, 0x18, 0x00, 0xb2, 0x8f,
  0x14, 0x00, 0xb1, 0x8f, 0x25, 0x10, 0x00, 0x02, 0x10, 0x00, 0xb0, 0x8f,
  0x08, 0x00, 0xe0, 0x03, 0x28, 0x00, 0xbd, 0x27, 0x6f, 0xf3, 0x11, 0x04,
  0x25, 0x80, 0x40, 0x00, 0x1e, 0x00, 0x40, 0x10, 0x00, 0x00, 0x00, 0x00,
  0xbc, 0x00, 0x42, 0x8c, 0x00, 0x00, 0x00, 0x00, 0x1c, 0x00, 0x40, 0x10,
  0x00, 0x00, 0x00, 0x00, 0x08, 0x00, 0x43, 0x8c, 0x00, 0x00, 0x00, 0x00,
  0x13, 0x00, 0x73, 0x14, 0x00, 0x00, 0x00, 0x00, 0x0c, 0x00, 0x43, 0x8c,
  0x00, 0x00, 0x00, 0x00, 0x0f, 0x00, 0x72, 0x14, 0x00, 0x00, 0x00, 0x00,
  0x02, 0x00, 0x20, 0x12, 0x14, 0x00, 0x43, 0x24, 0x00, 0x00, 0x23, 0xae,
  0x38, 0x00, 0xa3, 0x8f, 0x00, 0x00, 0x00, 0x00, 0x04, 0x00, 0x60, 0x10,
  0x00, 0x00, 0x00, 0x00, 0x10, 0x00, 0x42, 0x8c, 0x00, 0x00, 0x00, 0x00,
  0x00, 0x00, 0x62, 0xac, 0x28, 0xfd, 0x11, 0x04, 0x25, 0xe0, 0x80, 0x02,
  0xda, 0xff, 0x00, 0x10, 0x00, 0x00, 0x00, 0x00, 0x00, 0x00, 0x42, 0x8c,
  0xe6, 0xff, 0x00, 0x10, 0x00, 0x00, 0x00, 0x00, 0xf8, 0xff, 0x00, 0x10,
  0x01, 0x01, 0x10, 0x24, 0xf6, 0xff, 0x00, 0x10, 0x32, 0x01, 0x10, 0x24,
  0x00, 0x00, 0x00, 0x00, 0x00, 0x00, 0x00, 0x00, 0x00, 0x00, 0x00, 0x00,
  0x80, 0xff, 0xbd, 0x27, 0x7c, 0x00, 0xbf, 0xaf, 0x78, 0x00, 0xb0, 0xaf,
  0x00, 0x00, 0x04, 0x3c, 0xd0, 0x57, 0x84, 0x8c, 0x70, 0x00, 0xa7, 0x27,
  0x11, 0x00, 0x06, 0x24, 0x76, 0x05, 0x11, 0x04, 0x01, 0x00, 0x05, 0x24,
  0x45, 0x05, 0x11, 0x04, 0x6c, 0x00, 0xa4, 0x27, 0x00, 0x00, 0x10, 0x3c,
  0x90, 0x58, 0x10, 0x8e, 0x00, 0x00, 0x00, 0x00, 0x0b, 0x00, 0x00, 0x12,
  0x00, 0x00, 0x00, 0x00, 0x08, 0x00, 0x02, 0x8e, 0x0c, 0x00, 0x03, 0x8e,
  0x26, 0x00, 0x40, 0x10, 0x00, 0x00, 0x00, 0x00, 0x0c, 0x00, 0x43, 0xac,
  0x0c, 0x00, 0x03, 0x8e, 0x00, 0x00, 0x00, 0x00, 0x24, 0x00, 0x60, 0x10,
  0x00, 0x00, 0x00, 0x00, 0x08, 0x00, 0x62, 0xac, 0x6c, 0x00, 0xa4, 0x8f,
  0x35, 0x05, 0x11, 0x04, 0x00, 0x00, 0x00, 0x00, 0xe5, 0xff, 0x00, 0x12,
  0x5c, 0x00, 0x06, 0x24, 0x10, 0x00, 0xa5, 0x27, 0x75, 0x05, 0x11, 0x04,
  0x25, 0x20, 0x00, 0x02, 0xf4, 0xfc, 0x11, 0x04, 0x00, 0x00, 0x00, 0x00,
  0xbb, 0xf3, 0x11, 0x04, 0x25, 0x20, 0x00, 0x02, 0xf4, 0xfc, 0x11, 0x04,
  0x00, 0x00, 0x00, 0x00, 0x48, 0x00, 0xa2, 0x8f, 0x00, 0x00, 0x00, 0x00,
  0xde, 0xff, 0x40, 0x10, 0x00, 0x00, 0x00, 0x00, 0x4c, 0x00, 0xbc, 0x8f,
  0x58, 0x00, 0xa3, 0x8f, 0x38, 0x00, 0xa4, 0x8f, 0x44, 0x00, 0xa6, 0x8f,
  0x02, 0x00, 0x60, 0x14, 0x50, 0x00, 0xa5, 0x27, 0x3c, 0x00, 0xa5, 0x8f,
  0x09, 0xf8, 0x40, 0x00, 0x00, 0x00, 0x00, 0x00, 0x01, 0x00, 0x1c, 0x3c,
  0x50, 0xd8, 0x9c, 0x8f, 0xd1, 0xff, 0x00, 0x10, 0x00, 0x00, 0x00, 0x00,
  0x00, 0x00, 0x01, 0x3c, 0xda, 0xff, 0x00, 0x10, 0x8c, 0x58, 0x23, 0xac,
  0x00, 0x00, 0x01, 0x3c, 0xdc, 0xff, 0x00, 0x10, 0x90, 0x58, 0x22, 0xac,
  0xe0, 0xff, 0xbd, 0x27, 0x1c, 0x00, 0xbf, 0xaf, 0x00, 0x00, 0x04, 0x3c,
  0xc8, 0x57, 0x84, 0x8c, 0x10, 0x00, 0xa7, 0x27, 0x11, 0x00, 0x06, 0x24,
  0x38, 0x05, 0x11, 0x04, 0x01, 0x00, 0x05, 0x24, 0xcf, 0xfc, 0x11, 0x04,
  0x00, 0x00, 0x00, 0x00, 0xa1, 0xfa, 0x11, 0x04, 0x00, 0x00, 0x00, 0x00,
  0xff, 0x04, 0x11, 0x04, 0x16, 0x00, 0x04, 0x24, 0x46, 0xfb, 0x11, 0x04,
  0x00, 0x00, 0x00, 0x00, 0xcb, 0xfc, 0x11, 0x04, 0x00, 0x00, 0x00, 0x00,
  0xef, 0xff, 0x00, 0x10, 0x00, 0x00, 0x00, 0x00, 0x08, 0x00, 0x84, 0x8c,
  0xe8, 0xff, 0xbd, 0x27, 0x14, 0x00, 0xbf, 0xaf, 0x25, 0x05, 0x11, 0x04,
  0x01, 0x00, 0x05, 0x24, 0x14, 0x00, 0xbf, 0x8f, 0x25, 0x10, 0x00, 0x00,
  0x08, 0x00, 0xe0, 0x03, 0x18, 0x00, 0xbd, 0x27, 0x02, 0x00, 0x84, 0x2c,
  0x03, 0x00, 0x80, 0x10, 0x00, 0x00, 0x00, 0x00, 0xae, 0xf8, 0x00, 0x10,
  0x00, 0x00, 0x00, 0x00, 0x08, 0x00, 0xe0, 0x03, 0x00, 0x00, 0x00, 0x00,
  0xa0, 0xff, 0xbd, 0x27, 0x5c, 0x00, 0xbf, 0xaf, 0x58, 0x00, 0xb4, 0xaf,
  0x54, 0x00, 0xb3, 0xaf, 0x50, 0x00, 0xb2, 0xaf, 0x4c, 0x00, 0xb1, 0xaf,
  0x73, 0x00, 0x81, 0x04, 0x48, 0x00, 0xb0, 0xaf, 0x00, 0x00, 0x04, 0x3c,
  0x00, 0x00, 0x84, 0x24, 0xd0, 0x04, 0x11, 0x04, 0x02, 0x00, 0x12, 0x24,
  0xd6, 0x00, 0x40, 0x10, 0x10, 0x00, 0xa5, 0x27, 0xdb, 0x04, 0x11, 0x04,
  0x16, 0x00, 0x04, 0x24, 0x00, 0x00, 0x10, 0x3c, 0xc0, 0x57, 0x10, 0x26,
  0xd3, 0x04, 0x11, 0x04, 0x16, 0x00, 0x04, 0x24, 0x04, 0x00, 0x04, 0x8e,
  0xf0, 0x04, 0x11, 0x04, 0x00, 0x00, 0x00, 0x00, 0x0c, 0x00, 0x04, 0x8e,
  0xed, 0x04, 0x11, 0x04, 0x00, 0x00, 0x00, 0x00, 0x04, 0x00, 0x04, 0x8e,
  0xe6, 0x04, 0x11, 0x04, 0x00, 0x00, 0x00, 0x00, 0x0c, 0x00, 0x04, 0x8e,
  0xe3, 0x04, 0x11, 0x04, 0x00, 0x00, 0x00, 0x00, 0x08, 0x00, 0x04, 0x8e,
  0xf3, 0x04, 0x11, 0x04, 0x00, 0x00, 0x00, 0x00, 0x10, 0x00, 0x04, 0x8e,
  0xf0, 0x04, 0x11, 0x04, 0x00, 0x00, 0x00, 0x00, 0x00, 0x00, 0x04, 0x8e,
  0xfe, 0x04, 0x11, 0x04, 0x00, 0x00, 0x00, 0x00, 0x45, 0xfc, 0x11, 0x04,
  0x00, 0x00, 0x00, 0x00, 0xae, 0xf2, 0x11, 0x04, 0x00, 0x00, 0x00, 0x00,
  0xb5, 0x00, 0x00, 0x10, 0x01, 0x00, 0x12, 0x24, 0x00, 0x00, 0x67, 0x8c,
  0x25, 0x10, 0x00, 0x00, 0x21, 0x50, 0x02, 0x01, 0x00, 0x00, 0x4a, 0x81,
  0x00, 0x00, 0x00, 0x00, 0x3b, 0x00, 0x40, 0x11, 0x21, 0x60, 0xe2, 0x00,
  0x00, 0x00, 0x8c, 0x81, 0x00, 0x00, 0x00, 0x00, 0x08, 0x00, 0x8a, 0x11,
  0x00, 0x00, 0x00, 0x00, 0x0c, 0x00, 0xc6, 0x24, 0x00, 0x00, 0xc8, 0x8c,
  0x00, 0x00, 0x00, 0x00, 0xf1, 0xff, 0x00, 0x15, 0x00, 0x00, 0x00, 0x00,
  0x29, 0x00, 0x00, 0x10, 0x01, 0x00, 0x29, 0x25, 0xef, 0xff, 0x00, 0x10,
  0x01, 0x00, 0x42, 0x24, 0x09, 0x00, 0x48, 0x2c, 0x23, 0x00, 0x00, 0x11,
  0x80, 0x40, 0x0a, 0x00, 0x21, 0x40, 0x0a, 0x01, 0x40, 0x40, 0x08, 0x00,
  0x21, 0x50, 0x48, 0x00, 0x01, 0x00, 0x63, 0x24, 0x00, 0x00, 0x62, 0x80,
  0x00, 0x00, 0x00, 0x00, 0x04, 0x00, 0x40, 0x10, 0x00, 0x00, 0x00, 0x00,
  0xf4, 0xff, 0x4b, 0x14, 0xd0, 0xff, 0x42, 0x24, 0x30, 0x00, 0x42, 0x24,
  0x08, 0x00, 0xcc, 0x8c, 0x2c, 0x00, 0x42, 0x38, 0x01, 0x00, 0x42, 0x2c,
  0x2b, 0x40, 0x0c, 0x00, 0x12, 0x00, 0x48, 0x14, 0x2b, 0x38, 0xe3, 0x00,
  0x04, 0x00, 0xe0, 0x10, 0x00, 0x00, 0x00, 0x00, 0x04, 0x00, 0xc2, 0x8c,
  0x00, 0x00, 0x00, 0x00, 0x00, 0x00, 0x4a, 0xac, 0x0b, 0x00, 0x80, 0x11,
  0x01, 0x00, 0x63, 0x24, 0x25, 0x40, 0x60, 0x00, 0x25, 0x38, 0x00, 0x00,
  0x00, 0x00, 0x02, 0x81, 0x00, 0x00, 0x00, 0x00, 0x0f, 0x00, 0x40, 0x14,
  0xd0, 0xff, 0x42, 0x24, 0x2b, 0x18, 0x68, 0x00, 0x02, 0x00, 0x60, 0x10,
  0x30, 0x00, 0x42, 0x24, 0x00, 0x00, 0x87, 0xad, 0x01, 0x00, 0x29, 0x25,
  0x2a, 0x10, 0x24, 0x01, 0x13, 0x00, 0x40, 0x10, 0x80, 0x18, 0x09, 0x00,
  0x00, 0x00, 0x06, 0x3c, 0xd4, 0x57, 0xc6, 0x24, 0xcc, 0xff, 0x00, 0x10,
  0x21, 0x18, 0xa3, 0x00, 0xd9, 0xff, 0x00, 0x10, 0x25, 0x18, 0xe0, 0x00,
  0x09, 0x00, 0x46, 0x2c, 0xf4, 0xff, 0xc0, 0x10, 0x80, 0x30, 0x07, 0x00,
  0x21, 0x30, 0xc7, 0x00, 0x40, 0x30, 0x06, 0x00, 0x21, 0x38, 0x46, 0x00,
  0xe7, 0xff, 0x00, 0x10, 0x01, 0x00, 0x08, 0x25, 0x25, 0x88, 0xe0, 0x00,
  0x01, 0x00, 0x09, 0x24, 0xec, 0xff, 0x00, 0x10, 0x2c, 0x00, 0x0b, 0x24,
  0x40, 0x00, 0xa5, 0x27, 0x6a, 0x04, 0x11, 0x04, 0x16, 0x00, 0x04, 0x24,
  0x00, 0x00, 0x07, 0x3c, 0xc0, 0x57, 0xe7, 0x24, 0x00, 0x00, 0x06, 0x3c,
  0xdc, 0x40, 0xc6, 0x24, 0x01, 0x00, 0x05, 0x24, 0x5d, 0x04, 0x11, 0x04,
  0x16, 0x00, 0x04, 0x24, 0x09, 0x00, 0x40, 0x10, 0x16, 0x00, 0x02, 0x24,
  0x40, 0x00, 0xa3, 0x8f, 0x00, 0x00, 0x00, 0x00, 0x56, 0x00, 0x62, 0x14,
  0x01, 0x00, 0x12, 0x24, 0x59, 0x04, 0x11, 0x04, 0x16, 0x00, 0x04, 0x24,
  0x52, 0x00, 0x00, 0x10, 0x01, 0x00, 0x12, 0x24, 0x00, 0x00, 0x04, 0x3c,
  0x45, 0x04, 0x11, 0x04, 0x00, 0x00, 0x84, 0x24, 0x00, 0x00, 0x10, 0x3c,
  0xc0, 0x57, 0x10, 0x26, 0x54, 0x00, 0x40, 0x14, 0x01, 0x00, 0x02, 0x24,
  0x24, 0x00, 0xa4, 0x27, 0x24, 0x00, 0xa2, 0xaf, 0x2c, 0x00, 0xa2, 0xaf,
  0x30, 0x00, 0xa2, 0xaf, 0x86, 0x04, 0x11, 0x04, 0x28, 0x00, 0xa0, 0xaf,
  0x4c, 0x00, 0x40, 0x04, 0x00, 0x00, 0x02, 0xae, 0x34, 0x00, 0xa4, 0x27,
  0x34, 0x00, 0xa0, 0xaf, 0x38, 0x00, 0xa0, 0xaf, 0x6e, 0x04, 0x11, 0x04,
  0x3c, 0x00, 0xa0, 0xaf, 0x45, 0x00, 0x40, 0x04, 0x08, 0x00, 0x02, 0xae,
  0x00, 0x00, 0x02, 0x3c, 0x8c, 0x40, 0x42, 0x24, 0x00, 0x00, 0x12, 0x3c,
  0x90, 0x57, 0x52, 0x26, 0x18, 0x00, 0xa2, 0xaf, 0x24, 0x00, 0x42, 0x8e,
  0x00, 0x02, 0x14, 0x3c, 0x00, 0x40, 0x13, 0x24, 0x10, 0x00, 0xa4, 0x27,
  0x10, 0x00, 0xb4, 0xaf, 0x1c, 0x00, 0xb3, 0xaf, 0x14, 0x00, 0xa0, 0xaf,
  0x4b, 0x04, 0x11, 0x04, 0x20, 0x00, 0xa2, 0xaf, 0x35, 0x00, 0x40, 0x04,
  0x04, 0x00, 0x02, 0xae, 0x25, 0x28, 0x00, 0x00, 0x4a, 0x04, 0x11, 0x04,
  0x25, 0x20, 0x40, 0x00, 0x30, 0x00, 0x40, 0x14, 0x34, 0x00, 0xa4, 0x27,
  0x34, 0x00, 0xa0, 0xaf, 0x38, 0x00, 0xa0, 0xaf, 0x53, 0x04, 0x11, 0x04,
  0x3c, 0x00, 0xa0, 0xaf, 0x2a, 0x00, 0x40, 0x04, 0x10, 0x00, 0x02, 0xae,
  0x00, 0x00, 0x02, 0x3c, 0x90, 0x3f, 0x42, 0x24, 0x18, 0x00, 0xa2, 0xaf,
  0x28, 0x00, 0x42, 0x8e, 0x10, 0x00, 0xa4, 0x27, 0x10, 0x00, 0xb4, 0xaf,
  0x1c, 0x00, 0xb3, 0xaf, 0x14, 0x00, 0xa0, 0xaf, 0x34, 0x04, 0x11, 0x04,
  0x20, 0x00, 0xa2, 0xaf, 0x1e, 0x00, 0x40, 0x04, 0x0c, 0x00, 0x02, 0xae,
  0x25, 0x28, 0x00, 0x00, 0x33, 0x04, 0x11, 0x04, 0x25, 0x20, 0x40, 0x00,
  0x19, 0x00, 0x40, 0x14, 0x25, 0x90, 0x40, 0x00, 0xdd, 0x03, 0x11, 0x04,
  0x00, 0x00, 0x00, 0x00, 0x15, 0x00, 0x40, 0x04, 0x00, 0x00, 0x00, 0x00,
  0x0f, 0x04, 0x11, 0x04, 0x16, 0x00, 0x04, 0x24, 0x08, 0x00, 0x20, 0x12,
  0x00, 0x00, 0x00, 0x00, 0x0a, 0x00, 0x22, 0x96, 0x00, 0x00, 0x00, 0x00,
  0x02, 0x00, 0x43, 0x30, 0x03, 0x00, 0x60, 0x10, 0x00, 0x00, 0x00, 0x00,
  0x10, 0x00, 0x42, 0x34, 0x0a, 0x00, 0x22, 0xa6, 0x5c, 0x00, 0xbf, 0x8f,
  0x58, 0x00, 0xb4, 0x8f, 0x54, 0x00, 0xb3, 0x8f, 0x4c, 0x00, 0xb1, 0x8f,
  0x48, 0x00, 0xb0, 0x8f, 0x25, 0x10, 0x40, 0x02, 0x50, 0x00, 0xb2, 0x8f,
  0x08, 0x00, 0xe0, 0x03, 0x60, 0x00, 0xbd, 0x27, 0x0c, 0x00, 0x04, 0x8e,
  0x00, 0x00, 0x00, 0x00, 0x03, 0x00, 0x80, 0x18, 0x00, 0x00, 0x00, 0x00,
  0x11, 0x04, 0x11, 0x04, 0x00, 0x00, 0x00, 0x00, 0x10, 0x00, 0x04, 0x8e,
  0x00, 0x00, 0x00, 0x00, 0x03, 0x00, 0x80, 0x18, 0x00, 0x00, 0x00, 0x00,
  0x1e, 0x04, 0x11, 0x04, 0x00, 0x00, 0x00, 0x00, 0x04, 0x00, 0x04, 0x8e,
  0x00, 0x00, 0x00, 0x00, 0x03, 0x00, 0x80, 0x18, 0x00, 0x00, 0x00, 0x00,
  0x05, 0x04, 0x11, 0x04, 0x00, 0x00, 0x00, 0x00, 0x08, 0x00, 0x04, 0x8e,
  0x00, 0x00, 0x00, 0x00, 0x03, 0x00, 0x80, 0x18, 0x00, 0x00, 0x00, 0x00,
  0x12, 0x04, 0x11, 0x04, 0x00, 0x00, 0x00, 0x00, 0x00, 0x00, 0x04, 0x8e,
  0x00, 0x00, 0x00, 0x00, 0x03, 0x00, 0x80, 0x18, 0x00, 0x00, 0x00, 0x00,
  0x1d, 0x04, 0x11, 0x04, 0x00, 0x00, 0x00, 0x00, 0xdb, 0x03, 0x11, 0x04,
  0x16, 0x00, 0x04, 0x24, 0xd6, 0xff, 0x00, 0x10, 0x01, 0x00, 0x12, 0x24,
  0x00, 0x00, 0x00, 0x00, 0x00, 0x00, 0x00, 0x00, 0x00, 0x00, 0x00, 0x00,
  0xb8, 0xff, 0xbd, 0x27, 0x25, 0x18, 0x00, 0x00, 0x04, 0x00, 0x07, 0x24,
  0x40, 0x00, 0xbe, 0xaf, 0x38, 0x00, 0xb6, 0xaf, 0x28, 0x00, 0xb2, 0xaf,
  0x20, 0x00, 0xb0, 0xaf, 0x44, 0x00, 0xbf, 0xaf, 0x3c, 0x00, 0xb7, 0xaf,
  0x34, 0x00, 0xb5, 0xaf, 0x30, 0x00, 0xb4, 0xaf, 0x2c, 0x00, 0xb3, 0xaf,
  0x24, 0x00, 0xb1, 0xaf, 0x25, 0x90, 0x80, 0x00, 0x25, 0x80, 0xa0, 0x00,
  0x25, 0xb0, 0xc0, 0x00, 0xbc, 0x00, 0x80, 0xac, 0xc0, 0x00, 0x80, 0xac,
  0x25, 0xf0, 0x00, 0x00, 0x22, 0x00, 0x08, 0x24, 0x2b, 0x10, 0x16, 0x02,
  0x0e, 0x00, 0x40, 0x14, 0x00, 0x00, 0x00, 0x00, 0x44, 0x00, 0xbf, 0x8f,
  0x40, 0x00, 0xbe, 0x8f, 0x3c, 0x00, 0xb7, 0x8f, 0x38, 0x00, 0xb6, 0x8f,
  0x34, 0x00, 0xb5, 0x8f, 0x30, 0x00, 0xb4, 0x8f, 0x2c, 0x00, 0xb3, 0x8f,
  0x28, 0x00, 0xb2, 0x8f, 0x24, 0x00, 0xb1, 0x8f, 0x20, 0x00, 0xb0, 0x8f,
  0x25, 0x10, 0x00, 0x00, 0x08, 0x00, 0xe0, 0x03, 0x48, 0x00, 0xbd, 0x27,
  0x00, 0x00, 0x14, 0x92, 0x00, 0x00, 0x00, 0x00, 0x02, 0x00, 0x82, 0x2e,
  0xef, 0xff, 0x40, 0x14, 0x00, 0x00, 0x00, 0x00, 0x23, 0x10, 0xd0, 0x02,
  0x2a, 0x10, 0x54, 0x00, 0xeb, 0xff, 0x40, 0x14, 0x00, 0x00, 0x00, 0x00,
  0x01, 0x00, 0x02, 0x92, 0x00, 0x00, 0x00, 0x00, 0x33, 0x00, 0x47, 0x10,
  0x21, 0x00, 0x04, 0x24, 0x05, 0x00, 0x44, 0x10, 0x02, 0x00, 0x04, 0x24,
  0x2a, 0x00, 0x44, 0x10, 0x09, 0x00, 0x82, 0x2e, 0xde, 0xff, 0x00, 0x10,
  0x21, 0x80, 0x14, 0x02, 0x25, 0xa8, 0x00, 0x02, 0x25, 0xb8, 0x00, 0x00,
  0x05, 0x00, 0x02, 0x92, 0x00, 0x00, 0x00, 0x00, 0x2a, 0x10, 0xe2, 0x02,
  0xf8, 0xff, 0x40, 0x10, 0x00, 0x00, 0x00, 0x00, 0x06, 0x00, 0xa2, 0x92,
  0x00, 0x00, 0x00, 0x00, 0x1a, 0x00, 0x48, 0x14, 0x10, 0x00, 0xa4, 0x27,
  0x08, 0x00, 0xb3, 0x92, 0x07, 0x00, 0xa2, 0x92, 0x00, 0x9a, 0x13, 0x00,
  0x25, 0x98, 0x62, 0x02, 0x94, 0x03, 0x11, 0x04, 0x18, 0x00, 0xa3, 0xaf,
  0x25, 0x30, 0x00, 0x00, 0x14, 0x00, 0x65, 0x26, 0x72, 0x03, 0x11, 0x04,
  0x25, 0x20, 0x00, 0x00, 0x10, 0x00, 0xa4, 0x8f, 0x8f, 0x03, 0x11, 0x04,
  0x25, 0x88, 0x40, 0x00, 0x18, 0x00, 0xa3, 0x8f, 0xc0, 0x00, 0x42, 0x8e,
  0x0c, 0x00, 0x3e, 0xae, 0x10, 0x00, 0x33, 0xae, 0x08, 0x00, 0x23, 0xae,
  0x04, 0x00, 0x22, 0xae, 0x04, 0x00, 0x07, 0x24, 0x12, 0x00, 0x40, 0x10,
  0x22, 0x00, 0x08, 0x24, 0x00, 0x00, 0x51, 0xac, 0x00, 0x00, 0x20, 0xae,
  0xc0, 0x00, 0x51, 0xae, 0x01, 0x00, 0xf7, 0x26, 0xdc, 0xff, 0x00, 0x10,
  0x03, 0x00, 0xb5, 0x26, 0xd6, 0xff, 0x40, 0x14, 0x00, 0x00, 0x00, 0x00,
  0x05, 0x00, 0x03, 0x92, 0xb2, 0xff, 0x00, 0x10, 0x21, 0x80, 0x14, 0x02,
  0x09, 0x00, 0x82, 0x2e, 0xd0, 0xff, 0x40, 0x14, 0x00, 0x00, 0x00, 0x00,
  0x02, 0x00, 0x1e, 0x92, 0xac, 0xff, 0x00, 0x10, 0x21, 0x80, 0x14, 0x02,
  0xef, 0xff, 0x00, 0x10, 0xbc, 0x00, 0x51, 0xae, 0x00, 0x00, 0x00, 0x00,
  0x14, 0x00, 0x82, 0x8c, 0xe0, 0xff, 0xbd, 0x27, 0x14, 0x00, 0xb0, 0xaf,
  0x1c, 0x00, 0xbf, 0xaf, 0x18, 0x00, 0xb1, 0xaf, 0x07, 0x00, 0x45, 0x14,
  0x25, 0x80, 0xa0, 0x00, 0x0c, 0x00, 0x82, 0x8c, 0x00, 0x00, 0x00, 0x00,
  0x0c, 0x00, 0x40, 0x14, 0x00, 0x00, 0x00, 0x00, 0x14, 0x00, 0x80, 0xac,
  0x30, 0x00, 0x80, 0xac, 0x20, 0x00, 0x91, 0x8c, 0x00, 0x00, 0x00, 0x00,
  0x10, 0x00, 0x20, 0x16, 0x25, 0x20, 0x20, 0x02, 0x1c, 0x00, 0xbf, 0x8f,
  0x18, 0x00, 0xb1, 0x8f, 0x14, 0x00, 0xb0, 0x8f, 0x08, 0x00, 0xe0, 0x03,
  0x20, 0x00, 0xbd, 0x27, 0x08, 0x00, 0x45, 0x8c, 0x00, 0x00, 0x00, 0x00,
  0xf2, 0xff, 0xa0, 0x10, 0x00, 0x00, 0x00, 0x00, 0x08, 0x00, 0xb1, 0x8c,
  0xd3, 0xf4, 0x11, 0x04, 0x20, 0x00, 0xa4, 0xaf, 0x20, 0x00, 0xa4, 0x8f,
  0xf9, 0xff, 0x00, 0x10, 0x25, 0x28, 0x20, 0x02, 0xdf, 0xff, 0x11, 0x04,
  0x25, 0x28, 0x00, 0x02, 0x04, 0x00, 0x31, 0x8e, 0xeb, 0xff, 0x00, 0x10,
  0x00, 0x00, 0x00, 0x00, 0xe0, 0xff, 0xbd, 0x27, 0x18, 0x00, 0xb1, 0xaf,
  0x14, 0x00, 0xb0, 0xaf, 0x1c, 0x00, 0xbf, 0xaf, 0x25, 0x88, 0x80, 0x00,
  0x28, 0x00, 0xa6, 0xaf, 0x0c, 0x00, 0x80, 0x10, 0x25, 0x80, 0x00, 0x00,
  0x0d, 0xfb, 0x11, 0x04, 0x24, 0x00, 0xa5, 0xaf, 0x28, 0x00, 0xbc, 0x8f,
  0x24, 0x00, 0xa4, 0x8f, 0x09, 0xf8, 0x20, 0x02, 0x00, 0x00, 0x00, 0x00,
  0x25, 0x80, 0x40, 0x00, 0x01, 0x00, 0x1c, 0x3c, 0x50, 0xd8, 0x9c, 0x8f,
  0x00, 0xfb, 0x11, 0x04, 0x00, 0x00, 0x00, 0x00, 0x1c, 0x00, 0xbf, 0x8f,
  0x18, 0x00, 0xb1, 0x8f, 0x25, 0x10, 0x00, 0x02, 0x14, 0x00, 0xb0, 0x8f,
  0x08, 0x00, 0xe0, 0x03, 0x20, 0x00, 0xbd, 0x27, 0xe0, 0xff, 0xbd, 0x27,
  0x18, 0x00, 0xb2, 0xaf, 0x14, 0x00, 0xb1, 0xaf, 0x10, 0x00, 0xb0, 0xaf,
  0x1c, 0x00, 0xbf, 0xaf, 0x25, 0x80, 0x80, 0x00, 0x25, 0x88, 0xa0, 0x00,
  0x08, 0x00, 0x12, 0x24, 0x07, 0x00, 0x00, 0x16, 0x00, 0x00, 0x00, 0x00,
  0x1c, 0x00, 0xbf, 0x8f, 0x18, 0x00, 0xb2, 0x8f, 0x14, 0x00, 0xb1, 0x8f,
  0x10, 0x00, 0xb0, 0x8f, 0x08, 0x00, 0xe0, 0x03, 0x20, 0x00, 0xbd, 0x27,
  0x18, 0x00, 0x02, 0x92, 0x00, 0x00, 0x00, 0x00, 0x0b, 0x00, 0x52, 0x14,
  0x00, 0x00, 0x00, 0x00, 0x14, 0x00, 0x02, 0x8e, 0x00, 0x00, 0x00, 0x00,
  0x0a, 0x00, 0x40, 0x10, 0x00, 0x00, 0x00, 0x00, 0x20, 0x00, 0x04, 0x8e,
  0x00, 0x00, 0x00, 0x00, 0x03, 0x00, 0x80, 0x10, 0x00, 0x00, 0x00, 0x00,
  0xe3, 0xff, 0x11, 0x04, 0x25, 0x28, 0x20, 0x02, 0x04, 0x00, 0x10, 0x8e,
  0xe8, 0xff, 0x00, 0x10, 0x00, 0x00, 0x00, 0x00, 0x2c, 0x00, 0x26, 0x8e,
  0x00, 0x00, 0x05, 0x8e, 0x0c, 0x00, 0x24, 0x8e, 0xc2, 0xff, 0x11, 0x04,
  0x30, 0x00, 0x00, 0xae, 0xf7, 0xff, 0x40, 0x10, 0x00, 0x00, 0x00, 0x00,
  0x2c, 0x00, 0x26, 0x8e, 0x00, 0x00, 0x05, 0x8e, 0x10, 0x00, 0x24, 0x8e,
  0xbb, 0xff, 0x11, 0x04, 0x14, 0x00, 0x11, 0xae, 0xf0, 0xff, 0x00, 0x10,
  0x00, 0x00, 0x00, 0x00, 0x00, 0x00, 0x83, 0x8c, 0x00, 0x00, 0x00, 0x00,
  0x31, 0x00, 0x60, 0x14, 0x04, 0x01, 0x02, 0x24, 0x04, 0x00, 0x83, 0x8c,
  0x00, 0x00, 0x00, 0x00, 0x2d, 0x00, 0x60, 0x14, 0x00, 0x00, 0x00, 0x00,
  0x08, 0x00, 0x83, 0x8c, 0x00, 0x00, 0x00, 0x00, 0x29, 0x00, 0x60, 0x10,
  0x00, 0x00, 0x00, 0x00, 0x18, 0x00, 0x83, 0x8c, 0x00, 0x00, 0x00, 0x00,
  0x25, 0x00, 0x60, 0x14, 0x00, 0x00, 0x00, 0x00, 0x1c, 0x00, 0x83, 0x8c,
  0x00, 0x00, 0x00, 0x00, 0x21, 0x00, 0x60, 0x14, 0x00, 0x00, 0x00, 0x00,
  0x00, 0x00, 0x03, 0x3c, 0x88, 0x58, 0x63, 0x8c, 0x00, 0x00, 0x00, 0x00,
  0x1c, 0x00, 0x64, 0x10, 0x21, 0x01, 0x02, 0x24, 0x00, 0x00, 0x02, 0x3c,
  0x84, 0x58, 0x42, 0x8c, 0x2c, 0x00, 0x85, 0xac, 0x13, 0x00, 0x40, 0x10,
  0x04, 0x00, 0x82, 0xac, 0x00, 0x00, 0x44, 0xac, 0x0c, 0x00, 0x82, 0x8c,
  0x00, 0x00, 0x80, 0xac, 0x00, 0x00, 0x01, 0x3c, 0x10, 0x00, 0x40, 0x10,
  0x84, 0x58, 0x24, 0xac, 0xe8, 0xff, 0xbd, 0x27, 0x14, 0x00, 0xbf, 0xaf,
  0x03, 0xf1, 0x11, 0x04, 0x18, 0x00, 0xa4, 0xaf, 0x20, 0x00, 0x44, 0x8c,
  0x18, 0x00, 0xa5, 0x8f, 0xa6, 0xff, 0x11, 0x04, 0x00, 0x00, 0x00, 0x00,
  0x14, 0x00, 0xbf, 0x8f, 0x25, 0x10, 0x00, 0x00, 0x08, 0x00, 0xe0, 0x03,
  0x18, 0x00, 0xbd, 0x27, 0x00, 0x00, 0x01, 0x3c, 0xed, 0xff, 0x00, 0x10,
  0x88, 0x58, 0x24, 0xac, 0x25, 0x10, 0x00, 0x00, 0x08, 0x00, 0xe0, 0x03,
  0x00, 0x00, 0x00, 0x00, 0x00, 0x00, 0x83, 0x8c, 0x00, 0x00, 0x00, 0x00,
  0x28, 0x00, 0x60, 0x14, 0x04, 0x01, 0x02, 0x24, 0x04, 0x00, 0x83, 0x8c,
  0x00, 0x00, 0x00, 0x00, 0x24, 0x00, 0x60, 0x14, 0x00, 0x00, 0x00, 0x00,
  0x08, 0x00, 0x83, 0x8c, 0x00, 0x00, 0x00, 0x00, 0x20, 0x00, 0x60, 0x10,
  0x00, 0x00, 0x00, 0x00, 0x18, 0x00, 0x83, 0x8c, 0x00, 0x00, 0x00, 0x00,
  0x1c, 0x00, 0x60, 0x14, 0x00, 0x00, 0x00, 0x00, 0x1c, 0x00, 0x83, 0x8c,
  0x00, 0x00, 0x00, 0x00, 0x18, 0x00, 0x60, 0x14, 0x00, 0x00, 0x00, 0x00,
  0x00, 0x00, 0x03, 0x3c, 0x80, 0x58, 0x63, 0x8c, 0x00, 0x00, 0x00, 0x00,
  0x13, 0x00, 0x60, 0x14, 0x21, 0x01, 0x02, 0x24, 0x0c, 0x00, 0x82, 0x8c,
  0x2c, 0x00, 0x85, 0xac, 0x00, 0x00, 0x01, 0x3c, 0x0d, 0x00, 0x40, 0x10,
  0x80, 0x58, 0x24, 0xac, 0xe8, 0xff, 0xbd, 0x27, 0x14, 0x00, 0xbf, 0xaf,
  0xd3, 0xf0, 0x11, 0x04, 0x18, 0x00, 0xa4, 0xaf, 0x20, 0x00, 0x44, 0x8c,
  0x18, 0x00, 0xa5, 0x8f, 0x76, 0xff, 0x11, 0x04, 0x00, 0x00, 0x00, 0x00,
  0x14, 0x00, 0xbf, 0x8f, 0x25, 0x10, 0x00, 0x00, 0x08, 0x00, 0xe0, 0x03,
  0x18, 0x00, 0xbd, 0x27, 0x25, 0x10, 0x00, 0x00, 0x08, 0x00, 0xe0, 0x03,
  0x00, 0x00, 0x00, 0x00, 0x00, 0x00, 0x02, 0x3c, 0x88, 0x58, 0x42, 0x8c,
  0x25, 0x28, 0x80, 0x00, 0x20, 0x00, 0x40, 0x10, 0x00, 0x00, 0x00, 0x00,
  0x09, 0x00, 0x45, 0x14, 0x00, 0x00, 0x00, 0x00, 0x00, 0x00, 0xa2, 0x8c,
  0xe8, 0xff, 0xbd, 0x27, 0x04, 0x00, 0xa3, 0x8c, 0x07, 0x00, 0x40, 0x14,
  0x14, 0x00, 0xbf, 0xaf, 0x00, 0x00, 0x01, 0x3c, 0x05, 0x00, 0x00, 0x10,
  0x84, 0x58, 0x23, 0xac, 0x00, 0x00, 0x42, 0x8c, 0xf2, 0xff, 0x00, 0x10,
  0x00, 0x00, 0x00, 0x00, 0x04, 0x00, 0x43, 0xac, 0x04, 0x00, 0xa3, 0x8c,
  0x00, 0x00, 0x00, 0x00, 0x0b, 0x00, 0x60, 0x10, 0x00, 0x00, 0x00, 0x00,
  0x00, 0x00, 0x62, 0xac, 0xae, 0xf0, 0x11, 0x04, 0x18, 0x00, 0xa5, 0xaf,
  0x18, 0x00, 0xa5, 0x8f, 0x14, 0xff, 0x11, 0x04, 0x25, 0x20, 0x40, 0x00,
  0x14, 0x00, 0xbf, 0x8f, 0x25, 0x10, 0x00, 0x00, 0x08, 0x00, 0xe0, 0x03,
  0x18, 0x00, 0xbd, 0x27, 0x00, 0x00, 0x01, 0x3c, 0xf5, 0xff, 0x00, 0x10,
  0x88, 0x58, 0x22, 0xac, 0x08, 0x00, 0xe0, 0x03, 0x04, 0x01, 0x02, 0x24,
  0x00, 0x00, 0x01, 0x3c, 0x80, 0x58, 0x20, 0xac, 0x08, 0x00, 0xe0, 0x03,
  0x25, 0x10, 0x00, 0x00, 0x00, 0x00, 0x00, 0x00, 0x00, 0x00, 0x00, 0x00,
  0xe0, 0xff, 0xbd, 0x27, 0x08, 0x00, 0x02, 0x24, 0x18, 0x00, 0xb1, 0xaf,
  0x00, 0x00, 0x11, 0x3c, 0x88, 0x58, 0x31, 0x8e, 0x14, 0x00, 0xb0, 0xaf,
  0x1c, 0x00, 0xbf, 0xaf, 0x25, 0x80, 0x80, 0x00, 0x18, 0x00, 0x82, 0xa0,
  0x12, 0x00, 0x20, 0x16, 0x00, 0x00, 0x00, 0x00, 0x00, 0x00, 0x11, 0x3c,
  0x80, 0x58, 0x31, 0x8e, 0x00, 0x00, 0x00, 0x00, 0x08, 0x00, 0x20, 0x12,
  0x00, 0x00, 0x00, 0x00, 0x2c, 0x00, 0x26, 0x8e, 0x00, 0x00, 0x05, 0x8e,
  0x0c, 0x00, 0x24, 0x8e, 0x15, 0xff, 0x11, 0x04, 0x30, 0x00, 0x00, 0xae,
  0x0d, 0x00, 0x40, 0x14, 0x00, 0x00, 0x00, 0x00, 0x1c, 0x00, 0xbf, 0x8f,
  0x18, 0x00, 0xb1, 0x8f, 0x14, 0x00, 0xb0, 0x8f, 0x08, 0x00, 0xe0, 0x03,
  0x20, 0x00, 0xbd, 0x27, 0x2c, 0x00, 0x26, 0x8e, 0x00, 0x00, 0x05, 0x8e,
  0x0c, 0x00, 0x24, 0x8e, 0x09, 0xff, 0x11, 0x04, 0x30, 0x00, 0x00, 0xae,
  0x0a, 0x00, 0x40, 0x10, 0x00, 0x00, 0x00, 0x00, 0x14, 0x00, 0x11, 0xae,
  0x2c, 0x00, 0x26, 0x8e, 0x00, 0x00, 0x05, 0x8e, 0x10, 0x00, 0x24, 0x8e,
  0x1c, 0x00, 0xbf, 0x8f, 0x18, 0x00, 0xb1, 0x8f, 0x14, 0x00, 0xb0, 0x8f,
  0xfe, 0xfe, 0x00, 0x10, 0x20, 0x00, 0xbd, 0x27, 0x00, 0x00, 0x31, 0x8e,
  0xdb, 0xff, 0x00, 0x10, 0x00, 0x00, 0x00, 0x00, 0xe8, 0xff, 0xbd, 0x27,
  0x10, 0x00, 0xb0, 0xaf, 0x14, 0x00, 0xbf, 0xaf, 0xc0, 0xf3, 0x11, 0x04,
  0x25, 0x80, 0x80, 0x00, 0x05, 0xf6, 0x11, 0x04, 0x25, 0x20, 0x00, 0x02,
  0x14, 0x00, 0xbf, 0x8f, 0x25, 0x20, 0x00, 0x02, 0x10, 0x00, 0xb0, 0x8f,
  0xb6, 0xf5, 0x00, 0x10, 0x18, 0x00, 0xbd, 0x27, 0x25, 0x18, 0x80, 0x00,
  0x10, 0x00, 0x86, 0x8c, 0x28, 0x00, 0x65, 0x8c, 0x05, 0x00, 0x02, 0x24,
  0x18, 0x00, 0xc4, 0x8c, 0x0e, 0x00, 0xa2, 0x14, 0x00, 0x00, 0x00, 0x00,
  0xa8, 0x00, 0x87, 0x8c, 0x00, 0x00, 0x00, 0x00, 0x40, 0x38, 0x07, 0x00,
  0x01, 0x05, 0xe2, 0x2c, 0x03, 0x00, 0x40, 0x14, 0xa8, 0x00, 0x87, 0xac,
  0xe6, 0xff, 0x00, 0x10, 0x25, 0x28, 0xc0, 0x00, 0x01, 0x00, 0xe7, 0x34,
  0x00, 0x00, 0x05, 0x3c, 0xd8, 0x4e, 0xa5, 0x24, 0x8e, 0xf1, 0x00, 0x10,
  0x34, 0x00, 0x84, 0x24, 0x24, 0x00, 0xc5, 0x8c, 0x19, 0x00, 0x82, 0x90,
  0x00, 0x00, 0xa6, 0x94, 0x7f, 0x00, 0x42, 0x30, 0x25, 0x10, 0x46, 0x00,
  0x00, 0x00, 0xa2, 0xa4, 0x07, 0x00, 0x02, 0x24, 0x18, 0x00, 0x82, 0xa0,
  0x25, 0x30, 0x60, 0x00, 0x00, 0x00, 0x05, 0x3c, 0x84, 0x4f, 0xa5, 0x24,
  0xf2, 0xff, 0x00, 0x10, 0x05, 0x00, 0x07, 0x24, 0xe8, 0xff, 0xbd, 0x27,
  0x14, 0x00, 0xbf, 0xaf, 0x1c, 0x00, 0xa5, 0xaf, 0x0c, 0xf0, 0x11, 0x04,
  0x20, 0x00, 0xa6, 0xaf, 0x25, 0x20, 0x40, 0x00, 0x13, 0x00, 0x80, 0x10,
  0x25, 0x10, 0x00, 0x00, 0x1c, 0x00, 0xa5, 0x8f, 0x20, 0x00, 0xa6, 0x8f,
  0x13, 0x00, 0xa0, 0x10, 0x00, 0x00, 0x00, 0x00, 0x00, 0x00, 0xa3, 0x90,
  0x00, 0x00, 0x00, 0x00, 0x21, 0x10, 0xa3, 0x00, 0x00, 0x00, 0x45, 0x90,
  0x00, 0x00, 0x00, 0x00, 0x02, 0x00, 0xa3, 0x2c, 0x06, 0x00, 0x60, 0x14,
  0x00, 0x00, 0x00, 0x00, 0xb0, 0x00, 0x83, 0x8c, 0x00, 0x00, 0x00, 0x00,
  0x2b, 0x18, 0x43, 0x00, 0x09, 0x00, 0x60, 0x14, 0x00, 0x00, 0x00, 0x00,
  0x25, 0x10, 0x00, 0x00, 0x14, 0x00, 0xbf, 0x8f, 0x00, 0x00, 0x00, 0x00,
  0x08, 0x00, 0xe0, 0x03, 0x18, 0x00, 0xbd, 0x27, 0xac, 0x00, 0x82, 0x8c,
  0xef, 0xff, 0x00, 0x10, 0x00, 0x00, 0x00, 0x00, 0xf8, 0xff, 0xc0, 0x10,
  0x00, 0x00, 0x00, 0x00, 0x01, 0x00, 0x43, 0x90, 0x00, 0x00, 0x00, 0x00,
  0xf4, 0xff, 0x66, 0x10, 0x00, 0x00, 0x00, 0x00, 0xe7, 0xff, 0x00, 0x10,
  0x21, 0x10, 0x45, 0x00, 0xd8, 0xff, 0xbd, 0x27, 0x28, 0x00, 0xa4, 0xaf,
  0x2c, 0x00, 0xa5, 0xaf, 0x24, 0x00, 0xbf, 0xaf, 0x11, 0xf0, 0x11, 0x04,
  0x00, 0x00, 0x00, 0x00, 0x2c, 0x00, 0xa5, 0x8f, 0x28, 0x00, 0xa4, 0x8f,
  0x25, 0x30, 0x00, 0x00, 0x10, 0x00, 0xa3, 0x27, 0x06, 0x00, 0x07, 0x24,
  0x12, 0x00, 0x44, 0x14, 0x21, 0x40, 0x66, 0x00, 0x21, 0x10, 0x66, 0x00,
  0x07, 0x00, 0x08, 0x24, 0x25, 0x18, 0x00, 0x00, 0x2a, 0x20, 0x66, 0x00,
  0x02, 0x00, 0x80, 0x10, 0x25, 0x38, 0x00, 0x00, 0xff, 0xff, 0x47, 0x90,
  0x21, 0x20, 0xa3, 0x00, 0x01, 0x00, 0x63, 0x24, 0x00, 0x00, 0x87, 0xa0,
  0xf8, 0xff, 0x68, 0x14, 0xff, 0xff, 0x42, 0x24, 0x25, 0x10, 0x00, 0x00,
  0x24, 0x00, 0xbf, 0x8f, 0x00, 0x00, 0x00, 0x00, 0x08, 0x00, 0xe0, 0x03,
  0x28, 0x00, 0xbd, 0x27, 0x2c, 0x00, 0x89, 0x8c, 0x01, 0x00, 0xc6, 0x24,
  0x28, 0x00, 0x84, 0x8c, 0xe9, 0xff, 0xc7, 0x14, 0x00, 0x00, 0x09, 0xa1,
  0xf6, 0xff, 0x00, 0x10, 0x07, 0x01, 0x02, 0x24, 0x28, 0x00, 0x82, 0x8c,
  0x00, 0x00, 0x00, 0x00, 0x08, 0x00, 0x40, 0x10, 0x00, 0x00, 0x00, 0x00,
  0x04, 0x00, 0xa0, 0x14, 0x00, 0x00, 0x00, 0x00, 0x0c, 0x00, 0x82, 0x8c,
  0x08, 0x00, 0xe0, 0x03, 0x00, 0x00, 0x00, 0x00, 0x6c, 0xf2, 0x00, 0x10,
  0x00, 0x00, 0x00, 0x00, 0x08, 0x00, 0xe0, 0x03, 0x00, 0x00, 0x00, 0x00,
  0x25, 0x28, 0x80, 0x00, 0x18, 0x00, 0x84, 0x8c, 0x00, 0x00, 0x00, 0x00,
  0x0c, 0x00, 0x82, 0x8c, 0x00, 0x00, 0x00, 0x00, 0x03, 0x00, 0x45, 0x10,
  0x00, 0x00, 0x00, 0x00, 0x34, 0xf3, 0x00, 0x10, 0x00, 0x00, 0x00, 0x00,
  0x08, 0x00, 0xe0, 0x03, 0x25, 0x10, 0x00, 0x00, 0x18, 0x00, 0x83, 0x8c,
  0x00, 0x00, 0x00, 0x00, 0x1c, 0x00, 0x60, 0x10, 0x21, 0x01, 0x02, 0x24,
  0x04, 0x00, 0xa3, 0x8c, 0x00, 0x00, 0x00, 0x00, 0x18, 0x00, 0x60, 0x14,
  0x00, 0x00, 0x00, 0x00, 0xe8, 0xff, 0xbd, 0x27, 0x01, 0x00, 0x02, 0x24,
  0x04, 0x00, 0xa2, 0xac, 0x28, 0x00, 0xa2, 0x8f, 0x14, 0x00, 0xbf, 0xaf,
  0x24, 0x00, 0xa2, 0xac, 0x20, 0x00, 0x82, 0x8c, 0x10, 0x00, 0xa4, 0xac,
  0x1c, 0x00, 0xa6, 0xac, 0x20, 0x00, 0xa7, 0xac, 0x28, 0x00, 0xa0, 0xac,
  0x09, 0x00, 0x40, 0x10, 0x0c, 0x00, 0xa2, 0xac, 0x08, 0x00, 0x45, 0xac,
  0x08, 0x00, 0xa0, 0xac, 0x4e, 0xf3, 0x11, 0x04, 0x20, 0x00, 0x85, 0xac,
  0x14, 0x00, 0xbf, 0x8f, 0x25, 0x10, 0x00, 0x00, 0x08, 0x00, 0xe0, 0x03,
  0x18, 0x00, 0xbd, 0x27, 0xf8, 0xff, 0x00, 0x10, 0x1c, 0x00, 0x85, 0xac,
  0x08, 0x00, 0xe0, 0x03, 0x00, 0x00, 0x00, 0x00, 0x04, 0x00, 0xac, 0x8c,
  0x25, 0x58, 0xc0, 0x00, 0x10, 0x00, 0xaa, 0x97, 0x14, 0x00, 0xa9, 0x97,
  0x18, 0x00, 0xa3, 0x97, 0x1c, 0x00, 0xa6, 0x8f, 0x20, 0x00, 0xa8, 0x8f,
  0x09, 0x00, 0x80, 0x15, 0x00, 0x00, 0x00, 0x00, 0x15, 0x00, 0xa7, 0xa0,
  0x14, 0x00, 0xab, 0xa0, 0x16, 0x00, 0xaa, 0xa4, 0x18, 0x00, 0xa9, 0xa4,
  0x1a, 0x00, 0xa3, 0xa4, 0x25, 0x38, 0x60, 0x00, 0xcf, 0xff, 0x00, 0x10,
  0x10, 0x00, 0xa8, 0xaf, 0x08, 0x00, 0xe0, 0x03, 0x21, 0x01, 0x02, 0x24,
  0xd0, 0xff, 0xbd, 0x27, 0x18, 0x00, 0x85, 0x8c, 0x00, 0x00, 0x02, 0x3c,
  0xec, 0x4b, 0x42, 0x24, 0x2c, 0x00, 0xbf, 0xaf, 0x20, 0x00, 0xa2, 0xaf,
  0x1c, 0x00, 0xa0, 0xaf, 0x18, 0x00, 0xa0, 0xaf, 0x14, 0x00, 0xa0, 0xaf,
  0x19, 0x00, 0xa2, 0x90, 0x05, 0x00, 0x07, 0x24, 0x10, 0x00, 0xa2, 0xaf,
  0x25, 0x30, 0x00, 0x00, 0xdf, 0xff, 0x11, 0x04, 0x4c, 0x00, 0xa5, 0x24,
  0x2c, 0x00, 0xbf, 0x8f, 0x00, 0x00, 0x00, 0x00, 0x08, 0x00, 0xe0, 0x03,
  0x30, 0x00, 0xbd, 0x27, 0x25, 0x10, 0x80, 0x00, 0x10, 0x00, 0x84, 0x8c,
  0xd0, 0xff, 0xbd, 0x27, 0x18, 0x00, 0x85, 0x8c, 0x00, 0x00, 0x06, 0x3c,
  0x8c, 0x51, 0xc6, 0x24, 0xac, 0x00, 0xa3, 0x8c, 0x2c, 0x00, 0xbf, 0xaf,
  0xb0, 0x00, 0xa3, 0xac, 0x20, 0x00, 0xa6, 0xaf, 0x1c, 0x00, 0xa3, 0xaf,
  0x20, 0x00, 0x42, 0x94, 0x06, 0x00, 0x07, 0x24, 0x18, 0x00, 0xa2, 0xaf,
  0x00, 0x01, 0x02, 0x24, 0x14, 0x00, 0xa0, 0xaf, 0x10, 0x00, 0xa2, 0xaf,
  0x80, 0x00, 0x06, 0x24, 0xc7, 0xff, 0x11, 0x04, 0x4c, 0x00, 0xa5, 0x24,
  0x2c, 0x00, 0xbf, 0x8f, 0x00, 0x00, 0x00, 0x00, 0x08, 0x00, 0xe0, 0x03,
  0x30, 0x00, 0xbd, 0x27, 0xe0, 0xff, 0xbd, 0x27, 0x08, 0x00, 0x02, 0x24,
  0x1c, 0x00, 0xbf, 0xaf, 0x20, 0x00, 0x82, 0xac, 0xe3, 0xff, 0x11, 0x04,
  0x10, 0x00, 0xa4, 0xaf, 0x10, 0x00, 0xa4, 0x8f, 0x1c, 0x00, 0xbf, 0x8f,
  0x10, 0x00, 0x82, 0x8c, 0x00, 0x00, 0x00, 0x00, 0x18, 0x00, 0x44, 0x8c,
  0x0d, 0xf5, 0x00, 0x10, 0x20, 0x00, 0xbd, 0x27, 0x18, 0x00, 0x85, 0x8c,
  0xd0, 0xff, 0xbd, 0x27, 0xb8, 0x00, 0xa2, 0x8c, 0x00, 0x00, 0x03, 0x3c,
  0xf8, 0x51, 0x63, 0x24, 0x20, 0x00, 0xa3, 0xaf, 0x14, 0x00, 0x43, 0x24,
  0x1c, 0x00, 0xa3, 0xaf, 0x10, 0x00, 0x43, 0x94, 0x06, 0x00, 0x07, 0x24,
  0x18, 0x00, 0xa3, 0xaf, 0x0c, 0x00, 0x42, 0x94, 0x81, 0x00, 0x06, 0x24,
  0x14, 0x00, 0xa2, 0xaf, 0x00, 0x22, 0x02, 0x24, 0x10, 0x00, 0xa2, 0xaf,
  0x2c, 0x00, 0xbf, 0xaf, 0xa3, 0xff, 0x11, 0x04, 0x4c, 0x00, 0xa5, 0x24,
  0x2c, 0x00, 0xbf, 0x8f, 0x00, 0x00, 0x00, 0x00, 0x08, 0x00, 0xe0, 0x03,
  0x30, 0x00, 0xbd, 0x27, 0x10, 0x00, 0x89, 0x8c, 0x25, 0x38, 0x80, 0x00,
  0x18, 0x00, 0x24, 0x8d, 0x00, 0x00, 0x00, 0x00, 0xb4, 0x00, 0x82, 0x8c,
  0x00, 0x00, 0x00, 0x00, 0x08, 0x00, 0x40, 0x18, 0x01, 0x00, 0x43, 0x24,
  0x28, 0x00, 0xe3, 0x8c, 0x00, 0x00, 0x00, 0x00, 0x03, 0x00, 0x60, 0x10,
  0x00, 0x00, 0x00, 0x00, 0xdd, 0xfe, 0x00, 0x10, 0x25, 0x28, 0x20, 0x01,
  0x01, 0x00, 0x43, 0x24, 0xb4, 0x00, 0x83, 0xac, 0x01, 0x00, 0x43, 0x30,
  0x43, 0x10, 0x02, 0x00, 0xac, 0x00, 0x85, 0x8c, 0xb0, 0x00, 0x86, 0x8c,
  0x2a, 0x00, 0x40, 0x18, 0x00, 0x00, 0x00, 0x00, 0x2a, 0x00, 0x60, 0x14,
  0x00, 0x00, 0x00, 0x00, 0x03, 0x00, 0xc3, 0x90, 0x02, 0x00, 0xc8, 0x90,
  0x00, 0x1a, 0x03, 0x00, 0x25, 0x18, 0x68, 0x00, 0x21, 0x18, 0xc3, 0x00,
  0xb0, 0x00, 0x83, 0xac, 0x04, 0x00, 0x03, 0x24, 0x00, 0x00, 0x0a, 0x3c,
  0x90, 0x57, 0x4a, 0x25, 0x14, 0x00, 0x48, 0x8d, 0x21, 0x58, 0xc3, 0x00,
  0x21, 0x40, 0xa8, 0x00, 0x2b, 0x40, 0x0b, 0x01, 0x36, 0x00, 0x00, 0x15,
  0x00, 0x00, 0x00, 0x00, 0xc8, 0xff, 0xbd, 0x27, 0x34, 0x00, 0xbf, 0xaf,
  0x11, 0x00, 0xa8, 0x90, 0x00, 0x00, 0x00, 0x00, 0x2a, 0x40, 0x48, 0x00,
  0x19, 0x00, 0x00, 0x11, 0x00, 0x02, 0x42, 0x34, 0x00, 0x00, 0x05, 0x3c,
  0x14, 0x50, 0xa5, 0x24, 0xff, 0xff, 0x42, 0x30, 0x20, 0x00, 0xa5, 0xaf,
  0x1c, 0x00, 0xa6, 0xaf, 0x18, 0x00, 0xa3, 0xaf, 0x14, 0x00, 0xa0, 0xaf,
  0x10, 0x00, 0xa2, 0xaf, 0x4c, 0x00, 0x85, 0x24, 0x06, 0x00, 0x07, 0x24,
  0x80, 0x00, 0x06, 0x24, 0x64, 0xff, 0x11, 0x04, 0x25, 0x20, 0x20, 0x01,
  0x34, 0x00, 0xbf, 0x8f, 0x00, 0x00, 0x00, 0x00, 0x08, 0x00, 0xe0, 0x03,
  0x38, 0x00, 0xbd, 0x27, 0xdf, 0xff, 0x60, 0x10, 0x04, 0x00, 0x03, 0x24,
  0x03, 0x00, 0xc3, 0x90, 0x02, 0x00, 0xc8, 0x90, 0x00, 0x1a, 0x03, 0x00,
  0xda, 0xff, 0x00, 0x10, 0x25, 0x18, 0x68, 0x00, 0x2c, 0x00, 0x42, 0x8d,
  0x00, 0x00, 0x00, 0x00, 0x10, 0x00, 0x40, 0x10, 0xbc, 0x00, 0x80, 0xac,
  0xb0, 0x00, 0x86, 0x8c, 0x28, 0x00, 0xa4, 0xaf, 0x06, 0xfd, 0x11, 0x04,
  0x2c, 0x00, 0xa7, 0xaf, 0x28, 0x00, 0xa4, 0x8f, 0x2c, 0x00, 0xa7, 0x8f,
  0xbc, 0x00, 0x82, 0x8c, 0x00, 0x00, 0x00, 0x00, 0x06, 0x00, 0x40, 0x10,
  0x00, 0x00, 0x00, 0x00, 0x34, 0x00, 0xbf, 0x8f, 0xb8, 0x00, 0x82, 0xac,
  0x10, 0x00, 0xe4, 0x8c, 0x91, 0xff, 0x00, 0x10, 0x38, 0x00, 0xbd, 0x27,
  0x34, 0x00, 0xbf, 0x8f, 0x60, 0xfe, 0x00, 0x10, 0x38, 0x00, 0xbd, 0x27,
  0x08, 0x00, 0xe0, 0x03, 0x00, 0x00, 0x00, 0x00, 0x10, 0x00, 0x85, 0x8c,
  0x28, 0x00, 0x82, 0x8c, 0x18, 0x00, 0xa3, 0x8c, 0x03, 0x00, 0x40, 0x10,
  0x00, 0x00, 0x00, 0x00, 0x86, 0xfe, 0x00, 0x10, 0x25, 0x20, 0x60, 0x00,
  0x2c, 0x00, 0x82, 0x8c, 0x00, 0x00, 0x00, 0x00, 0x12, 0x00, 0x42, 0x2c,
  0x06, 0x00, 0x40, 0x14, 0x00, 0x00, 0x00, 0x00, 0xb0, 0x00, 0x62, 0x8c,
  0xb4, 0x00, 0x60, 0xac, 0x12, 0x00, 0x42, 0x24, 0x92, 0xff, 0x00, 0x10,
  0xb0, 0x00, 0x62, 0xac, 0x24, 0x00, 0xa5, 0x8c, 0xac, 0x00, 0x63, 0x8c,
  0x02, 0x00, 0xa2, 0x94, 0x07, 0x00, 0x63, 0x90, 0x00, 0xf8, 0x42, 0x30,
  0x25, 0x10, 0x43, 0x00, 0x02, 0x00, 0xa2, 0xa4, 0x12, 0x00, 0x02, 0x24,
  0x4c, 0xff, 0x00, 0x10, 0x20, 0x00, 0x82, 0xac, 0x10, 0x00, 0x84, 0x8c,
  0x00, 0x00, 0x00, 0x00, 0x18, 0x00, 0x82, 0x8c, 0x00, 0x00, 0x00, 0x00,
  0xb8, 0x00, 0x43, 0x8c, 0x00, 0x00, 0x00, 0x00, 0x00, 0x00, 0x63, 0x8c,
  0x00, 0x00, 0x00, 0x00, 0x03, 0x00, 0x60, 0x10, 0xb8, 0x00, 0x43, 0xac,
  0x65, 0xff, 0x00, 0x10, 0x00, 0x00, 0x00, 0x00, 0x35, 0xfe, 0x00, 0x10,
  0x25, 0x20, 0x40, 0x00, 0xe8, 0xff, 0xbd, 0x27, 0x0c, 0x00, 0x86, 0x8c,
  0x14, 0x00, 0x02, 0x24, 0x15, 0x00, 0x07, 0x24, 0x14, 0x00, 0xbf, 0xaf,
  0x00, 0x00, 0x05, 0x3c, 0xd8, 0x4e, 0xa5, 0x24, 0xa8, 0x00, 0x82, 0xac,
  0x07, 0xf0, 0x11, 0x04, 0x34, 0x00, 0x84, 0x24, 0x14, 0x00, 0xbf, 0x8f,
  0x25, 0x10, 0x00, 0x00, 0x08, 0x00, 0xe0, 0x03, 0x18, 0x00, 0xbd, 0x27,
  0xd8, 0xff, 0xbd, 0x27, 0x1c, 0x00, 0xb0, 0xaf, 0x24, 0x00, 0xbf, 0xaf,
  0x20, 0x00, 0xb1, 0xaf, 0x18, 0x00, 0x83, 0x90, 0x01, 0x00, 0x02, 0x24,
  0x1e, 0x00, 0x62, 0x10, 0x25, 0x80, 0x80, 0x00, 0x18, 0x00, 0x82, 0xa0,
  0x14, 0x00, 0x82, 0x8c, 0x00, 0x00, 0x00, 0x00, 0x06, 0x00, 0x40, 0x10,
  0x00, 0x00, 0x00, 0x00, 0x00, 0x00, 0x85, 0x8c, 0x2c, 0x00, 0x46, 0x8c,
  0x14, 0x00, 0x44, 0x8c, 0x3e, 0xfd, 0x11, 0x04, 0x00, 0x00, 0x00, 0x00,
  0x34, 0x00, 0x02, 0x8e, 0x00, 0x00, 0x00, 0x00, 0x03, 0x00, 0x40, 0x10,
  0x14, 0x00, 0x00, 0xae, 0x1e, 0xf0, 0x11, 0x04, 0x34, 0x00, 0x04, 0x26,
  0x0c, 0x00, 0x05, 0x8e, 0x00, 0x00, 0x00, 0x00, 0x15, 0x00, 0xa0, 0x14,
  0x00, 0x00, 0x00, 0x00, 0xbc, 0x00, 0x11, 0x8e, 0x00, 0x00, 0x00, 0x00,
  0x15, 0x00, 0x20, 0x16, 0x00, 0x00, 0x00, 0x00, 0x20, 0x00, 0x11, 0x8e,
  0x00, 0x00, 0x00, 0x00, 0x28, 0x00, 0x20, 0x16, 0x00, 0x00, 0x00, 0x00,
  0x50, 0x00, 0x00, 0xae, 0x1b, 0x00, 0x02, 0x92, 0x00, 0x00, 0x00, 0x00,
  0x03, 0x00, 0x40, 0x10, 0x00, 0x00, 0x00, 0x00, 0x36, 0xf4, 0x11, 0x04,
  0x25, 0x20, 0x00, 0x02, 0x24, 0x00, 0xbf, 0x8f, 0x20, 0x00, 0xb1, 0x8f,
  0x1c, 0x00, 0xb0, 0x8f, 0x08, 0x00, 0xe0, 0x03, 0x28, 0x00, 0xbd, 0x27,
  0xe8, 0xf1, 0x11, 0x04, 0x25, 0x20, 0x00, 0x02, 0xe5, 0xff, 0x00, 0x10,
  0x00, 0x00, 0x00, 0x00, 0x00, 0x00, 0x22, 0x8e, 0x04, 0x00, 0x23, 0x8e,
  0x10, 0x00, 0x40, 0x10, 0x00, 0x00, 0x00, 0x00, 0x04, 0x00, 0x43, 0xac,
  0x04, 0x00, 0x23, 0x8e, 0x00, 0x00, 0x00, 0x00, 0x0d, 0x00, 0x60, 0x10,
  0x00, 0x00, 0x00, 0x00, 0x00, 0x00, 0x62, 0xac, 0x5a, 0x00, 0x11, 0x04,
  0x10, 0x00, 0xa4, 0x27, 0x3c, 0x00, 0x11, 0x04, 0x25, 0x20, 0x20, 0x02,
  0x10, 0x00, 0xa4, 0x8f, 0x57, 0x00, 0x11, 0x04, 0x00, 0x00, 0x00, 0x00,
  0xd6, 0xff, 0x00, 0x10, 0x00, 0x00, 0x00, 0x00, 0xf1, 0xff, 0x00, 0x10,
  0xc0, 0x00, 0x03, 0xae, 0xf4, 0xff, 0x00, 0x10, 0xbc, 0x00, 0x02, 0xae,
  0x04, 0x00, 0x22, 0x8e, 0x08, 0x00, 0x23, 0x8e, 0x0d, 0x00, 0x40, 0x10,
  0x00, 0x00, 0x00, 0x00, 0x08, 0x00, 0x43, 0xac, 0x08, 0x00, 0x23, 0x8e,
  0x00, 0x00, 0x00, 0x00, 0x0a, 0x00, 0x60, 0x10, 0x00, 0x00, 0x00, 0x00,
  0x04, 0x00, 0x62, 0xac, 0xaa, 0xff, 0x11, 0x04, 0x25, 0x20, 0x20, 0x02,
  0x9c, 0xee, 0x11, 0x04, 0x25, 0x20, 0x20, 0x02, 0xc6, 0xff, 0x00, 0x10,
  0x00, 0x00, 0x00, 0x00, 0xf4, 0xff, 0x00, 0x10, 0x24, 0x00, 0x03, 0xae,
  0xf7, 0xff, 0x00, 0x10, 0x20, 0x00, 0x02, 0xae, 0xe8, 0xff, 0xbd, 0x27,
  0x00, 0x00, 0x05, 0x3c, 0x30, 0x57, 0xa5, 0x24, 0x00, 0x00, 0x04, 0x3c,
  0x40, 0x57, 0x84, 0x24, 0x14, 0x00, 0xbf, 0xaf, 0x3e, 0x00, 0x11, 0x04,
  0x00, 0x00, 0x00, 0x00, 0x00, 0x00, 0x04, 0x3c, 0x3b, 0x00, 0x11, 0x04,
  0x50, 0x57, 0x84, 0x24, 0x87, 0xf6, 0x11, 0x04, 0x00, 0x00, 0x00, 0x00,
  0x25, 0x18, 0x40, 0x00, 0x04, 0x00, 0x60, 0x04, 0xff, 0xff, 0x02, 0x24,
  0xe5, 0xed, 0x11, 0x04, 0x00, 0x00, 0x00, 0x00, 0xc3, 0x17, 0x02, 0x00,
  0x14, 0x00, 0xbf, 0x8f, 0x00, 0x00, 0x00, 0x00, 0x08, 0x00, 0xe0, 0x03,
  0x18, 0x00, 0xbd, 0x27, 0x00, 0x00, 0xe0, 0x41, 0x00, 0x00, 0x00, 0x00,
  0x01, 0x01, 0x00, 0x00, 0x73, 0x79, 0x73, 0x6d, 0x65, 0x6d, 0x00, 0x00,
  0x08, 0x00, 0xe0, 0x03, 0x04, 0x00, 0x00, 0x24, 0x08, 0x00, 0xe0, 0x03,
  0x05, 0x00, 0x00, 0x24, 0x00, 0x00, 0x00, 0x00, 0x00, 0x00, 0x00, 0x00,
  0x00, 0x00, 0xe0, 0x41, 0x00, 0x00, 0x00, 0x00, 0x01, 0x01, 0x00, 0x00,
  0x6c, 0x6f, 0x61, 0x64, 0x63, 0x6f, 0x72, 0x65, 0x08, 0x00, 0xe0, 0x03,
  0x06, 0x00, 0x00, 0x24, 0x08, 0x00, 0xe0, 0x03, 0x07, 0x00, 0x00, 0x24,
  0x00, 0x00, 0x00, 0x00, 0x00, 0x00, 0x00, 0x00, 0x00, 0x00, 0xe0, 0x41,
  0x00, 0x00, 0x00, 0x00, 0x02, 0x01, 0x00, 0x00, 0x69, 0x6e, 0x74, 0x72,
  0x6d, 0x61, 0x6e, 0x00, 0x08, 0x00, 0xe0, 0x03, 0x04, 0x00, 0x00, 0x24,
  0x08, 0x00, 0xe0, 0x03, 0x05, 0x00, 0x00, 0x24, 0x08, 0x00, 0xe0, 0x03,
  0x06, 0x00, 0x00, 0x24, 0x08, 0x00, 0xe0, 0x03, 0x07, 0x00, 0x00, 0x24,
  0x08, 0x00, 0xe0, 0x03, 0x11, 0x00, 0x00, 0x24, 0x08, 0x00, 0xe0, 0x03,
  0x12, 0x00, 0x00, 0x24, 0x00, 0x00, 0x00, 0x00, 0x00, 0x00, 0x00, 0x00,
  0x00, 0x00, 0xe0, 0x41, 0x00, 0x00, 0x00, 0x00, 0x02, 0x01, 0x00, 0x00,
  0x73, 0x74, 0x64, 0x69, 0x6f, 0x00, 0x00, 0x00, 0x08, 0x00, 0xe0, 0x03,
  0x04, 0x00, 0x00, 0x24, 0x00, 0x00, 0x00, 0x00, 0x00, 0x00, 0x00, 0x00,
  0x00, 0x00, 0xe0, 0x41, 0x00, 0x00, 0x00, 0x00, 0x01, 0x01, 0x00, 0x00,
  0x74, 0x68, 0x62, 0x61, 0x73, 0x65, 0x00, 0x00, 0x08, 0x00, 0xe0, 0x03,
  0x04, 0x00, 0x00, 0x24, 0x08, 0x00, 0xe0, 0x03, 0x05, 0x00, 0x00, 0x24,
  0x08, 0x00, 0xe0, 0x03, 0x06, 0x00, 0x00, 0x24, 0x08, 0x00, 0xe0, 0x03,
  0x0a, 0x00, 0x00, 0x24, 0x08, 0x00, 0xe0, 0x03, 0x0e, 0x00, 0x00, 0x24,
  0x08, 0x00, 0xe0, 0x03, 0x21, 0x00, 0x00, 0x24, 0x00, 0x00, 0x00, 0x00,
  0x00, 0x00, 0x00, 0x00, 0x00, 0x00, 0xe0, 0x41, 0x00, 0x00, 0x00, 0x00,
  0x01, 0x01, 0x00, 0x00, 0x74, 0x68, 0x65, 0x76, 0x65, 0x6e, 0x74, 0x00,
  0x08, 0x00, 0xe0, 0x03, 0x04, 0x00, 0x00, 0x24, 0x08, 0x00, 0xe0, 0x03,
  0x05, 0x00, 0x00, 0x24, 0x08, 0x00, 0xe0, 0x03, 0x06, 0x00, 0x00, 0x24,
  0x08, 0x00, 0xe0, 0x03, 0x07, 0x00, 0x00, 0x24, 0x08, 0x00, 0xe0, 0x03,
  0x0a, 0x00, 0x00, 0x24, 0x00, 0x00, 0x00, 0x00, 0x00, 0x00, 0x00, 0x00,
  0x00, 0x00, 0xe0, 0x41, 0x00, 0x00, 0x00, 0x00, 0x02, 0x01, 0x00, 0x00,
  0x74, 0x68, 0x73, 0x65, 0x6d, 0x61, 0x70, 0x00, 0x08, 0x00, 0xe0, 0x03,
  0x04, 0x00, 0x00, 0x24, 0x08, 0x00, 0xe0, 0x03, 0x05, 0x00, 0x00, 0x24,
  0x08, 0x00, 0xe0, 0x03, 0x06, 0x00, 0x00, 0x24, 0x08, 0x00, 0xe0, 0x03,
  0x08, 0x00, 0x00, 0x24, 0x00, 0x00, 0x00, 0x00, 0x00, 0x00, 0x00, 0x00,
  0x00, 0x00, 0xe0, 0x41, 0x00, 0x00, 0x00, 0x00, 0x01, 0x01, 0x00, 0x00,
  0x73, 0x79, 0x73, 0x63, 0x6c, 0x69, 0x62, 0x00, 0x08, 0x00, 0xe0, 0x03,
  0x10, 0x00, 0x00, 0x24, 0x08, 0x00, 0xe0, 0x03, 0x11, 0x00, 0x00, 0x24,
  0x08, 0x00, 0xe0, 0x03, 0x0e, 0x00, 0x00, 0x24, 0x08, 0x00, 0xe0, 0x03,
  0x0c, 0x00, 0x00, 0x24, 0x00, 0x00, 0x00, 0x00, 0x00, 0x00, 0x00, 0x00,
  0x68, 0x75, 0x62, 0x5f, 0x63, 0x6f, 0x6e, 0x74, 0x72, 0x6f, 0x6c, 0x5f,
  0x74, 0x72, 0x61, 0x6e, 0x73, 0x66, 0x65, 0x72, 0x3a, 0x20, 0x62, 0x75,
  0x73, 0x79, 0x20, 0x2d, 0x20, 0x25, 0x73, 0x0a, 0x00, 0x00, 0x00, 0x00,
  0x73, 0x63, 0x61, 0x6e, 0x5f, 0x63, 0x68, 0x61, 0x6e, 0x67, 0x65, 0x5f,
  0x62, 0x69, 0x74, 0x6d, 0x61, 0x70, 0x00, 0x00, 0x63, 0x6c, 0x65, 0x61,
  0x72, 0x5f, 0x68, 0x75, 0x62, 0x5f, 0x66, 0x65, 0x61, 0x74, 0x75, 0x72,
  0x65, 0x00, 0x00, 0x00, 0x73, 0x65, 0x74, 0x5f, 0x70, 0x6f, 0x72, 0x74,
  0x5f, 0x70, 0x6f, 0x77, 0x65, 0x72, 0x00, 0x00, 0x68, 0x75, 0x62, 0x5f,
  0x61, 0x74, 0x74, 0x61, 0x63, 0x68, 0x00, 0x00, 0x67, 0x65, 0x74, 0x5f,
  0x68, 0x75, 0x62, 0x5f, 0x73, 0x74, 0x61, 0x74, 0x75, 0x73, 0x00, 0x00,
  0x73, 0x65, 0x74, 0x5f, 0x63, 0x6f, 0x6e, 0x66, 0x69, 0x67, 0x75, 0x72,
  0x61, 0x74, 0x69, 0x6f, 0x6e, 0x5f, 0x64, 0x6f, 0x6e, 0x65, 0x00, 0x00,
  0x63, 0x6c, 0x65, 0x61, 0x72, 0x5f, 0x70, 0x6f, 0x72, 0x74, 0x5f, 0x66,
  0x65, 0x61, 0x74, 0x75, 0x72, 0x65, 0x00, 0x00, 0x68, 0x75, 0x62, 0x5f,
  0x70, 0x6f, 0x72, 0x74, 0x5f, 0x72, 0x65, 0x73, 0x65, 0x74, 0x00, 0x00,
  0x68, 0x75, 0x62, 0x00, 0x00, 0x00, 0x00, 0x00, 0x00, 0x00, 0x00, 0x00,
  0x64, 0x65, 0x76, 0x3d, 0x00, 0x00, 0x00, 0x00, 0x65, 0x64, 0x3d, 0x00,
  0x67, 0x74, 0x64, 0x3d, 0x00, 0x00, 0x00, 0x00, 0x69, 0x74, 0x64, 0x3d,
  0x00, 0x00, 0x00, 0x00, 0x69, 0x6f, 0x72, 0x65, 0x71, 0x3d, 0x00, 0x00,
  0x63, 0x6f, 0x6e, 0x66, 0x3d, 0x00, 0x00, 0x00, 0x68, 0x75, 0x62, 0x3d,
  0x00, 0x00, 0x00, 0x00, 0x70, 0x6f, 0x72, 0x74, 0x3d, 0x00, 0x00, 0x00,
  0x74, 0x68, 0x70, 0x72, 0x69, 0x3d, 0x00, 0x00, 0x72, 0x65, 0x70, 0x6f,
  0x72, 0x74, 0x64, 0x3d, 0x00, 0x00, 0x00, 0x00, 0x55, 0x53, 0x42, 0x5f,
  0x64, 0x72, 0x69, 0x76, 0x65, 0x72, 0x00, 0x00, 0x00, 0x00, 0x00, 0x00,
  0x56, 0x65, 0x72, 0x73, 0x69, 0x6f, 0x6e, 0x20, 0x31, 0x2e, 0x36, 0x2e,
  0x30, 0x00, 0x00, 0x00, 0x55, 0x53, 0x42, 0x20, 0x44, 0x72, 0x69, 0x76,
  0x65, 0x72, 0x20, 0x28, 0x25, 0x73, 0x29, 0x00, 0x0a, 0x00, 0x00, 0x00,
  0x00, 0x00, 0x00, 0x00, 0x00, 0x00, 0x00, 0x00, 0x00, 0x00, 0x00, 0x00,
  0x00, 0x00, 0x00, 0x00, 0x00, 0x00, 0x00, 0x00, 0xc4, 0x56, 0x00, 0x00,
  0xf4, 0x00, 0x00, 0x00, 0xcc, 0x05, 0x00, 0x00, 0xe8, 0x08, 0x00, 0x00,
  0x00, 0x00, 0x00, 0x00, 0x00, 0x00, 0x00, 0x00, 0x00, 0x00, 0x00, 0x00,
  0x00, 0x00, 0x00, 0x00, 0x00, 0x00, 0x00, 0x00, 0x00, 0x00, 0x00, 0x00,
  0x20, 0x00, 0x00, 0x00, 0x40, 0x00, 0x00, 0x00, 0x80, 0x00, 0x00, 0x00,
  0x80, 0x00, 0x00, 0x00, 0x00, 0x01, 0x00, 0x00, 0x00, 0x02, 0x00, 0x00,
  0x08, 0x00, 0x00, 0x00, 0x08, 0x00, 0x00, 0x00, 0x00, 0x00, 0x00, 0x00,
  0x1e, 0x00, 0x00, 0x00, 0x24, 0x00, 0x00, 0x00, 0x00, 0x00, 0x00, 0x00,
  0xff, 0xff, 0xff, 0xff, 0xff, 0xff, 0xff, 0xff, 0xff, 0xff, 0xff, 0xff,
  0xff, 0xff, 0xff, 0xff, 0xff, 0xff, 0xff, 0xff, 0xd0, 0x56, 0x00, 0x00,
  0x90, 0x57, 0x00, 0x00, 0x00, 0x00, 0x00, 0x00, 0xd8, 0x56, 0x00, 0x00,
  0x94, 0x57, 0x00, 0x00, 0x00, 0x00, 0x00, 0x00, 0xdc, 0x56, 0x00, 0x00,
  0x98, 0x57, 0x00, 0x00, 0x00, 0x00, 0x00, 0x00, 0xe4, 0x56, 0x00, 0x00,
  0x9c, 0x57, 0x00, 0x00, 0x00, 0x00, 0x00, 0x00, 0xec, 0x56, 0x00, 0x00,
  0xa0, 0x57, 0x00, 0x00, 0x00, 0x00, 0x00, 0x00, 0xf4, 0x56, 0x00, 0x00,
  0xa4, 0x57, 0x00, 0x00, 0x00, 0x00, 0x00, 0x00, 0xfc, 0x56, 0x00, 0x00,
  0xa8, 0x57, 0x00, 0x00, 0x00, 0x00, 0x00, 0x00, 0x04, 0x57, 0x00, 0x00,
  0xac, 0x57, 0x00, 0x00, 0x00, 0x00, 0x00, 0x00, 0x0c, 0x57, 0x00, 0x00,
  0xb4, 0x57, 0x00, 0x00, 0xb8, 0x57, 0x00, 0x00, 0x14, 0x57, 0x00, 0x00,
  0xbc, 0x57, 0x00, 0x00, 0x00, 0x00, 0x00, 0x00, 0x00, 0x00, 0x00, 0x00,
  0x00, 0x00, 0x00, 0x00, 0x00, 0x00, 0x00, 0x00, 0x20, 0x57, 0x00, 0x00,
  0x04, 0x02, 0x00, 0x00, 0x00, 0x2e, 0x69, 0x6f, 0x70, 0x6d, 0x6f, 0x64,
  0x00, 0x2e, 0x74, 0x65, 0x78, 0x74, 0x00, 0x2e, 0x72, 0x65, 0x6c, 0x2e,
  0x74, 0x65, 0x78, 0x74, 0x00, 0x2e, 0x72, 0x6f, 0x64, 0x61, 0x74, 0x61,
  0x00, 0x2e, 0x64, 0x61, 0x74, 0x61, 0x00, 0x2e, 0x72, 0x65, 0x6c, 0x2e,
  0x64, 0x61, 0x74, 0x61, 0x00, 0x2e, 0x62, 0x73, 0x73, 0x00, 0x2e, 0x73,
  0x68, 0x73, 0x74, 0x72, 0x74, 0x61, 0x62, 0x00, 0x2e, 0x73, 0x79, 0x6d,
  0x74, 0x61, 0x62, 0x00, 0x2e, 0x73, 0x74, 0x72, 0x74, 0x61, 0x62, 0x00,
  0x00, 0x00, 0x00, 0x00, 0x00, 0x00, 0x00, 0x00, 0x00, 0x00, 0x00, 0x00,
  0x00, 0x00, 0x00, 0x00, 0x00, 0x00, 0x00, 0x00, 0x00, 0x00, 0x00, 0x00,
  0x00, 0x00, 0x00, 0x00, 0x00, 0x00, 0x00, 0x00, 0x00, 0x00, 0x00, 0x00,
  0x00, 0x00, 0x00, 0x00, 0x01, 0x00, 0x00, 0x00, 0x80, 0x00, 0x00, 0x70,
  0x00, 0x00, 0x00, 0x00, 0x00, 0x00, 0x00, 0x00, 0x74, 0x00, 0x00, 0x00,
  0x1b, 0x00, 0x00, 0x00, 0x00, 0x00, 0x00, 0x00, 0x00, 0x00, 0x00, 0x00,
  0x04, 0x00, 0x00, 0x00, 0x00, 0x00, 0x00, 0x00, 0x09, 0x00, 0x00, 0x00,
  0x01, 0x00, 0x00, 0x00, 0x06, 0x00, 0x00, 0x00, 0x00, 0x00, 0x00, 0x00,
  0x90, 0x00, 0x00, 0x00, 0x10, 0x56, 0x00, 0x00, 0x00, 0x00, 0x00, 0x00,
  0x00, 0x00, 0x00, 0x00, 0x10, 0x00, 0x00, 0x00, 0x00, 0x00, 0x00, 0x00,
  0x0f, 0x00, 0x00, 0x00, 0x09, 0x00, 0x00, 0x00, 0x40, 0x00, 0x00, 0x00,
  0x00, 0x00, 0x00, 0x00, 0xf8, 0x5a, 0x00, 0x00, 0xa8, 0x0a, 0x00, 0x00,
  0x09, 0x00, 0x00, 0x00, 0x02, 0x00, 0x00, 0x00, 0x04, 0x00, 0x00, 0x00,
  0x08, 0x00, 0x00, 0x00, 0x19, 0x00, 0x00, 0x00, 0x01, 0x00, 0x00, 0x00,
  0x32, 0x00, 0x00, 0x00, 0x10, 0x56, 0x00, 0x00, 0xa0, 0x56, 0x00, 0x00,
  0x42, 0x01, 0x00, 0x00, 0x00, 0x00, 0x00, 0x00, 0x00, 0x00, 0x00, 0x00,
  0x10, 0x00, 0x00, 0x00, 0x01, 0x00, 0x00, 0x00, 0x21, 0x00, 0x00, 0x00,
  0x01, 0x00, 0x00, 0x00, 0x03, 0x00, 0x00, 0x00, 0x60, 0x57, 0x00, 0x00,
  0xf0, 0x57, 0x00, 0x00, 0x00, 0x01, 0x00, 0x00, 0x00, 0x00, 0x00, 0x00,
  0x00, 0x00, 0x00, 0x00, 0x10, 0x00, 0x00, 0x00, 0x00, 0x00, 0x00, 0x00,
  0x27, 0x00, 0x00, 0x00, 0x09, 0x00, 0x00, 0x00, 0x40, 0x00, 0x00, 0x00,
  0x00, 0x00, 0x00, 0x00, 0xa0, 0x65, 0x00, 0x00, 0xd0, 0x00, 0x00, 0x00,
  0x09, 0x00, 0x00, 0x00, 0x05, 0x00, 0x00, 0x00, 0x04, 0x00, 0x00, 0x00,
  0x08, 0x00, 0x00, 0x00, 0x31, 0x00, 0x00, 0x00, 0x08, 0x00, 0x00, 0x00,
  0x03, 0x00, 0x00, 0x00, 0x60, 0x58, 0x00, 0x00, 0xf0, 0x58, 0x00, 0x00,
  0x40, 0x00, 0x00, 0x00, 0x00, 0x00, 0x00, 0x00, 0x00, 0x00, 0x00, 0x00,
  0x10, 0x00, 0x00, 0x00, 0x00, 0x00, 0x00, 0x00, 0x36, 0x00, 0x00, 0x00,
  0x03, 0x00, 0x00, 0x00, 0x00, 0x00, 0x00, 0x00, 0x00, 0x00, 0x00, 0x00,
  0xf0, 0x58, 0x00, 0x00, 0x50, 0x00, 0x00, 0x00, 0x00, 0x00, 0x00, 0x00,
  0x00, 0x00, 0x00, 0x00, 0x01, 0x00, 0x00, 0x00, 0x00, 0x00, 0x00, 0x00,
  0x40, 0x00, 0x00, 0x00, 0x02, 0x00, 0x00, 0x00, 0x00, 0x00, 0x00, 0x00,
  0x00, 0x00, 0x00, 0x00, 0x70, 0x66, 0x00, 0x00, 0x10, 0x00, 0x00, 0x00,
  0x0a, 0x00, 0x00, 0x00, 0x01, 0x00, 0x00, 0x00, 0x04, 0x00, 0x00, 0x00,
  0x10, 0x00, 0x00, 0x00, 0x48, 0x00, 0x00, 0x00, 0x03, 0x00, 0x00, 0x00,
  0x00, 0x00, 0x00, 0x00, 0x00, 0x00, 0x00, 0x00, 0x80, 0x66, 0x00, 0x00,
  0x01, 0x00, 0x00, 0x00, 0x00, 0x00, 0x00, 0x00, 0x00, 0x00, 0x00, 0x00,
  0x01, 0x00, 0x00, 0x00, 0x00, 0x00, 0x00, 0x00, 0x14, 0x00, 0x00, 0x00,
  0x02, 0x00, 0x00, 0x00, 0x18, 0x00, 0x00, 0x00, 0x02, 0x00, 0x00, 0x00,
  0x1c, 0x00, 0x00, 0x00, 0x02, 0x00, 0x00, 0x00, 0x20, 0x00, 0x00, 0x00,
  0x02, 0x00, 0x00, 0x00, 0x24, 0x00, 0x00, 0x00, 0x02, 0x00, 0x00, 0x00,
  0x28, 0x00, 0x00, 0x00, 0x02, 0x00, 0x00, 0x00, 0x2c, 0x00, 0x00, 0x00,
  0x02, 0x00, 0x00, 0x00, 0x30, 0x00, 0x00, 0x00, 0x02, 0x00, 0x00, 0x00,
  0x34, 0x00, 0x00, 0x00, 0x02, 0x00, 0x00, 0x00, 0x38, 0x00, 0x00, 0x00,
  0x02, 0x00, 0x00, 0x00, 0x3c, 0x00, 0x00, 0x00, 0x02, 0x00, 0x00, 0x00,
  0x40, 0x00, 0x00, 0x00, 0x02, 0x00, 0x00, 0x00, 0x44, 0x00, 0x00, 0x00,
  0x02, 0x00, 0x00, 0x00, 0x48, 0x00, 0x00, 0x00, 0x02, 0x00, 0x00, 0x00,
  0x4c, 0x00, 0x00, 0x00, 0x02, 0x00, 0x00, 0x00, 0x50, 0x00, 0x00, 0x00,
  0x02, 0x00, 0x00, 0x00, 0x54, 0x00, 0x00, 0x00, 0x02, 0x00, 0x00, 0x00,
  0x58, 0x00, 0x00, 0x00, 0x02, 0x00, 0x00, 0x00, 0x5c, 0x00, 0x00, 0x00,
  0x02, 0x00, 0x00, 0x00, 0x5c, 0x01, 0x00, 0x00, 0x05, 0x00, 0x00, 0x00,
  0x60, 0x01, 0x00, 0x00, 0x06, 0x00, 0x00, 0x00, 0xc0, 0x01, 0x00, 0x00,
  0x05, 0x00, 0x00, 0x00, 0xc4, 0x01, 0x00, 0x00, 0x06, 0x00, 0x00, 0x00,
  0x2c, 0x02, 0x00, 0x00, 0x05, 0x00, 0x00, 0x00, 0x30, 0x02, 0x00, 0x00,
  0x06, 0x00, 0x00, 0x00, 0x38, 0x02, 0x00, 0x00, 0x05, 0x00, 0x00, 0x00,
  0x3c, 0x02, 0x00, 0x00, 0x06, 0x00, 0x00, 0x00, 0xf4, 0x02, 0x00, 0x00,
  0x05, 0x00, 0x00, 0x00, 0xf8, 0x02, 0x00, 0x00, 0x06, 0x00, 0x00, 0x00,
  0x04, 0x03, 0x00, 0x00, 0x05, 0x00, 0x00, 0x00, 0x08, 0x03, 0x00, 0x00,
  0x06, 0x00, 0x00, 0x00, 0x98, 0x03, 0x00, 0x00, 0x05, 0x00, 0x00, 0x00,
  0x9c, 0x03, 0x00, 0x00, 0x06, 0x00, 0x00, 0x00, 0xa4, 0x03, 0x00, 0x00,
  0x05, 0x00, 0x00, 0x00, 0xa8, 0x03, 0x00, 0x00, 0x06, 0x00, 0x00, 0x00,
  0xf0, 0x03, 0x00, 0x00, 0x05, 0x00, 0x00, 0x00, 0xf4, 0x03, 0x00, 0x00,
  0x06, 0x00, 0x00, 0x00, 0xfc, 0x03, 0x00, 0x00, 0x05, 0x00, 0x00, 0x00,
  0x00, 0x04, 0x00, 0x00, 0x06, 0x00, 0x00, 0x00, 0x8c, 0x04, 0x00, 0x00,
  0x05, 0x00, 0x00, 0x00, 0x90, 0x04, 0x00, 0x00, 0x06, 0x00, 0x00, 0x00,
  0xb0, 0x04, 0x00, 0x00, 0x05, 0x00, 0x00, 0x00, 0xb4, 0x04, 0x00, 0x00,
  0x06, 0x00, 0x00, 0x00, 0xc0, 0x04, 0x00, 0x00, 0x05, 0x00, 0x00, 0x00,
  0xc4, 0x04, 0x00, 0x00, 0x06, 0x00, 0x00, 0x00, 0x50, 0x05, 0x00, 0x00,
  0x05, 0x00, 0x00, 0x00, 0x54, 0x05, 0x00, 0x00, 0x06, 0x00, 0x00, 0x00,
  0x84, 0x06, 0x00, 0x00, 0x05, 0x00, 0x00, 0x00, 0x88, 0x06, 0x00, 0x00,
  0x06, 0x00, 0x00, 0x00, 0xa0, 0x06, 0x00, 0x00, 0x05, 0x00, 0x00, 0x00,
  0xa4, 0x06, 0x00, 0x00, 0x06, 0x00, 0x00, 0x00, 0xa8, 0x06, 0x00, 0x00,
  0x05, 0x00, 0x00, 0x00, 0xac, 0x06, 0x00, 0x00, 0x06, 0x00, 0x00, 0x00,
  0xbc, 0x06, 0x00, 0x00, 0x05, 0x00, 0x00, 0x00, 0xc0, 0x06, 0x00, 0x00,
  0x06, 0x00, 0x00, 0x00, 0xf0, 0x06, 0x00, 0x00, 0x05, 0x00, 0x00, 0x00,
  0xf4, 0x06, 0x00, 0x00, 0x06, 0x00, 0x00, 0x00, 0xf8, 0x06, 0x00, 0x00,
  0x05, 0x00, 0x00, 0x00, 0xfc, 0x06, 0x00, 0x00, 0x06, 0x00, 0x00, 0x00,
  0x84, 0x07, 0x00, 0x00, 0x05, 0x00, 0x00, 0x00, 0x88, 0x07, 0x00, 0x00,
  0x06, 0x00, 0x00, 0x00, 0x94, 0x07, 0x00, 0x00, 0x05, 0x00, 0x00, 0x00,
  0x98, 0x07, 0x00, 0x00, 0x06, 0x00, 0x00, 0x00, 0xec, 0x07, 0x00, 0x00,
  0x05, 0x00, 0x00, 0x00, 0xf0, 0x07, 0x00, 0x00, 0x06, 0x00, 0x00, 0x00,
  0xf8, 0x07, 0x00, 0x00, 0x05, 0x00, 0x00, 0x00, 0xfc, 0x07, 0x00, 0x00,
  0x06, 0x00, 0x00, 0x00, 0x70, 0x08, 0x00, 0x00, 0x05, 0x00, 0x00, 0x00,
  0x74, 0x08, 0x00, 0x00, 0x06, 0x00, 0x00, 0x00, 0x7c, 0x08, 0x00, 0x00,
  0x05, 0x00, 0x00, 0x00, 0x80, 0x08, 0x00, 0x00, 0x06, 0x00, 0x00, 0x00,
  0x08, 0x09, 0x00, 0x00, 0x05, 0x00, 0x00, 0x00, 0x0c, 0x09, 0x00, 0x00,
  0x06, 0x00, 0x00, 0x00, 0x10, 0x09, 0x00, 0x00, 0x05, 0x00, 0x00, 0x00,
  0x14, 0x09, 0x00, 0x00, 0x06, 0x00, 0x00, 0x00, 0xc4, 0x09, 0x00, 0x00,
  0x05, 0x00, 0x00, 0x00, 0xc8, 0x09, 0x00, 0x00, 0x06, 0x00, 0x00, 0x00,
  0xd0, 0x09, 0x00, 0x00, 0x05, 0x00, 0x00, 0x00, 0xd4, 0x09, 0x00, 0x00,
  0x06, 0x00, 0x00, 0x00, 0xa8, 0x0a, 0x00, 0x00, 0x05, 0x00, 0x00, 0x00,
  0xac, 0x0a, 0x00, 0x00, 0x06, 0x00, 0x00, 0x00, 0x68, 0x0b, 0x00, 0x00,
  0x05, 0x00, 0x00, 0x00, 0x6c, 0x0b, 0x00, 0x00, 0x06, 0x00, 0x00, 0x00,
  0x80, 0x0b, 0x00, 0x00, 0x05, 0x00, 0x00, 0x00, 0x84, 0x0b, 0x00, 0x00,
  0x06, 0x00, 0x00, 0x00, 0xc4, 0x0b, 0x00, 0x00, 0x05, 0x00, 0x00, 0x00,
  0xc8, 0x0b, 0x00, 0x00, 0x06, 0x00, 0x00, 0x00, 0xf0, 0x0b, 0x00, 0x00,
  0x05, 0x00, 0x00, 0x00, 0xf4, 0x0b, 0x00, 0x00, 0x06, 0x00, 0x00, 0x00,
  0x04, 0x0c, 0x00, 0x00, 0x05, 0x00, 0x00, 0x00, 0x08, 0x0c, 0x00, 0x00,
  0x06, 0x00, 0x00, 0x00, 0x3c, 0x0c, 0x00, 0x00, 0x05, 0x00, 0x00, 0x00,
  0x40, 0x0c, 0x00, 0x00, 0x06, 0x00, 0x00, 0x00, 0x88, 0x0c, 0x00, 0x00,
  0x05, 0x00, 0x00, 0x00, 0x8c, 0x0c, 0x00, 0x00, 0x06, 0x00, 0x00, 0x00,
  0xa0, 0x0c, 0x00, 0x00, 0x05, 0x00, 0x00, 0x00, 0xa4, 0x0c, 0x00, 0x00,
  0x06, 0x00, 0x00, 0x00, 0xb8, 0x0c, 0x00, 0x00, 0x05, 0x00, 0x00, 0x00,
  0xbc, 0x0c, 0x00, 0x00, 0x06, 0x00, 0x00, 0x00, 0xd8, 0x0c, 0x00, 0x00,
  0x05, 0x00, 0x00, 0x00, 0xdc, 0x0c, 0x00, 0x00, 0x06, 0x00, 0x00, 0x00,
  0x14, 0x0d, 0x00, 0x00, 0x05, 0x00, 0x00, 0x00, 0x18, 0x0d, 0x00, 0x00,
  0x06, 0x00, 0x00, 0x00, 0x38, 0x0d, 0x00, 0x00, 0x05, 0x00, 0x00, 0x00,
  0x3c, 0x0d, 0x00, 0x00, 0x06, 0x00, 0x00, 0x00, 0x6c, 0x0d, 0x00, 0x00,
  0x05, 0x00, 0x00, 0x00, 0x70, 0x0d, 0x00, 0x00, 0x06, 0x00, 0x00, 0x00,
  0x84, 0x0d, 0x00, 0x00, 0x05, 0x00, 0x00, 0x00, 0x88, 0x0d, 0x00, 0x00,
  0x06, 0x00, 0x00, 0x00, 0x40, 0x0e, 0x00, 0x00, 0x05, 0x00, 0x00, 0x00,
  0x44, 0x0e, 0x00, 0x00, 0x06, 0x00, 0x00, 0x00, 0x60, 0x0e, 0x00, 0x00,
  0x05, 0x00, 0x00, 0x00, 0x64, 0x0e, 0x00, 0x00, 0x06, 0x00, 0x00, 0x00,
  0xb4, 0x0e, 0x00, 0x00, 0x05, 0x00, 0x00, 0x00, 0xb8, 0x0e, 0x00, 0x00,
  0x06, 0x00, 0x00, 0x00, 0x18, 0x0f, 0x00, 0x00, 0x05, 0x00, 0x00, 0x00,
  0x1c, 0x0f, 0x00, 0x00, 0x06, 0x00, 0x00, 0x00, 0x38, 0x0f, 0x00, 0x00,
  0x05, 0x00, 0x00, 0x00, 0x3c, 0x0f, 0x00, 0x00, 0x06, 0x00, 0x00, 0x00,
  0xc0, 0x0f, 0x00, 0x00, 0x05, 0x00, 0x00, 0x00, 0xc4, 0x0f, 0x00, 0x00,
  0x06, 0x00, 0x00, 0x00, 0x60, 0x10, 0x00, 0x00, 0x05, 0x00, 0x00, 0x00,
  0x64, 0x10, 0x00, 0x00, 0x06, 0x00, 0x00, 0x00, 0x80, 0x10, 0x00, 0x00,
  0x05, 0x00, 0x00, 0x00, 0x84, 0x10, 0x00, 0x00, 0x06, 0x00, 0x00, 0x00,
  0x5c, 0x11, 0x00, 0x00, 0x05, 0x00, 0x00, 0x00, 0x60, 0x11, 0x00, 0x00,
  0x06, 0x00, 0x00, 0x00, 0x98, 0x11, 0x00, 0x00, 0x05, 0x00, 0x00, 0x00,
  0x9c, 0x11, 0x00, 0x00, 0x06, 0x00, 0x00, 0x00, 0xe4, 0x11, 0x00, 0x00,
  0x05, 0x00, 0x00, 0x00, 0xe8, 0x11, 0x00, 0x00, 0x06, 0x00, 0x00, 0x00,
  0x20, 0x12, 0x00, 0x00, 0x05, 0x00, 0x00, 0x00, 0x24, 0x12, 0x00, 0x00,
  0x06, 0x00, 0x00, 0x00, 0x90, 0x12, 0x00, 0x00, 0x05, 0x00, 0x00, 0x00,
  0x94, 0x12, 0x00, 0x00, 0x06, 0x00, 0x00, 0x00, 0x8c, 0x13, 0x00, 0x00,
  0x05, 0x00, 0x00, 0x00, 0x90, 0x13, 0x00, 0x00, 0x06, 0x00, 0x00, 0x00,
  0x9c, 0x13, 0x00, 0x00, 0x05, 0x00, 0x00, 0x00, 0xa0, 0x13, 0x00, 0x00,
  0x06, 0x00, 0x00, 0x00, 0xac, 0x13, 0x00, 0x00, 0x05, 0x00, 0x00, 0x00,
  0xb0, 0x13, 0x00, 0x00, 0x06, 0x00, 0x00, 0x00, 0xdc, 0x13, 0x00, 0x00,
  0x05, 0x00, 0x00, 0x00, 0xe0, 0x13, 0x00, 0x00, 0x06, 0x00, 0x00, 0x00,
  0x30, 0x14, 0x00, 0x00, 0x05, 0x00, 0x00, 0x00, 0x34, 0x14, 0x00, 0x00,
  0x06, 0x00, 0x00, 0x00, 0xdc, 0x14, 0x00, 0x00, 0x05, 0x00, 0x00, 0x00,
  0xe0, 0x14, 0x00, 0x00, 0x06, 0x00, 0x00, 0x00, 0x14, 0x15, 0x00, 0x00,
  0x05, 0x00, 0x00, 0x00, 0x18, 0x15, 0x00, 0x00, 0x06, 0x00, 0x00, 0x00,
  0x54, 0x15, 0x00, 0x00, 0x05, 0x00, 0x00, 0x00, 0x58, 0x15, 0x00, 0x00,
  0x06, 0x00, 0x00, 0x00, 0xc0, 0x15, 0x00, 0x00, 0x05, 0x00, 0x00, 0x00,
  0xc4, 0x15, 0x00, 0x00, 0x06, 0x00, 0x00, 0x00, 0x74, 0x16, 0x00, 0x00,
  0x05, 0x00, 0x00, 0x00, 0x78, 0x16, 0x00, 0x00, 0x06, 0x00, 0x00, 0x00,
  0xb4, 0x16, 0x00, 0x00, 0x05, 0x00, 0x00, 0x00, 0xb8, 0x16, 0x00, 0x00,
  0x06, 0x00, 0x00, 0x00, 0x6c, 0x18, 0x00, 0x00, 0x05, 0x00, 0x00, 0x00,
  0x70, 0x18, 0x00, 0x00, 0x06, 0x00, 0x00, 0x00, 0x14, 0x1a, 0x00, 0x00,
  0x05, 0x00, 0x00, 0x00, 0x18, 0x1a, 0x00, 0x00, 0x06, 0x00, 0x00, 0x00,
  0xe8, 0x1a, 0x00, 0x00, 0x05, 0x00, 0x00, 0x00, 0xec, 0x1a, 0x00, 0x00,
  0x06, 0x00, 0x00, 0x00, 0x54, 0x1b, 0x00, 0x00, 0x05, 0x00, 0x00, 0x00,
  0x58, 0x1b, 0x00, 0x00, 0x06, 0x00, 0x00, 0x00, 0x88, 0x1c, 0x00, 0x00,
  0x05, 0x00, 0x00, 0x00, 0x8c, 0x1c, 0x00, 0x00, 0x06, 0x00, 0x00, 0x00,
  0xa0, 0x1d, 0x00, 0x00, 0x05, 0x00, 0x00, 0x00, 0xa4, 0x1d, 0x00, 0x00,
  0x06, 0x00, 0x00, 0x00, 0x10, 0x1e, 0x00, 0x00, 0x05, 0x00, 0x00, 0x00,
  0x14, 0x1e, 0x00, 0x00, 0x06, 0x00, 0x00, 0x00, 0xe0, 0x1e, 0x00, 0x00,
  0x05, 0x00, 0x00, 0x00, 0xe4, 0x1e, 0x00, 0x00, 0x06, 0x00, 0x00, 0x00,
  0x70, 0x20, 0x00, 0x00, 0x05, 0x00, 0x00, 0x00, 0x74, 0x20, 0x00, 0x00,
  0x06, 0x00, 0x00, 0x00, 0xe4, 0x20, 0x00, 0x00, 0x05, 0x00, 0x00, 0x00,
  0xe8, 0x20, 0x00, 0x00, 0x06, 0x00, 0x00, 0x00, 0x90, 0x22, 0x00, 0x00,
  0x05, 0x00, 0x00, 0x00, 0x94, 0x22, 0x00, 0x00, 0x06, 0x00, 0x00, 0x00,
  0xc0, 0x22, 0x00, 0x00, 0x05, 0x00, 0x00, 0x00, 0xc4, 0x22, 0x00, 0x00,
  0x06, 0x00, 0x00, 0x00, 0xc8, 0x23, 0x00, 0x00, 0x05, 0x00, 0x00, 0x00,
  0xcc, 0x23, 0x00, 0x00, 0x06, 0x00, 0x00, 0x00, 0xe8, 0x23, 0x00, 0x00,
  0x05, 0x00, 0x00, 0x00, 0xec, 0x23, 0x00, 0x00, 0x06, 0x00, 0x00, 0x00,
  0x24, 0x24, 0x00, 0x00, 0x05, 0x00, 0x00, 0x00, 0x28, 0x24, 0x00, 0x00,
  0x06, 0x00, 0x00, 0x00, 0x90, 0x24, 0x00, 0x00, 0x05, 0x00, 0x00, 0x00,
  0x94, 0x24, 0x00, 0x00, 0x06, 0x00, 0x00, 0x00, 0x08, 0x25, 0x00, 0x00,
  0x05, 0x00, 0x00, 0x00, 0x0c, 0x25, 0x00, 0x00, 0x06, 0x00, 0x00, 0x00,
  0x80, 0x25, 0x00, 0x00, 0x05, 0x00, 0x00, 0x00, 0x84, 0x25, 0x00, 0x00,
  0x06, 0x00, 0x00, 0x00, 0x94, 0x26, 0x00, 0x00, 0x05, 0x00, 0x00, 0x00,
  0x98, 0x26, 0x00, 0x00, 0x06, 0x00, 0x00, 0x00, 0x08, 0x27, 0x00, 0x00,
  0x05, 0x00, 0x00, 0x00, 0x0c, 0x27, 0x00, 0x00, 0x06, 0x00, 0x00, 0x00,
  0x00, 0x28, 0x00, 0x00, 0x05, 0x00, 0x00, 0x00, 0x04, 0x28, 0x00, 0x00,
  0x06, 0x00, 0x00, 0x00, 0xdc, 0x28, 0x00, 0x00, 0x05, 0x00, 0x00, 0x00,
  0xe0, 0x28, 0x00, 0x00, 0x06, 0x00, 0x00, 0x00, 0x90, 0x29, 0x00, 0x00,
  0x05, 0x00, 0x00, 0x00, 0x94, 0x29, 0x00, 0x00, 0x06, 0x00, 0x00, 0x00,
  0x3c, 0x2b, 0x00, 0x00, 0x05, 0x00, 0x00, 0x00, 0x40, 0x2b, 0x00, 0x00,
  0x06, 0x00, 0x00, 0x00, 0xdc, 0x2b, 0x00, 0x00, 0x05, 0x00, 0x00, 0x00,
  0xe0, 0x2b, 0x00, 0x00, 0x06, 0x00, 0x00, 0x00, 0x18, 0x2c, 0x00, 0x00,
  0x05, 0x00, 0x00, 0x00, 0x1c, 0x2c, 0x00, 0x00, 0x06, 0x00, 0x00, 0x00,
  0x44, 0x2c, 0x00, 0x00, 0x05, 0x00, 0x00, 0x00, 0x48, 0x2c, 0x00, 0x00,
  0x06, 0x00, 0x00, 0x00, 0x74, 0x2c, 0x00, 0x00, 0x05, 0x00, 0x00, 0x00,
  0x78, 0x2c, 0x00, 0x00, 0x06, 0x00, 0x00, 0x00, 0xa4, 0x2c, 0x00, 0x00,
  0x05, 0x00, 0x00, 0x00, 0xa8, 0x2c, 0x00, 0x00, 0x06, 0x00, 0x00, 0x00,
  0xe0, 0x2c, 0x00, 0x00, 0x05, 0x00, 0x00, 0x00, 0xe4, 0x2c, 0x00, 0x00,
  0x06, 0x00, 0x00, 0x00, 0x10, 0x2d, 0x00, 0x00, 0x05, 0x00, 0x00, 0x00,
  0x14, 0x2d, 0x00, 0x00, 0x06, 0x00, 0x00, 0x00, 0xe0, 0x2d, 0x00, 0x00,
  0x05, 0x00, 0x00, 0x00, 0xe4, 0x2d, 0x00, 0x00, 0x06, 0x00, 0x00, 0x00,
  0x6c, 0x2e, 0x00, 0x00, 0x05, 0x00, 0x00, 0x00, 0x70, 0x2e, 0x00, 0x00,
  0x06, 0x00, 0x00, 0x00, 0x60, 0x2f, 0x00, 0x00, 0x05, 0x00, 0x00, 0x00,
  0x64, 0x2f, 0x00, 0x00, 0x06, 0x00, 0x00, 0x00, 0xb8, 0x2f, 0x00, 0x00,
  0x05, 0x00, 0x00, 0x00, 0xbc, 0x2f, 0x00, 0x00, 0x06, 0x00, 0x00, 0x00,
  0x6c, 0x30, 0x00, 0x00, 0x05, 0x00, 0x00, 0x00, 0x70, 0x30, 0x00, 0x00,
  0x06, 0x00, 0x00, 0x00, 0x88, 0x30, 0x00, 0x00, 0x05, 0x00, 0x00, 0x00,
  0x8c, 0x30, 0x00, 0x00, 0x06, 0x00, 0x00, 0x00, 0xa0, 0x30, 0x00, 0x00,
  0x05, 0x00, 0x00, 0x00, 0xa4, 0x30, 0x00, 0x00, 0x06, 0x00, 0x00, 0x00,
  0xec, 0x32, 0x00, 0x00, 0x05, 0x00, 0x00, 0x00, 0xf0, 0x32, 0x00, 0x00,
  0x06, 0x00, 0x00, 0x00, 0x14, 0x33, 0x00, 0x00, 0x05, 0x00, 0x00, 0x00,
  0x18, 0x33, 0x00, 0x00, 0x06, 0x00, 0x00, 0x00, 0xec, 0x33, 0x00, 0x00,
  0x05, 0x00, 0x00, 0x00, 0xf0, 0x33, 0x00, 0x00, 0x06, 0x00, 0x00, 0x00,
  0xfc, 0x33, 0x00, 0x00, 0x05, 0x00, 0x00, 0x00, 0x00, 0x34, 0x00, 0x00,
  0x06, 0x00, 0x00, 0x00, 0x28, 0x34, 0x00, 0x00, 0x05, 0x00, 0x00, 0x00,
  0x2c, 0x34, 0x00, 0x00, 0x06, 0x00, 0x00, 0x00, 0x3c, 0x34, 0x00, 0x00,
  0x05, 0x00, 0x00, 0x00, 0x40, 0x34, 0x00, 0x00, 0x06, 0x00, 0x00, 0x00,
  0x4c, 0x34, 0x00, 0x00, 0x05, 0x00, 0x00, 0x00, 0x54, 0x34, 0x00, 0x00,
  0x06, 0x00, 0x00, 0x00, 0x58, 0x34, 0x00, 0x00, 0x05, 0x00, 0x00, 0x00,
  0x5c, 0x34, 0x00, 0x00, 0x06, 0x00, 0x00, 0x00, 0xac, 0x36, 0x00, 0x00,
  0x05, 0x00, 0x00, 0x00, 0xb0, 0x36, 0x00, 0x00, 0x06, 0x00, 0x00, 0x00,
  0x5c, 0x37, 0x00, 0x00, 0x05, 0x00, 0x00, 0x00, 0x60, 0x37, 0x00, 0x00,
  0x06, 0x00, 0x00, 0x00, 0x18, 0x38, 0x00, 0x00, 0x05, 0x00, 0x00, 0x00,
  0x1c, 0x38, 0x00, 0x00, 0x06, 0x00, 0x00, 0x00, 0xf0, 0x3d, 0x00, 0x00,
  0x05, 0x00, 0x00, 0x00, 0xf4, 0x3d, 0x00, 0x00, 0x06, 0x00, 0x00, 0x00,
  0x48, 0x3e, 0x00, 0x00, 0x05, 0x00, 0x00, 0x00, 0x4c, 0x3e, 0x00, 0x00,
  0x06, 0x00, 0x00, 0x00, 0x68, 0x3e, 0x00, 0x00, 0x05, 0x00, 0x00, 0x00,
  0x6c, 0x3e, 0x00, 0x00, 0x06, 0x00, 0x00, 0x00, 0x9c, 0x3f, 0x00, 0x00,
  0x05, 0x00, 0x00, 0x00, 0xa0, 0x3f, 0x00, 0x00, 0x06, 0x00, 0x00, 0x00,
  0xbc, 0x3f, 0x00, 0x00, 0x05, 0x00, 0x00, 0x00, 0xc0, 0x3f, 0x00, 0x00,
  0x06, 0x00, 0x00, 0x00, 0x64, 0x40, 0x00, 0x00, 0x05, 0x00, 0x00, 0x00,
  0x68, 0x40, 0x00, 0x00, 0x06, 0x00, 0x00, 0x00, 0x74, 0x40, 0x00, 0x00,
  0x05, 0x00, 0x00, 0x00, 0x7c, 0x40, 0x00, 0x00, 0x06, 0x00, 0x00, 0x00,
  0x80, 0x40, 0x00, 0x00, 0x05, 0x00, 0x00, 0x00, 0x88, 0x40, 0x00, 0x00,
  0x06, 0x00, 0x00, 0x00, 0x94, 0x40, 0x00, 0x00, 0x05, 0x00, 0x00, 0x00,
  0x98, 0x40, 0x00, 0x00, 0x06, 0x00, 0x00, 0x00, 0x3c, 0x41, 0x00, 0x00,
  0x05, 0x00, 0x00, 0x00, 0x40, 0x41, 0x00, 0x00, 0x06, 0x00, 0x00, 0x00,
  0x5c, 0x41, 0x00, 0x00, 0x05, 0x00, 0x00, 0x00, 0x60, 0x41, 0x00, 0x00,
  0x06, 0x00, 0x00, 0x00, 0xcc, 0x42, 0x00, 0x00, 0x05, 0x00, 0x00, 0x00,
  0xd0, 0x42, 0x00, 0x00, 0x06, 0x00, 0x00, 0x00, 0x20, 0x43, 0x00, 0x00,
  0x05, 0x00, 0x00, 0x00, 0x24, 0x43, 0x00, 0x00, 0x06, 0x00, 0x00, 0x00,
  0x28, 0x43, 0x00, 0x00, 0x05, 0x00, 0x00, 0x00, 0x2c, 0x43, 0x00, 0x00,
  0x06, 0x00, 0x00, 0x00, 0x64, 0x43, 0x00, 0x00, 0x05, 0x00, 0x00, 0x00,
  0x6c, 0x43, 0x00, 0x00, 0x06, 0x00, 0x00, 0x00, 0x70, 0x43, 0x00, 0x00,
  0x05, 0x00, 0x00, 0x00, 0x74, 0x43, 0x00, 0x00, 0x06, 0x00, 0x00, 0x00,
  0xbc, 0x43, 0x00, 0x00, 0x05, 0x00, 0x00, 0x00, 0xc0, 0x43, 0x00, 0x00,
  0x06, 0x00, 0x00, 0x00, 0xc4, 0x43, 0x00, 0x00, 0x05, 0x00, 0x00, 0x00,
  0xc8, 0x43, 0x00, 0x00, 0x06, 0x00, 0x00, 0x00, 0x28, 0x44, 0x00, 0x00,
  0x05, 0x00, 0x00, 0x00, 0x2c, 0x44, 0x00, 0x00, 0x06, 0x00, 0x00, 0x00,
  0xe0, 0x47, 0x00, 0x00, 0x05, 0x00, 0x00, 0x00, 0xe4, 0x47, 0x00, 0x00,
  0x06, 0x00, 0x00, 0x00, 0x14, 0x49, 0x00, 0x00, 0x05, 0x00, 0x00, 0x00,
  0x18, 0x49, 0x00, 0x00, 0x06, 0x00, 0x00, 0x00, 0x28, 0x49, 0x00, 0x00,
  0x05, 0x00, 0x00, 0x00, 0x2c, 0x49, 0x00, 0x00, 0x06, 0x00, 0x00, 0x00,
  0x48, 0x49, 0x00, 0x00, 0x05, 0x00, 0x00, 0x00, 0x50, 0x49, 0x00, 0x00,
  0x06, 0x00, 0x00, 0x00, 0x84, 0x49, 0x00, 0x00, 0x05, 0x00, 0x00, 0x00,
  0x8c, 0x49, 0x00, 0x00, 0x06, 0x00, 0x00, 0x00, 0xec, 0x49, 0x00, 0x00,
  0x05, 0x00, 0x00, 0x00, 0xf0, 0x49, 0x00, 0x00, 0x06, 0x00, 0x00, 0x00,
  0x08, 0x4a, 0x00, 0x00, 0x05, 0x00, 0x00, 0x00, 0x10, 0x4a, 0x00, 0x00,
  0x06, 0x00, 0x00, 0x00, 0x50, 0x4a, 0x00, 0x00, 0x05, 0x00, 0x00, 0x00,
  0x54, 0x4a, 0x00, 0x00, 0x06, 0x00, 0x00, 0x00, 0x80, 0x4a, 0x00, 0x00,
  0x05, 0x00, 0x00, 0x00, 0x88, 0x4a, 0x00, 0x00, 0x06, 0x00, 0x00, 0x00,
  0xd4, 0x4a, 0x00, 0x00, 0x05, 0x00, 0x00, 0x00, 0xdc, 0x4a, 0x00, 0x00,
  0x06, 0x00, 0x00, 0x00, 0xe8, 0x4a, 0x00, 0x00, 0x05, 0x00, 0x00, 0x00,
  0xec, 0x4a, 0x00, 0x00, 0x06, 0x00, 0x00, 0x00, 0x0c, 0x4b, 0x00, 0x00,
  0x05, 0x00, 0x00, 0x00, 0x10, 0x4b, 0x00, 0x00, 0x06, 0x00, 0x00, 0x00,
  0x2c, 0x4b, 0x00, 0x00, 0x05, 0x00, 0x00, 0x00, 0x30, 0x4b, 0x00, 0x00,
  0x06, 0x00, 0x00, 0x00, 0x2c, 0x4c, 0x00, 0x00, 0x05, 0x00, 0x00, 0x00,
  0x30, 0x4c, 0x00, 0x00, 0x06, 0x00, 0x00, 0x00, 0x60, 0x4c, 0x00, 0x00,
  0x05, 0x00, 0x00, 0x00, 0x64, 0x4c, 0x00, 0x00, 0x06, 0x00, 0x00, 0x00,
  0xe0, 0x4e, 0x00, 0x00, 0x05, 0x00, 0x00, 0x00, 0xe4, 0x4e, 0x00, 0x00,
  0x06, 0x00, 0x00, 0x00, 0x34, 0x4f, 0x00, 0x00, 0x05, 0x00, 0x00, 0x00,
  0x38, 0x4f, 0x00, 0x00, 0x06, 0x00, 0x00, 0x00, 0xc4, 0x4f, 0x00, 0x00,
  0x05, 0x00, 0x00, 0x00, 0xc8, 0x4f, 0x00, 0x00, 0x06, 0x00, 0x00, 0x00,
  0x90, 0x50, 0x00, 0x00, 0x05, 0x00, 0x00, 0x00, 0x94, 0x50, 0x00, 0x00,
  0x06, 0x00, 0x00, 0x00, 0xcc, 0x50, 0x00, 0x00, 0x05, 0x00, 0x00, 0x00,
  0xd0, 0x50, 0x00, 0x00, 0x06, 0x00, 0x00, 0x00, 0x44, 0x52, 0x00, 0x00,
  0x05, 0x00, 0x00, 0x00, 0x48, 0x52, 0x00, 0x00, 0x06, 0x00, 0x00, 0x00,
  0xe8, 0x53, 0x00, 0x00, 0x05, 0x00, 0x00, 0x00, 0xec, 0x53, 0x00, 0x00,
  0x06, 0x00, 0x00, 0x00, 0xf0, 0x53, 0x00, 0x00, 0x05, 0x00, 0x00, 0x00,
  0xf4, 0x53, 0x00, 0x00, 0x06, 0x00, 0x00, 0x00, 0x04, 0x54, 0x00, 0x00,
  0x05, 0x00, 0x00, 0x00, 0x0c, 0x54, 0x00, 0x00, 0x06, 0x00, 0x00, 0x00,
  0x68, 0x57, 0x00, 0x00, 0x02, 0x00, 0x00, 0x00, 0x6c, 0x57, 0x00, 0x00,
  0x02, 0x00, 0x00, 0x00, 0x70, 0x57, 0x00, 0x00, 0x02, 0x00, 0x00, 0x00,
  0x74, 0x57, 0x00, 0x00, 0x02, 0x00, 0x00, 0x00, 0xd4, 0x57, 0x00, 0x00,
  0x02, 0x00, 0x00, 0x00, 0xd8, 0x57, 0x00, 0x00, 0x02, 0x00, 0x00, 0x00,
  0xe0, 0x57, 0x00, 0x00, 0x02, 0x00, 0x00, 0x00, 0xe4, 0x57, 0x00, 0x00,
  0x02, 0x00, 0x00, 0x00, 0xec, 0x57, 0x00, 0x00, 0x02, 0x00, 0x00, 0x00,
  0xf0, 0x57, 0x00, 0x00, 0x02, 0x00, 0x00, 0x00, 0xf8, 0x57, 0x00, 0x00,
  0x02, 0x00, 0x00, 0x00, 0xfc, 0x57, 0x00, 0x00, 0x02, 0x00, 0x00, 0x00,
  0x04, 0x58, 0x00, 0x00, 0x02, 0x00, 0x00, 0x00, 0x08, 0x58, 0x00, 0x00,
  0x02, 0x00, 0x00, 0x00, 0x10, 0x58, 0x00, 0x00, 0x02, 0x00, 0x00, 0x00,
  0x14, 0x58, 0x00, 0x00, 0x02, 0x00, 0x00, 0x00, 0x1c, 0x58, 0x00, 0x00,
  0x02, 0x00, 0x00, 0x00, 0x20, 0x58, 0x00, 0x00, 0x02, 0x00, 0x00, 0x00,
  0x28, 0x58, 0x00, 0x00, 0x02, 0x00, 0x00, 0x00, 0x2c, 0x58, 0x00, 0x00,
  0x02, 0x00, 0x00, 0x00, 0x34, 0x58, 0x00, 0x00, 0x02, 0x00, 0x00, 0x00,
  0x38, 0x58, 0x00, 0x00, 0x02, 0x00, 0x00, 0x00, 0x3c, 0x58, 0x00, 0x00,
  0x02, 0x00, 0x00, 0x00, 0x40, 0x58, 0x00, 0x00, 0x02, 0x00, 0x00, 0x00,
  0x44, 0x58, 0x00, 0x00, 0x02, 0x00, 0x00, 0x00, 0x58, 0x58, 0x00, 0x00,
  0x02, 0x00, 0x00, 0x00, 0x00, 0x00, 0x00, 0x00, 0x00, 0x00, 0x00, 0x00,
  0x00, 0x00, 0x00, 0x00, 0x00, 0x00, 0x00, 0x00, 0x00
};
unsigned int size_usbd_irx = 26241;
