unsigned char xfromman_irx[] = {
  0x7f, 0x45, 0x4c, 0x46, 0x01, 0x01, 0x01, 0x00, 0x00, 0x00, 0x00, 0x00,
  0x00, 0x00, 0x00, 0x00, 0x80, 0xff, 0x08, 0x00, 0x01, 0x00, 0x00, 0x00,
  0x90, 0x3c, 0x00, 0x00, 0x34, 0x00, 0x00, 0x00, 0x70, 0xce, 0x00, 0x00,
  0x01, 0x10, 0x00, 0x00, 0x34, 0x00, 0x20, 0x00, 0x02, 0x00, 0x28, 0x00,
  0x0b, 0x00, 0x08, 0x00, 0x80, 0x00, 0x00, 0x70, 0x74, 0x00, 0x00, 0x00,
  0x00, 0x00, 0x00, 0x00, 0x00, 0x00, 0x00, 0x00, 0x1b, 0x00, 0x00, 0x00,
  0x00, 0x00, 0x00, 0x00, 0x04, 0x00, 0x00, 0x00, 0x04, 0x00, 0x00, 0x00,
  0x01, 0x00, 0x00, 0x00, 0x90, 0x00, 0x00, 0x00, 0x00, 0x00, 0x00, 0x00,
  0x00, 0x00, 0x00, 0x00, 0x90, 0xcd, 0x00, 0x00, 0x80, 0x0b, 0x02, 0x00,
  0x07, 0x00, 0x00, 0x00, 0x10, 0x00, 0x00, 0x00, 0x20, 0xcd, 0x00, 0x00,
  0x90, 0x3c, 0x00, 0x00, 0x80, 0x4d, 0x01, 0x00, 0x70, 0xcb, 0x00, 0x00,
  0x20, 0x02, 0x00, 0x00, 0xf0, 0x3d, 0x01, 0x00, 0x0b, 0x02, 0x00, 0x00,
  0x00, 0x00, 0xc0, 0x41, 0x00, 0x00, 0x00, 0x00, 0x03, 0x02, 0x00, 0x00,
  0x78, 0x66, 0x72, 0x6f, 0x6d, 0x6d, 0x61, 0x6e, 0x90, 0x3c, 0x00, 0x00,
  0xf0, 0x00, 0x00, 0x00, 0xf0, 0x00, 0x00, 0x00, 0xf0, 0x00, 0x00, 0x00,
  0x90, 0x3c, 0x00, 0x00, 0x28, 0x1e, 0x00, 0x00, 0xb0, 0x1f, 0x00, 0x00,
  0x34, 0x3a, 0x00, 0x00, 0x8c, 0x20, 0x00, 0x00, 0xd0, 0x21, 0x00, 0x00,
  0x30, 0x1e, 0x00, 0x00, 0x90, 0x27, 0x00, 0x00, 0x14, 0x23, 0x00, 0x00,
  0xc8, 0x26, 0x00, 0x00, 0x78, 0x3d, 0x00, 0x00, 0x08, 0x26, 0x00, 0x00,
  0x70, 0x3f, 0x00, 0x00, 0xbc, 0x05, 0x00, 0x00, 0x84, 0x07, 0x00, 0x00,
  0x38, 0x8d, 0x00, 0x00, 0xc4, 0x05, 0x00, 0x00, 0x14, 0x1f, 0x00, 0x00,
  0xac, 0x01, 0x00, 0x00, 0xd4, 0x5d, 0x00, 0x00, 0x64, 0x75, 0x00, 0x00,
  0x14, 0x3c, 0x00, 0x00, 0xf0, 0x00, 0x00, 0x00, 0xf0, 0x00, 0x00, 0x00,
  0xf0, 0x00, 0x00, 0x00, 0xc8, 0x8f, 0x00, 0x00, 0xc0, 0x8f, 0x00, 0x00,
  0xf0, 0x00, 0x00, 0x00, 0xf0, 0x00, 0x00, 0x00, 0xf0, 0x00, 0x00, 0x00,
  0xf0, 0x00, 0x00, 0x00, 0xf0, 0x00, 0x00, 0x00, 0x60, 0x28, 0x00, 0x00,
  0x68, 0x1c, 0x00, 0x00, 0x54, 0x68, 0x00, 0x00, 0xe0, 0x01, 0x00, 0x00,
  0x20, 0x02, 0x00, 0x00, 0xf0, 0x00, 0x00, 0x00, 0x14, 0x02, 0x00, 0x00,
  0x2c, 0x8e, 0x00, 0x00, 0xd8, 0x49, 0x00, 0x00, 0xb8, 0x11, 0x00, 0x00,
  0xb0, 0x48, 0x00, 0x00, 0x1c, 0x4f, 0x00, 0x00, 0x4c, 0x2a, 0x00, 0x00,
  0xc0, 0x60, 0x00, 0x00, 0x74, 0x40, 0x00, 0x00, 0x94, 0x39, 0x00, 0x00,
  0x80, 0x5e, 0x00, 0x00, 0xf0, 0x00, 0x00, 0x00, 0x00, 0x00, 0x00, 0x00,
  0x08, 0x00, 0xe0, 0x03, 0x00, 0x00, 0x00, 0x00, 0x00, 0x00, 0x00, 0x00,
  0x00, 0x00, 0x00, 0x00, 0x02, 0x4c, 0x04, 0x00, 0x02, 0x44, 0x05, 0x00,
  0xff, 0xff, 0x84, 0x30, 0xff, 0xff, 0xa5, 0x30, 0x18, 0x00, 0x85, 0x00,
  0x12, 0x18, 0x00, 0x00, 0x00, 0x00, 0x00, 0x00, 0x00, 0x00, 0x00, 0x00,
  0x18, 0x00, 0x25, 0x01, 0x12, 0x10, 0x00, 0x00, 0x00, 0x00, 0x00, 0x00,
  0x00, 0x00, 0x00, 0x00, 0x18, 0x00, 0x88, 0x00, 0x12, 0x20, 0x00, 0x00,
  0x21, 0x10, 0x44, 0x00, 0x02, 0x24, 0x03, 0x00, 0x18, 0x00, 0x28, 0x01,
  0x21, 0x10, 0x44, 0x00, 0x00, 0x24, 0x02, 0x00, 0xff, 0xff, 0x63, 0x30,
  0x25, 0x18, 0x64, 0x00, 0x00, 0x00, 0xe3, 0xac, 0x02, 0x14, 0x02, 0x00,
  0x12, 0x18, 0x00, 0x00, 0x21, 0x10, 0x43, 0x00, 0x08, 0x00, 0xe0, 0x03,
  0x00, 0x00, 0xc2, 0xac, 0x00, 0x00, 0x83, 0x80, 0xff, 0x00, 0xa5, 0x30,
  0x25, 0x30, 0x80, 0x00, 0x07, 0x00, 0x60, 0x10, 0x00, 0x00, 0x00, 0x00,
  0x05, 0x00, 0x65, 0x10, 0x00, 0x00, 0x00, 0x00, 0x01, 0x00, 0xc6, 0x24,
  0x00, 0x00, 0xc3, 0x80, 0xf9, 0xff, 0x00, 0x10, 0x00, 0x00, 0x00, 0x00,
  0x02, 0x00, 0x65, 0x14, 0xff, 0xff, 0x02, 0x24, 0x23, 0x10, 0xc4, 0x00,
  0x08, 0x00, 0xe0, 0x03, 0x00, 0x00, 0x00, 0x00, 0x40, 0x10, 0x05, 0x00,
  0x40, 0x18, 0x04, 0x00, 0x21, 0x10, 0x45, 0x00, 0x21, 0x18, 0x64, 0x00,
  0x40, 0x1a, 0x03, 0x00, 0xc0, 0x11, 0x02, 0x00, 0x21, 0x10, 0x43, 0x00,
  0x01, 0x00, 0x03, 0x3c, 0x90, 0xcf, 0x63, 0x24, 0x21, 0x10, 0x62, 0x00,
  0x60, 0x01, 0x42, 0x8c, 0x08, 0x00, 0xe0, 0x03, 0x00, 0x00, 0x00, 0x00,
  0x40, 0x10, 0x05, 0x00, 0x40, 0x18, 0x04, 0x00, 0x21, 0x10, 0x45, 0x00,
  0x21, 0x18, 0x64, 0x00, 0x40, 0x1a, 0x03, 0x00, 0xc0, 0x11, 0x02, 0x00,
  0x21, 0x10, 0x43, 0x00, 0x01, 0x00, 0x03, 0x3c, 0x90, 0xcf, 0x63, 0x24,
  0x21, 0x10, 0x62, 0x00, 0x50, 0x01, 0x42, 0x90, 0x08, 0x00, 0xe0, 0x03,
  0x00, 0x00, 0x00, 0x00, 0x01, 0x00, 0x02, 0x3c, 0x08, 0x00, 0xe0, 0x03,
  0x20, 0xcd, 0x42, 0x24, 0x01, 0x00, 0x01, 0x3c, 0x08, 0x00, 0xe0, 0x03,
  0xe0, 0xcc, 0x24, 0xac, 0x83, 0x28, 0x05, 0x00, 0x05, 0x00, 0xa0, 0x18,
  0x80, 0x28, 0x05, 0x00, 0x21, 0x28, 0x85, 0x00, 0x04, 0x00, 0x84, 0x24,
  0xfe, 0xff, 0x85, 0x14, 0xfc, 0xff, 0x86, 0xac, 0x08, 0x00, 0xe0, 0x03,
  0x00, 0x00, 0x00, 0x00, 0x07, 0x00, 0xa0, 0x18, 0x25, 0x10, 0x00, 0x00,
  0x25, 0x18, 0x00, 0x00, 0x21, 0x30, 0x83, 0x00, 0x00, 0x00, 0xc6, 0x90,
  0x01, 0x00, 0x63, 0x24, 0xfc, 0xff, 0xa3, 0x14, 0x26, 0x10, 0x46, 0x00,
  0x08, 0x00, 0xe0, 0x03, 0x00, 0x00, 0x00, 0x00, 0x3f, 0x00, 0x03, 0x24,
  0x2a, 0x00, 0x05, 0x24, 0x00, 0x00, 0x82, 0x90, 0x00, 0x00, 0x00, 0x00,
  0x03, 0x00, 0x40, 0x14, 0x00, 0x00, 0x00, 0x00, 0x08, 0x00, 0xe0, 0x03,
  0x01, 0x00, 0x02, 0x24, 0x06, 0x00, 0x43, 0x10, 0x00, 0x00, 0x00, 0x00,
  0x04, 0x00, 0x45, 0x10, 0x00, 0x00, 0x00, 0x00, 0x20, 0x00, 0x42, 0x2c,
  0xf4, 0xff, 0x40, 0x10, 0x01, 0x00, 0x84, 0x24, 0x08, 0x00, 0xe0, 0x03,
  0x25, 0x10, 0x00, 0x00, 0xd8, 0xff, 0xbd, 0x27, 0x18, 0x00, 0xb1, 0xaf,
  0x14, 0x00, 0xb0, 0xaf, 0x24, 0x00, 0xbf, 0xaf, 0x20, 0x00, 0xb3, 0xaf,
  0x1c, 0x00, 0xb2, 0xaf, 0x25, 0x80, 0x80, 0x00, 0x25, 0x88, 0xa0, 0x00,
  0x3f, 0x00, 0x05, 0x24, 0xa2, 0xff, 0x11, 0x04, 0x25, 0x20, 0x20, 0x02,
  0x25, 0x98, 0x40, 0x00, 0x9f, 0xff, 0x11, 0x04, 0x2a, 0x00, 0x05, 0x24,
  0x0e, 0x00, 0x61, 0x06, 0x00, 0x00, 0x00, 0x00, 0x10, 0x00, 0x41, 0x04,
  0x00, 0x00, 0x00, 0x00, 0xc7, 0x31, 0x11, 0x04, 0x25, 0x28, 0x00, 0x02,
  0x01, 0x00, 0x52, 0x2c, 0x24, 0x00, 0xbf, 0x8f, 0x20, 0x00, 0xb3, 0x8f,
  0x18, 0x00, 0xb1, 0x8f, 0x14, 0x00, 0xb0, 0x8f, 0x25, 0x10, 0x40, 0x02,
  0x1c, 0x00, 0xb2, 0x8f, 0x08, 0x00, 0xe0, 0x03, 0x28, 0x00, 0xbd, 0x27,
  0x04, 0x00, 0x40, 0x04, 0x2a, 0x18, 0x53, 0x00, 0x03, 0x00, 0x60, 0x10,
  0x25, 0x30, 0x60, 0x02, 0x25, 0x98, 0x40, 0x00, 0x25, 0x30, 0x60, 0x02,
  0x25, 0x28, 0x00, 0x02, 0xbb, 0x31, 0x11, 0x04, 0x25, 0x20, 0x20, 0x02,
  0x29, 0x00, 0x40, 0x14, 0x25, 0x90, 0x40, 0x00, 0x21, 0x88, 0x33, 0x02,
  0x21, 0x80, 0x13, 0x02, 0x3f, 0x00, 0x03, 0x24, 0x00, 0x00, 0x22, 0x82,
  0x00, 0x00, 0x00, 0x00, 0x1a, 0x00, 0x43, 0x10, 0x00, 0x00, 0x00, 0x00,
  0x2a, 0x00, 0x03, 0x24, 0xd8, 0xff, 0x43, 0x14, 0x3f, 0x00, 0x05, 0x24,
  0x3f, 0x00, 0x02, 0x24, 0x00, 0x00, 0x25, 0x82, 0x00, 0x00, 0x00, 0x00,
  0x18, 0x00, 0xa3, 0x10, 0x00, 0x00, 0x00, 0x00, 0x16, 0x00, 0xa2, 0x10,
  0x00, 0x00, 0x00, 0x00, 0x18, 0x00, 0xa0, 0x10, 0xff, 0x00, 0xb3, 0x30,
  0x25, 0x28, 0x60, 0x02, 0x6f, 0xff, 0x11, 0x04, 0x25, 0x20, 0x00, 0x02,
  0xd6, 0xff, 0x40, 0x04, 0x00, 0x00, 0x00, 0x00, 0x21, 0x80, 0x02, 0x02,
  0x25, 0x20, 0x00, 0x02, 0xbd, 0xff, 0x11, 0x04, 0x25, 0x28, 0x20, 0x02,
  0xf6, 0xff, 0x40, 0x10, 0x01, 0x00, 0x10, 0x26, 0xce, 0xff, 0x00, 0x10,
  0x25, 0x90, 0x40, 0x00, 0x00, 0x00, 0x02, 0x82, 0x00, 0x00, 0x00, 0x00,
  0x07, 0x00, 0x40, 0x10, 0x01, 0x00, 0x31, 0x26, 0xde, 0xff, 0x00, 0x10,
  0x01, 0x00, 0x10, 0x26, 0xe4, 0xff, 0x00, 0x10, 0x01, 0x00, 0x31, 0x26,
  0xc4, 0xff, 0x00, 0x10, 0x25, 0x90, 0x00, 0x00, 0xc2, 0xff, 0x00, 0x10,
  0x01, 0x00, 0x12, 0x24, 0x01, 0x00, 0x02, 0x3c, 0x90, 0xe7, 0x42, 0x24,
  0x01, 0x00, 0x03, 0x3c, 0x20, 0xe8, 0x63, 0x24, 0x06, 0x00, 0x46, 0x94,
  0x00, 0x00, 0x00, 0x00, 0x06, 0x00, 0xc4, 0x14, 0x00, 0x00, 0x00, 0x00,
  0x08, 0x00, 0x46, 0x94, 0x00, 0x00, 0x00, 0x00, 0x02, 0x00, 0xc5, 0x14,
  0x00, 0x00, 0x00, 0x00, 0x00, 0x00, 0x40, 0xa0, 0x30, 0x00, 0x42, 0x24,
  0xf5, 0xff, 0x43, 0x14, 0x00, 0x00, 0x00, 0x00, 0x08, 0x00, 0xe0, 0x03,
  0x00, 0x00, 0x00, 0x00, 0xd8, 0xff, 0xbd, 0x27, 0x20, 0x00, 0xb1, 0xaf,
  0x1c, 0x00, 0xb0, 0xaf, 0x24, 0x00, 0xbf, 0xaf, 0x25, 0x80, 0x80, 0x00,
  0x40, 0x00, 0x11, 0x24, 0xa1, 0x31, 0x11, 0x04, 0x10, 0x00, 0xa4, 0x27,
  0x04, 0x00, 0x40, 0x14, 0x00, 0x00, 0x00, 0x00, 0xff, 0xff, 0x31, 0x26,
  0xfa, 0xff, 0x20, 0x16, 0x00, 0x00, 0x00, 0x00, 0x10, 0x00, 0xa2, 0x83,
  0x00, 0x00, 0x00, 0x00, 0x0c, 0x00, 0x41, 0x04, 0x04, 0x03, 0x02, 0x24,
  0x04, 0x00, 0x02, 0xa6, 0x00, 0x00, 0x00, 0xa6, 0x02, 0x00, 0x00, 0xa6,
  0xd0, 0x07, 0x02, 0x24, 0x24, 0x00, 0xbf, 0x8f, 0x06, 0x00, 0x02, 0xa6,
  0x20, 0x00, 0xb1, 0x8f, 0x1c, 0x00, 0xb0, 0x8f, 0x25, 0x10, 0x00, 0x00,
  0x08, 0x00, 0xe0, 0x03, 0x28, 0x00, 0xbd, 0x27, 0x11, 0x00, 0xa3, 0x93,
  0x00, 0x00, 0x00, 0xa2, 0x02, 0x11, 0x03, 0x00, 0x80, 0x20, 0x02, 0x00,
  0x21, 0x10, 0x44, 0x00, 0x0f, 0x00, 0x63, 0x30, 0x40, 0x10, 0x02, 0x00,
  0x21, 0x10, 0x43, 0x00, 0x12, 0x00, 0xa3, 0x93, 0x01, 0x00, 0x02, 0xa2,
  0x02, 0x11, 0x03, 0x00, 0x80, 0x20, 0x02, 0x00, 0x21, 0x10, 0x44, 0x00,
  0x0f, 0x00, 0x63, 0x30, 0x40, 0x10, 0x02, 0x00, 0x21, 0x10, 0x43, 0x00,
  0x13, 0x00, 0xa3, 0x93, 0x02, 0x00, 0x02, 0xa2, 0x02, 0x11, 0x03, 0x00,
  0x80, 0x20, 0x02, 0x00, 0x21, 0x10, 0x44, 0x00, 0x0f, 0x00, 0x63, 0x30,
  0x40, 0x10, 0x02, 0x00, 0x21, 0x10, 0x43, 0x00, 0x15, 0x00, 0xa3, 0x93,
  0x03, 0x00, 0x02, 0xa2, 0x02, 0x11, 0x03, 0x00, 0x80, 0x20, 0x02, 0x00,
  0x21, 0x10, 0x44, 0x00, 0x0f, 0x00, 0x63, 0x30, 0x40, 0x10, 0x02, 0x00,
  0x21, 0x10, 0x43, 0x00, 0x04, 0x00, 0x02, 0xa2, 0x16, 0x00, 0xa2, 0x93,
  0x00, 0x00, 0x00, 0x00, 0x0f, 0x00, 0x43, 0x30, 0x10, 0x00, 0x42, 0x30,
  0x02, 0x00, 0x40, 0x10, 0x00, 0x00, 0x00, 0x00, 0x0a, 0x00, 0x63, 0x24,
  0x05, 0x00, 0x03, 0xa2, 0x17, 0x00, 0xa3, 0x93, 0x00, 0x00, 0x00, 0x00,
  0x02, 0x21, 0x03, 0x00, 0x80, 0x10, 0x04, 0x00, 0x21, 0x10, 0x44, 0x00,
  0x0f, 0x00, 0x63, 0x30, 0x40, 0x10, 0x02, 0x00, 0xd0, 0x07, 0x63, 0x24,
  0xc7, 0xff, 0x00, 0x10, 0x21, 0x10, 0x43, 0x00, 0xe0, 0xff, 0xbd, 0x27,
  0x10, 0x00, 0xa7, 0xaf, 0x25, 0x38, 0xc0, 0x00, 0x25, 0x30, 0xa0, 0x00,
  0x1c, 0x00, 0xbf, 0xaf, 0x7b, 0x21, 0x11, 0x04, 0x25, 0x28, 0x00, 0x00,
  0x1c, 0x00, 0xbf, 0x8f, 0x00, 0x00, 0x00, 0x00, 0x08, 0x00, 0xe0, 0x03,
  0x20, 0x00, 0xbd, 0x27, 0x75, 0x21, 0x00, 0x10, 0x00, 0x00, 0x00, 0x00,
  0x25, 0x18, 0x00, 0x00, 0x25, 0x10, 0x00, 0x00, 0x25, 0x30, 0x00, 0x00,
  0x25, 0x38, 0x00, 0x00, 0x01, 0x00, 0x0a, 0x3c, 0x70, 0xcb, 0x4a, 0x25,
  0x80, 0x00, 0x09, 0x24, 0x21, 0x40, 0x87, 0x00, 0x00, 0x00, 0x08, 0x91,
  0x00, 0x00, 0x00, 0x00, 0x21, 0x40, 0x48, 0x01, 0x00, 0x00, 0x08, 0x91,
  0x00, 0x00, 0x00, 0x00, 0x26, 0x30, 0xc8, 0x00, 0x00, 0x46, 0x08, 0x00,
  0x03, 0x46, 0x08, 0x00, 0x04, 0x00, 0x01, 0x05, 0x00, 0x00, 0x00, 0x00,
  0x26, 0x10, 0xe2, 0x00, 0x27, 0x10, 0x02, 0x00, 0x26, 0x18, 0x67, 0x00,
  0x01, 0x00, 0xe7, 0x24, 0xf1, 0xff, 0xe9, 0x14, 0x21, 0x40, 0x87, 0x00,
  0x27, 0x30, 0x06, 0x00, 0x27, 0x10, 0x02, 0x00, 0x27, 0x18, 0x03, 0x00,
  0x77, 0x00, 0xc6, 0x30, 0x7f, 0x00, 0x42, 0x30, 0x7f, 0x00, 0x63, 0x30,
  0x00, 0x00, 0xa6, 0xa0, 0x01, 0x00, 0xa2, 0xa0, 0x08, 0x00, 0xe0, 0x03,
  0x02, 0x00, 0xa3, 0xa0, 0xc0, 0x20, 0x04, 0x00, 0x08, 0x00, 0x84, 0x30,
  0x08, 0x00, 0xe0, 0x03, 0x21, 0x10, 0x85, 0x00, 0xd8, 0xff, 0xbd, 0x27,
  0x25, 0x58, 0xa0, 0x00, 0x24, 0x00, 0xbf, 0xaf, 0xd6, 0xff, 0x11, 0x04,
  0x10, 0x00, 0xa5, 0x27, 0x10, 0x00, 0xa2, 0x93, 0x00, 0x00, 0x63, 0x91,
  0x01, 0x00, 0x64, 0x91, 0x26, 0x18, 0x62, 0x00, 0x11, 0x00, 0xa2, 0x93,
  0x02, 0x00, 0x65, 0x91, 0x26, 0x20, 0x82, 0x00, 0x12, 0x00, 0xa2, 0x93,
  0xff, 0x00, 0x63, 0x30, 0x26, 0x28, 0xa2, 0x00, 0xff, 0x00, 0xa5, 0x30,
  0x25, 0x30, 0x64, 0x00, 0x25, 0x30, 0xa6, 0x00, 0xff, 0x00, 0xc6, 0x30,
  0x11, 0x00, 0xc0, 0x10, 0x25, 0x10, 0x00, 0x00, 0x26, 0x20, 0x85, 0x00,
  0x03, 0x31, 0x03, 0x00, 0x0f, 0x00, 0x62, 0x30, 0xff, 0x00, 0x84, 0x30,
  0x7f, 0x00, 0x03, 0x24, 0x0e, 0x00, 0x83, 0x14, 0x26, 0x10, 0x46, 0x00,
  0x07, 0x00, 0x03, 0x24, 0x0b, 0x00, 0x43, 0x14, 0x21, 0x58, 0x65, 0x01,
  0x00, 0x00, 0x63, 0x91, 0x01, 0x00, 0x02, 0x24, 0x04, 0x10, 0xc2, 0x00,
  0x26, 0x10, 0x43, 0x00, 0x00, 0x00, 0x62, 0xa1, 0xff, 0xff, 0x02, 0x24,
  0x24, 0x00, 0xbf, 0x8f, 0x00, 0x00, 0x00, 0x00, 0x08, 0x00, 0xe0, 0x03,
  0x28, 0x00, 0xbd, 0x27, 0x08, 0x00, 0x05, 0x24, 0x25, 0x18, 0x00, 0x00,
  0x01, 0x00, 0x86, 0x30, 0xff, 0xff, 0xa5, 0x24, 0x21, 0x18, 0x66, 0x00,
  0xfc, 0xff, 0xa0, 0x14, 0x43, 0x20, 0x04, 0x00, 0x04, 0x00, 0x04, 0x24,
  0x01, 0x00, 0x45, 0x30, 0xff, 0xff, 0x84, 0x24, 0x21, 0x18, 0x65, 0x00,
  0xfc, 0xff, 0x80, 0x14, 0x43, 0x10, 0x02, 0x00, 0x01, 0x00, 0x04, 0x24,
  0xed, 0xff, 0x64, 0x10, 0xfe, 0xff, 0x02, 0x24, 0xeb, 0xff, 0x00, 0x10,
  0xfd, 0xff, 0x02, 0x24, 0x40, 0x10, 0x05, 0x00, 0x40, 0x18, 0x04, 0x00,
  0x21, 0x10, 0x45, 0x00, 0x21, 0x18, 0x64, 0x00, 0x40, 0x1a, 0x03, 0x00,
  0xc0, 0x11, 0x02, 0x00, 0x21, 0x10, 0x43, 0x00, 0x01, 0x00, 0x03, 0x3c,
  0x90, 0xcf, 0x63, 0x24, 0x21, 0x10, 0x62, 0x00, 0x28, 0x00, 0x42, 0x84,
  0x00, 0x00, 0x00, 0x00, 0x1f, 0x00, 0x42, 0x24, 0x08, 0x00, 0xe0, 0x03,
  0x43, 0x11, 0x02, 0x00, 0x98, 0xff, 0xbd, 0x27, 0x01, 0x00, 0x02, 0x3c,
  0x90, 0xcf, 0x42, 0x24, 0x44, 0x00, 0xb1, 0xaf, 0x40, 0x00, 0xb0, 0xaf,
  0x25, 0x88, 0x80, 0x00, 0x40, 0x80, 0x05, 0x00, 0x40, 0x20, 0x04, 0x00,
  0x38, 0x00, 0xa2, 0xaf, 0x21, 0x18, 0x91, 0x00, 0x21, 0x10, 0x05, 0x02,
  0x40, 0x1a, 0x03, 0x00, 0xc0, 0x11, 0x02, 0x00, 0x21, 0x10, 0x43, 0x00,
  0x01, 0x00, 0x03, 0x3c, 0x90, 0xcf, 0x63, 0x24, 0x5c, 0x00, 0xb7, 0xaf,
  0x58, 0x00, 0xb6, 0xaf, 0x4c, 0x00, 0xb3, 0xaf, 0x48, 0x00, 0xb2, 0xaf,
  0x21, 0x10, 0x62, 0x00, 0x64, 0x00, 0xbf, 0xaf, 0x60, 0x00, 0xbe, 0xaf,
  0x54, 0x00, 0xb5, 0xaf, 0x50, 0x00, 0xb4, 0xaf, 0x28, 0x00, 0x56, 0x84,
  0x51, 0x01, 0x42, 0x90, 0x7f, 0x00, 0xd6, 0x26, 0x10, 0x00, 0x42, 0x30,
  0x25, 0x90, 0xa0, 0x00, 0x70, 0x00, 0xa6, 0xaf, 0x25, 0x98, 0xe0, 0x00,
  0xc3, 0xb1, 0x16, 0x00, 0x02, 0x00, 0x40, 0x14, 0x25, 0xb8, 0x00, 0x00,
  0xff, 0x00, 0x17, 0x24, 0x21, 0x80, 0x12, 0x02, 0x21, 0x20, 0x91, 0x00,
  0xc0, 0x81, 0x10, 0x00, 0x40, 0x22, 0x04, 0x00, 0x25, 0xa0, 0x00, 0x00,
  0x25, 0xf0, 0x00, 0x00, 0x21, 0x80, 0x04, 0x02, 0x70, 0x00, 0xa6, 0x8f,
  0x18, 0x00, 0xb5, 0x27, 0x10, 0x00, 0xb5, 0xaf, 0x25, 0x38, 0x60, 0x02,
  0x25, 0x28, 0x40, 0x02, 0x59, 0x21, 0x11, 0x04, 0x25, 0x20, 0x20, 0x02,
  0x37, 0x00, 0x40, 0x14, 0x25, 0x60, 0x40, 0x00, 0x38, 0x00, 0xa2, 0x8f,
  0x00, 0x00, 0x00, 0x00, 0x21, 0x10, 0x50, 0x00, 0x51, 0x01, 0x42, 0x90,
  0x00, 0x00, 0x00, 0x00, 0x01, 0x00, 0x42, 0x30, 0x20, 0x00, 0x40, 0x10,
  0x00, 0x00, 0x00, 0x00, 0x25, 0x28, 0x40, 0x02, 0xb3, 0xff, 0x11, 0x04,
  0x25, 0x20, 0x20, 0x02, 0x21, 0x10, 0xa2, 0x02, 0xff, 0xff, 0x42, 0x90,
  0x00, 0x00, 0x00, 0x00, 0x18, 0x00, 0x57, 0x10, 0x00, 0x00, 0x00, 0x00,
  0x0e, 0x00, 0xc0, 0x1a, 0x00, 0x00, 0x00, 0x00, 0xc0, 0x71, 0x16, 0x00,
  0x21, 0x70, 0x6e, 0x02, 0x25, 0x68, 0x60, 0x02, 0x25, 0x20, 0xa0, 0x01,
  0x6b, 0xff, 0x11, 0x04, 0x25, 0x28, 0xa0, 0x02, 0x2a, 0x20, 0x5e, 0x00,
  0x02, 0x00, 0x80, 0x10, 0x00, 0x00, 0x00, 0x00, 0x25, 0xf0, 0x40, 0x00,
  0x80, 0x00, 0xad, 0x25, 0xf7, 0xff, 0xae, 0x15, 0x03, 0x00, 0xb5, 0x26,
  0x07, 0x00, 0xc0, 0x13, 0x00, 0x00, 0x00, 0x00, 0x04, 0x00, 0x02, 0x24,
  0x11, 0x00, 0x82, 0x16, 0x00, 0x00, 0x00, 0x00, 0xfe, 0xff, 0xde, 0x2b,
  0x18, 0x00, 0xc0, 0x17, 0x00, 0x00, 0x00, 0x00, 0x64, 0x00, 0xbf, 0x8f,
  0x60, 0x00, 0xbe, 0x8f, 0x5c, 0x00, 0xb7, 0x8f, 0x58, 0x00, 0xb6, 0x8f,
  0x54, 0x00, 0xb5, 0x8f, 0x50, 0x00, 0xb4, 0x8f, 0x4c, 0x00, 0xb3, 0x8f,
  0x48, 0x00, 0xb2, 0x8f, 0x44, 0x00, 0xb1, 0x8f, 0x40, 0x00, 0xb0, 0x8f,
  0x25, 0x10, 0x80, 0x01, 0x08, 0x00, 0xe0, 0x03, 0x68, 0x00, 0xbd, 0x27,
  0xc2, 0xff, 0x00, 0x10, 0x01, 0x00, 0x94, 0x26, 0x01, 0x00, 0x94, 0x26,
  0x05, 0x00, 0x02, 0x24, 0xbe, 0xff, 0x82, 0x16, 0x00, 0x00, 0x00, 0x00,
  0x03, 0x00, 0xc0, 0x17, 0x00, 0x00, 0x00, 0x00, 0xea, 0xff, 0x00, 0x10,
  0xff, 0xff, 0x0c, 0x24, 0xe8, 0xff, 0x00, 0x10, 0xfe, 0xff, 0x0c, 0x24,
  0xd0, 0xff, 0xbd, 0x27, 0x40, 0x10, 0x04, 0x00, 0x28, 0x00, 0xb1, 0xaf,
  0x40, 0x88, 0x05, 0x00, 0x21, 0x88, 0x25, 0x02, 0x21, 0x10, 0x44, 0x00,
  0x40, 0x12, 0x02, 0x00, 0xc0, 0x89, 0x11, 0x00, 0x21, 0x88, 0x22, 0x02,
  0x24, 0x00, 0xb0, 0xaf, 0x51, 0x01, 0x22, 0x26, 0x01, 0x00, 0x10, 0x3c,
  0x90, 0xcf, 0x10, 0x26, 0x21, 0x10, 0x02, 0x02, 0x2c, 0x00, 0x27, 0x26,
  0x28, 0x00, 0x26, 0x26, 0x14, 0x00, 0xa2, 0xaf, 0x18, 0x00, 0xa2, 0x27,
  0x10, 0x00, 0xa2, 0xaf, 0x21, 0x38, 0x07, 0x02, 0x2c, 0x00, 0xbf, 0xaf,
  0x20, 0x21, 0x11, 0x04, 0x21, 0x30, 0x06, 0x02, 0x29, 0x00, 0x40, 0x14,
  0x21, 0x18, 0x11, 0x02, 0x28, 0x00, 0x64, 0x84, 0x00, 0x04, 0x05, 0x24,
  0x02, 0x00, 0x80, 0x14, 0x1a, 0x00, 0xa4, 0x00, 0x0d, 0x00, 0x07, 0x00,
  0x54, 0x01, 0x65, 0xac, 0x00, 0xff, 0x05, 0x24, 0x2e, 0x00, 0x65, 0xa4,
  0x00, 0x01, 0x05, 0x24, 0x58, 0x01, 0x65, 0xac, 0xff, 0xff, 0x05, 0x24,
  0x7c, 0x01, 0x65, 0xac, 0x3c, 0x00, 0x65, 0x8c, 0x68, 0x01, 0x60, 0xac,
  0x64, 0x01, 0x65, 0xac, 0x2c, 0x00, 0x65, 0x94, 0x6c, 0x01, 0x60, 0xac,
  0x12, 0x20, 0x00, 0x00, 0xff, 0xff, 0x84, 0x30, 0x2a, 0x00, 0x64, 0xa4,
  0x02, 0x00, 0x80, 0x14, 0x1b, 0x00, 0xa4, 0x00, 0x0d, 0x00, 0x07, 0x00,
  0x18, 0x00, 0xa4, 0x8f, 0x12, 0x30, 0x00, 0x00, 0x5c, 0x01, 0x66, 0xac,
  0x02, 0x00, 0xa0, 0x14, 0x1a, 0x00, 0x85, 0x00, 0x0d, 0x00, 0x07, 0x00,
  0x12, 0x20, 0x00, 0x00, 0x00, 0x00, 0x00, 0x00, 0x00, 0x00, 0x00, 0x00,
  0x18, 0x00, 0x86, 0x00, 0x12, 0x20, 0x00, 0x00, 0x30, 0x00, 0x64, 0xac,
  0x2c, 0x00, 0xbf, 0x8f, 0x28, 0x00, 0xb1, 0x8f, 0x24, 0x00, 0xb0, 0x8f,
  0x08, 0x00, 0xe0, 0x03, 0x30, 0x00, 0xbd, 0x27, 0xfa, 0xff, 0x00, 0x10,
  0xfd, 0xff, 0x02, 0x24, 0xb8, 0xff, 0xbd, 0x27, 0x34, 0x00, 0xb5, 0xaf,
  0x2c, 0x00, 0xb3, 0xaf, 0x40, 0xa8, 0x05, 0x00, 0x25, 0x98, 0x80, 0x00,
  0x38, 0x00, 0xb6, 0xaf, 0x21, 0x10, 0xa5, 0x02, 0x40, 0xb0, 0x13, 0x00,
  0xc0, 0x11, 0x02, 0x00, 0x21, 0x18, 0xd3, 0x02, 0x40, 0x1a, 0x03, 0x00,
  0xd0, 0x00, 0x44, 0x24, 0x40, 0x00, 0xbe, 0xaf, 0x21, 0x20, 0x83, 0x00,
  0x01, 0x00, 0x1e, 0x3c, 0x90, 0xcf, 0xde, 0x27, 0x21, 0x10, 0x43, 0x00,
  0x30, 0x00, 0xb4, 0xaf, 0xff, 0xff, 0x06, 0x24, 0x25, 0xa0, 0xa0, 0x00,
  0x21, 0x20, 0xc4, 0x03, 0x80, 0x00, 0x05, 0x24, 0x21, 0x10, 0xc2, 0x03,
  0x44, 0x00, 0xbf, 0xaf, 0x3c, 0x00, 0xb7, 0xaf, 0x28, 0x00, 0xb2, 0xaf,
  0x24, 0x00, 0xb1, 0xaf, 0xd7, 0xfd, 0x11, 0x04, 0x20, 0x00, 0xb0, 0xaf,
  0x51, 0x01, 0x42, 0x90, 0x00, 0x00, 0x00, 0x00, 0x08, 0x00, 0x43, 0x30,
  0x0e, 0x00, 0x60, 0x14, 0x00, 0x00, 0x00, 0x00, 0x25, 0x10, 0x00, 0x00,
  0x44, 0x00, 0xbf, 0x8f, 0x40, 0x00, 0xbe, 0x8f, 0x3c, 0x00, 0xb7, 0x8f,
  0x38, 0x00, 0xb6, 0x8f, 0x34, 0x00, 0xb5, 0x8f, 0x30, 0x00, 0xb4, 0x8f,
  0x2c, 0x00, 0xb3, 0x8f, 0x28, 0x00, 0xb2, 0x8f, 0x24, 0x00, 0xb1, 0x8f,
  0x20, 0x00, 0xb0, 0x8f, 0x08, 0x00, 0xe0, 0x03, 0x48, 0x00, 0xbd, 0x27,
  0x10, 0x00, 0x42, 0x30, 0x02, 0x00, 0x40, 0x14, 0xff, 0x00, 0x03, 0x24,
  0x25, 0x18, 0x00, 0x00, 0x21, 0xa8, 0xb4, 0x02, 0x21, 0xb0, 0xd3, 0x02,
  0x40, 0x12, 0x16, 0x00, 0xc0, 0x81, 0x15, 0x00, 0x21, 0x80, 0x02, 0x02,
  0x21, 0x80, 0xd0, 0x03, 0x30, 0x00, 0x02, 0x8e, 0x5c, 0x01, 0x04, 0x8e,
  0x00, 0x00, 0x00, 0x00, 0x2b, 0x10, 0x44, 0x00, 0xe4, 0xff, 0x40, 0x14,
  0x25, 0x90, 0x00, 0x00, 0x28, 0x00, 0x02, 0x86, 0x00, 0x00, 0x00, 0x00,
  0xff, 0xff, 0x57, 0x30, 0x01, 0x00, 0x42, 0x30, 0x21, 0xb8, 0xe2, 0x02,
  0x43, 0xb8, 0x17, 0x00, 0x25, 0x88, 0x00, 0x00, 0x01, 0x00, 0x07, 0x3c,
  0xa0, 0xee, 0xe7, 0x24, 0x02, 0x00, 0x09, 0x24, 0x25, 0x40, 0x00, 0x00,
  0x25, 0x10, 0x00, 0x00, 0x2c, 0x00, 0x04, 0x96, 0x25, 0x28, 0x80, 0x02,
  0x18, 0x00, 0x92, 0x00, 0x25, 0x20, 0x60, 0x02, 0x1c, 0x00, 0xa9, 0xaf,
  0x18, 0x00, 0xa8, 0xaf, 0x14, 0x00, 0xa3, 0xaf, 0x10, 0x00, 0xa7, 0xaf,
  0x12, 0x30, 0x00, 0x00, 0xf4, 0xfe, 0x11, 0x04, 0x21, 0x30, 0xc2, 0x00,
  0xfe, 0xff, 0x04, 0x24, 0x10, 0x00, 0xa7, 0x8f, 0x14, 0x00, 0xa3, 0x8f,
  0x18, 0x00, 0xa8, 0x8f, 0x1c, 0x00, 0xa9, 0x8f, 0x18, 0x00, 0x44, 0x14,
  0xc0, 0x21, 0x16, 0x00, 0x40, 0x11, 0x15, 0x00, 0x21, 0x10, 0x44, 0x00,
  0x21, 0x10, 0x51, 0x00, 0x34, 0x00, 0x42, 0x24, 0x80, 0x10, 0x02, 0x00,
  0x21, 0x10, 0xc2, 0x03, 0x00, 0x00, 0x52, 0xac, 0x01, 0x00, 0x31, 0x26,
  0x30, 0x00, 0x02, 0x8e, 0x5c, 0x01, 0x04, 0x8e, 0x01, 0x00, 0x52, 0x26,
  0x02, 0x00, 0x80, 0x14, 0x1b, 0x00, 0x44, 0x00, 0x0d, 0x00, 0x07, 0x00,
  0x12, 0x10, 0x00, 0x00, 0x2b, 0x10, 0x42, 0x02, 0xb4, 0xff, 0x40, 0x10,
  0x00, 0x00, 0x00, 0x00, 0x10, 0x00, 0x22, 0x2a, 0xd7, 0xff, 0x40, 0x14,
  0x25, 0x10, 0x00, 0x00, 0xb0, 0xff, 0x00, 0x10, 0x00, 0x00, 0x00, 0x00,
  0x22, 0x00, 0x40, 0x14, 0x00, 0x00, 0x00, 0x00, 0x51, 0x01, 0x04, 0x92,
  0x00, 0x00, 0x00, 0x00, 0x01, 0x00, 0x84, 0x30, 0x16, 0x00, 0x80, 0x14,
  0x00, 0x00, 0x00, 0x00, 0x28, 0x00, 0x05, 0x86, 0x00, 0x00, 0x00, 0x00,
  0x2a, 0x20, 0x45, 0x00, 0x11, 0x00, 0x80, 0x10, 0x21, 0x20, 0xe2, 0x00,
  0x00, 0x00, 0x84, 0x90, 0x00, 0x00, 0x00, 0x00, 0x02, 0x00, 0x83, 0x10,
  0x00, 0x00, 0x00, 0x00, 0x01, 0x00, 0x08, 0x25, 0x2a, 0x20, 0x17, 0x01,
  0x0e, 0x00, 0x80, 0x14, 0xc0, 0x21, 0x16, 0x00, 0x40, 0x11, 0x15, 0x00,
  0x21, 0x10, 0x44, 0x00, 0x21, 0x10, 0x51, 0x00, 0x34, 0x00, 0x42, 0x24,
  0x80, 0x10, 0x02, 0x00, 0x21, 0x10, 0xc2, 0x03, 0x00, 0x00, 0x52, 0xac,
  0x01, 0x00, 0x31, 0x26, 0x01, 0x00, 0x02, 0x24, 0xd3, 0xff, 0x22, 0x11,
  0x00, 0x00, 0x00, 0x00, 0xb7, 0xff, 0x00, 0x10, 0x01, 0x00, 0x09, 0x24,
  0xe7, 0xff, 0x00, 0x10, 0x01, 0x00, 0x42, 0x24, 0x8b, 0xff, 0x00, 0x10,
  0xff, 0xff, 0x02, 0x24, 0xa8, 0xff, 0xbd, 0x27, 0x34, 0x00, 0xb1, 0xaf,
  0x30, 0x00, 0xb0, 0xaf, 0x40, 0x88, 0x04, 0x00, 0x40, 0x80, 0x05, 0x00,
  0x21, 0x10, 0x05, 0x02, 0x21, 0x18, 0x24, 0x02, 0xc0, 0x11, 0x02, 0x00,
  0x40, 0x1a, 0x03, 0x00, 0x3c, 0x00, 0xb3, 0xaf, 0x21, 0x10, 0x43, 0x00,
  0x01, 0x00, 0x13, 0x3c, 0x90, 0xcf, 0x73, 0x26, 0x21, 0x10, 0x62, 0x02,
  0x5c, 0x01, 0x42, 0x8c, 0x50, 0x00, 0xbe, 0xaf, 0x02, 0x00, 0x40, 0x14,
  0x1b, 0x00, 0xc2, 0x00, 0x0d, 0x00, 0x07, 0x00, 0x01, 0x00, 0x02, 0x3c,
  0xf4, 0xcc, 0x42, 0x8c, 0x4c, 0x00, 0xb7, 0xaf, 0x40, 0x00, 0xb4, 0xaf,
  0x54, 0x00, 0xbf, 0xaf, 0x48, 0x00, 0xb6, 0xaf, 0x44, 0x00, 0xb5, 0xaf,
  0x38, 0x00, 0xb2, 0xaf, 0x25, 0xf0, 0x80, 0x00, 0x12, 0xa0, 0x00, 0x00,
  0x19, 0x00, 0x44, 0x14, 0x25, 0xb8, 0xa0, 0x00, 0x01, 0x00, 0x02, 0x3c,
  0xf0, 0xcc, 0x42, 0x8c, 0x00, 0x00, 0x00, 0x00, 0x14, 0x00, 0x45, 0x14,
  0x00, 0x00, 0x00, 0x00, 0x01, 0x00, 0x02, 0x3c, 0xec, 0xcc, 0x42, 0x8c,
  0x00, 0x00, 0x00, 0x00, 0x0f, 0x00, 0x54, 0x14, 0x00, 0x00, 0x00, 0x00,
  0x01, 0x00, 0x02, 0x3c, 0xe8, 0xcc, 0x42, 0x8c, 0x54, 0x00, 0xbf, 0x8f,
  0x50, 0x00, 0xbe, 0x8f, 0x4c, 0x00, 0xb7, 0x8f, 0x48, 0x00, 0xb6, 0x8f,
  0x44, 0x00, 0xb5, 0x8f, 0x40, 0x00, 0xb4, 0x8f, 0x3c, 0x00, 0xb3, 0x8f,
  0x38, 0x00, 0xb2, 0x8f, 0x34, 0x00, 0xb1, 0x8f, 0x30, 0x00, 0xb0, 0x8f,
  0x08, 0x00, 0xe0, 0x03, 0x58, 0x00, 0xbd, 0x27, 0xf7, 0xff, 0x02, 0x24,
  0x01, 0x00, 0x01, 0x3c, 0xe8, 0xcc, 0x22, 0xac, 0x21, 0x10, 0x17, 0x02,
  0xc0, 0x11, 0x02, 0x00, 0x21, 0x18, 0x3e, 0x02, 0x40, 0x1a, 0x03, 0x00,
  0x21, 0x10, 0x62, 0x02, 0x21, 0x10, 0x43, 0x00, 0x01, 0x00, 0x01, 0x3c,
  0xf4, 0xcc, 0x3e, 0xac, 0x01, 0x00, 0x01, 0x3c, 0xf0, 0xcc, 0x37, 0xac,
  0x01, 0x00, 0x01, 0x3c, 0xec, 0xcc, 0x34, 0xac, 0x25, 0x18, 0x00, 0x00,
  0x10, 0x00, 0x08, 0x24, 0xd0, 0x00, 0x46, 0x8c, 0x00, 0x00, 0x00, 0x00,
  0x0a, 0x00, 0xc0, 0x04, 0x00, 0x00, 0x00, 0x00, 0x06, 0x00, 0xd4, 0x14,
  0x01, 0x00, 0x63, 0x24, 0xff, 0xff, 0x63, 0x24, 0x01, 0x00, 0x01, 0x3c,
  0xe8, 0xcc, 0x20, 0xac, 0xd9, 0xff, 0x00, 0x10, 0x25, 0x10, 0x00, 0x00,
  0xf4, 0xff, 0x68, 0x14, 0x04, 0x00, 0x42, 0x24, 0x05, 0x00, 0xe0, 0x14,
  0x00, 0x00, 0x00, 0x00, 0x01, 0x00, 0x02, 0x24, 0x01, 0x00, 0x01, 0x3c,
  0xd1, 0xff, 0x00, 0x10, 0xe8, 0xcc, 0x22, 0xac, 0x21, 0x10, 0x17, 0x02,
  0x21, 0x18, 0x3e, 0x02, 0x40, 0x1a, 0x03, 0x00, 0xc0, 0x11, 0x02, 0x00,
  0x21, 0x10, 0x43, 0x00, 0x21, 0x10, 0x62, 0x02, 0x2c, 0x00, 0x56, 0x94,
  0x01, 0x00, 0x02, 0x3c, 0x7c, 0x73, 0x42, 0x24, 0x01, 0x00, 0x03, 0x24,
  0x25, 0x30, 0x40, 0x00, 0x2a, 0x38, 0x76, 0x00, 0x28, 0x00, 0xe0, 0x14,
  0x00, 0x00, 0x00, 0x00, 0x01, 0x00, 0x02, 0x3c, 0xa0, 0xee, 0x42, 0x24,
  0x18, 0x00, 0xa2, 0xaf, 0x00, 0x00, 0xc2, 0xac, 0x21, 0x18, 0x3e, 0x02,
  0x21, 0x10, 0x17, 0x02, 0x40, 0x1a, 0x03, 0x00, 0xc0, 0x11, 0x02, 0x00,
  0x21, 0x10, 0x43, 0x00, 0x21, 0x10, 0x62, 0x02, 0x51, 0x01, 0x52, 0x90,
  0x28, 0x00, 0x55, 0x84, 0x10, 0x00, 0x52, 0x32, 0x02, 0x11, 0x12, 0x00,
  0x20, 0x00, 0xa2, 0xaf, 0x23, 0x90, 0x02, 0x00, 0x83, 0xa8, 0x15, 0x00,
  0x01, 0x00, 0x03, 0x3c, 0xa0, 0xee, 0x63, 0x24, 0x25, 0x10, 0x00, 0x00,
  0x2a, 0x30, 0x55, 0x00, 0x15, 0x00, 0xc0, 0x14, 0x25, 0x30, 0x80, 0x02,
  0x01, 0x00, 0x02, 0x3c, 0x90, 0xcd, 0x42, 0x24, 0x10, 0x00, 0xa2, 0xaf,
  0x01, 0x00, 0x07, 0x3c, 0x7c, 0x73, 0xe7, 0x24, 0x25, 0x28, 0xe0, 0x02,
  0x25, 0x20, 0xc0, 0x03, 0x2c, 0x1f, 0x11, 0x04, 0x1c, 0x00, 0xa2, 0xaf,
  0xf8, 0xff, 0x03, 0x24, 0xc6, 0xff, 0x43, 0x10, 0x00, 0x00, 0x00, 0x00,
  0x0b, 0x00, 0x40, 0x10, 0x18, 0x00, 0xd4, 0x02, 0x9c, 0xff, 0x00, 0x10,
  0xff, 0xff, 0x02, 0x24, 0x04, 0x00, 0x42, 0x24, 0x01, 0x00, 0x63, 0x24,
  0xd3, 0xff, 0x00, 0x10, 0x00, 0x00, 0x40, 0xac, 0x00, 0x00, 0x72, 0xac,
  0x01, 0x00, 0x42, 0x24, 0xe6, 0xff, 0x00, 0x10, 0x04, 0x00, 0x63, 0x24,
  0x21, 0x18, 0x17, 0x02, 0x21, 0x10, 0x3e, 0x02, 0x40, 0x12, 0x02, 0x00,
  0xc0, 0x19, 0x03, 0x00, 0x21, 0x18, 0x62, 0x00, 0x01, 0x00, 0x02, 0x3c,
  0xa0, 0xee, 0x42, 0x24, 0x01, 0x00, 0x08, 0x24, 0x21, 0x18, 0x63, 0x02,
  0x24, 0x00, 0xa2, 0xaf, 0x12, 0xb0, 0x00, 0x00, 0x2c, 0x00, 0x62, 0x94,
  0x00, 0x00, 0x00, 0x00, 0x2a, 0x10, 0x02, 0x01, 0x59, 0x00, 0x40, 0x14,
  0x21, 0x30, 0xc8, 0x02, 0x21, 0x18, 0x17, 0x02, 0x21, 0x10, 0x3e, 0x02,
  0x40, 0x12, 0x02, 0x00, 0xc0, 0x19, 0x03, 0x00, 0x21, 0x18, 0x62, 0x00,
  0x01, 0x00, 0x02, 0x3c, 0xa0, 0xee, 0x42, 0x24, 0x01, 0x00, 0x08, 0x24,
  0x21, 0x18, 0x63, 0x02, 0x24, 0x00, 0xa2, 0xaf, 0x2c, 0x00, 0x62, 0x94,
  0x00, 0x00, 0x00, 0x00, 0x2a, 0x10, 0x02, 0x01, 0x5d, 0x00, 0x40, 0x14,
  0x21, 0x30, 0xc8, 0x02, 0x10, 0x00, 0xa0, 0xaf, 0x25, 0x38, 0x00, 0x00,
  0x25, 0x30, 0x80, 0x02, 0x25, 0x28, 0xe0, 0x02, 0xf8, 0x1e, 0x11, 0x04,
  0x25, 0x20, 0xc0, 0x03, 0xd0, 0xff, 0x40, 0x14, 0x25, 0x30, 0xc0, 0x02,
  0x1c, 0x00, 0xa2, 0x8f, 0x01, 0x00, 0x07, 0x3c, 0xa0, 0xee, 0xe7, 0x24,
  0x10, 0x00, 0xa2, 0xaf, 0x25, 0x28, 0xe0, 0x02, 0x58, 0x1f, 0x11, 0x04,
  0x25, 0x20, 0xc0, 0x03, 0xf8, 0xff, 0x03, 0x24, 0x89, 0xff, 0x43, 0x10,
  0x00, 0x00, 0x00, 0x00, 0x45, 0x00, 0x40, 0x14, 0x25, 0x30, 0xc0, 0x02,
  0x01, 0x00, 0x07, 0x3c, 0xa0, 0xee, 0xe7, 0x24, 0x25, 0x28, 0xe0, 0x02,
  0xe1, 0xfd, 0x11, 0x04, 0x25, 0x20, 0xc0, 0x03, 0xfe, 0xff, 0x03, 0x24,
  0x7f, 0xff, 0x43, 0x10, 0x00, 0x00, 0x00, 0x00, 0x01, 0x00, 0x03, 0x3c,
  0x4b, 0x00, 0x40, 0x14, 0xa0, 0xee, 0x63, 0x24, 0x2a, 0x30, 0x55, 0x00,
  0x57, 0x00, 0xc0, 0x14, 0x25, 0x38, 0x00, 0x00, 0x10, 0x00, 0xa0, 0xaf,
  0x25, 0x30, 0x80, 0x02, 0x25, 0x28, 0xe0, 0x02, 0xd7, 0x1e, 0x11, 0x04,
  0x25, 0x20, 0xc0, 0x03, 0x25, 0x90, 0x40, 0x00, 0xf8, 0xff, 0x02, 0x24,
  0x70, 0xff, 0x42, 0x12, 0x00, 0x00, 0x00, 0x00, 0x3d, 0x00, 0x40, 0x16,
  0x00, 0x00, 0x00, 0x00, 0x20, 0x00, 0xa2, 0x8f, 0x21, 0x80, 0x17, 0x02,
  0x21, 0x88, 0x3e, 0x02, 0xc0, 0x81, 0x10, 0x00, 0x40, 0x8a, 0x11, 0x00,
  0xff, 0xff, 0x54, 0x24, 0x21, 0x80, 0x11, 0x02, 0x01, 0x00, 0x02, 0x3c,
  0xa0, 0xee, 0x42, 0x24, 0x21, 0x98, 0x70, 0x02, 0x1c, 0x00, 0xa2, 0xaf,
  0x2c, 0x00, 0x62, 0x96, 0x00, 0x00, 0x00, 0x00, 0x2a, 0x10, 0x42, 0x02,
  0x64, 0xff, 0x40, 0x10, 0x21, 0x30, 0xd2, 0x02, 0x1c, 0x00, 0xa7, 0x8f,
  0x25, 0x28, 0xe0, 0x02, 0xb9, 0xfd, 0x11, 0x04, 0x25, 0x20, 0xc0, 0x03,
  0x42, 0x00, 0x40, 0x14, 0x00, 0x00, 0x00, 0x00, 0x18, 0x00, 0xa3, 0x8f,
  0x2a, 0x30, 0x55, 0x00, 0x38, 0x00, 0xc0, 0x14, 0x00, 0x00, 0x00, 0x00,
  0xf0, 0xff, 0x00, 0x10, 0x01, 0x00, 0x52, 0x26, 0x1c, 0x00, 0xa2, 0x8f,
  0x24, 0x00, 0xa7, 0x8f, 0x10, 0x00, 0xa2, 0xaf, 0x25, 0x28, 0xe0, 0x02,
  0x25, 0x20, 0xc0, 0x03, 0x2c, 0x00, 0xa3, 0xaf, 0x16, 0x1f, 0x11, 0x04,
  0x28, 0x00, 0xa8, 0xaf, 0xf8, 0xff, 0x09, 0x24, 0x47, 0xff, 0x49, 0x10,
  0x00, 0x00, 0x00, 0x00, 0x28, 0x00, 0xa8, 0x8f, 0x2c, 0x00, 0xa3, 0x8f,
  0x03, 0x00, 0x40, 0x10, 0x00, 0x00, 0x00, 0x00, 0x1b, 0xff, 0x00, 0x10,
  0xfe, 0xff, 0x02, 0x24, 0x91, 0xff, 0x00, 0x10, 0x01, 0x00, 0x08, 0x25,
  0x24, 0x00, 0xa7, 0x8f, 0x25, 0x28, 0xe0, 0x02, 0x25, 0x20, 0xc0, 0x03,
  0x2c, 0x00, 0xa3, 0xaf, 0x98, 0xfd, 0x11, 0x04, 0x28, 0x00, 0xa8, 0xaf,
  0xfe, 0xff, 0x09, 0x24, 0x36, 0xff, 0x49, 0x10, 0x00, 0x00, 0x00, 0x00,
  0x28, 0x00, 0xa8, 0x8f, 0x2c, 0x00, 0xa3, 0x8f, 0x0d, 0x00, 0x40, 0x10,
  0x00, 0x00, 0x00, 0x00, 0x0a, 0xff, 0x00, 0x10, 0xfd, 0xff, 0x02, 0x24,
  0x00, 0x00, 0xc7, 0x8c, 0x00, 0x00, 0x00, 0x00, 0x2a, 0xff, 0xf2, 0x14,
  0x04, 0x00, 0xc6, 0x24, 0x01, 0x00, 0x42, 0x24, 0x2a, 0x38, 0x55, 0x00,
  0xf9, 0xff, 0xe0, 0x14, 0x00, 0x00, 0x00, 0x00, 0x87, 0xff, 0x00, 0x10,
  0x01, 0x00, 0x08, 0x25, 0x18, 0x00, 0xa6, 0x8f, 0xfa, 0xff, 0x00, 0x10,
  0x2a, 0x38, 0x55, 0x00, 0x00, 0x00, 0x66, 0x8c, 0x00, 0x00, 0x00, 0x00,
  0x1d, 0xff, 0xd2, 0x14, 0x04, 0x00, 0x63, 0x24, 0xa2, 0xff, 0x00, 0x10,
  0x01, 0x00, 0x42, 0x24, 0x00, 0x00, 0x66, 0x8c, 0x00, 0x00, 0x00, 0x00,
  0x17, 0xff, 0xd4, 0x14, 0x04, 0x00, 0x63, 0x24, 0xc1, 0xff, 0x00, 0x10,
  0x01, 0x00, 0x42, 0x24, 0xef, 0xfe, 0x00, 0x10, 0xfb, 0xff, 0x02, 0x24,
  0xb0, 0xff, 0xbd, 0x27, 0x34, 0x00, 0xb3, 0xaf, 0x30, 0x00, 0xb2, 0xaf,
  0x40, 0x98, 0x04, 0x00, 0x40, 0x90, 0x05, 0x00, 0x21, 0x10, 0x45, 0x02,
  0x21, 0x18, 0x64, 0x02, 0x40, 0x1a, 0x03, 0x00, 0xc0, 0x11, 0x02, 0x00,
  0x21, 0x10, 0x43, 0x00, 0x38, 0x00, 0xb4, 0xaf, 0x01, 0x00, 0x14, 0x3c,
  0x90, 0xcf, 0x94, 0x26, 0x21, 0x10, 0x82, 0x02, 0x2c, 0x00, 0x43, 0x94,
  0x48, 0x00, 0xbe, 0xaf, 0x18, 0x00, 0x66, 0x00, 0x28, 0x00, 0x43, 0x84,
  0x44, 0x00, 0xb7, 0xaf, 0x2c, 0x00, 0xb1, 0xaf, 0x28, 0x00, 0xb0, 0xaf,
  0x4c, 0x00, 0xbf, 0xaf, 0x40, 0x00, 0xb6, 0xaf, 0x3c, 0x00, 0xb5, 0xaf,
  0x25, 0x80, 0x80, 0x00, 0x25, 0x88, 0xa0, 0x00, 0x58, 0x00, 0xa6, 0xaf,
  0x12, 0xb8, 0x00, 0x00, 0x02, 0x00, 0x61, 0x04, 0x83, 0xf0, 0x03, 0x00,
  0x7f, 0x00, 0x63, 0x24, 0x21, 0x10, 0x51, 0x02, 0x21, 0x20, 0x70, 0x02,
  0xc0, 0x11, 0x02, 0x00, 0x40, 0x22, 0x04, 0x00, 0x21, 0x28, 0x44, 0x00,
  0x21, 0x28, 0x85, 0x02, 0x60, 0x01, 0xa5, 0x8c, 0x00, 0x00, 0x00, 0x00,
  0x09, 0x00, 0xa0, 0x18, 0x00, 0x00, 0x00, 0x00, 0x21, 0x10, 0x82, 0x02,
  0x21, 0x10, 0x44, 0x00, 0x10, 0x00, 0x06, 0x24, 0x25, 0x20, 0x00, 0x00,
  0xd0, 0x00, 0x45, 0x8c, 0x00, 0x00, 0x00, 0x00, 0x84, 0x00, 0xa0, 0x1c,
  0x00, 0x00, 0x00, 0x00, 0xc3, 0x11, 0x03, 0x00, 0x1c, 0x00, 0xa2, 0xaf,
  0x21, 0x18, 0x70, 0x02, 0x21, 0x10, 0x51, 0x02, 0xc0, 0x11, 0x02, 0x00,
  0x40, 0x1a, 0x03, 0x00, 0x21, 0x10, 0x43, 0x00, 0x21, 0xa8, 0x82, 0x02,
  0x01, 0x00, 0x02, 0x3c, 0x90, 0xcd, 0x42, 0x24, 0x18, 0x00, 0xa2, 0xaf,
  0x01, 0x00, 0x02, 0x3c, 0xa0, 0xee, 0x42, 0x24, 0x25, 0xb0, 0x00, 0x00,
  0x20, 0x00, 0xa2, 0xaf, 0x2c, 0x00, 0xa2, 0x96, 0x00, 0x00, 0x00, 0x00,
  0x2a, 0x10, 0xc2, 0x02, 0x79, 0x00, 0x40, 0x14, 0x5a, 0x5a, 0x04, 0x3c,
  0x01, 0x00, 0x03, 0x3c, 0xa0, 0xee, 0x63, 0x24, 0xa5, 0xa5, 0x84, 0x34,
  0x2a, 0x28, 0x5e, 0x00, 0xac, 0x00, 0xa0, 0x14, 0x00, 0x00, 0x00, 0x00,
  0x01, 0x00, 0x02, 0x3c, 0x90, 0xcf, 0x42, 0x24, 0x01, 0x00, 0x16, 0x3c,
  0x90, 0xcd, 0xd6, 0x26, 0x5a, 0x5a, 0x03, 0x3c, 0x18, 0x00, 0xa2, 0xaf,
  0xa5, 0xa5, 0x63, 0x34, 0x25, 0x10, 0xc0, 0x02, 0x18, 0x00, 0xa4, 0x8f,
  0x00, 0x00, 0x43, 0xac, 0x04, 0x00, 0x42, 0x24, 0xfc, 0xff, 0x44, 0x14,
  0x25, 0x38, 0x00, 0x00, 0x58, 0x00, 0xa6, 0x8f, 0x10, 0x00, 0xa0, 0xaf,
  0x25, 0x28, 0x20, 0x02, 0x1b, 0x1e, 0x11, 0x04, 0x25, 0x20, 0x00, 0x02,
  0x25, 0xa8, 0x40, 0x00, 0x9b, 0x00, 0x40, 0x14, 0x25, 0x48, 0x00, 0x00,
  0x21, 0x18, 0x51, 0x02, 0x21, 0x10, 0x70, 0x02, 0x40, 0x12, 0x02, 0x00,
  0xc0, 0x19, 0x03, 0x00, 0x21, 0x18, 0x62, 0x00, 0x01, 0x00, 0x02, 0x3c,
  0xa0, 0xee, 0x42, 0x24, 0x21, 0x18, 0x83, 0x02, 0x1c, 0x00, 0xa2, 0xaf,
  0x2c, 0x00, 0x62, 0x94, 0x00, 0x00, 0x00, 0x00, 0x2a, 0x10, 0x22, 0x01,
  0xba, 0x00, 0x40, 0x14, 0x21, 0x30, 0xe9, 0x02, 0x21, 0x18, 0x51, 0x02,
  0x21, 0x10, 0x70, 0x02, 0xc0, 0x19, 0x03, 0x00, 0x40, 0x12, 0x02, 0x00,
  0x21, 0x18, 0x62, 0x00, 0x25, 0x48, 0x00, 0x00, 0x21, 0x18, 0x83, 0x02,
  0x2c, 0x00, 0x62, 0x94, 0x00, 0x00, 0x00, 0x00, 0x2a, 0x10, 0x22, 0x01,
  0xc2, 0x00, 0x40, 0x14, 0x21, 0x30, 0xe9, 0x02, 0xa5, 0x05, 0x03, 0x3c,
  0x01, 0x00, 0x02, 0x3c, 0xa0, 0xee, 0x42, 0x24, 0x5a, 0x5a, 0x63, 0x24,
  0x2a, 0x20, 0xbe, 0x02, 0xe0, 0x00, 0x80, 0x14, 0x00, 0x00, 0x00, 0x00,
  0xa5, 0x05, 0x03, 0x3c, 0x01, 0x00, 0x02, 0x3c, 0x90, 0xcd, 0x42, 0x24,
  0x5a, 0x5a, 0x63, 0x24, 0x18, 0x00, 0xa4, 0x8f, 0x00, 0x00, 0x43, 0xac,
  0x04, 0x00, 0x42, 0x24, 0xfc, 0xff, 0x44, 0x14, 0x25, 0x38, 0x00, 0x00,
  0x58, 0x00, 0xa6, 0x8f, 0x10, 0x00, 0xa0, 0xaf, 0x25, 0x28, 0x20, 0x02,
  0xe9, 0x1d, 0x11, 0x04, 0x25, 0x20, 0x00, 0x02, 0x25, 0xa8, 0x40, 0x00,
  0xd3, 0x00, 0x40, 0x14, 0x25, 0x48, 0x00, 0x00, 0x21, 0x40, 0x51, 0x02,
  0x21, 0x10, 0x70, 0x02, 0x40, 0x12, 0x02, 0x00, 0xc0, 0x41, 0x08, 0x00,
  0x21, 0x40, 0x02, 0x01, 0x01, 0x00, 0x02, 0x3c, 0xa0, 0xee, 0x42, 0x24,
  0x21, 0x40, 0x88, 0x02, 0x1c, 0x00, 0xa2, 0xaf, 0x2c, 0x00, 0x02, 0x95,
  0x00, 0x00, 0x00, 0x00, 0x2a, 0x10, 0x22, 0x01, 0xca, 0x00, 0x40, 0x14,
  0x21, 0x30, 0x37, 0x01, 0x21, 0x40, 0x51, 0x02, 0x21, 0x10, 0x70, 0x02,
  0xc0, 0x41, 0x08, 0x00, 0x40, 0x12, 0x02, 0x00, 0x21, 0x40, 0x02, 0x01,
  0x25, 0x48, 0x00, 0x00, 0x21, 0x40, 0x88, 0x02, 0x2c, 0x00, 0x02, 0x95,
  0x00, 0x00, 0x00, 0x00, 0x2a, 0x10, 0x22, 0x01, 0xcf, 0x00, 0x40, 0x14,
  0x21, 0x30, 0x37, 0x01, 0x58, 0x00, 0xa6, 0x8f, 0x10, 0x00, 0xa0, 0xaf,
  0x25, 0x38, 0x00, 0x00, 0x25, 0x28, 0x20, 0x02, 0xc6, 0x1d, 0x11, 0x04,
  0x25, 0x20, 0x00, 0x02, 0x14, 0x00, 0x00, 0x10, 0x00, 0x00, 0x00, 0x00,
  0x58, 0x00, 0xa7, 0x8f, 0x00, 0x00, 0x00, 0x00, 0x48, 0x00, 0xa7, 0x10,
  0x00, 0x00, 0x00, 0x00, 0x01, 0x00, 0x84, 0x24, 0x73, 0xff, 0x86, 0x14,
  0x04, 0x00, 0x42, 0x24, 0x76, 0xff, 0x00, 0x10, 0xc3, 0x11, 0x03, 0x00,
  0x18, 0x00, 0xa2, 0x8f, 0x20, 0x00, 0xa7, 0x8f, 0x10, 0x00, 0xa2, 0xaf,
  0x21, 0x30, 0xf6, 0x02, 0x25, 0x28, 0x20, 0x02, 0x3a, 0x1e, 0x11, 0x04,
  0x25, 0x20, 0x00, 0x02, 0x0f, 0x00, 0x40, 0x10, 0x25, 0x60, 0x40, 0x00,
  0xd3, 0xff, 0x15, 0x24, 0x4c, 0x00, 0xbf, 0x8f, 0x48, 0x00, 0xbe, 0x8f,
  0x44, 0x00, 0xb7, 0x8f, 0x40, 0x00, 0xb6, 0x8f, 0x38, 0x00, 0xb4, 0x8f,
  0x34, 0x00, 0xb3, 0x8f, 0x30, 0x00, 0xb2, 0x8f, 0x2c, 0x00, 0xb1, 0x8f,
  0x28, 0x00, 0xb0, 0x8f, 0x25, 0x10, 0xa0, 0x02, 0x3c, 0x00, 0xb5, 0x8f,
  0x08, 0x00, 0xe0, 0x03, 0x50, 0x00, 0xbd, 0x27, 0x51, 0x01, 0xa2, 0x92,
  0x00, 0x00, 0x00, 0x00, 0x01, 0x00, 0x42, 0x30, 0x03, 0x00, 0x40, 0x14,
  0x25, 0x28, 0x20, 0x02, 0x66, 0xff, 0x00, 0x10, 0x01, 0x00, 0xd6, 0x26,
  0x88, 0xfc, 0x11, 0x04, 0x25, 0x20, 0x00, 0x02, 0x18, 0x00, 0xa3, 0x8f,
  0x00, 0x00, 0x00, 0x00, 0x21, 0x10, 0x62, 0x00, 0xff, 0xff, 0x42, 0x90,
  0xff, 0x00, 0x03, 0x24, 0xf6, 0xff, 0x43, 0x10, 0x00, 0x00, 0x00, 0x00,
  0x01, 0x00, 0x0e, 0x3c, 0x90, 0xcd, 0xce, 0x25, 0x01, 0x00, 0x0d, 0x3c,
  0x07, 0x00, 0x00, 0x10, 0xa0, 0xee, 0xad, 0x25, 0x3f, 0xfc, 0x11, 0x04,
  0x25, 0x20, 0xa0, 0x01, 0x13, 0x00, 0x40, 0x14, 0x03, 0x00, 0xce, 0x25,
  0x80, 0x00, 0xad, 0x25, 0x01, 0x00, 0x8c, 0x25, 0x1c, 0x00, 0xa2, 0x8f,
  0x00, 0x00, 0x00, 0x00, 0x2a, 0x10, 0x82, 0x01, 0xf6, 0xff, 0x40, 0x14,
  0x25, 0x28, 0xc0, 0x01, 0x4b, 0xff, 0x00, 0x10, 0x01, 0x00, 0xd6, 0x26,
  0x00, 0x00, 0x64, 0xac, 0x01, 0x00, 0x42, 0x24, 0x4f, 0xff, 0x00, 0x10,
  0x04, 0x00, 0x63, 0x24, 0x25, 0x28, 0x20, 0x02, 0x64, 0x1e, 0x11, 0x04,
  0x25, 0x20, 0x00, 0x02, 0xc9, 0xff, 0x40, 0x14, 0xd3, 0xff, 0x15, 0x24,
  0x21, 0x10, 0x51, 0x02, 0x21, 0x18, 0x70, 0x02, 0x40, 0x1a, 0x03, 0x00,
  0xc0, 0x11, 0x02, 0x00, 0x21, 0x10, 0x43, 0x00, 0x21, 0x10, 0x82, 0x02,
  0x51, 0x01, 0x42, 0x90, 0x01, 0x00, 0x04, 0x3c, 0xa0, 0xee, 0x84, 0x24,
  0xc0, 0x16, 0x02, 0x00, 0x25, 0x18, 0x00, 0x00, 0xc3, 0x17, 0x02, 0x00,
  0x2a, 0x28, 0x7e, 0x00, 0x92, 0x00, 0xa0, 0x14, 0x00, 0x00, 0x00, 0x00,
  0x01, 0x00, 0x03, 0x3c, 0x90, 0xcd, 0x63, 0x24, 0x01, 0x00, 0x04, 0x3c,
  0x90, 0xcf, 0x84, 0x24, 0x25, 0xa8, 0x60, 0x00, 0x00, 0x00, 0x62, 0xac,
  0x04, 0x00, 0x63, 0x24, 0xfd, 0xff, 0x83, 0x14, 0x25, 0xb0, 0x00, 0x00,
  0x21, 0x90, 0x51, 0x02, 0x21, 0x98, 0x70, 0x02, 0xc0, 0x91, 0x12, 0x00,
  0x40, 0x9a, 0x13, 0x00, 0x21, 0x90, 0x53, 0x02, 0x01, 0x00, 0x02, 0x3c,
  0xa0, 0xee, 0x42, 0x24, 0x21, 0x90, 0x92, 0x02, 0x18, 0x00, 0xa2, 0xaf,
  0x2c, 0x00, 0x42, 0x96, 0x00, 0x00, 0x00, 0x00, 0x2a, 0x10, 0xc2, 0x02,
  0x7f, 0x00, 0x40, 0x14, 0x21, 0x30, 0xf6, 0x02, 0xa1, 0xff, 0x00, 0x10,
  0x01, 0x00, 0x15, 0x24, 0x1c, 0x00, 0xa7, 0x8f, 0x10, 0x00, 0xb6, 0xaf,
  0x25, 0x28, 0x20, 0x02, 0x25, 0x20, 0x00, 0x02, 0x24, 0x00, 0xa3, 0xaf,
  0xb3, 0x1d, 0x11, 0x04, 0x20, 0x00, 0xa9, 0xaf, 0x20, 0x00, 0xa9, 0x8f,
  0x24, 0x00, 0xa3, 0x8f, 0x08, 0x00, 0x40, 0x10, 0x25, 0x28, 0x20, 0x02,
  0x2d, 0x1e, 0x11, 0x04, 0x25, 0x20, 0x00, 0x02, 0xd4, 0xff, 0x15, 0x24,
  0xc9, 0xff, 0x40, 0x10, 0x00, 0x00, 0x00, 0x00, 0x8f, 0xff, 0x00, 0x10,
  0x00, 0x00, 0x00, 0x00, 0x2f, 0xff, 0x00, 0x10, 0x01, 0x00, 0x29, 0x25,
  0x10, 0x00, 0xb6, 0xaf, 0x01, 0x00, 0x07, 0x3c, 0xa0, 0xee, 0xe7, 0x24,
  0x25, 0x28, 0x20, 0x02, 0x25, 0x20, 0x00, 0x02, 0x20, 0x00, 0xa3, 0xaf,
  0xbb, 0x1d, 0x11, 0x04, 0x1c, 0x00, 0xa9, 0xaf, 0x82, 0xff, 0x40, 0x14,
  0x5a, 0x5a, 0x05, 0x3c, 0x1c, 0x00, 0xa9, 0x8f, 0x20, 0x00, 0xa3, 0x8f,
  0x01, 0x00, 0x04, 0x3c, 0xa0, 0xee, 0x84, 0x24, 0xa5, 0xa5, 0xaa, 0x34,
  0x2a, 0x28, 0x5e, 0x00, 0x0e, 0x00, 0xa0, 0x14, 0x00, 0x00, 0x00, 0x00,
  0x5a, 0x5a, 0x04, 0x3c, 0x25, 0x10, 0xc0, 0x02, 0xa5, 0xa5, 0x84, 0x34,
  0x00, 0x00, 0x45, 0x8c, 0x00, 0x00, 0x00, 0x00, 0xac, 0xff, 0xa4, 0x14,
  0x04, 0x00, 0x42, 0x24, 0x18, 0x00, 0xa5, 0x8f, 0x00, 0x00, 0x00, 0x00,
  0xf9, 0xff, 0x45, 0x14, 0x00, 0x00, 0x00, 0x00, 0x1c, 0xff, 0x00, 0x10,
  0x01, 0x00, 0x29, 0x25, 0x00, 0x00, 0x85, 0x8c, 0x00, 0x00, 0x00, 0x00,
  0xa2, 0xff, 0xaa, 0x14, 0x04, 0x00, 0x84, 0x24, 0xeb, 0xff, 0x00, 0x10,
  0x01, 0x00, 0x42, 0x24, 0x00, 0x00, 0x43, 0xac, 0x01, 0x00, 0xb5, 0x26,
  0x1b, 0xff, 0x00, 0x10, 0x04, 0x00, 0x42, 0x24, 0x25, 0x28, 0x20, 0x02,
  0xfa, 0x1d, 0x11, 0x04, 0x25, 0x20, 0x00, 0x02, 0xcd, 0xff, 0x00, 0x10,
  0xd6, 0xff, 0x15, 0x24, 0x1c, 0x00, 0xa7, 0x8f, 0x10, 0x00, 0xb6, 0xaf,
  0x25, 0x28, 0x20, 0x02, 0x25, 0x20, 0x00, 0x02, 0x24, 0x00, 0xa8, 0xaf,
  0x71, 0x1d, 0x11, 0x04, 0x20, 0x00, 0xa9, 0xaf, 0x20, 0x00, 0xa9, 0x8f,
  0x24, 0x00, 0xa8, 0x8f, 0x05, 0x00, 0x40, 0x10, 0x25, 0x28, 0x20, 0x02,
  0xeb, 0x1d, 0x11, 0x04, 0x25, 0x20, 0x00, 0x02, 0xbe, 0xff, 0x00, 0x10,
  0xd2, 0xff, 0x15, 0x24, 0x22, 0xff, 0x00, 0x10, 0x01, 0x00, 0x29, 0x25,
  0x10, 0x00, 0xb6, 0xaf, 0x01, 0x00, 0x07, 0x3c, 0xa0, 0xee, 0xe7, 0x24,
  0x25, 0x28, 0x20, 0x02, 0x25, 0x20, 0x00, 0x02, 0x20, 0x00, 0xa8, 0xaf,
  0x7c, 0x1d, 0x11, 0x04, 0x1c, 0x00, 0xa9, 0xaf, 0x43, 0xff, 0x40, 0x14,
  0xa5, 0x05, 0x03, 0x3c, 0x1c, 0x00, 0xa9, 0x8f, 0x20, 0x00, 0xa8, 0x8f,
  0x01, 0x00, 0x04, 0x3c, 0xa0, 0xee, 0x84, 0x24, 0x5a, 0x5a, 0x6a, 0x34,
  0x2a, 0x28, 0x5e, 0x00, 0x0e, 0x00, 0xa0, 0x14, 0x00, 0x00, 0x00, 0x00,
  0xa5, 0x05, 0x04, 0x3c, 0x25, 0x10, 0xc0, 0x02, 0x5a, 0x5a, 0x84, 0x24,
  0x00, 0x00, 0x45, 0x8c, 0x00, 0x00, 0x00, 0x00, 0x6d, 0xff, 0xa4, 0x14,
  0x04, 0x00, 0x42, 0x24, 0x18, 0x00, 0xa3, 0x8f, 0x00, 0x00, 0x00, 0x00,
  0xf9, 0xff, 0x43, 0x14, 0x00, 0x00, 0x00, 0x00, 0x0f, 0xff, 0x00, 0x10,
  0x01, 0x00, 0x29, 0x25, 0x00, 0x00, 0x85, 0x8c, 0x00, 0x00, 0x00, 0x00,
  0x63, 0xff, 0xaa, 0x14, 0x04, 0x00, 0x84, 0x24, 0xeb, 0xff, 0x00, 0x10,
  0x01, 0x00, 0x42, 0x24, 0x00, 0x00, 0x82, 0xac, 0x01, 0x00, 0x63, 0x24,
  0x69, 0xff, 0x00, 0x10, 0x04, 0x00, 0x84, 0x24, 0x18, 0x00, 0xa7, 0x8f,
  0x10, 0x00, 0xb5, 0xaf, 0x25, 0x28, 0x20, 0x02, 0x39, 0x1d, 0x11, 0x04,
  0x25, 0x20, 0x00, 0x02, 0x03, 0x00, 0x40, 0x14, 0x25, 0x28, 0x20, 0x02,
  0x75, 0xff, 0x00, 0x10, 0x01, 0x00, 0xd6, 0x26, 0xb3, 0x1d, 0x11, 0x04,
  0x25, 0x20, 0x00, 0x02, 0xfb, 0xff, 0x40, 0x10, 0x00, 0x00, 0x00, 0x00,
  0x16, 0xff, 0x00, 0x10, 0xd0, 0xff, 0x15, 0x24, 0xd0, 0xff, 0xbd, 0x27,
  0x24, 0x00, 0xb4, 0xaf, 0x01, 0x00, 0x14, 0x3c, 0x20, 0xee, 0x94, 0x26,
  0x28, 0x00, 0xb5, 0xaf, 0x20, 0x00, 0xb3, 0xaf, 0x1c, 0x00, 0xb2, 0xaf,
  0x18, 0x00, 0xb1, 0xaf, 0x2c, 0x00, 0xbf, 0xaf, 0x14, 0x00, 0xb0, 0xaf,
  0x25, 0x88, 0x80, 0x00, 0x25, 0x90, 0xa0, 0x00, 0x25, 0x98, 0xc0, 0x00,
  0x01, 0x00, 0x15, 0x3c, 0xa0, 0xee, 0xb5, 0x26, 0x25, 0x10, 0x80, 0x02,
  0xff, 0xff, 0x03, 0x24, 0x00, 0x00, 0x43, 0xac, 0x04, 0x00, 0x42, 0x24,
  0xfd, 0xff, 0x55, 0x14, 0x25, 0x30, 0x60, 0x02, 0x01, 0x00, 0x07, 0x3c,
  0x20, 0xee, 0xe7, 0x24, 0x25, 0x28, 0x40, 0x02, 0xb7, 0x1d, 0x11, 0x04,
  0x25, 0x20, 0x20, 0x02, 0x3a, 0x00, 0x40, 0x14, 0x25, 0x30, 0x60, 0x02,
  0x01, 0x00, 0x07, 0x3c, 0x20, 0xee, 0xe7, 0x24, 0x25, 0x28, 0x40, 0x02,
  0xb2, 0x1d, 0x11, 0x04, 0x25, 0x20, 0x20, 0x02, 0x25, 0x80, 0x40, 0x00,
  0x01, 0x00, 0x02, 0x3c, 0x20, 0xee, 0x42, 0x24, 0x0c, 0x00, 0x00, 0x12,
  0xff, 0xff, 0x03, 0x24, 0xfa, 0xff, 0x10, 0x24, 0x2c, 0x00, 0xbf, 0x8f,
  0x28, 0x00, 0xb5, 0x8f, 0x24, 0x00, 0xb4, 0x8f, 0x20, 0x00, 0xb3, 0x8f,
  0x1c, 0x00, 0xb2, 0x8f, 0x18, 0x00, 0xb1, 0x8f, 0x25, 0x10, 0x00, 0x02,
  0x14, 0x00, 0xb0, 0x8f, 0x08, 0x00, 0xe0, 0x03, 0x30, 0x00, 0xbd, 0x27,
  0x00, 0x00, 0x44, 0x8c, 0x00, 0x00, 0x00, 0x00, 0xf3, 0xff, 0x83, 0x14,
  0x00, 0x00, 0x00, 0x00, 0x04, 0x00, 0x42, 0x24, 0xfa, 0xff, 0x55, 0x14,
  0x00, 0x00, 0x00, 0x00, 0x01, 0x00, 0x02, 0x3c, 0x20, 0xee, 0x42, 0x24,
  0x00, 0x00, 0x40, 0xac, 0x04, 0x00, 0x42, 0x24, 0xfd, 0xff, 0x55, 0x14,
  0x25, 0x30, 0x60, 0x02, 0x01, 0x00, 0x07, 0x3c, 0x20, 0xee, 0xe7, 0x24,
  0x25, 0x28, 0x40, 0x02, 0x8e, 0x1d, 0x11, 0x04, 0x25, 0x20, 0x20, 0x02,
  0x11, 0x00, 0x40, 0x14, 0x25, 0x30, 0x60, 0x02, 0x01, 0x00, 0x07, 0x3c,
  0x20, 0xee, 0xe7, 0x24, 0x25, 0x28, 0x40, 0x02, 0x89, 0x1d, 0x11, 0x04,
  0x25, 0x20, 0x20, 0x02, 0xdb, 0xff, 0x40, 0x14, 0x00, 0x00, 0x00, 0x00,
  0x00, 0x00, 0x82, 0x8e, 0x00, 0x00, 0x00, 0x00, 0xd8, 0xff, 0x40, 0x14,
  0x00, 0x00, 0x00, 0x00, 0x04, 0x00, 0x94, 0x26, 0xfa, 0xff, 0x95, 0x16,
  0x00, 0x00, 0x00, 0x00, 0xd3, 0xff, 0x00, 0x10, 0x01, 0x00, 0x10, 0x24,
  0xd1, 0xff, 0x00, 0x10, 0xfb, 0xff, 0x10, 0x24, 0xc8, 0xff, 0xbd, 0x27,
  0x2c, 0x00, 0xb7, 0xaf, 0x25, 0xb8, 0xa0, 0x00, 0x20, 0x00, 0xb4, 0xaf,
  0x10, 0x00, 0xb0, 0xaf, 0x25, 0xa0, 0x80, 0x00, 0x40, 0x80, 0x17, 0x00,
  0x28, 0x00, 0xb6, 0xaf, 0x1c, 0x00, 0xb3, 0xaf, 0x14, 0x00, 0xb1, 0xaf,
  0x25, 0x28, 0x00, 0x00, 0x25, 0x88, 0xc0, 0x00, 0x01, 0x00, 0x04, 0x3c,
  0x20, 0xee, 0x84, 0x24, 0x80, 0x00, 0x06, 0x24, 0x21, 0x98, 0x17, 0x02,
  0x40, 0xb0, 0x14, 0x00, 0x30, 0x00, 0xbe, 0xaf, 0x24, 0x00, 0xb5, 0xaf,
  0x18, 0x00, 0xb2, 0xaf, 0x34, 0x00, 0xbf, 0xaf, 0xf8, 0x2b, 0x11, 0x04,
  0xc0, 0x99, 0x13, 0x00, 0x01, 0x00, 0x12, 0x3c, 0x90, 0xcf, 0x52, 0x26,
  0x21, 0x10, 0xd4, 0x02, 0x21, 0x98, 0x53, 0x02, 0x40, 0x12, 0x02, 0x00,
  0x00, 0x01, 0x1e, 0x3c, 0x21, 0x98, 0x62, 0x02, 0x10, 0x00, 0x15, 0x24,
  0x25, 0xf0, 0x3e, 0x02, 0x24, 0x00, 0x03, 0x24, 0xd0, 0x00, 0x62, 0x8e,
  0x00, 0x00, 0x00, 0x00, 0x12, 0x00, 0x51, 0x14, 0x7f, 0x00, 0x05, 0x24,
  0x01, 0x00, 0x04, 0x3c, 0x20, 0xee, 0x84, 0x24, 0xd0, 0x00, 0x7e, 0xae,
  0x01, 0x00, 0x01, 0x3c, 0x20, 0xee, 0x3e, 0xac, 0xf2, 0xf9, 0x11, 0x04,
  0x25, 0x38, 0x80, 0x00, 0x25, 0x30, 0xa0, 0x02, 0x25, 0x28, 0xe0, 0x02,
  0x01, 0x00, 0x01, 0x3c, 0x9f, 0xee, 0x22, 0xa0, 0x48, 0x1d, 0x11, 0x04,
  0x25, 0x20, 0x80, 0x02, 0x2b, 0x00, 0x40, 0x10, 0x24, 0x00, 0x03, 0x24,
  0x1d, 0x00, 0x00, 0x10, 0xd5, 0xff, 0x02, 0x24, 0x28, 0x00, 0x41, 0x04,
  0x01, 0x00, 0xb5, 0x26, 0xff, 0xff, 0xb5, 0x26, 0x01, 0x00, 0x04, 0x3c,
  0x20, 0xee, 0x84, 0x24, 0x01, 0x00, 0x01, 0x3c, 0x20, 0xee, 0x31, 0xac,
  0xdf, 0xf9, 0x11, 0x04, 0x7f, 0x00, 0x05, 0x24, 0x7f, 0x00, 0x82, 0xa0,
  0x25, 0x38, 0x80, 0x00, 0x25, 0x30, 0xa0, 0x02, 0x25, 0x28, 0xe0, 0x02,
  0x35, 0x1d, 0x11, 0x04, 0x25, 0x20, 0x80, 0x02, 0xee, 0xff, 0x40, 0x14,
  0x00, 0x00, 0x00, 0x00, 0x21, 0x10, 0x17, 0x02, 0x21, 0xb0, 0xd4, 0x02,
  0x40, 0x11, 0x02, 0x00, 0xc0, 0xb1, 0x16, 0x00, 0x21, 0x10, 0x56, 0x00,
  0x21, 0x10, 0x55, 0x00, 0x24, 0x00, 0x42, 0x24, 0x80, 0x10, 0x02, 0x00,
  0x21, 0x10, 0x42, 0x02, 0x00, 0x00, 0x51, 0xac, 0x25, 0x10, 0x00, 0x00,
  0x34, 0x00, 0xbf, 0x8f, 0x30, 0x00, 0xbe, 0x8f, 0x2c, 0x00, 0xb7, 0x8f,
  0x28, 0x00, 0xb6, 0x8f, 0x24, 0x00, 0xb5, 0x8f, 0x20, 0x00, 0xb4, 0x8f,
  0x1c, 0x00, 0xb3, 0x8f, 0x18, 0x00, 0xb2, 0x8f, 0x14, 0x00, 0xb1, 0x8f,
  0x10, 0x00, 0xb0, 0x8f, 0x08, 0x00, 0xe0, 0x03, 0x38, 0x00, 0xbd, 0x27,
  0x01, 0x00, 0xb5, 0x26, 0xc1, 0xff, 0xa3, 0x16, 0x04, 0x00, 0x73, 0x26,
  0xf0, 0xff, 0x00, 0x10, 0x25, 0x10, 0x00, 0x00, 0xe8, 0xff, 0xbd, 0x27,
  0x01, 0x00, 0x05, 0x3c, 0x94, 0x74, 0xa5, 0x24, 0x01, 0x00, 0x03, 0x3c,
  0x04, 0x74, 0x63, 0x24, 0x25, 0x20, 0xa0, 0x00, 0x14, 0x00, 0xbf, 0xaf,
  0x23, 0x00, 0x02, 0x24, 0x01, 0x00, 0x06, 0x3c, 0xd4, 0x76, 0xc6, 0x24,
  0x25, 0x48, 0x60, 0x00, 0xff, 0xff, 0x08, 0x24, 0x00, 0x39, 0x02, 0x00,
  0x21, 0x38, 0xe5, 0x00, 0xff, 0xff, 0x42, 0x24, 0x04, 0x00, 0x86, 0xac,
  0x00, 0x00, 0x67, 0xac, 0x00, 0x00, 0x88, 0xac, 0x00, 0x04, 0xc6, 0x24,
  0x10, 0x00, 0x84, 0x24, 0xf7, 0xff, 0x48, 0x14, 0x04, 0x00, 0x63, 0x24,
  0x01, 0x00, 0x01, 0x3c, 0x00, 0x74, 0x25, 0xac, 0x01, 0x00, 0x01, 0x3c,
  0xfc, 0x73, 0x29, 0xac, 0x01, 0x00, 0x02, 0x3c, 0x90, 0xcf, 0x42, 0x24,
  0x01, 0x00, 0x04, 0x3c, 0x90, 0xd5, 0x84, 0x24, 0xff, 0xff, 0x03, 0x24,
  0x74, 0x01, 0x43, 0xac, 0x78, 0x01, 0x43, 0xac, 0x7c, 0x01, 0x43, 0xac,
  0x74, 0x07, 0x43, 0xac, 0x78, 0x07, 0x43, 0xac, 0x7c, 0x07, 0x43, 0xac,
  0x80, 0x01, 0x42, 0x24, 0xf8, 0xff, 0x44, 0x14, 0x00, 0x00, 0x00, 0x00,
  0x20, 0x40, 0x06, 0x24, 0x01, 0x00, 0x04, 0x3c, 0x10, 0xf3, 0x84, 0x24,
  0x7f, 0x2b, 0x11, 0x04, 0xff, 0xff, 0x05, 0x24, 0x14, 0x00, 0xbf, 0x8f,
  0x01, 0x00, 0x01, 0x3c, 0x10, 0xf3, 0x20, 0xac, 0x01, 0x00, 0x01, 0x3c,
  0x20, 0x13, 0x20, 0xac, 0x01, 0x00, 0x01, 0x3c, 0x14, 0xfb, 0x20, 0xac,
  0x01, 0x00, 0x01, 0x3c, 0x24, 0x1b, 0x20, 0xac, 0x01, 0x00, 0x01, 0x3c,
  0x18, 0x03, 0x20, 0xac, 0x01, 0x00, 0x01, 0x3c, 0x28, 0x23, 0x20, 0xac,
  0x01, 0x00, 0x01, 0x3c, 0x1c, 0x0b, 0x20, 0xac, 0x01, 0x00, 0x01, 0x3c,
  0x2c, 0x2b, 0x20, 0xac, 0x08, 0x00, 0xe0, 0x03, 0x18, 0x00, 0xbd, 0x27,
  0x08, 0x00, 0xe0, 0x03, 0x25, 0x10, 0x00, 0x00, 0x01, 0x00, 0x02, 0x3c,
  0xfc, 0x73, 0x42, 0x8c, 0xe8, 0xff, 0xbd, 0x27, 0x00, 0xff, 0x07, 0x3c,
  0x8c, 0x00, 0x46, 0x24, 0x14, 0x00, 0xbf, 0xaf, 0xff, 0xff, 0xe7, 0x34,
  0xff, 0xff, 0x08, 0x24, 0x00, 0x00, 0xc3, 0x8c, 0x00, 0x00, 0x00, 0x00,
  0x0b, 0x00, 0x69, 0x90, 0x00, 0x00, 0x00, 0x00, 0x0b, 0x00, 0x24, 0x15,
  0x00, 0x00, 0x00, 0x00, 0x08, 0x00, 0x69, 0x94, 0x00, 0x00, 0x00, 0x00,
  0x07, 0x00, 0x25, 0x15, 0x00, 0x00, 0x00, 0x00, 0x00, 0x00, 0x69, 0x8c,
  0x00, 0x00, 0x00, 0x00, 0x03, 0x00, 0x20, 0x05, 0x00, 0x00, 0x00, 0x00,
  0x08, 0x00, 0x67, 0xac, 0x00, 0x00, 0x68, 0xac, 0x25, 0x00, 0x46, 0x14,
  0x04, 0x00, 0x43, 0x24, 0x25, 0x38, 0x00, 0x00, 0x90, 0x00, 0x42, 0x24,
  0x23, 0x00, 0x0a, 0x24, 0xfc, 0xff, 0x68, 0x8c, 0x00, 0x00, 0x00, 0x00,
  0x00, 0x00, 0x06, 0x8d, 0x00, 0x00, 0x00, 0x00, 0x20, 0x00, 0xc1, 0x04,
  0x25, 0x30, 0x60, 0x00, 0x00, 0x00, 0xc9, 0x8c, 0x00, 0x00, 0x00, 0x00,
  0x00, 0x00, 0x2b, 0x8d, 0x00, 0x00, 0x00, 0x00, 0x18, 0x00, 0x61, 0x05,
  0x00, 0x00, 0x00, 0x00, 0x04, 0x00, 0xc6, 0x24, 0xf8, 0xff, 0x46, 0x14,
  0x00, 0x00, 0x00, 0x00, 0x40, 0x12, 0x04, 0x00, 0x40, 0x1a, 0x05, 0x00,
  0x21, 0x10, 0x44, 0x00, 0x21, 0x18, 0x65, 0x00, 0x80, 0x18, 0x03, 0x00,
  0x00, 0x11, 0x02, 0x00, 0x21, 0x10, 0x43, 0x00, 0x01, 0x00, 0x04, 0x3c,
  0x10, 0xf3, 0x84, 0x24, 0x21, 0x20, 0x82, 0x00, 0x04, 0x08, 0x06, 0x24,
  0x31, 0x2b, 0x11, 0x04, 0xff, 0xff, 0x05, 0x24, 0x14, 0x00, 0xbf, 0x8f,
  0x00, 0x00, 0x40, 0xac, 0x25, 0x10, 0x00, 0x00, 0x08, 0x00, 0xe0, 0x03,
  0x18, 0x00, 0xbd, 0x27, 0xc9, 0xff, 0x00, 0x10, 0xfc, 0xff, 0xc6, 0x24,
  0xfc, 0xff, 0x69, 0xac, 0x00, 0x00, 0xc8, 0xac, 0x01, 0x00, 0xe7, 0x24,
  0xd9, 0xff, 0xea, 0x14, 0x04, 0x00, 0x63, 0x24, 0xe7, 0xff, 0x00, 0x10,
  0x40, 0x12, 0x04, 0x00, 0xe0, 0xff, 0xbd, 0x27, 0x18, 0x00, 0xb2, 0xaf,
  0x14, 0x00, 0xb1, 0xaf, 0x10, 0x00, 0xb0, 0xaf, 0x25, 0x88, 0xa0, 0x00,
  0x1c, 0x00, 0xbf, 0xaf, 0x64, 0x1c, 0x11, 0x04, 0x25, 0x80, 0x80, 0x00,
  0x25, 0x90, 0x40, 0x00, 0xf7, 0xff, 0x44, 0x28, 0x40, 0x18, 0x10, 0x00,
  0x40, 0x10, 0x11, 0x00, 0x21, 0x10, 0x51, 0x00, 0x21, 0x18, 0x70, 0x00,
  0xc0, 0x11, 0x02, 0x00, 0x40, 0x1a, 0x03, 0x00, 0x01, 0x00, 0x06, 0x3c,
  0x90, 0xcf, 0xc6, 0x24, 0x21, 0x10, 0x43, 0x00, 0x0a, 0x00, 0x80, 0x14,
  0x21, 0x30, 0xc2, 0x00, 0x02, 0x00, 0x02, 0x24, 0x50, 0x01, 0xc2, 0xa0,
  0x1c, 0x00, 0xbf, 0x8f, 0x14, 0x00, 0xb1, 0x8f, 0x10, 0x00, 0xb0, 0x8f,
  0x25, 0x10, 0x40, 0x02, 0x18, 0x00, 0xb2, 0x8f, 0x08, 0x00, 0xe0, 0x03,
  0x20, 0x00, 0xbd, 0x27, 0x25, 0x28, 0x20, 0x02, 0x25, 0x20, 0x00, 0x02,
  0x50, 0x01, 0xc0, 0xa0, 0x7e, 0xf9, 0x11, 0x04, 0x60, 0x01, 0xc0, 0xac,
  0x95, 0xff, 0x11, 0x04, 0x00, 0x00, 0x00, 0x00, 0xf1, 0xff, 0x00, 0x10,
  0x00, 0x00, 0x00, 0x00, 0xd8, 0xff, 0x00, 0x10, 0x00, 0x00, 0x00, 0x00,
  0x03, 0x00, 0x83, 0x2c, 0x35, 0x00, 0x60, 0x10, 0xfb, 0xff, 0x02, 0x24,
  0xd8, 0xff, 0xbd, 0x27, 0x18, 0x00, 0xb2, 0xaf, 0x40, 0x90, 0x04, 0x00,
  0x10, 0x00, 0xb0, 0xaf, 0x21, 0x80, 0x44, 0x02, 0x20, 0x00, 0xb4, 0xaf,
  0x00, 0x81, 0x10, 0x00, 0x01, 0x00, 0x14, 0x3c, 0x90, 0xe7, 0x94, 0x26,
  0x1c, 0x00, 0xb3, 0xaf, 0x24, 0x00, 0xbf, 0xaf, 0x14, 0x00, 0xb1, 0xaf,
  0x21, 0x80, 0x90, 0x02, 0x00, 0x00, 0x03, 0x92, 0x00, 0x00, 0x00, 0x00,
  0x19, 0x00, 0x60, 0x10, 0x25, 0x98, 0x80, 0x00, 0x25, 0x88, 0xa0, 0x00,
  0x06, 0x00, 0x04, 0x96, 0x08, 0x00, 0x05, 0x96, 0xbf, 0xff, 0x11, 0x04,
  0x30, 0x00, 0xa6, 0xaf, 0x12, 0x00, 0x40, 0x14, 0x00, 0x00, 0x00, 0x00,
  0x30, 0x00, 0xa6, 0x8f, 0x00, 0x00, 0x00, 0x00, 0x07, 0x00, 0xc0, 0x10,
  0x00, 0x00, 0x00, 0x00, 0x02, 0x00, 0x02, 0x24, 0x13, 0x00, 0xc2, 0x10,
  0x00, 0x00, 0x00, 0x00, 0x0c, 0x00, 0x02, 0x8e, 0x00, 0x00, 0x00, 0x00,
  0x21, 0x88, 0x22, 0x02, 0x02, 0x00, 0x21, 0x06, 0x25, 0x10, 0x20, 0x02,
  0x25, 0x10, 0x00, 0x00, 0x21, 0x90, 0x53, 0x02, 0x00, 0x91, 0x12, 0x00,
  0x21, 0xa0, 0x92, 0x02, 0x0c, 0x00, 0x82, 0xae, 0x24, 0x00, 0xbf, 0x8f,
  0x20, 0x00, 0xb4, 0x8f, 0x1c, 0x00, 0xb3, 0x8f, 0x18, 0x00, 0xb2, 0x8f,
  0x14, 0x00, 0xb1, 0x8f, 0x10, 0x00, 0xb0, 0x8f, 0x08, 0x00, 0xe0, 0x03,
  0x28, 0x00, 0xbd, 0x27, 0x10, 0x00, 0x02, 0x8e, 0xef, 0xff, 0x00, 0x10,
  0x21, 0x88, 0x22, 0x02, 0x08, 0x00, 0xe0, 0x03, 0x00, 0x00, 0x00, 0x00,
  0xe0, 0xff, 0xbd, 0x27, 0x18, 0x00, 0xb2, 0xaf, 0x14, 0x00, 0xb1, 0xaf,
  0x10, 0x00, 0xb0, 0xaf, 0x25, 0x88, 0xa0, 0x00, 0x1c, 0x00, 0xbf, 0xaf,
  0xe5, 0x1b, 0x11, 0x04, 0x25, 0x80, 0x80, 0x00, 0x25, 0x90, 0x40, 0x00,
  0xf7, 0xff, 0x44, 0x28, 0x40, 0x18, 0x10, 0x00, 0x40, 0x10, 0x11, 0x00,
  0x21, 0x10, 0x51, 0x00, 0x21, 0x18, 0x70, 0x00, 0xc0, 0x11, 0x02, 0x00,
  0x40, 0x1a, 0x03, 0x00, 0x01, 0x00, 0x06, 0x3c, 0x90, 0xcf, 0xc6, 0x24,
  0x21, 0x10, 0x43, 0x00, 0x0a, 0x00, 0x80, 0x14, 0x21, 0x30, 0xc2, 0x00,
  0x02, 0x00, 0x02, 0x24, 0x50, 0x01, 0xc2, 0xa0, 0x1c, 0x00, 0xbf, 0x8f,
  0x14, 0x00, 0xb1, 0x8f, 0x10, 0x00, 0xb0, 0x8f, 0x25, 0x10, 0x40, 0x02,
  0x18, 0x00, 0xb2, 0x8f, 0x08, 0x00, 0xe0, 0x03, 0x20, 0x00, 0xbd, 0x27,
  0x25, 0x28, 0x20, 0x02, 0x25, 0x20, 0x00, 0x02, 0x50, 0x01, 0xc0, 0xa0,
  0x1c, 0xf9, 0x11, 0x04, 0x60, 0x01, 0xc0, 0xac, 0x33, 0xff, 0x11, 0x04,
  0x00, 0x00, 0x00, 0x00, 0xf1, 0xff, 0x00, 0x10, 0x00, 0x00, 0x00, 0x00,
  0xe0, 0xff, 0xbd, 0x27, 0x18, 0x00, 0xb2, 0xaf, 0x14, 0x00, 0xb1, 0xaf,
  0x10, 0x00, 0xb0, 0xaf, 0x1c, 0x00, 0xbf, 0xaf, 0x25, 0x88, 0x80, 0x00,
  0x25, 0x90, 0xa0, 0x00, 0x28, 0x00, 0xa6, 0xaf, 0x6e, 0xff, 0x11, 0x04,
  0x2c, 0x00, 0xa7, 0xaf, 0x21, 0x00, 0x40, 0x14, 0x25, 0x80, 0x40, 0x00,
  0x01, 0x00, 0x02, 0x3c, 0xe0, 0xcc, 0x42, 0x8c, 0x2c, 0x00, 0xa7, 0x8f,
  0x28, 0x00, 0xa6, 0x8f, 0x02, 0x00, 0x40, 0x14, 0xff, 0xdf, 0x02, 0x24,
  0x24, 0x38, 0xe2, 0x00, 0x40, 0x10, 0x12, 0x00, 0x40, 0x18, 0x11, 0x00,
  0x21, 0x10, 0x52, 0x00, 0x21, 0x18, 0x71, 0x00, 0x40, 0x1a, 0x03, 0x00,
  0xc0, 0x11, 0x02, 0x00, 0x21, 0x10, 0x43, 0x00, 0x01, 0x00, 0x03, 0x3c,
  0x90, 0xcf, 0x63, 0x24, 0x21, 0x10, 0x62, 0x00, 0x50, 0x01, 0x43, 0x90,
  0x02, 0x00, 0x02, 0x24, 0x25, 0x28, 0x40, 0x02, 0x12, 0x00, 0x62, 0x14,
  0x25, 0x20, 0x20, 0x02, 0x8a, 0x20, 0x11, 0x04, 0x00, 0x00, 0x00, 0x00,
  0x25, 0x80, 0x40, 0x00, 0xf7, 0xff, 0x42, 0x28, 0x05, 0x00, 0x40, 0x10,
  0x25, 0x28, 0x40, 0x02, 0xee, 0xf8, 0x11, 0x04, 0x25, 0x20, 0x20, 0x02,
  0x05, 0xff, 0x11, 0x04, 0x00, 0x00, 0x00, 0x00, 0x1c, 0x00, 0xbf, 0x8f,
  0x18, 0x00, 0xb2, 0x8f, 0x14, 0x00, 0xb1, 0x8f, 0x25, 0x10, 0x00, 0x02,
  0x10, 0x00, 0xb0, 0x8f, 0x08, 0x00, 0xe0, 0x03, 0x20, 0x00, 0xbd, 0x27,
  0x64, 0x26, 0x11, 0x04, 0x00, 0x00, 0x00, 0x00, 0xef, 0xff, 0x00, 0x10,
  0x25, 0x80, 0x40, 0x00, 0xd0, 0xff, 0xbd, 0x27, 0x03, 0x00, 0x82, 0x2c,
  0x14, 0x00, 0xb0, 0xaf, 0x2c, 0x00, 0xbf, 0xaf, 0x28, 0x00, 0xb5, 0xaf,
  0x24, 0x00, 0xb4, 0xaf, 0x20, 0x00, 0xb3, 0xaf, 0x1c, 0x00, 0xb2, 0xaf,
  0x18, 0x00, 0xb1, 0xaf, 0x39, 0x00, 0x40, 0x10, 0xfb, 0xff, 0x10, 0x24,
  0x40, 0x98, 0x04, 0x00, 0x21, 0x88, 0x64, 0x02, 0x01, 0x00, 0x12, 0x3c,
  0x90, 0xe7, 0x52, 0x26, 0x00, 0x89, 0x11, 0x00, 0x21, 0x88, 0x51, 0x02,
  0x00, 0x00, 0x22, 0x92, 0x00, 0x00, 0x00, 0x00, 0x2f, 0x00, 0x40, 0x10,
  0x25, 0xa0, 0x80, 0x00, 0x02, 0x00, 0x22, 0x92, 0x00, 0x00, 0x00, 0x00,
  0x2b, 0x00, 0x40, 0x10, 0x25, 0xa8, 0xa0, 0x00, 0x06, 0x00, 0x24, 0x96,
  0x08, 0x00, 0x25, 0x96, 0x24, 0xff, 0x11, 0x04, 0x38, 0x00, 0xa6, 0xaf,
  0x25, 0x00, 0x40, 0x14, 0x25, 0x80, 0x40, 0x00, 0x08, 0x00, 0x23, 0x96,
  0x06, 0x00, 0x24, 0x96, 0x40, 0x10, 0x03, 0x00, 0x21, 0x10, 0x43, 0x00,
  0x40, 0x18, 0x04, 0x00, 0x21, 0x18, 0x64, 0x00, 0x40, 0x1a, 0x03, 0x00,
  0xc0, 0x11, 0x02, 0x00, 0x21, 0x10, 0x43, 0x00, 0x01, 0x00, 0x03, 0x3c,
  0x90, 0xcf, 0x63, 0x24, 0x21, 0x10, 0x62, 0x00, 0x50, 0x01, 0x43, 0x90,
  0x02, 0x00, 0x02, 0x24, 0x38, 0x00, 0xa6, 0x8f, 0x25, 0x28, 0xa0, 0x02,
  0x1d, 0x00, 0x62, 0x14, 0x25, 0x20, 0x80, 0x02, 0x1c, 0x1f, 0x11, 0x04,
  0x00, 0x00, 0x00, 0x00, 0x0f, 0x00, 0x41, 0x04, 0x25, 0x80, 0x40, 0x00,
  0x21, 0x98, 0x74, 0x02, 0x00, 0x99, 0x13, 0x00, 0x21, 0x90, 0x53, 0x02,
  0xf7, 0xff, 0x42, 0x28, 0x09, 0x00, 0x40, 0x10, 0x00, 0x00, 0x40, 0xa2,
  0x08, 0x00, 0x45, 0x96, 0x06, 0x00, 0x44, 0x96, 0xa2, 0xf8, 0x11, 0x04,
  0x00, 0x00, 0x00, 0x00, 0x08, 0x00, 0x45, 0x96, 0x06, 0x00, 0x44, 0x96,
  0xb7, 0xfe, 0x11, 0x04, 0x00, 0x00, 0x00, 0x00, 0x2c, 0x00, 0xbf, 0x8f,
  0x28, 0x00, 0xb5, 0x8f, 0x24, 0x00, 0xb4, 0x8f, 0x20, 0x00, 0xb3, 0x8f,
  0x1c, 0x00, 0xb2, 0x8f, 0x18, 0x00, 0xb1, 0x8f, 0x25, 0x10, 0x00, 0x02,
  0x14, 0x00, 0xb0, 0x8f, 0x08, 0x00, 0xe0, 0x03, 0x30, 0x00, 0xbd, 0x27,
  0x0f, 0x27, 0x11, 0x04, 0x00, 0x00, 0x00, 0x00, 0xe3, 0xff, 0x00, 0x10,
  0x00, 0x00, 0x00, 0x00, 0xd0, 0xff, 0xbd, 0x27, 0x03, 0x00, 0x82, 0x2c,
  0x14, 0x00, 0xb0, 0xaf, 0x2c, 0x00, 0xbf, 0xaf, 0x28, 0x00, 0xb5, 0xaf,
  0x24, 0x00, 0xb4, 0xaf, 0x20, 0x00, 0xb3, 0xaf, 0x1c, 0x00, 0xb2, 0xaf,
  0x18, 0x00, 0xb1, 0xaf, 0x39, 0x00, 0x40, 0x10, 0xfb, 0xff, 0x10, 0x24,
  0x40, 0x98, 0x04, 0x00, 0x21, 0x88, 0x64, 0x02, 0x01, 0x00, 0x12, 0x3c,
  0x90, 0xe7, 0x52, 0x26, 0x00, 0x89, 0x11, 0x00, 0x21, 0x88, 0x51, 0x02,
  0x00, 0x00, 0x22, 0x92, 0x00, 0x00, 0x00, 0x00, 0x2f, 0x00, 0x40, 0x10,
  0x25, 0xa0, 0x80, 0x00, 0x01, 0x00, 0x22, 0x92, 0x00, 0x00, 0x00, 0x00,
  0x2b, 0x00, 0x40, 0x10, 0x25, 0xa8, 0xa0, 0x00, 0x06, 0x00, 0x24, 0x96,
  0x08, 0x00, 0x25, 0x96, 0xd3, 0xfe, 0x11, 0x04, 0x38, 0x00, 0xa6, 0xaf,
  0x25, 0x00, 0x40, 0x14, 0x25, 0x80, 0x40, 0x00, 0x08, 0x00, 0x23, 0x96,
  0x06, 0x00, 0x24, 0x96, 0x40, 0x10, 0x03, 0x00, 0x21, 0x10, 0x43, 0x00,
  0x40, 0x18, 0x04, 0x00, 0x21, 0x18, 0x64, 0x00, 0x40, 0x1a, 0x03, 0x00,
  0xc0, 0x11, 0x02, 0x00, 0x21, 0x10, 0x43, 0x00, 0x01, 0x00, 0x03, 0x3c,
  0x90, 0xcf, 0x63, 0x24, 0x21, 0x10, 0x62, 0x00, 0x50, 0x01, 0x43, 0x90,
  0x02, 0x00, 0x02, 0x24, 0x38, 0x00, 0xa6, 0x8f, 0x25, 0x28, 0xa0, 0x02,
  0x1d, 0x00, 0x62, 0x14, 0x25, 0x20, 0x80, 0x02, 0x73, 0x1f, 0x11, 0x04,
  0x00, 0x00, 0x00, 0x00, 0x0f, 0x00, 0x41, 0x04, 0x25, 0x80, 0x40, 0x00,
  0x21, 0x98, 0x74, 0x02, 0x00, 0x99, 0x13, 0x00, 0x21, 0x90, 0x53, 0x02,
  0xf7, 0xff, 0x42, 0x28, 0x09, 0x00, 0x40, 0x10, 0x00, 0x00, 0x40, 0xa2,
  0x08, 0x00, 0x45, 0x96, 0x06, 0x00, 0x44, 0x96, 0x51, 0xf8, 0x11, 0x04,
  0x00, 0x00, 0x00, 0x00, 0x08, 0x00, 0x45, 0x96, 0x06, 0x00, 0x44, 0x96,
  0x66, 0xfe, 0x11, 0x04, 0x00, 0x00, 0x00, 0x00, 0x2c, 0x00, 0xbf, 0x8f,
  0x28, 0x00, 0xb5, 0x8f, 0x24, 0x00, 0xb4, 0x8f, 0x20, 0x00, 0xb3, 0x8f,
  0x1c, 0x00, 0xb2, 0x8f, 0x18, 0x00, 0xb1, 0x8f, 0x25, 0x10, 0x00, 0x02,
  0x14, 0x00, 0xb0, 0x8f, 0x08, 0x00, 0xe0, 0x03, 0x30, 0x00, 0xbd, 0x27,
  0x0f, 0x29, 0x11, 0x04, 0x00, 0x00, 0x00, 0x00, 0xe3, 0xff, 0x00, 0x10,
  0x00, 0x00, 0x00, 0x00, 0xd8, 0xff, 0xbd, 0x27, 0x20, 0x00, 0xb2, 0xaf,
  0x1c, 0x00, 0xb1, 0xaf, 0x18, 0x00, 0xb0, 0xaf, 0x24, 0x00, 0xbf, 0xaf,
  0x25, 0x88, 0x80, 0x00, 0x25, 0x90, 0xa0, 0x00, 0x30, 0x00, 0xa6, 0xaf,
  0x95, 0xfe, 0x11, 0x04, 0x34, 0x00, 0xa7, 0xaf, 0x20, 0x00, 0x40, 0x14,
  0x25, 0x80, 0x40, 0x00, 0x40, 0x10, 0x12, 0x00, 0x40, 0x18, 0x11, 0x00,
  0x21, 0x10, 0x52, 0x00, 0x21, 0x18, 0x71, 0x00, 0x40, 0x1a, 0x03, 0x00,
  0xc0, 0x11, 0x02, 0x00, 0x21, 0x10, 0x43, 0x00, 0x01, 0x00, 0x03, 0x3c,
  0x90, 0xcf, 0x63, 0x24, 0x21, 0x10, 0x62, 0x00, 0x50, 0x01, 0x43, 0x90,
  0x02, 0x00, 0x02, 0x24, 0x34, 0x00, 0xa7, 0x97, 0x30, 0x00, 0xa6, 0x8f,
  0x17, 0x00, 0x62, 0x14, 0x25, 0x28, 0x40, 0x02, 0x3c, 0x00, 0xa2, 0x8f,
  0x00, 0x00, 0x00, 0x00, 0x14, 0x00, 0xa2, 0xaf, 0x38, 0x00, 0xa2, 0x8f,
  0x25, 0x20, 0x20, 0x02, 0xaa, 0x22, 0x11, 0x04, 0x10, 0x00, 0xa2, 0xaf,
  0x25, 0x80, 0x40, 0x00, 0xf7, 0xff, 0x42, 0x28, 0x05, 0x00, 0x40, 0x10,
  0x25, 0x28, 0x40, 0x02, 0x16, 0xf8, 0x11, 0x04, 0x25, 0x20, 0x20, 0x02,
  0x2d, 0xfe, 0x11, 0x04, 0x00, 0x00, 0x00, 0x00, 0x24, 0x00, 0xbf, 0x8f,
  0x20, 0x00, 0xb2, 0x8f, 0x1c, 0x00, 0xb1, 0x8f, 0x25, 0x10, 0x00, 0x02,
  0x18, 0x00, 0xb0, 0x8f, 0x08, 0x00, 0xe0, 0x03, 0x28, 0x00, 0xbd, 0x27,
  0x3c, 0x00, 0xa2, 0x8f, 0x00, 0x00, 0x00, 0x00, 0x14, 0x00, 0xa2, 0xaf,
  0x38, 0x00, 0xa2, 0x8f, 0x25, 0x20, 0x20, 0x02, 0xe0, 0x27, 0x11, 0x04,
  0x10, 0x00, 0xa2, 0xaf, 0xea, 0xff, 0x00, 0x10, 0x25, 0x80, 0x40, 0x00,
  0xd0, 0xff, 0xbd, 0x27, 0x03, 0x00, 0x82, 0x2c, 0x14, 0x00, 0xb0, 0xaf,
  0x2c, 0x00, 0xbf, 0xaf, 0x28, 0x00, 0xb5, 0xaf, 0x24, 0x00, 0xb4, 0xaf,
  0x20, 0x00, 0xb3, 0xaf, 0x1c, 0x00, 0xb2, 0xaf, 0x18, 0x00, 0xb1, 0xaf,
  0x38, 0x00, 0x40, 0x10, 0xfb, 0xff, 0x10, 0x24, 0x40, 0x98, 0x04, 0x00,
  0x21, 0x88, 0x64, 0x02, 0x01, 0x00, 0x12, 0x3c, 0x90, 0xe7, 0x52, 0x26,
  0x00, 0x89, 0x11, 0x00, 0x21, 0x88, 0x51, 0x02, 0x00, 0x00, 0x22, 0x92,
  0x00, 0x00, 0x00, 0x00, 0x2e, 0x00, 0x40, 0x10, 0x25, 0xa0, 0x80, 0x00,
  0x04, 0x00, 0x22, 0x92, 0x00, 0x00, 0x00, 0x00, 0x2a, 0x00, 0x40, 0x10,
  0x25, 0xa8, 0xa0, 0x00, 0x06, 0x00, 0x24, 0x96, 0x08, 0x00, 0x25, 0x96,
  0x47, 0xfe, 0x11, 0x04, 0x00, 0x00, 0x00, 0x00, 0x24, 0x00, 0x40, 0x14,
  0x25, 0x80, 0x40, 0x00, 0x08, 0x00, 0x23, 0x96, 0x06, 0x00, 0x24, 0x96,
  0x40, 0x10, 0x03, 0x00, 0x21, 0x10, 0x43, 0x00, 0x40, 0x18, 0x04, 0x00,
  0x21, 0x18, 0x64, 0x00, 0x40, 0x1a, 0x03, 0x00, 0xc0, 0x11, 0x02, 0x00,
  0x21, 0x10, 0x43, 0x00, 0x01, 0x00, 0x03, 0x3c, 0x90, 0xcf, 0x63, 0x24,
  0x21, 0x10, 0x62, 0x00, 0x50, 0x01, 0x43, 0x90, 0x02, 0x00, 0x02, 0x24,
  0x25, 0x28, 0xa0, 0x02, 0x1d, 0x00, 0x62, 0x14, 0x25, 0x20, 0x80, 0x02,
  0x90, 0x1c, 0x11, 0x04, 0x00, 0x00, 0x00, 0x00, 0x0f, 0x00, 0x41, 0x04,
  0x25, 0x80, 0x40, 0x00, 0x21, 0x98, 0x74, 0x02, 0x00, 0x99, 0x13, 0x00,
  0x21, 0x90, 0x53, 0x02, 0xf7, 0xff, 0x42, 0x28, 0x09, 0x00, 0x40, 0x10,
  0x00, 0x00, 0x40, 0xa2, 0x08, 0x00, 0x45, 0x96, 0x06, 0x00, 0x44, 0x96,
  0xc6, 0xf7, 0x11, 0x04, 0x00, 0x00, 0x00, 0x00, 0x08, 0x00, 0x45, 0x96,
  0x06, 0x00, 0x44, 0x96, 0xdb, 0xfd, 0x11, 0x04, 0x00, 0x00, 0x00, 0x00,
  0x2c, 0x00, 0xbf, 0x8f, 0x28, 0x00, 0xb5, 0x8f, 0x24, 0x00, 0xb4, 0x8f,
  0x20, 0x00, 0xb3, 0x8f, 0x1c, 0x00, 0xb2, 0x8f, 0x18, 0x00, 0xb1, 0x8f,
  0x25, 0x10, 0x00, 0x02, 0x14, 0x00, 0xb0, 0x8f, 0x08, 0x00, 0xe0, 0x03,
  0x30, 0x00, 0xbd, 0x27, 0x84, 0x26, 0x11, 0x04, 0x00, 0x00, 0x00, 0x00,
  0xe3, 0xff, 0x00, 0x10, 0x00, 0x00, 0x00, 0x00, 0xe0, 0xff, 0xbd, 0x27,
  0x18, 0x00, 0xb2, 0xaf, 0x14, 0x00, 0xb1, 0xaf, 0x10, 0x00, 0xb0, 0xaf,
  0x1c, 0x00, 0xbf, 0xaf, 0x25, 0x88, 0x80, 0x00, 0x25, 0x90, 0xa0, 0x00,
  0x28, 0x00, 0xa6, 0xaf, 0x0a, 0xfe, 0x11, 0x04, 0x2c, 0x00, 0xa7, 0xaf,
  0x1c, 0x00, 0x40, 0x14, 0x25, 0x80, 0x40, 0x00, 0x40, 0x10, 0x12, 0x00,
  0x40, 0x18, 0x11, 0x00, 0x21, 0x10, 0x52, 0x00, 0x21, 0x18, 0x71, 0x00,
  0x40, 0x1a, 0x03, 0x00, 0xc0, 0x11, 0x02, 0x00, 0x21, 0x10, 0x43, 0x00,
  0x01, 0x00, 0x03, 0x3c, 0x90, 0xcf, 0x63, 0x24, 0x21, 0x10, 0x62, 0x00,
  0x50, 0x01, 0x43, 0x90, 0x02, 0x00, 0x02, 0x24, 0x2c, 0x00, 0xa7, 0x8f,
  0x28, 0x00, 0xa6, 0x8f, 0x25, 0x28, 0x40, 0x02, 0x12, 0x00, 0x62, 0x14,
  0x25, 0x20, 0x20, 0x02, 0xd8, 0x1c, 0x11, 0x04, 0x00, 0x00, 0x00, 0x00,
  0x25, 0x80, 0x40, 0x00, 0xf7, 0xff, 0x42, 0x28, 0x05, 0x00, 0x40, 0x10,
  0x25, 0x28, 0x40, 0x02, 0x8f, 0xf7, 0x11, 0x04, 0x25, 0x20, 0x20, 0x02,
  0xa6, 0xfd, 0x11, 0x04, 0x00, 0x00, 0x00, 0x00, 0x1c, 0x00, 0xbf, 0x8f,
  0x18, 0x00, 0xb2, 0x8f, 0x14, 0x00, 0xb1, 0x8f, 0x25, 0x10, 0x00, 0x02,
  0x10, 0x00, 0xb0, 0x8f, 0x08, 0x00, 0xe0, 0x03, 0x20, 0x00, 0xbd, 0x27,
  0xb5, 0x26, 0x11, 0x04, 0x00, 0x00, 0x00, 0x00, 0xef, 0xff, 0x00, 0x10,
  0x25, 0x80, 0x40, 0x00, 0xe0, 0xff, 0xbd, 0x27, 0x18, 0x00, 0xb2, 0xaf,
  0x14, 0x00, 0xb1, 0xaf, 0x10, 0x00, 0xb0, 0xaf, 0x1c, 0x00, 0xbf, 0xaf,
  0x25, 0x88, 0x80, 0x00, 0x25, 0x90, 0xa0, 0x00, 0x28, 0x00, 0xa6, 0xaf,
  0xd8, 0xfd, 0x11, 0x04, 0x2c, 0x00, 0xa7, 0xaf, 0x1e, 0x00, 0x40, 0x14,
  0x25, 0x80, 0x40, 0x00, 0x40, 0x10, 0x12, 0x00, 0x40, 0x18, 0x11, 0x00,
  0x21, 0x10, 0x52, 0x00, 0x21, 0x18, 0x71, 0x00, 0x40, 0x1a, 0x03, 0x00,
  0xc0, 0x11, 0x02, 0x00, 0x21, 0x10, 0x43, 0x00, 0x01, 0x00, 0x03, 0x3c,
  0x90, 0xcf, 0x63, 0x24, 0x21, 0x10, 0x62, 0x00, 0x50, 0x01, 0x43, 0x90,
  0x02, 0x00, 0x02, 0x24, 0x2c, 0x00, 0xa7, 0x8f, 0x28, 0x00, 0xa6, 0x8f,
  0x0d, 0x00, 0x62, 0x14, 0x25, 0x28, 0x40, 0x02, 0x4c, 0x21, 0x11, 0x04,
  0x25, 0x20, 0x20, 0x02, 0x25, 0x80, 0x40, 0x00, 0xf7, 0xff, 0x42, 0x28,
  0x08, 0x00, 0x40, 0x10, 0x25, 0x28, 0x40, 0x02, 0x5e, 0xf7, 0x11, 0x04,
  0x25, 0x20, 0x20, 0x02, 0x75, 0xfd, 0x11, 0x04, 0x00, 0x00, 0x00, 0x00,
  0x02, 0x00, 0x00, 0x10, 0x00, 0x00, 0x00, 0x00, 0x00, 0x00, 0xe0, 0xa0,
  0x1c, 0x00, 0xbf, 0x8f, 0x18, 0x00, 0xb2, 0x8f, 0x14, 0x00, 0xb1, 0x8f,
  0x25, 0x10, 0x00, 0x02, 0x10, 0x00, 0xb0, 0x8f, 0x08, 0x00, 0xe0, 0x03,
  0x20, 0x00, 0xbd, 0x27, 0xe0, 0xff, 0xbd, 0x27, 0x18, 0x00, 0xb2, 0xaf,
  0x14, 0x00, 0xb1, 0xaf, 0x10, 0x00, 0xb0, 0xaf, 0x1c, 0x00, 0xbf, 0xaf,
  0x25, 0x88, 0x80, 0x00, 0x25, 0x90, 0xa0, 0x00, 0x28, 0x00, 0xa6, 0xaf,
  0xa8, 0xfd, 0x11, 0x04, 0x2c, 0x00, 0xa7, 0xaf, 0x1c, 0x00, 0x40, 0x14,
  0x25, 0x80, 0x40, 0x00, 0x40, 0x10, 0x12, 0x00, 0x40, 0x18, 0x11, 0x00,
  0x21, 0x10, 0x52, 0x00, 0x21, 0x18, 0x71, 0x00, 0x40, 0x1a, 0x03, 0x00,
  0xc0, 0x11, 0x02, 0x00, 0x21, 0x10, 0x43, 0x00, 0x01, 0x00, 0x03, 0x3c,
  0x90, 0xcf, 0x63, 0x24, 0x21, 0x10, 0x62, 0x00, 0x50, 0x01, 0x43, 0x90,
  0x02, 0x00, 0x02, 0x24, 0x2c, 0x00, 0xa7, 0x8f, 0x28, 0x00, 0xa6, 0x8f,
  0x25, 0x28, 0x40, 0x02, 0x12, 0x00, 0x62, 0x14, 0x25, 0x20, 0x20, 0x02,
  0xd0, 0x22, 0x11, 0x04, 0x00, 0x00, 0x00, 0x00, 0x25, 0x80, 0x40, 0x00,
  0xf7, 0xff, 0x42, 0x28, 0x05, 0x00, 0x40, 0x10, 0x25, 0x28, 0x40, 0x02,
  0x2d, 0xf7, 0x11, 0x04, 0x25, 0x20, 0x20, 0x02, 0x44, 0xfd, 0x11, 0x04,
  0x00, 0x00, 0x00, 0x00, 0x1c, 0x00, 0xbf, 0x8f, 0x18, 0x00, 0xb2, 0x8f,
  0x14, 0x00, 0xb1, 0x8f, 0x25, 0x10, 0x00, 0x02, 0x10, 0x00, 0xb0, 0x8f,
  0x08, 0x00, 0xe0, 0x03, 0x20, 0x00, 0xbd, 0x27, 0x86, 0x27, 0x11, 0x04,
  0x00, 0x00, 0x00, 0x00, 0xef, 0xff, 0x00, 0x10, 0x25, 0x80, 0x40, 0x00,
  0xe0, 0xff, 0xbd, 0x27, 0x1c, 0x00, 0xbf, 0xaf, 0x18, 0x00, 0xb2, 0xaf,
  0x14, 0x00, 0xb1, 0xaf, 0x10, 0x00, 0xb0, 0xaf, 0x25, 0x88, 0x80, 0x00,
  0x18, 0xf7, 0x11, 0x04, 0x25, 0x90, 0xa0, 0x00, 0x76, 0xfd, 0x11, 0x04,
  0x00, 0x00, 0x00, 0x00, 0x25, 0x80, 0x40, 0x00, 0xfe, 0xff, 0x42, 0x28,
  0x1c, 0x00, 0x40, 0x14, 0x25, 0x28, 0x40, 0x02, 0x29, 0xfd, 0x11, 0x04,
  0x25, 0x20, 0x20, 0x02, 0x40, 0x10, 0x12, 0x00, 0x40, 0x18, 0x11, 0x00,
  0x21, 0x10, 0x52, 0x00, 0x21, 0x18, 0x71, 0x00, 0x40, 0x1a, 0x03, 0x00,
  0xc0, 0x11, 0x02, 0x00, 0x21, 0x10, 0x43, 0x00, 0x01, 0x00, 0x03, 0x3c,
  0x90, 0xcf, 0x63, 0x24, 0x21, 0x10, 0x62, 0x00, 0x50, 0x01, 0x43, 0x90,
  0x02, 0x00, 0x02, 0x24, 0x25, 0x28, 0x40, 0x02, 0x12, 0x00, 0x62, 0x14,
  0x25, 0x20, 0x20, 0x02, 0xf0, 0x19, 0x11, 0x04, 0x00, 0x00, 0x00, 0x00,
  0x25, 0x80, 0x40, 0x00, 0xf7, 0xff, 0x42, 0x28, 0x05, 0x00, 0x40, 0x10,
  0x25, 0x28, 0x40, 0x02, 0xf9, 0xf6, 0x11, 0x04, 0x25, 0x20, 0x20, 0x02,
  0x10, 0xfd, 0x11, 0x04, 0x00, 0x00, 0x00, 0x00, 0x1c, 0x00, 0xbf, 0x8f,
  0x18, 0x00, 0xb2, 0x8f, 0x14, 0x00, 0xb1, 0x8f, 0x25, 0x10, 0x00, 0x02,
  0x10, 0x00, 0xb0, 0x8f, 0x08, 0x00, 0xe0, 0x03, 0x20, 0x00, 0xbd, 0x27,
  0xdb, 0x23, 0x11, 0x04, 0x00, 0x00, 0x00, 0x00, 0xef, 0xff, 0x00, 0x10,
  0x25, 0x80, 0x40, 0x00, 0xd0, 0xff, 0xbd, 0x27, 0x2c, 0x00, 0xbf, 0xaf,
  0x1c, 0x00, 0xb2, 0xaf, 0x18, 0x00, 0xb1, 0xaf, 0x14, 0x00, 0xb0, 0xaf,
  0x28, 0x00, 0xb5, 0xaf, 0x24, 0x00, 0xb4, 0xaf, 0x20, 0x00, 0xb3, 0xaf,
  0x25, 0x88, 0x80, 0x00, 0xe1, 0xf6, 0x11, 0x04, 0x25, 0x90, 0xa0, 0x00,
  0x3f, 0xfd, 0x11, 0x04, 0x00, 0x00, 0x00, 0x00, 0x25, 0x80, 0x40, 0x00,
  0xfe, 0xff, 0x42, 0x28, 0x22, 0x00, 0x40, 0x14, 0x25, 0x28, 0x40, 0x02,
  0x25, 0x20, 0x20, 0x02, 0x40, 0x98, 0x12, 0x00, 0xf0, 0xfc, 0x11, 0x04,
  0x40, 0xa8, 0x11, 0x00, 0x21, 0x10, 0x72, 0x02, 0x21, 0x18, 0xb1, 0x02,
  0x40, 0x1a, 0x03, 0x00, 0xc0, 0x11, 0x02, 0x00, 0x21, 0x10, 0x43, 0x00,
  0x01, 0x00, 0x14, 0x3c, 0x90, 0xcf, 0x94, 0x26, 0x21, 0x10, 0x82, 0x02,
  0x50, 0x01, 0x43, 0x90, 0x02, 0x00, 0x02, 0x24, 0x25, 0x28, 0x40, 0x02,
  0x1b, 0x00, 0x62, 0x14, 0x25, 0x20, 0x20, 0x02, 0xca, 0x22, 0x11, 0x04,
  0x21, 0x98, 0x72, 0x02, 0x21, 0xa8, 0xb1, 0x02, 0xc0, 0x99, 0x13, 0x00,
  0x40, 0xaa, 0x15, 0x00, 0x21, 0x98, 0x75, 0x02, 0x25, 0x80, 0x40, 0x00,
  0x21, 0xa0, 0x93, 0x02, 0xf7, 0xff, 0x42, 0x28, 0x06, 0x00, 0x40, 0x10,
  0x60, 0x01, 0x80, 0xae, 0x25, 0x28, 0x40, 0x02, 0xbc, 0xf6, 0x11, 0x04,
  0x25, 0x20, 0x20, 0x02, 0xd3, 0xfc, 0x11, 0x04, 0x00, 0x00, 0x00, 0x00,
  0x2c, 0x00, 0xbf, 0x8f, 0x28, 0x00, 0xb5, 0x8f, 0x24, 0x00, 0xb4, 0x8f,
  0x20, 0x00, 0xb3, 0x8f, 0x1c, 0x00, 0xb2, 0x8f, 0x18, 0x00, 0xb1, 0x8f,
  0x25, 0x10, 0x00, 0x02, 0x14, 0x00, 0xb0, 0x8f, 0x08, 0x00, 0xe0, 0x03,
  0x30, 0x00, 0xbd, 0x27, 0xe9, 0x27, 0x11, 0x04, 0x21, 0x98, 0x72, 0x02,
  0xe6, 0xff, 0x00, 0x10, 0x21, 0xa8, 0xb1, 0x02, 0x01, 0x00, 0x02, 0x3c,
  0x00, 0x74, 0x42, 0x8c, 0x00, 0x00, 0x00, 0x00, 0x40, 0x02, 0x43, 0x24,
  0x0b, 0x00, 0x47, 0x90, 0x00, 0x00, 0x00, 0x00, 0x09, 0x00, 0xe4, 0x14,
  0x00, 0x00, 0x00, 0x00, 0x08, 0x00, 0x47, 0x94, 0x00, 0x00, 0x00, 0x00,
  0x05, 0x00, 0xe5, 0x14, 0x00, 0x00, 0x00, 0x00, 0x00, 0x00, 0x47, 0x8c,
  0x00, 0x00, 0x00, 0x00, 0x05, 0x00, 0xe6, 0x10, 0x00, 0x00, 0x00, 0x00,
  0x10, 0x00, 0x42, 0x24, 0xf2, 0xff, 0x43, 0x14, 0x00, 0x00, 0x00, 0x00,
  0x25, 0x10, 0x00, 0x00, 0x08, 0x00, 0xe0, 0x03, 0x00, 0x00, 0x00, 0x00,
  0x01, 0x00, 0x02, 0x3c, 0x00, 0x74, 0x42, 0x8c, 0xff, 0xff, 0x07, 0x24,
  0x40, 0x02, 0x43, 0x24, 0x0b, 0x00, 0x48, 0x90, 0x00, 0x00, 0x00, 0x00,
  0x0b, 0x00, 0x04, 0x15, 0x00, 0x00, 0x00, 0x00, 0x08, 0x00, 0x48, 0x94,
  0x00, 0x00, 0x00, 0x00, 0x07, 0x00, 0x05, 0x15, 0x00, 0x00, 0x00, 0x00,
  0x00, 0x00, 0x48, 0x8c, 0x00, 0x00, 0x00, 0x00, 0x03, 0x00, 0x06, 0x15,
  0x00, 0x00, 0x00, 0x00, 0x00, 0x00, 0x47, 0xac, 0x0a, 0x00, 0x40, 0xa0,
  0x10, 0x00, 0x42, 0x24, 0xf0, 0xff, 0x62, 0x14, 0x00, 0x00, 0x00, 0x00,
  0x08, 0x00, 0xe0, 0x03, 0x00, 0x00, 0x00, 0x00, 0x40, 0x1a, 0x04, 0x00,
  0x40, 0x12, 0x05, 0x00, 0x21, 0x18, 0x64, 0x00, 0x21, 0x10, 0x45, 0x00,
  0x80, 0x18, 0x03, 0x00, 0x21, 0x10, 0x43, 0x00, 0x21, 0x10, 0x46, 0x00,
  0x01, 0x00, 0x03, 0x3c, 0x10, 0xf3, 0x63, 0x24, 0x80, 0x10, 0x02, 0x00,
  0x21, 0x10, 0x62, 0x00, 0x00, 0x00, 0x42, 0x8c, 0x08, 0x00, 0xe0, 0x03,
  0x00, 0x00, 0x00, 0x00, 0x01, 0x00, 0x02, 0x3c, 0xfc, 0x73, 0x42, 0x8c,
  0xff, 0xff, 0x03, 0x24, 0x00, 0x00, 0x42, 0x8c, 0x08, 0x00, 0xe0, 0x03,
  0x0a, 0x00, 0x43, 0xa0, 0x01, 0x00, 0x02, 0x3c, 0xfc, 0x73, 0x42, 0x8c,
  0x00, 0x00, 0x00, 0x00, 0x00, 0x00, 0x42, 0x8c, 0x08, 0x00, 0xe0, 0x03,
  0x00, 0x00, 0x00, 0x00, 0x01, 0x00, 0x03, 0x3c, 0xfc, 0x73, 0x63, 0x8c,
  0x23, 0x00, 0x02, 0x24, 0xff, 0xff, 0x06, 0x24, 0x80, 0x28, 0x02, 0x00,
  0x21, 0x28, 0x65, 0x00, 0x00, 0x00, 0xa5, 0x8c, 0x00, 0x00, 0x00, 0x00,
  0x0c, 0x00, 0xa4, 0x10, 0x00, 0x00, 0x00, 0x00, 0xff, 0xff, 0x42, 0x24,
  0xf9, 0xff, 0x46, 0x14, 0x80, 0x28, 0x02, 0x00, 0x80, 0x10, 0x02, 0x00,
  0x21, 0x10, 0x43, 0x00, 0xfc, 0xff, 0x45, 0x8c, 0xfc, 0xff, 0x42, 0x24,
  0xfd, 0xff, 0x62, 0x14, 0x04, 0x00, 0x45, 0xac, 0x08, 0x00, 0xe0, 0x03,
  0x00, 0x00, 0x64, 0xac, 0xf7, 0xff, 0x40, 0x14, 0x00, 0x00, 0x00, 0x00,
  0x08, 0x00, 0xe0, 0x03, 0x00, 0x00, 0x64, 0xac, 0x01, 0x00, 0x03, 0x3c,
  0x70, 0x33, 0x63, 0x8c, 0x00, 0x00, 0x00, 0x00, 0x2e, 0x00, 0x60, 0x1c,
  0xf8, 0xff, 0x02, 0x24, 0x40, 0x18, 0x05, 0x00, 0x21, 0x10, 0x65, 0x00,
  0x40, 0x48, 0x04, 0x00, 0xc0, 0x11, 0x02, 0x00, 0x01, 0x00, 0x0b, 0x3c,
  0x90, 0xcf, 0x6b, 0x25, 0x21, 0x38, 0x24, 0x01, 0x40, 0x3a, 0x07, 0x00,
  0x21, 0x10, 0x62, 0x01, 0x21, 0x10, 0x47, 0x00, 0x25, 0x68, 0x00, 0x00,
  0xff, 0xff, 0x0c, 0x24, 0x10, 0x00, 0x07, 0x24, 0xd0, 0x00, 0x48, 0x8c,
  0x00, 0x00, 0x00, 0x00, 0x1f, 0x00, 0x0c, 0x11, 0x00, 0x00, 0x00, 0x00,
  0x01, 0x00, 0xad, 0x25, 0xfa, 0xff, 0xa7, 0x15, 0x04, 0x00, 0x42, 0x24,
  0x08, 0x00, 0xe0, 0x03, 0xfd, 0xff, 0x02, 0x24, 0x40, 0x11, 0x03, 0x00,
  0xc0, 0x49, 0x09, 0x00, 0x21, 0x10, 0x49, 0x00, 0x21, 0x10, 0x4d, 0x00,
  0x34, 0x00, 0x42, 0x24, 0x80, 0x10, 0x02, 0x00, 0x21, 0x10, 0x62, 0x01,
  0x00, 0x00, 0x46, 0xac, 0x34, 0x00, 0xe2, 0x8c, 0xf8, 0xff, 0x08, 0x25,
  0x38, 0x00, 0xe8, 0xac, 0x21, 0x40, 0x02, 0x01, 0x5c, 0x01, 0xe2, 0x8c,
  0x01, 0x00, 0x01, 0x3c, 0x78, 0x33, 0x24, 0xac, 0x02, 0x00, 0x40, 0x14,
  0x1b, 0x00, 0x02, 0x01, 0x0d, 0x00, 0x07, 0x00, 0x01, 0x00, 0x01, 0x3c,
  0x74, 0x33, 0x25, 0xac, 0x01, 0x00, 0x01, 0x3c, 0x70, 0x33, 0x2c, 0xac,
  0x12, 0x10, 0x00, 0x00, 0x08, 0x00, 0xe0, 0x03, 0x00, 0x00, 0x00, 0x00,
  0x21, 0x18, 0x65, 0x00, 0x21, 0x48, 0x24, 0x01, 0x40, 0x12, 0x09, 0x00,
  0xc0, 0x39, 0x03, 0x00, 0x21, 0x38, 0xe2, 0x00, 0x21, 0x38, 0x67, 0x01,
  0x38, 0x00, 0xe8, 0x8c, 0x70, 0x01, 0xea, 0x8c, 0x00, 0x00, 0x00, 0x00,
  0x23, 0x50, 0x0a, 0x01, 0x08, 0x00, 0x4a, 0x2d, 0xdb, 0xff, 0x40, 0x11,
  0xfd, 0xff, 0x02, 0x24, 0x08, 0x00, 0xe0, 0x03, 0x00, 0x00, 0x00, 0x00,
  0x01, 0x00, 0x02, 0x3c, 0x70, 0x33, 0x42, 0x8c, 0xb8, 0xff, 0xbd, 0x27,
  0x40, 0x00, 0xbe, 0xaf, 0x3c, 0x00, 0xb7, 0xaf, 0x30, 0x00, 0xb4, 0xaf,
  0x44, 0x00, 0xbf, 0xaf, 0x38, 0x00, 0xb6, 0xaf, 0x34, 0x00, 0xb5, 0xaf,
  0x2c, 0x00, 0xb3, 0xaf, 0x28, 0x00, 0xb2, 0xaf, 0x24, 0x00, 0xb1, 0xaf,
  0x20, 0x00, 0xb0, 0xaf, 0x25, 0xf0, 0x80, 0x00, 0x25, 0xb8, 0xa0, 0x00,
  0x25, 0xa0, 0xc0, 0x00, 0x0d, 0x00, 0x40, 0x10, 0x54, 0x00, 0xa7, 0xaf,
  0x3a, 0x00, 0x46, 0x14, 0x00, 0x00, 0x00, 0x00, 0x01, 0x00, 0x02, 0x3c,
  0x78, 0x33, 0x42, 0x8c, 0x00, 0x00, 0x00, 0x00, 0x35, 0x00, 0x44, 0x14,
  0x00, 0x00, 0x00, 0x00, 0x01, 0x00, 0x02, 0x3c, 0x74, 0x33, 0x42, 0x8c,
  0x00, 0x00, 0x00, 0x00, 0x56, 0x00, 0x45, 0x14, 0xf8, 0xff, 0x10, 0x24,
  0x40, 0x10, 0x17, 0x00, 0x40, 0x98, 0x1e, 0x00, 0x21, 0x88, 0x57, 0x00,
  0x21, 0xa8, 0x7e, 0x02, 0xc0, 0x89, 0x11, 0x00, 0x40, 0xaa, 0x15, 0x00,
  0x01, 0x00, 0x16, 0x3c, 0x90, 0xcf, 0xd6, 0x26, 0x21, 0x40, 0x35, 0x02,
  0x21, 0x90, 0xc8, 0x02, 0x5c, 0x01, 0x44, 0x8e, 0x18, 0x00, 0xa2, 0xaf,
  0x34, 0x00, 0x42, 0x8e, 0x02, 0x00, 0x80, 0x14, 0x1b, 0x00, 0x44, 0x00,
  0x0d, 0x00, 0x07, 0x00, 0x12, 0x10, 0x00, 0x00, 0x1d, 0x00, 0x54, 0x10,
  0x25, 0x28, 0xe0, 0x02, 0xa5, 0xf6, 0x11, 0x04, 0x25, 0x20, 0xc0, 0x03,
  0x44, 0x00, 0x46, 0x8e, 0x25, 0x38, 0x00, 0x00, 0x10, 0x00, 0xa0, 0xaf,
  0xb3, 0x17, 0x11, 0x04, 0x1c, 0x00, 0xa2, 0xaf, 0x3a, 0x00, 0x40, 0x14,
  0x25, 0x80, 0x40, 0x00, 0x40, 0x00, 0x46, 0x8e, 0x25, 0x38, 0x00, 0x00,
  0x10, 0x00, 0xa0, 0xaf, 0x25, 0x28, 0xe0, 0x02, 0xab, 0x17, 0x11, 0x04,
  0x25, 0x20, 0xc0, 0x03, 0x32, 0x00, 0x40, 0x14, 0x25, 0x80, 0x40, 0x00,
  0x21, 0x88, 0xd1, 0x02, 0x21, 0x88, 0x35, 0x02, 0x25, 0x10, 0x00, 0x00,
  0xff, 0xff, 0x06, 0x24, 0x10, 0x00, 0x04, 0x24, 0xd0, 0x00, 0x27, 0x8e,
  0x00, 0x00, 0x00, 0x00, 0x38, 0x00, 0xe6, 0x10, 0x01, 0x00, 0x42, 0x24,
  0xfb, 0xff, 0x44, 0x14, 0x04, 0x00, 0x31, 0x26, 0x25, 0x00, 0x00, 0x10,
  0xf8, 0xff, 0x10, 0x24, 0x54, 0x00, 0xa3, 0x8f, 0x80, 0x10, 0x13, 0x00,
  0x21, 0x10, 0x62, 0x00, 0x00, 0x00, 0x47, 0x8c, 0x58, 0x00, 0xa2, 0x8f,
  0x00, 0x00, 0x00, 0x00, 0x10, 0x00, 0xa2, 0xaf, 0x25, 0x28, 0xe0, 0x02,
  0xfb, 0x17, 0x11, 0x04, 0x25, 0x20, 0xc0, 0x03, 0x26, 0x00, 0x40, 0x14,
  0x01, 0x00, 0x73, 0x26, 0x58, 0x00, 0xa2, 0x8f, 0x1c, 0x00, 0xa3, 0x8f,
  0x00, 0x00, 0x00, 0x00, 0x21, 0x10, 0x43, 0x00, 0x58, 0x00, 0xa2, 0xaf,
  0x2c, 0x00, 0x22, 0x96, 0x00, 0x00, 0x00, 0x00, 0x2a, 0x10, 0x62, 0x02,
  0xeb, 0xff, 0x40, 0x14, 0x21, 0x30, 0x53, 0x02, 0x01, 0x00, 0x01, 0x3c,
  0x78, 0x33, 0x3e, 0xac, 0x01, 0x00, 0x01, 0x3c, 0x74, 0x33, 0x37, 0xac,
  0x01, 0x00, 0x01, 0x3c, 0x70, 0x33, 0x34, 0xac, 0x01, 0x00, 0x02, 0x3c,
  0x30, 0x33, 0x42, 0x24, 0x01, 0x00, 0x03, 0x3c, 0xf0, 0x32, 0x63, 0x24,
  0x3c, 0x00, 0x40, 0xac, 0xfc, 0xff, 0x42, 0x24, 0xfd, 0xff, 0x43, 0x14,
  0x00, 0x00, 0x00, 0x00, 0x44, 0x00, 0xbf, 0x8f, 0x40, 0x00, 0xbe, 0x8f,
  0x3c, 0x00, 0xb7, 0x8f, 0x38, 0x00, 0xb6, 0x8f, 0x34, 0x00, 0xb5, 0x8f,
  0x30, 0x00, 0xb4, 0x8f, 0x2c, 0x00, 0xb3, 0x8f, 0x28, 0x00, 0xb2, 0x8f,
  0x24, 0x00, 0xb1, 0x8f, 0x25, 0x10, 0x00, 0x02, 0x20, 0x00, 0xb0, 0x8f,
  0x08, 0x00, 0xe0, 0x03, 0x48, 0x00, 0xbd, 0x27, 0xf2, 0xff, 0x00, 0x10,
  0x25, 0x80, 0x40, 0x00, 0x18, 0x00, 0xa2, 0x8f, 0x21, 0x98, 0x7e, 0x02,
  0x21, 0x90, 0x57, 0x00, 0x40, 0x9a, 0x13, 0x00, 0xc0, 0x91, 0x12, 0x00,
  0x21, 0x90, 0x53, 0x02, 0x21, 0x88, 0xd2, 0x02, 0x2c, 0x00, 0x23, 0x96,
  0x40, 0x00, 0x22, 0x8e, 0x00, 0x00, 0x00, 0x00, 0x18, 0x00, 0x62, 0x00,
  0x12, 0x90, 0x00, 0x00, 0xd1, 0xff, 0x00, 0x10, 0x25, 0x98, 0x00, 0x00,
  0x0a, 0x00, 0x82, 0x90, 0x00, 0x00, 0x00, 0x00, 0xd5, 0x02, 0x40, 0x10,
  0x00, 0x00, 0x00, 0x00, 0x60, 0xff, 0xbd, 0x27, 0x8c, 0x00, 0xb5, 0xaf,
  0x88, 0x00, 0xb4, 0xaf, 0x84, 0x00, 0xb3, 0xaf, 0x7c, 0x00, 0xb1, 0xaf,
  0x9c, 0x00, 0xbf, 0xaf, 0x98, 0x00, 0xbe, 0xaf, 0x94, 0x00, 0xb7, 0xaf,
  0x90, 0x00, 0xb6, 0xaf, 0x80, 0x00, 0xb2, 0xaf, 0x78, 0x00, 0xb0, 0xaf,
  0x08, 0x00, 0x93, 0x94, 0x0b, 0x00, 0x92, 0x90, 0x40, 0x10, 0x13, 0x00,
  0x40, 0xa8, 0x12, 0x00, 0x25, 0xa0, 0x80, 0x00, 0x58, 0x00, 0xa2, 0xaf,
  0x21, 0x20, 0xb2, 0x02, 0x21, 0x10, 0x53, 0x00, 0x40, 0x22, 0x04, 0x00,
  0xc0, 0x11, 0x02, 0x00, 0x21, 0x10, 0x44, 0x00, 0x01, 0x00, 0x11, 0x3c,
  0x90, 0xcf, 0x31, 0x26, 0x21, 0x10, 0x22, 0x02, 0x28, 0x00, 0x45, 0x84,
  0x50, 0x01, 0x44, 0x90, 0x01, 0x00, 0x01, 0x3c, 0x0c, 0xf3, 0x25, 0xac,
  0x01, 0x00, 0x01, 0x3c, 0x08, 0xf3, 0x24, 0xac, 0x0f, 0x00, 0x80, 0x14,
  0x01, 0x00, 0x06, 0x24, 0x0a, 0x00, 0x80, 0xa2, 0x25, 0x10, 0x00, 0x00,
  0x9c, 0x00, 0xbf, 0x8f, 0x98, 0x00, 0xbe, 0x8f, 0x94, 0x00, 0xb7, 0x8f,
  0x90, 0x00, 0xb6, 0x8f, 0x8c, 0x00, 0xb5, 0x8f, 0x88, 0x00, 0xb4, 0x8f,
  0x84, 0x00, 0xb3, 0x8f, 0x80, 0x00, 0xb2, 0x8f, 0x7c, 0x00, 0xb1, 0x8f,
  0x78, 0x00, 0xb0, 0x8f, 0x08, 0x00, 0xe0, 0x03, 0xa0, 0x00, 0xbd, 0x27,
  0xfd, 0x00, 0x84, 0x30, 0x00, 0x00, 0x96, 0x8e, 0x5d, 0x00, 0x86, 0x14,
  0x18, 0x00, 0xb0, 0x27, 0x00, 0x04, 0x02, 0x24, 0x02, 0x00, 0xa0, 0x14,
  0x1a, 0x00, 0x45, 0x00, 0x0d, 0x00, 0x07, 0x00, 0x12, 0x20, 0x00, 0x00,
  0x01, 0x00, 0x01, 0x3c, 0x04, 0xf3, 0x24, 0xac, 0x33, 0x00, 0x80, 0x18,
  0x25, 0x80, 0x00, 0x00, 0xf8, 0xff, 0x11, 0x24, 0x0a, 0x00, 0x82, 0x92,
  0x00, 0x00, 0x00, 0x00, 0x07, 0x10, 0x02, 0x02, 0x01, 0x00, 0x42, 0x30,
  0x1d, 0x00, 0x40, 0x14, 0x25, 0x30, 0xc0, 0x02, 0x01, 0x00, 0x02, 0x3c,
  0x04, 0xf3, 0x42, 0x8c, 0x01, 0x00, 0x10, 0x26, 0x2a, 0x10, 0x02, 0x02,
  0xf5, 0xff, 0x40, 0x14, 0x01, 0x00, 0xd6, 0x26, 0x01, 0x00, 0x04, 0x3c,
  0x04, 0xf3, 0x84, 0x8c, 0x00, 0x00, 0x00, 0x00, 0x09, 0x00, 0x90, 0x14,
  0x00, 0x00, 0x00, 0x00, 0x0b, 0x00, 0x84, 0x92, 0x08, 0x00, 0x85, 0x96,
  0x0a, 0x18, 0x11, 0x04, 0x00, 0x00, 0x00, 0x00, 0xf2, 0xff, 0x04, 0x24,
  0x02, 0x00, 0x44, 0x14, 0x00, 0x00, 0x00, 0x00, 0xf8, 0xff, 0x02, 0x24,
  0x01, 0x00, 0x05, 0x3c, 0x08, 0xf3, 0xa5, 0x8c, 0x01, 0x00, 0x04, 0x24,
  0x16, 0x00, 0xa4, 0x10, 0xf8, 0xff, 0x04, 0x24, 0xc5, 0xff, 0x44, 0x14,
  0x00, 0x00, 0x00, 0x00, 0xc5, 0xff, 0x00, 0x10, 0xf8, 0xff, 0x02, 0x24,
  0x01, 0x00, 0x02, 0x3c, 0x0c, 0xf3, 0x42, 0x8c, 0x08, 0x00, 0x85, 0x96,
  0x18, 0x00, 0x02, 0x02, 0x04, 0x00, 0x82, 0x8e, 0x0b, 0x00, 0x84, 0x92,
  0x12, 0x38, 0x00, 0x00, 0xfa, 0x17, 0x11, 0x04, 0x21, 0x38, 0x47, 0x00,
  0xe0, 0xff, 0x51, 0x10, 0x00, 0x00, 0x00, 0x00, 0xd8, 0xff, 0x40, 0x10,
  0xce, 0xff, 0x02, 0x24, 0xb6, 0xff, 0x00, 0x10, 0x00, 0x00, 0x00, 0x00,
  0xda, 0xff, 0x00, 0x10, 0x25, 0x10, 0x00, 0x00, 0x08, 0x00, 0x04, 0x24,
  0xaf, 0xff, 0x44, 0x14, 0x00, 0x00, 0x00, 0x00, 0xff, 0xff, 0x02, 0x24,
  0x0a, 0x00, 0x84, 0x92, 0x04, 0x10, 0x02, 0x02, 0x27, 0x10, 0x02, 0x00,
  0x24, 0x10, 0x44, 0x00, 0xa8, 0xff, 0x40, 0x10, 0x00, 0x00, 0x00, 0x00,
  0xa6, 0xff, 0x00, 0x12, 0xff, 0xff, 0x10, 0x26, 0x01, 0x00, 0x05, 0x24,
  0x07, 0x10, 0x04, 0x02, 0x01, 0x00, 0x42, 0x30, 0x0b, 0x00, 0x40, 0x10,
  0x01, 0x00, 0x10, 0x26, 0xff, 0xff, 0x10, 0x26, 0xff, 0xff, 0xd6, 0x26,
  0x08, 0x00, 0x85, 0x96, 0x0b, 0x00, 0x84, 0x92, 0x62, 0xfa, 0x11, 0x04,
  0x25, 0x30, 0xc0, 0x02, 0xb5, 0xff, 0x40, 0x10, 0xf8, 0xff, 0x11, 0x24,
  0x99, 0xff, 0x00, 0x10, 0xf8, 0xff, 0x02, 0x24, 0xf2, 0xff, 0x05, 0x16,
  0x07, 0x10, 0x04, 0x02, 0x94, 0xff, 0x00, 0x10, 0x0a, 0x00, 0x80, 0xa2,
  0x5c, 0x01, 0x57, 0x8c, 0x2c, 0x00, 0x42, 0x94, 0x02, 0x00, 0xe0, 0x16,
  0x1b, 0x00, 0xd7, 0x02, 0x0d, 0x00, 0x07, 0x00, 0x25, 0x28, 0x60, 0x02,
  0x25, 0x20, 0x40, 0x02, 0x01, 0x00, 0x01, 0x3c, 0x00, 0xf3, 0x37, 0xac,
  0x01, 0x00, 0x01, 0x3c, 0xf8, 0xf2, 0x22, 0xac, 0x12, 0xb0, 0x00, 0x00,
  0x01, 0x00, 0x01, 0x3c, 0xfc, 0xf2, 0x36, 0xac, 0xa5, 0xf5, 0x11, 0x04,
  0x40, 0x00, 0x06, 0x24, 0x25, 0x28, 0x00, 0x00, 0x01, 0x00, 0x01, 0x3c,
  0xf4, 0xf2, 0x22, 0xac, 0x01, 0x00, 0x01, 0x3c, 0xf0, 0xf2, 0x20, 0xac,
  0x51, 0x26, 0x11, 0x04, 0x25, 0x20, 0x00, 0x02, 0x01, 0x00, 0x02, 0x3c,
  0x00, 0x74, 0x42, 0x8c, 0x00, 0x00, 0x00, 0x00, 0x40, 0x02, 0x45, 0x24,
  0x08, 0x00, 0x44, 0x94, 0x00, 0x00, 0x00, 0x00, 0x15, 0x00, 0x93, 0x14,
  0x00, 0x00, 0x00, 0x00, 0x0b, 0x00, 0x44, 0x90, 0x00, 0x00, 0x00, 0x00,
  0x11, 0x00, 0x92, 0x14, 0x00, 0x00, 0x00, 0x00, 0x00, 0x00, 0x44, 0x8c,
  0x02, 0x00, 0xe0, 0x16, 0x1a, 0x00, 0x97, 0x00, 0x0d, 0x00, 0x07, 0x00,
  0x12, 0x18, 0x00, 0x00, 0x10, 0x20, 0x00, 0x00, 0x09, 0x00, 0xc3, 0x16,
  0x80, 0x20, 0x04, 0x00, 0x21, 0x20, 0x04, 0x02, 0x00, 0x00, 0x82, 0xac,
  0x0c, 0x00, 0x44, 0x90, 0x00, 0x00, 0x00, 0x00, 0x03, 0x00, 0x80, 0x14,
  0x01, 0x00, 0x04, 0x24, 0x01, 0x00, 0x01, 0x3c, 0xf0, 0xf2, 0x24, 0xac,
  0x10, 0x00, 0x42, 0x24, 0xe6, 0xff, 0x45, 0x14, 0x00, 0x00, 0x00, 0x00,
  0x2c, 0x00, 0xe0, 0x1e, 0x18, 0x00, 0xf6, 0x02, 0x58, 0x00, 0xa2, 0x8f,
  0x00, 0x00, 0x00, 0x00, 0x21, 0xb0, 0x53, 0x00, 0x21, 0x10, 0xb2, 0x02,
  0xc0, 0xb1, 0x16, 0x00, 0x40, 0x12, 0x02, 0x00, 0x21, 0xb0, 0xc2, 0x02,
  0x01, 0x00, 0x02, 0x3c, 0xf0, 0xf2, 0x42, 0x8c, 0x01, 0x00, 0x17, 0x3c,
  0x78, 0x00, 0x40, 0x14, 0x90, 0xcd, 0xf7, 0x26, 0x10, 0x00, 0xb7, 0xaf,
  0x01, 0x00, 0x06, 0x3c, 0xfc, 0xf2, 0xc6, 0x8c, 0x08, 0x00, 0x85, 0x96,
  0x0b, 0x00, 0x84, 0x92, 0x01, 0x00, 0x07, 0x3c, 0x7c, 0x16, 0x11, 0x04,
  0x7c, 0x73, 0xe7, 0x24, 0x25, 0xf0, 0x40, 0x00, 0xf8, 0xff, 0x02, 0x24,
  0x18, 0x01, 0xc2, 0x17, 0x00, 0x00, 0x00, 0x00, 0x10, 0x00, 0xb7, 0xaf,
  0x08, 0x00, 0x85, 0x96, 0x01, 0x00, 0x06, 0x3c, 0xfc, 0xf2, 0xc6, 0x8c,
  0x0b, 0x00, 0x84, 0x92, 0x01, 0x00, 0x07, 0x3c, 0x86, 0xfe, 0x11, 0x04,
  0x7c, 0x73, 0xe7, 0x24, 0x01, 0x00, 0x05, 0x3c, 0x00, 0xf3, 0xa5, 0x8c,
  0x25, 0x18, 0x00, 0x00, 0x2a, 0x20, 0x65, 0x00, 0x02, 0x01, 0x80, 0x14,
  0x00, 0x00, 0x00, 0x00, 0xf8, 0xff, 0x03, 0x24, 0x6e, 0xff, 0x43, 0x10,
  0x00, 0x00, 0x00, 0x00, 0x32, 0xff, 0x00, 0x10, 0xc6, 0xff, 0x02, 0x24,
  0x25, 0x50, 0x00, 0x02, 0x25, 0xf0, 0x00, 0x00, 0x25, 0xb8, 0x00, 0x00,
  0x12, 0x10, 0x00, 0x00, 0x01, 0x00, 0x01, 0x3c, 0xec, 0xf2, 0x22, 0xac,
  0x58, 0x00, 0xa2, 0x8f, 0x00, 0x00, 0x00, 0x00, 0x21, 0xb0, 0x53, 0x00,
  0x21, 0x10, 0xb2, 0x02, 0xc0, 0xb1, 0x16, 0x00, 0x40, 0x12, 0x02, 0x00,
  0x21, 0xb0, 0xc2, 0x02, 0x00, 0x00, 0x48, 0x8d, 0x01, 0x00, 0x0c, 0x3c,
  0x7c, 0x73, 0x8c, 0x25, 0x1b, 0x00, 0x00, 0x11, 0x21, 0x10, 0x36, 0x02,
  0x2a, 0x00, 0x44, 0x94, 0x01, 0x00, 0x09, 0x3c, 0x0c, 0xf3, 0x29, 0x8d,
  0x80, 0x10, 0x1e, 0x00, 0x21, 0x10, 0x82, 0x01, 0x25, 0x30, 0x00, 0x00,
  0x25, 0x28, 0x00, 0x00, 0x2a, 0x38, 0xa4, 0x00, 0x0a, 0x00, 0xe0, 0x14,
  0x00, 0x00, 0x00, 0x00, 0x01, 0x00, 0x02, 0x3c, 0x00, 0xf3, 0x42, 0x8c,
  0x01, 0x00, 0xf7, 0x26, 0x2a, 0x10, 0xe2, 0x02, 0x21, 0xf0, 0xc4, 0x03,
  0xeb, 0xff, 0x40, 0x14, 0x04, 0x00, 0x4a, 0x25, 0xb1, 0xff, 0x00, 0x10,
  0x00, 0x00, 0x00, 0x00, 0x04, 0x00, 0x07, 0x8d, 0x01, 0x00, 0xa5, 0x24,
  0x21, 0x38, 0xe6, 0x00, 0x00, 0x00, 0x47, 0xac, 0x21, 0x30, 0xc9, 0x00,
  0xee, 0xff, 0x00, 0x10, 0x04, 0x00, 0x42, 0x24, 0x25, 0x48, 0xc0, 0x03,
  0x01, 0x00, 0x0d, 0x3c, 0x7c, 0x33, 0xad, 0x25, 0x21, 0x58, 0x36, 0x02,
  0x01, 0x00, 0x02, 0x3c, 0x0c, 0xf3, 0x42, 0x8c, 0x2a, 0x00, 0x64, 0x95,
  0x18, 0x00, 0x22, 0x01, 0x80, 0x10, 0x09, 0x00, 0x21, 0x10, 0x82, 0x01,
  0x08, 0x00, 0x85, 0x96, 0x70, 0x00, 0xaa, 0xaf, 0x6c, 0x00, 0xad, 0xaf,
  0x68, 0x00, 0xa9, 0xaf, 0x64, 0x00, 0xac, 0xaf, 0x60, 0x00, 0xab, 0xaf,
  0x5c, 0x00, 0xa8, 0xaf, 0x12, 0x38, 0x00, 0x00, 0x21, 0x38, 0xa7, 0x01,
  0x00, 0x00, 0x47, 0xac, 0x01, 0x00, 0x02, 0x3c, 0xec, 0xf2, 0x42, 0x8c,
  0x00, 0x00, 0x00, 0x00, 0x21, 0x10, 0xe2, 0x02, 0x18, 0x00, 0x44, 0x00,
  0x0b, 0x00, 0x84, 0x92, 0x12, 0x30, 0x00, 0x00, 0x18, 0xf5, 0x11, 0x04,
  0x21, 0x30, 0xc8, 0x00, 0x90, 0x01, 0x40, 0x14, 0x00, 0x00, 0x00, 0x00,
  0x60, 0x00, 0xab, 0x8f, 0x5c, 0x00, 0xa8, 0x8f, 0x2a, 0x00, 0x64, 0x95,
  0x68, 0x00, 0xa9, 0x8f, 0x01, 0x00, 0x08, 0x25, 0x2a, 0x10, 0x04, 0x01,
  0x64, 0x00, 0xac, 0x8f, 0x6c, 0x00, 0xad, 0x8f, 0x70, 0x00, 0xaa, 0x8f,
  0xdb, 0xff, 0x40, 0x14, 0x01, 0x00, 0x29, 0x25, 0xc5, 0xff, 0x00, 0x10,
  0x00, 0x00, 0x00, 0x00, 0x01, 0x00, 0x02, 0x3c, 0x70, 0x33, 0x42, 0x8c,
  0x00, 0x00, 0x00, 0x00, 0x85, 0xff, 0x40, 0x1c, 0x21, 0x20, 0xb2, 0x02,
  0x58, 0x00, 0xa2, 0x8f, 0x00, 0x00, 0x00, 0x00, 0x21, 0x10, 0x53, 0x00,
  0x40, 0x22, 0x04, 0x00, 0xc0, 0x11, 0x02, 0x00, 0x21, 0x10, 0x44, 0x00,
  0x21, 0x10, 0x22, 0x02, 0x40, 0x00, 0x46, 0x8c, 0x10, 0x00, 0xb7, 0xaf,
  0x08, 0x00, 0x85, 0x96, 0x0b, 0x00, 0x84, 0x92, 0x01, 0x00, 0x07, 0x3c,
  0xfa, 0x15, 0x11, 0x04, 0x7c, 0x73, 0xe7, 0x24, 0x25, 0x58, 0x40, 0x00,
  0xf8, 0xff, 0x02, 0x24, 0x0f, 0x00, 0x62, 0x15, 0x00, 0x00, 0x00, 0x00,
  0x58, 0x00, 0xa2, 0x8f, 0x08, 0x00, 0x85, 0x96, 0x21, 0x70, 0x53, 0x00,
  0x21, 0x10, 0xb2, 0x02, 0x40, 0x12, 0x02, 0x00, 0xc0, 0x71, 0x0e, 0x00,
  0x21, 0x70, 0xc2, 0x01, 0x21, 0x70, 0x2e, 0x02, 0x40, 0x00, 0xc6, 0x8d,
  0x0b, 0x00, 0x84, 0x92, 0xbd, 0xfd, 0x11, 0x04, 0x00, 0x00, 0x00, 0x00,
  0x60, 0xff, 0x00, 0x10, 0x40, 0x00, 0xc2, 0xad, 0x5e, 0x01, 0x60, 0x15,
  0x00, 0x80, 0x04, 0x3c, 0x01, 0x00, 0x02, 0x3c, 0xfc, 0xf2, 0x42, 0x8c,
  0x00, 0x00, 0x00, 0x00, 0x25, 0x10, 0x44, 0x00, 0x01, 0x00, 0x05, 0x3c,
  0xcc, 0xf2, 0xa5, 0x24, 0x01, 0x00, 0x01, 0x3c, 0xa0, 0xee, 0x22, 0xac,
  0x01, 0x00, 0x04, 0x3c, 0xa0, 0xee, 0x84, 0x24, 0x5c, 0x00, 0xa5, 0xaf,
  0x01, 0x00, 0x02, 0x3c, 0x0c, 0xf3, 0x42, 0x8c, 0x00, 0x00, 0x00, 0x00,
  0x09, 0x00, 0x40, 0x04, 0xc3, 0x11, 0x02, 0x00, 0x2a, 0x10, 0x62, 0x01,
  0x06, 0x00, 0x40, 0x10, 0x00, 0x00, 0x00, 0x00, 0x5d, 0xf4, 0x11, 0x04,
  0x01, 0x00, 0x6b, 0x25, 0x03, 0x00, 0xa5, 0x24, 0xf4, 0xff, 0x00, 0x10,
  0x80, 0x00, 0x84, 0x24, 0x58, 0x00, 0xa2, 0x8f, 0x01, 0x00, 0x07, 0x3c,
  0xa0, 0xee, 0xe7, 0x24, 0x21, 0x40, 0x53, 0x00, 0x21, 0x10, 0xb2, 0x02,
  0x40, 0x12, 0x02, 0x00, 0xc0, 0x41, 0x08, 0x00, 0x21, 0x40, 0x02, 0x01,
  0x5c, 0x00, 0xa2, 0x8f, 0x21, 0xf0, 0x28, 0x02, 0x44, 0x00, 0xc4, 0x8f,
  0x10, 0x00, 0xa2, 0xaf, 0x01, 0x00, 0x02, 0x3c, 0xf8, 0xf2, 0x42, 0x8c,
  0x08, 0x00, 0x85, 0x96, 0x18, 0x00, 0x82, 0x00, 0x0b, 0x00, 0x84, 0x92,
  0x12, 0x30, 0x00, 0x00, 0x23, 0x16, 0x11, 0x04, 0x00, 0x00, 0x00, 0x00,
  0x25, 0x48, 0x40, 0x00, 0xf8, 0xff, 0x02, 0x24, 0x1f, 0x00, 0x22, 0x11,
  0x21, 0x70, 0x36, 0x02, 0x2e, 0x01, 0x20, 0x15, 0x00, 0x00, 0x00, 0x00,
  0x2c, 0x00, 0xc2, 0x97, 0x00, 0x00, 0x00, 0x00, 0x20, 0x00, 0x40, 0x14,
  0x00, 0x00, 0x00, 0x00, 0x58, 0x00, 0xa2, 0x8f, 0x21, 0x20, 0xb2, 0x02,
  0x21, 0x10, 0x53, 0x00, 0x40, 0x22, 0x04, 0x00, 0xc0, 0x11, 0x02, 0x00,
  0x21, 0x10, 0x44, 0x00, 0x21, 0x10, 0x22, 0x02, 0x44, 0x00, 0x44, 0x8c,
  0x01, 0x00, 0x02, 0x3c, 0xf8, 0xf2, 0x42, 0x8c, 0x01, 0x00, 0x07, 0x3c,
  0xa0, 0xee, 0xe7, 0x24, 0x18, 0x00, 0x82, 0x00, 0x5c, 0x00, 0xa2, 0x8f,
  0x00, 0x00, 0x00, 0x00, 0x10, 0x00, 0xa2, 0xaf, 0x0b, 0x00, 0x84, 0x92,
  0x08, 0x00, 0x85, 0x96, 0x12, 0x30, 0x00, 0x00, 0x04, 0x16, 0x11, 0x04,
  0x01, 0x00, 0xc6, 0x24, 0xf8, 0xff, 0x04, 0x24, 0x2c, 0x00, 0x44, 0x14,
  0x21, 0x70, 0x36, 0x02, 0x44, 0x00, 0xc6, 0x8d, 0x08, 0x00, 0x85, 0x96,
  0x0b, 0x00, 0x84, 0x92, 0x66, 0xfd, 0x11, 0x04, 0x00, 0x00, 0x00, 0x00,
  0x09, 0xff, 0x00, 0x10, 0x44, 0x00, 0xc2, 0xad, 0x01, 0x00, 0x0a, 0x3c,
  0x7c, 0x73, 0x4a, 0x25, 0x01, 0x00, 0x0b, 0x3c, 0x90, 0xcd, 0x6b, 0x25,
  0x40, 0x00, 0xc4, 0x8f, 0x01, 0x00, 0x02, 0x3c, 0xf8, 0xf2, 0x42, 0x8c,
  0x10, 0x00, 0xab, 0xaf, 0x18, 0x00, 0x82, 0x00, 0x00, 0x00, 0x47, 0x8d,
  0x08, 0x00, 0x85, 0x96, 0x0b, 0x00, 0x84, 0x92, 0x68, 0x00, 0xab, 0xaf,
  0x64, 0x00, 0xaa, 0xaf, 0x60, 0x00, 0xa9, 0xaf, 0x12, 0x30, 0x00, 0x00,
  0xe8, 0x15, 0x11, 0x04, 0x21, 0x30, 0xc9, 0x00, 0xf8, 0xff, 0x0c, 0x24,
  0x87, 0xff, 0x4c, 0x10, 0x00, 0x00, 0x00, 0x00, 0xf6, 0x00, 0x40, 0x14,
  0x00, 0x00, 0x00, 0x00, 0x01, 0x00, 0x02, 0x3c, 0xf4, 0xf2, 0x42, 0x8c,
  0x68, 0x00, 0xab, 0x8f, 0x60, 0x00, 0xa9, 0x8f, 0x21, 0x58, 0x62, 0x01,
  0x2c, 0x00, 0xc2, 0x97, 0x64, 0x00, 0xaa, 0x8f, 0x01, 0x00, 0x29, 0x25,
  0x2a, 0x10, 0x22, 0x01, 0xe3, 0xff, 0x40, 0x14, 0x04, 0x00, 0x4a, 0x25,
  0xbe, 0xff, 0x00, 0x10, 0x00, 0x00, 0x00, 0x00, 0xe8, 0xfe, 0x40, 0x10,
  0xc9, 0xff, 0x02, 0x24, 0x36, 0xfe, 0x00, 0x10, 0x00, 0x00, 0x00, 0x00,
  0x00, 0x00, 0x04, 0x8e, 0x00, 0x00, 0x00, 0x00, 0x02, 0x00, 0x80, 0x10,
  0x00, 0x00, 0x00, 0x00, 0x0a, 0x00, 0x80, 0xa0, 0x01, 0x00, 0x63, 0x24,
  0xf5, 0xfe, 0x00, 0x10, 0x04, 0x00, 0x10, 0x26, 0x2c, 0xfe, 0xc0, 0x17,
  0xc7, 0xff, 0x02, 0x24, 0x21, 0x10, 0x36, 0x02, 0x2c, 0x00, 0x42, 0x94,
  0x00, 0x00, 0x00, 0x00, 0x27, 0x00, 0x40, 0x14, 0x21, 0x20, 0xb2, 0x02,
  0x01, 0x00, 0x04, 0x3c, 0x00, 0xf3, 0x84, 0x8c, 0x00, 0x00, 0x00, 0x00,
  0x0a, 0x00, 0x80, 0x18, 0x00, 0x00, 0x00, 0x00, 0x25, 0x10, 0x00, 0x02,
  0x00, 0x00, 0x45, 0x8c, 0x00, 0x00, 0x00, 0x00, 0x02, 0x00, 0xa0, 0x10,
  0x00, 0x00, 0x00, 0x00, 0x0a, 0x00, 0xa0, 0xa0, 0x01, 0x00, 0xde, 0x27,
  0xf9, 0xff, 0x9e, 0x14, 0x04, 0x00, 0x42, 0x24, 0x01, 0x00, 0x02, 0x3c,
  0xf0, 0xf2, 0x42, 0x8c, 0x00, 0x00, 0x00, 0x00, 0x13, 0xfe, 0x40, 0x10,
  0x00, 0x00, 0x00, 0x00, 0x01, 0x00, 0x02, 0x3c, 0x70, 0x33, 0x42, 0x8c,
  0x00, 0x00, 0x00, 0x00, 0x0e, 0xfe, 0x40, 0x1c, 0x00, 0x00, 0x00, 0x00,
  0x21, 0x10, 0x36, 0x02, 0x44, 0x00, 0x46, 0x8c, 0x10, 0x00, 0xa0, 0xaf,
  0x0b, 0x00, 0x84, 0x92, 0x08, 0x00, 0x85, 0x96, 0x3b, 0x15, 0x11, 0x04,
  0x25, 0x38, 0x00, 0x00, 0xf8, 0xff, 0x04, 0x24, 0xa1, 0xff, 0x44, 0x10,
  0x21, 0x70, 0x36, 0x02, 0x02, 0xfe, 0x40, 0x10, 0x00, 0x00, 0x00, 0x00,
  0x01, 0xfe, 0x00, 0x10, 0xc6, 0xff, 0x02, 0x24, 0x58, 0x00, 0xa2, 0x8f,
  0x00, 0x00, 0x00, 0x00, 0x21, 0x10, 0x53, 0x00, 0xc0, 0x11, 0x02, 0x00,
  0x40, 0x22, 0x04, 0x00, 0x01, 0x00, 0x08, 0x3c, 0x7c, 0x73, 0x08, 0x25,
  0x21, 0x10, 0x44, 0x00, 0x25, 0x58, 0x00, 0x01, 0x25, 0x48, 0x00, 0x00,
  0x01, 0x00, 0x0a, 0x3c, 0x90, 0xcd, 0x4a, 0x25, 0x21, 0x60, 0x22, 0x02,
  0x2a, 0x00, 0x82, 0x95, 0x00, 0x00, 0x00, 0x00, 0x02, 0x00, 0x40, 0x14,
  0x1a, 0x00, 0x22, 0x01, 0x0d, 0x00, 0x07, 0x00, 0x12, 0x10, 0x00, 0x00,
  0x80, 0x10, 0x02, 0x00, 0x21, 0x10, 0x02, 0x02, 0x00, 0x00, 0x42, 0x8c,
  0x00, 0x00, 0x00, 0x00, 0x2d, 0x00, 0x40, 0x10, 0x00, 0x00, 0x00, 0x00,
  0x01, 0x00, 0x02, 0x3c, 0xf4, 0xf2, 0x42, 0x8c, 0x01, 0x00, 0x29, 0x25,
  0x21, 0x50, 0x42, 0x01, 0x2c, 0x00, 0x82, 0x95, 0x00, 0x00, 0x00, 0x00,
  0x2a, 0x20, 0x22, 0x01, 0xec, 0xff, 0x80, 0x14, 0x04, 0x00, 0x6b, 0x25,
  0xb7, 0xff, 0x40, 0x10, 0x21, 0x20, 0xb2, 0x02, 0x58, 0x00, 0xa2, 0x8f,
  0x00, 0x00, 0x00, 0x00, 0x21, 0x10, 0x53, 0x00, 0xc0, 0x11, 0x02, 0x00,
  0x40, 0x22, 0x04, 0x00, 0x21, 0x10, 0x44, 0x00, 0x25, 0x50, 0x00, 0x00,
  0x01, 0x00, 0x0b, 0x3c, 0x90, 0xcd, 0x6b, 0x25, 0x21, 0x48, 0x22, 0x02,
  0x2a, 0x00, 0x22, 0x95, 0x00, 0x00, 0x00, 0x00, 0x02, 0x00, 0x40, 0x14,
  0x1a, 0x00, 0x42, 0x01, 0x0d, 0x00, 0x07, 0x00, 0x12, 0x10, 0x00, 0x00,
  0x80, 0x10, 0x02, 0x00, 0x21, 0x10, 0x02, 0x02, 0x00, 0x00, 0x42, 0x8c,
  0x00, 0x00, 0x00, 0x00, 0x3f, 0x00, 0x40, 0x14, 0x00, 0x00, 0x00, 0x00,
  0x01, 0x00, 0x02, 0x3c, 0xf4, 0xf2, 0x42, 0x8c, 0x01, 0x00, 0x4a, 0x25,
  0x21, 0x58, 0x62, 0x01, 0x2c, 0x00, 0x22, 0x95, 0x00, 0x00, 0x00, 0x00,
  0x2a, 0x10, 0x42, 0x01, 0xec, 0xff, 0x40, 0x14, 0x04, 0x00, 0x08, 0x25,
  0x96, 0xff, 0x00, 0x10, 0x00, 0x00, 0x00, 0x00, 0x01, 0x00, 0x04, 0x3c,
  0xfc, 0xf2, 0x84, 0x8c, 0x01, 0x00, 0x02, 0x3c, 0xf8, 0xf2, 0x42, 0x8c,
  0x10, 0x00, 0xaa, 0xaf, 0x18, 0x00, 0x82, 0x00, 0x00, 0x00, 0x67, 0x8d,
  0x08, 0x00, 0x85, 0x96, 0x0b, 0x00, 0x84, 0x92, 0x6c, 0x00, 0xac, 0xaf,
  0x68, 0x00, 0xa8, 0xaf, 0x64, 0x00, 0xaa, 0xaf, 0x60, 0x00, 0xab, 0xaf,
  0x5c, 0x00, 0xa9, 0xaf, 0x12, 0x30, 0x00, 0x00, 0x47, 0x15, 0x11, 0x04,
  0x21, 0x30, 0xc9, 0x00, 0xf8, 0xff, 0x0d, 0x24, 0x5c, 0x00, 0xa9, 0x8f,
  0x60, 0x00, 0xab, 0x8f, 0x64, 0x00, 0xaa, 0x8f, 0x68, 0x00, 0xa8, 0x8f,
  0x6c, 0x00, 0xac, 0x8f, 0x17, 0x00, 0x4d, 0x14, 0x00, 0x00, 0x00, 0x00,
  0x10, 0x00, 0xb7, 0xaf, 0x0b, 0x00, 0x84, 0x92, 0x01, 0x00, 0x06, 0x3c,
  0xfc, 0xf2, 0xc6, 0x8c, 0x08, 0x00, 0x85, 0x96, 0x01, 0x00, 0x07, 0x3c,
  0xe4, 0xfc, 0x11, 0x04, 0x7c, 0x73, 0xe7, 0x24, 0x01, 0x00, 0x04, 0x3c,
  0x00, 0xf3, 0x84, 0x8c, 0x00, 0x00, 0x00, 0x00, 0x2a, 0x18, 0xc4, 0x03,
  0x5f, 0xfe, 0x60, 0x10, 0x00, 0x00, 0x00, 0x00, 0x00, 0x00, 0x03, 0x8e,
  0x00, 0x00, 0x00, 0x00, 0x02, 0x00, 0x60, 0x10, 0x00, 0x00, 0x00, 0x00,
  0x0a, 0x00, 0x60, 0xa0, 0x01, 0x00, 0xde, 0x27, 0xf6, 0xff, 0x00, 0x10,
  0x04, 0x00, 0x10, 0x26, 0xa4, 0xff, 0x40, 0x10, 0xc7, 0xff, 0x02, 0x24,
  0x89, 0xfd, 0x00, 0x10, 0x00, 0x00, 0x00, 0x00, 0x01, 0x00, 0x04, 0x3c,
  0xfc, 0xf2, 0x84, 0x8c, 0x01, 0x00, 0x02, 0x3c, 0xf8, 0xf2, 0x42, 0x8c,
  0x10, 0x00, 0xab, 0xaf, 0x18, 0x00, 0x82, 0x00, 0x00, 0x00, 0x07, 0x8d,
  0x08, 0x00, 0x85, 0x96, 0x0b, 0x00, 0x84, 0x92, 0x68, 0x00, 0xa9, 0xaf,
  0x64, 0x00, 0xab, 0xaf, 0x60, 0x00, 0xa8, 0xaf, 0x5c, 0x00, 0xaa, 0xaf,
  0x12, 0x30, 0x00, 0x00, 0x15, 0x15, 0x11, 0x04, 0x21, 0x30, 0xca, 0x00,
  0xf8, 0xff, 0x0c, 0x24, 0x5c, 0x00, 0xaa, 0x8f, 0x60, 0x00, 0xa8, 0x8f,
  0x64, 0x00, 0xab, 0x8f, 0x68, 0x00, 0xa9, 0x8f, 0x17, 0x00, 0x4c, 0x14,
  0x00, 0x00, 0x00, 0x00, 0x10, 0x00, 0xb7, 0xaf, 0x0b, 0x00, 0x84, 0x92,
  0x01, 0x00, 0x06, 0x3c, 0xfc, 0xf2, 0xc6, 0x8c, 0x08, 0x00, 0x85, 0x96,
  0x01, 0x00, 0x07, 0x3c, 0xb3, 0xfc, 0x11, 0x04, 0x7c, 0x73, 0xe7, 0x24,
  0x01, 0x00, 0x04, 0x3c, 0x00, 0xf3, 0x84, 0x8c, 0x00, 0x00, 0x00, 0x00,
  0x2a, 0x18, 0xc4, 0x03, 0x2e, 0xfe, 0x60, 0x10, 0x00, 0x00, 0x00, 0x00,
  0x00, 0x00, 0x03, 0x8e, 0x00, 0x00, 0x00, 0x00, 0x02, 0x00, 0x60, 0x10,
  0x00, 0x00, 0x00, 0x00, 0x0a, 0x00, 0x60, 0xa0, 0x01, 0x00, 0xde, 0x27,
  0xf6, 0xff, 0x00, 0x10, 0x04, 0x00, 0x10, 0x26, 0x94, 0xff, 0x40, 0x10,
  0xc7, 0xff, 0x02, 0x24, 0x58, 0xfd, 0x00, 0x10, 0x00, 0x00, 0x00, 0x00,
  0x56, 0xfd, 0x00, 0x10, 0xcd, 0xff, 0x02, 0x24, 0x54, 0xfd, 0x00, 0x10,
  0xcc, 0xff, 0x02, 0x24, 0x52, 0xfd, 0x00, 0x10, 0xcb, 0xff, 0x02, 0x24,
  0x50, 0xfd, 0x00, 0x10, 0xca, 0xff, 0x02, 0x24, 0x08, 0x00, 0xe0, 0x03,
  0x25, 0x10, 0x00, 0x00, 0xe0, 0xff, 0xbd, 0x27, 0x18, 0x00, 0xb2, 0xaf,
  0x01, 0x00, 0x12, 0x3c, 0xfc, 0x73, 0x52, 0x8e, 0x14, 0x00, 0xb1, 0xaf,
  0x10, 0x00, 0xb0, 0xaf, 0x1c, 0x00, 0xbf, 0xaf, 0x25, 0x88, 0x80, 0x00,
  0x8c, 0x00, 0x50, 0x26, 0x00, 0x00, 0x04, 0x8e, 0x00, 0x00, 0x00, 0x00,
  0x0b, 0x00, 0x82, 0x90, 0x00, 0x00, 0x00, 0x00, 0x0b, 0x00, 0x51, 0x10,
  0x00, 0x00, 0x00, 0x00, 0x07, 0x00, 0x50, 0x16, 0x25, 0x10, 0x00, 0x00,
  0x1c, 0x00, 0xbf, 0x8f, 0x18, 0x00, 0xb2, 0x8f, 0x14, 0x00, 0xb1, 0x8f,
  0x10, 0x00, 0xb0, 0x8f, 0x08, 0x00, 0xe0, 0x03, 0x20, 0x00, 0xbd, 0x27,
  0xf1, 0xff, 0x00, 0x10, 0xfc, 0xff, 0x10, 0x26, 0x08, 0x00, 0x82, 0x94,
  0x00, 0x00, 0x00, 0x00, 0xf3, 0xff, 0x45, 0x14, 0x00, 0x00, 0x00, 0x00,
  0x0a, 0x00, 0x82, 0x90, 0x00, 0x00, 0x00, 0x00, 0xef, 0xff, 0x40, 0x10,
  0x00, 0x00, 0x00, 0x00, 0x04, 0xfd, 0x11, 0x04, 0x24, 0x00, 0xa5, 0xaf,
  0x24, 0x00, 0xa5, 0x8f, 0xea, 0xff, 0x40, 0x10, 0x00, 0x00, 0x00, 0x00,
  0xea, 0xff, 0x00, 0x10, 0x00, 0x00, 0x00, 0x00, 0xd8, 0xff, 0xbd, 0x27,
  0x03, 0x00, 0x82, 0x2c, 0x10, 0x00, 0xb0, 0xaf, 0x24, 0x00, 0xbf, 0xaf,
  0x20, 0x00, 0xb4, 0xaf, 0x1c, 0x00, 0xb3, 0xaf, 0x18, 0x00, 0xb2, 0xaf,
  0x14, 0x00, 0xb1, 0xaf, 0x21, 0x00, 0x40, 0x10, 0xfb, 0xff, 0x10, 0x24,
  0x40, 0x90, 0x04, 0x00, 0x21, 0x88, 0x44, 0x02, 0x01, 0x00, 0x13, 0x3c,
  0x90, 0xe7, 0x73, 0x26, 0x00, 0x89, 0x11, 0x00, 0x21, 0x88, 0x71, 0x02,
  0x00, 0x00, 0x22, 0x92, 0x00, 0x00, 0x00, 0x00, 0x17, 0x00, 0x40, 0x10,
  0x25, 0xa0, 0x80, 0x00, 0x08, 0x00, 0x25, 0x96, 0x06, 0x00, 0x24, 0x96,
  0xbf, 0xf8, 0x11, 0x04, 0x00, 0x00, 0x20, 0xa2, 0x11, 0x00, 0x40, 0x14,
  0x25, 0x80, 0x40, 0x00, 0x08, 0x00, 0x25, 0x96, 0x06, 0x00, 0x24, 0x96,
  0xbb, 0xff, 0x11, 0x04, 0x00, 0x00, 0x00, 0x00, 0x25, 0x80, 0x40, 0x00,
  0xf7, 0xff, 0x42, 0x28, 0x12, 0x00, 0x40, 0x10, 0x00, 0x00, 0x00, 0x00,
  0x08, 0x00, 0x25, 0x96, 0x06, 0x00, 0x24, 0x96, 0x51, 0xf2, 0x11, 0x04,
  0x00, 0x00, 0x00, 0x00, 0x08, 0x00, 0x25, 0x96, 0x06, 0x00, 0x24, 0x96,
  0x66, 0xf8, 0x11, 0x04, 0x00, 0x00, 0x00, 0x00, 0x24, 0x00, 0xbf, 0x8f,
  0x20, 0x00, 0xb4, 0x8f, 0x1c, 0x00, 0xb3, 0x8f, 0x18, 0x00, 0xb2, 0x8f,
  0x14, 0x00, 0xb1, 0x8f, 0x25, 0x10, 0x00, 0x02, 0x10, 0x00, 0xb0, 0x8f,
  0x08, 0x00, 0xe0, 0x03, 0x28, 0x00, 0xbd, 0x27, 0x42, 0x00, 0x00, 0x16,
  0x00, 0x00, 0x00, 0x00, 0x05, 0x00, 0x22, 0x92, 0x00, 0x00, 0x00, 0x00,
  0x14, 0x00, 0x40, 0x14, 0x00, 0x00, 0x00, 0x00, 0x21, 0x90, 0x54, 0x02,
  0x00, 0x91, 0x12, 0x00, 0x21, 0x98, 0x72, 0x02, 0x08, 0x00, 0x65, 0x96,
  0x06, 0x00, 0x64, 0x96, 0x99, 0xff, 0x11, 0x04, 0x00, 0x00, 0x00, 0x00,
  0x25, 0x80, 0x40, 0x00, 0xf7, 0xff, 0x42, 0x28, 0xe7, 0xff, 0x40, 0x10,
  0x00, 0x00, 0x00, 0x00, 0x08, 0x00, 0x65, 0x96, 0x06, 0x00, 0x64, 0x96,
  0x2f, 0xf2, 0x11, 0x04, 0x00, 0x00, 0x00, 0x00, 0x08, 0x00, 0x65, 0x96,
  0x06, 0x00, 0x64, 0x96, 0xdd, 0xff, 0x00, 0x10, 0x00, 0x00, 0x00, 0x00,
  0x08, 0x00, 0x23, 0x96, 0x06, 0x00, 0x24, 0x96, 0x40, 0x10, 0x03, 0x00,
  0x21, 0x10, 0x43, 0x00, 0x40, 0x18, 0x04, 0x00, 0x21, 0x18, 0x64, 0x00,
  0x40, 0x1a, 0x03, 0x00, 0xc0, 0x11, 0x02, 0x00, 0x21, 0x10, 0x43, 0x00,
  0x01, 0x00, 0x03, 0x3c, 0x90, 0xcf, 0x63, 0x24, 0x21, 0x10, 0x62, 0x00,
  0x50, 0x01, 0x43, 0x90, 0x02, 0x00, 0x02, 0x24, 0x05, 0x00, 0x20, 0xa2,
  0x12, 0x00, 0x62, 0x14, 0x25, 0x20, 0x80, 0x02, 0xe2, 0x18, 0x11, 0x04,
  0x00, 0x00, 0x00, 0x00, 0x25, 0x80, 0x40, 0x00, 0xf7, 0xff, 0x42, 0x28,
  0x10, 0x00, 0x40, 0x10, 0x00, 0x00, 0x00, 0x00, 0x21, 0x90, 0x54, 0x02,
  0x00, 0x91, 0x12, 0x00, 0x21, 0x90, 0x72, 0x02, 0x08, 0x00, 0x45, 0x96,
  0x06, 0x00, 0x44, 0x96, 0x0d, 0xf2, 0x11, 0x04, 0x00, 0x00, 0x00, 0x00,
  0x08, 0x00, 0x45, 0x96, 0x06, 0x00, 0x44, 0x96, 0xbb, 0xff, 0x00, 0x10,
  0x00, 0x00, 0x00, 0x00, 0x7f, 0x22, 0x11, 0x04, 0x00, 0x00, 0x00, 0x00,
  0xef, 0xff, 0x00, 0x10, 0x25, 0x80, 0x40, 0x00, 0xc7, 0xff, 0x00, 0x12,
  0x21, 0x90, 0x54, 0x02, 0xb5, 0xff, 0x00, 0x10, 0x23, 0x90, 0x54, 0x02,
  0xb3, 0xff, 0x00, 0x10, 0xf8, 0xff, 0x10, 0x24, 0xd8, 0xff, 0xbd, 0x27,
  0x25, 0x20, 0x00, 0x00, 0x20, 0x00, 0xb2, 0xaf, 0x1c, 0x00, 0xb1, 0xaf,
  0x18, 0x00, 0xb0, 0xaf, 0x24, 0x00, 0xbf, 0xaf, 0x01, 0x00, 0x11, 0x3c,
  0x90, 0xe7, 0x31, 0x26, 0x25, 0x80, 0x00, 0x00, 0x03, 0x00, 0x12, 0x24,
  0x00, 0x00, 0x22, 0x92, 0x00, 0x00, 0x00, 0x00, 0x08, 0x00, 0x40, 0x10,
  0x00, 0x00, 0x00, 0x00, 0x79, 0xff, 0x11, 0x04, 0x10, 0x00, 0xa4, 0xaf,
  0x2a, 0x18, 0x50, 0x00, 0x10, 0x00, 0xa4, 0x8f, 0x02, 0x00, 0x60, 0x10,
  0x00, 0x00, 0x00, 0x00, 0x25, 0x80, 0x40, 0x00, 0x01, 0x00, 0x84, 0x24,
  0xf3, 0xff, 0x92, 0x14, 0x30, 0x00, 0x31, 0x26, 0x24, 0x00, 0xbf, 0x8f,
  0x20, 0x00, 0xb2, 0x8f, 0x1c, 0x00, 0xb1, 0x8f, 0x25, 0x10, 0x00, 0x02,
  0x18, 0x00, 0xb0, 0x8f, 0x08, 0x00, 0xe0, 0x03, 0x28, 0x00, 0xbd, 0x27,
  0xd8, 0xff, 0xbd, 0x27, 0x24, 0x00, 0xbf, 0xaf, 0x20, 0x00, 0xb1, 0xaf,
  0x17, 0x00, 0x81, 0x04, 0x1c, 0x00, 0xb0, 0xaf, 0x4e, 0x23, 0x11, 0x04,
  0x10, 0x00, 0xa4, 0x27, 0x00, 0x00, 0x04, 0x3c, 0x3e, 0x23, 0x11, 0x04,
  0x00, 0x00, 0x84, 0x24, 0x10, 0x00, 0xa4, 0x8f, 0x4a, 0x23, 0x11, 0x04,
  0x25, 0x88, 0x40, 0x00, 0x03, 0x00, 0x20, 0x12, 0x2b, 0xff, 0x02, 0x24,
  0x24, 0x00, 0x22, 0x16, 0x02, 0x00, 0x10, 0x24, 0x92, 0x13, 0x11, 0x04,
  0x00, 0x00, 0x00, 0x00, 0xcd, 0xff, 0x11, 0x04, 0x00, 0x00, 0x00, 0x00,
  0xa3, 0x13, 0x11, 0x04, 0x00, 0x00, 0x00, 0x00, 0xa5, 0x13, 0x11, 0x04,
  0x00, 0x00, 0x00, 0x00, 0x1a, 0x00, 0x00, 0x10, 0x01, 0x00, 0x10, 0x24,
  0x00, 0x00, 0x04, 0x3c, 0x00, 0x00, 0x84, 0x24, 0x27, 0x23, 0x11, 0x04,
  0x25, 0x88, 0xe0, 0x00, 0xf9, 0xff, 0x40, 0x14, 0x25, 0x80, 0x40, 0x00,
  0x30, 0x23, 0x11, 0x04, 0x00, 0x00, 0x00, 0x00, 0x8c, 0x13, 0x11, 0x04,
  0x00, 0x00, 0x00, 0x00, 0x95, 0x13, 0x11, 0x04, 0x00, 0x00, 0x00, 0x00,
  0x8e, 0xf7, 0x11, 0x04, 0x00, 0x00, 0x00, 0x00, 0x5e, 0x13, 0x11, 0x04,
  0x00, 0x00, 0x00, 0x00, 0x08, 0x00, 0x20, 0x12, 0x00, 0x00, 0x00, 0x00,
  0x0a, 0x00, 0x22, 0x96, 0x00, 0x00, 0x00, 0x00, 0x02, 0x00, 0x43, 0x30,
  0x03, 0x00, 0x60, 0x10, 0x00, 0x00, 0x00, 0x00, 0x10, 0x00, 0x42, 0x34,
  0x0a, 0x00, 0x22, 0xa6, 0x24, 0x00, 0xbf, 0x8f, 0x20, 0x00, 0xb1, 0x8f,
  0x25, 0x10, 0x00, 0x02, 0x1c, 0x00, 0xb0, 0x8f, 0x08, 0x00, 0xe0, 0x03,
  0x28, 0x00, 0xbd, 0x27, 0xd8, 0xff, 0xbd, 0x27, 0x03, 0x00, 0x82, 0x2c,
  0x10, 0x00, 0xb0, 0xaf, 0x24, 0x00, 0xbf, 0xaf, 0x20, 0x00, 0xb4, 0xaf,
  0x1c, 0x00, 0xb3, 0xaf, 0x18, 0x00, 0xb2, 0xaf, 0x14, 0x00, 0xb1, 0xaf,
  0x29, 0x00, 0x40, 0x10, 0xfb, 0xff, 0x10, 0x24, 0x40, 0x88, 0x04, 0x00,
  0x21, 0x90, 0x24, 0x02, 0x01, 0x00, 0x13, 0x3c, 0x90, 0xe7, 0x73, 0x26,
  0x00, 0x91, 0x12, 0x00, 0x21, 0x90, 0x72, 0x02, 0x00, 0x00, 0x42, 0x92,
  0x00, 0x00, 0x00, 0x00, 0x1f, 0x00, 0x40, 0x10, 0x25, 0xa0, 0x80, 0x00,
  0x08, 0x00, 0x45, 0x96, 0x06, 0x00, 0x44, 0x96, 0xee, 0xf7, 0x11, 0x04,
  0x00, 0x00, 0x00, 0x00, 0x19, 0x00, 0x40, 0x14, 0x25, 0x80, 0x40, 0x00,
  0x08, 0x00, 0x45, 0x96, 0x06, 0x00, 0x44, 0x96, 0xea, 0xfe, 0x11, 0x04,
  0x00, 0x00, 0x00, 0x00, 0x25, 0x80, 0x40, 0x00, 0xf7, 0xff, 0x42, 0x28,
  0x0b, 0x00, 0x40, 0x10, 0x00, 0x00, 0x00, 0x00, 0x08, 0x00, 0x45, 0x96,
  0x06, 0x00, 0x44, 0x96, 0x80, 0xf1, 0x11, 0x04, 0x00, 0x00, 0x00, 0x00,
  0x08, 0x00, 0x45, 0x96, 0x06, 0x00, 0x44, 0x96, 0x95, 0xf7, 0x11, 0x04,
  0x21, 0x88, 0x34, 0x02, 0x05, 0x00, 0x00, 0x10, 0x00, 0x89, 0x11, 0x00,
  0x0e, 0x00, 0x00, 0x12, 0x00, 0x00, 0x00, 0x00, 0x21, 0x88, 0x34, 0x02,
  0x00, 0x89, 0x11, 0x00, 0x21, 0x88, 0x71, 0x02, 0x00, 0x00, 0x20, 0xa2,
  0x24, 0x00, 0xbf, 0x8f, 0x20, 0x00, 0xb4, 0x8f, 0x1c, 0x00, 0xb3, 0x8f,
  0x18, 0x00, 0xb2, 0x8f, 0x14, 0x00, 0xb1, 0x8f, 0x25, 0x10, 0x00, 0x02,
  0x10, 0x00, 0xb0, 0x8f, 0x08, 0x00, 0xe0, 0x03, 0x28, 0x00, 0xbd, 0x27,
  0x05, 0x00, 0x42, 0x92, 0x00, 0x00, 0x00, 0x00, 0x28, 0x00, 0x40, 0x10,
  0x00, 0x00, 0x00, 0x00, 0x08, 0x00, 0x43, 0x96, 0x06, 0x00, 0x44, 0x96,
  0x40, 0x10, 0x03, 0x00, 0x21, 0x10, 0x43, 0x00, 0x40, 0x18, 0x04, 0x00,
  0x21, 0x18, 0x64, 0x00, 0x40, 0x1a, 0x03, 0x00, 0xc0, 0x11, 0x02, 0x00,
  0x21, 0x10, 0x43, 0x00, 0x01, 0x00, 0x03, 0x3c, 0x90, 0xcf, 0x63, 0x24,
  0x21, 0x10, 0x62, 0x00, 0x50, 0x01, 0x43, 0x90, 0x02, 0x00, 0x02, 0x24,
  0x05, 0x00, 0x40, 0xa2, 0x11, 0x00, 0x62, 0x14, 0x25, 0x20, 0x80, 0x02,
  0x1e, 0x18, 0x11, 0x04, 0x00, 0x00, 0x00, 0x00, 0x25, 0x80, 0x40, 0x00,
  0xf7, 0xff, 0x42, 0x28, 0x0f, 0x00, 0x40, 0x10, 0x21, 0x38, 0x34, 0x02,
  0x00, 0x39, 0x07, 0x00, 0x21, 0x38, 0x67, 0x02, 0x08, 0x00, 0xe5, 0x94,
  0x06, 0x00, 0xe4, 0x94, 0x4a, 0xf1, 0x11, 0x04, 0x00, 0x00, 0x00, 0x00,
  0x08, 0x00, 0xe5, 0x94, 0x06, 0x00, 0xe4, 0x94, 0xc9, 0xff, 0x00, 0x10,
  0x00, 0x00, 0x00, 0x00, 0xbc, 0x21, 0x11, 0x04, 0x00, 0x00, 0x00, 0x00,
  0xf0, 0xff, 0x00, 0x10, 0x25, 0x80, 0x40, 0x00, 0xc9, 0xff, 0x00, 0x16,
  0x00, 0x00, 0x00, 0x00, 0x21, 0x88, 0x34, 0x02, 0x00, 0x89, 0x11, 0x00,
  0x21, 0x98, 0x71, 0x02, 0x08, 0x00, 0x65, 0x96, 0x06, 0x00, 0x64, 0x96,
  0x9b, 0xfe, 0x11, 0x04, 0x00, 0x00, 0x00, 0x00, 0xc4, 0xff, 0x40, 0x10,
  0x25, 0x80, 0x40, 0x00, 0xf7, 0xff, 0x42, 0x28, 0x0b, 0x00, 0x40, 0x10,
  0x00, 0x00, 0x60, 0xa2, 0x08, 0x00, 0x65, 0x96, 0x06, 0x00, 0x64, 0x96,
  0x30, 0xf1, 0x11, 0x04, 0x00, 0x00, 0x00, 0x00, 0x08, 0x00, 0x65, 0x96,
  0x06, 0x00, 0x64, 0x96, 0x45, 0xf7, 0x11, 0x04, 0x00, 0x00, 0x00, 0x00,
  0xb7, 0xff, 0x00, 0x10, 0x00, 0x00, 0x00, 0x00, 0xb5, 0xff, 0x00, 0x10,
  0xf8, 0xff, 0x10, 0x24, 0xd8, 0xff, 0xbd, 0x27, 0x20, 0x00, 0xb2, 0xaf,
  0x1c, 0x00, 0xb1, 0xaf, 0x18, 0x00, 0xb0, 0xaf, 0x24, 0x00, 0xbf, 0xaf,
  0x25, 0x88, 0x80, 0x00, 0x25, 0x90, 0xa0, 0x00, 0x30, 0x00, 0xa6, 0xaf,
  0x7e, 0xf7, 0x11, 0x04, 0x34, 0x00, 0xa7, 0xaf, 0x2f, 0x00, 0x40, 0x14,
  0x25, 0x80, 0x40, 0x00, 0x40, 0x10, 0x12, 0x00, 0x40, 0x18, 0x11, 0x00,
  0x21, 0x10, 0x52, 0x00, 0x21, 0x18, 0x71, 0x00, 0x40, 0x1a, 0x03, 0x00,
  0xc0, 0x11, 0x02, 0x00, 0x21, 0x10, 0x43, 0x00, 0x01, 0x00, 0x03, 0x3c,
  0x90, 0xcf, 0x63, 0x24, 0x21, 0x10, 0x62, 0x00, 0x50, 0x01, 0x43, 0x90,
  0x02, 0x00, 0x02, 0x24, 0x34, 0x00, 0xa7, 0x8f, 0x30, 0x00, 0xa6, 0x8f,
  0x10, 0x00, 0x62, 0x14, 0x25, 0x28, 0x40, 0x02, 0x38, 0x00, 0xa2, 0x8f,
  0x00, 0x00, 0x00, 0x00, 0x10, 0x00, 0xa2, 0xaf, 0xa5, 0x16, 0x11, 0x04,
  0x25, 0x20, 0x20, 0x02, 0x25, 0x80, 0x40, 0x00, 0xf7, 0xff, 0x42, 0x28,
  0x0e, 0x00, 0x40, 0x10, 0x25, 0x28, 0x40, 0x02, 0x01, 0xf1, 0x11, 0x04,
  0x25, 0x20, 0x20, 0x02, 0x18, 0xf7, 0x11, 0x04, 0x00, 0x00, 0x00, 0x00,
  0x10, 0x00, 0x00, 0x10, 0x00, 0x00, 0x00, 0x00, 0x38, 0x00, 0xa2, 0x8f,
  0x00, 0x00, 0x00, 0x00, 0x10, 0x00, 0xa2, 0xaf, 0x66, 0x20, 0x11, 0x04,
  0x25, 0x20, 0x20, 0x02, 0xf1, 0xff, 0x00, 0x10, 0x25, 0x80, 0x40, 0x00,
  0x07, 0x00, 0x00, 0x16, 0x00, 0x00, 0x00, 0x00, 0x54, 0xfe, 0x11, 0x04,
  0x25, 0x20, 0x20, 0x02, 0x25, 0x80, 0x40, 0x00, 0xf7, 0xff, 0x42, 0x28,
  0xec, 0xff, 0x40, 0x14, 0x25, 0x28, 0x40, 0x02, 0x24, 0x00, 0xbf, 0x8f,
  0x20, 0x00, 0xb2, 0x8f, 0x1c, 0x00, 0xb1, 0x8f, 0x25, 0x10, 0x00, 0x02,
  0x18, 0x00, 0xb0, 0x8f, 0x08, 0x00, 0xe0, 0x03, 0x28, 0x00, 0xbd, 0x27,
  0xd0, 0xff, 0xbd, 0x27, 0x20, 0x00, 0xb4, 0xaf, 0x25, 0xa0, 0xe0, 0x00,
  0x01, 0x00, 0x07, 0x3c, 0x70, 0x33, 0xe7, 0x8c, 0x1c, 0x00, 0xb3, 0xaf,
  0x18, 0x00, 0xb2, 0xaf, 0x10, 0x00, 0xb0, 0xaf, 0x2c, 0x00, 0xbf, 0xaf,
  0x28, 0x00, 0xb6, 0xaf, 0x24, 0x00, 0xb5, 0xaf, 0x14, 0x00, 0xb1, 0xaf,
  0x25, 0x90, 0x80, 0x00, 0x25, 0x98, 0xa0, 0x00, 0x41, 0x00, 0xe0, 0x18,
  0x25, 0x80, 0xc0, 0x00, 0x40, 0x18, 0x05, 0x00, 0x21, 0x10, 0x65, 0x00,
  0x40, 0x28, 0x04, 0x00, 0x21, 0x20, 0xa4, 0x00, 0x40, 0x22, 0x04, 0x00,
  0xc0, 0x11, 0x02, 0x00, 0x21, 0x10, 0x44, 0x00, 0x01, 0x00, 0x06, 0x3c,
  0x90, 0xcf, 0xc6, 0x24, 0x21, 0x10, 0xc2, 0x00, 0x5c, 0x01, 0x44, 0x8c,
  0x00, 0x00, 0x00, 0x00, 0x02, 0x00, 0x80, 0x14, 0x1b, 0x00, 0x04, 0x02,
  0x0d, 0x00, 0x07, 0x00, 0x12, 0x48, 0x00, 0x00, 0x10, 0x40, 0x00, 0x00,
  0x06, 0x00, 0xe9, 0x14, 0x00, 0x00, 0x00, 0x00, 0x01, 0x00, 0x07, 0x3c,
  0x78, 0x33, 0xe7, 0x8c, 0x00, 0x00, 0x00, 0x00, 0x1f, 0x00, 0xf2, 0x10,
  0x00, 0x00, 0x00, 0x00, 0x21, 0x18, 0x73, 0x00, 0x21, 0x28, 0xb2, 0x00,
  0xc0, 0x19, 0x03, 0x00, 0x40, 0x2a, 0x05, 0x00, 0x21, 0x18, 0x65, 0x00,
  0x01, 0x00, 0x07, 0x3c, 0x30, 0x33, 0xe7, 0x24, 0x25, 0x10, 0x00, 0x00,
  0x21, 0x30, 0xc3, 0x00, 0x1e, 0x00, 0x44, 0x10, 0x00, 0x00, 0x00, 0x00,
  0x00, 0x00, 0xe3, 0x8c, 0x00, 0x00, 0x00, 0x00, 0x0d, 0x00, 0x60, 0x10,
  0x00, 0x00, 0x00, 0x00, 0x0b, 0x00, 0x70, 0x14, 0x00, 0x00, 0x00, 0x00,
  0x40, 0x00, 0xc3, 0x8c, 0x00, 0x00, 0x00, 0x00, 0x18, 0x00, 0x83, 0x00,
  0x12, 0x80, 0x00, 0x00, 0x00, 0x00, 0x00, 0x00, 0x02, 0x00, 0x80, 0x14,
  0x1b, 0x00, 0x44, 0x00, 0x0d, 0x00, 0x07, 0x00, 0x10, 0x18, 0x00, 0x00,
  0x21, 0x80, 0x03, 0x02, 0x01, 0x00, 0x42, 0x24, 0xec, 0xff, 0x00, 0x10,
  0x04, 0x00, 0xe7, 0x24, 0x01, 0x00, 0x07, 0x3c, 0x74, 0x33, 0xe7, 0x8c,
  0x00, 0x00, 0x00, 0x00, 0xde, 0xff, 0xf3, 0x14, 0x00, 0x00, 0x00, 0x00,
  0x40, 0x00, 0x42, 0x8c, 0x00, 0x00, 0x00, 0x00, 0x18, 0x00, 0x82, 0x00,
  0x12, 0x80, 0x00, 0x00, 0x21, 0x80, 0x08, 0x02, 0x25, 0x30, 0x00, 0x02,
  0x25, 0x28, 0x60, 0x02, 0xe8, 0xf9, 0x11, 0x04, 0x25, 0x20, 0x40, 0x02,
  0x1e, 0x00, 0x40, 0x14, 0x25, 0x88, 0x40, 0x00, 0x01, 0x00, 0x02, 0x3c,
  0xfc, 0x73, 0x42, 0x8c, 0x00, 0x00, 0x00, 0x00, 0x8c, 0x00, 0x51, 0x8c,
  0x00, 0x00, 0x00, 0x00, 0x0a, 0x00, 0x22, 0x92, 0x00, 0x00, 0x00, 0x00,
  0x1a, 0x00, 0x40, 0x14, 0x00, 0x00, 0x00, 0x00, 0x40, 0x10, 0x13, 0x00,
  0x40, 0x18, 0x12, 0x00, 0x21, 0x10, 0x53, 0x00, 0x21, 0x18, 0x72, 0x00,
  0xc0, 0x11, 0x02, 0x00, 0x40, 0x1a, 0x03, 0x00, 0x21, 0x10, 0x43, 0x00,
  0x01, 0x00, 0x16, 0x3c, 0x90, 0xcf, 0xd6, 0x26, 0x0b, 0x00, 0x32, 0xa2,
  0x08, 0x00, 0x33, 0xa6, 0x00, 0x00, 0x30, 0xae, 0x0c, 0x00, 0x20, 0xa2,
  0x25, 0xa8, 0x00, 0x00, 0x21, 0xb0, 0xc2, 0x02, 0x2a, 0x00, 0xc2, 0x96,
  0x00, 0x00, 0x00, 0x00, 0x2a, 0x18, 0xa2, 0x02, 0x14, 0x00, 0x60, 0x14,
  0x25, 0x28, 0x60, 0x02, 0x0e, 0xfa, 0x11, 0x04, 0x25, 0x20, 0x20, 0x02,
  0x00, 0x00, 0x91, 0xae, 0x05, 0x00, 0x00, 0x10, 0x25, 0x10, 0x00, 0x00,
  0xf5, 0xfa, 0x11, 0x04, 0x25, 0x20, 0x20, 0x02, 0xe4, 0xff, 0x40, 0x10,
  0x00, 0x00, 0x00, 0x00, 0x2c, 0x00, 0xbf, 0x8f, 0x28, 0x00, 0xb6, 0x8f,
  0x24, 0x00, 0xb5, 0x8f, 0x20, 0x00, 0xb4, 0x8f, 0x1c, 0x00, 0xb3, 0x8f,
  0x18, 0x00, 0xb2, 0x8f, 0x14, 0x00, 0xb1, 0x8f, 0x10, 0x00, 0xb0, 0x8f,
  0x08, 0x00, 0xe0, 0x03, 0x30, 0x00, 0xbd, 0x27, 0x28, 0x00, 0xc3, 0x86,
  0x00, 0x00, 0x00, 0x00, 0x18, 0x00, 0x75, 0x00, 0x04, 0x00, 0x23, 0x8e,
  0x25, 0x20, 0x40, 0x02, 0x12, 0x38, 0x00, 0x00, 0x21, 0x38, 0x67, 0x00,
  0x00, 0x00, 0x00, 0x00, 0x18, 0x00, 0x50, 0x00, 0x12, 0x30, 0x00, 0x00,
  0x33, 0xf1, 0x11, 0x04, 0x21, 0x30, 0xd5, 0x00, 0xdb, 0xff, 0x40, 0x10,
  0x01, 0x00, 0xb5, 0x26, 0xe7, 0xff, 0x00, 0x10, 0xeb, 0xff, 0x02, 0x24,
  0xb8, 0xff, 0xbd, 0x27, 0x38, 0x00, 0xb6, 0xaf, 0x20, 0x00, 0xb0, 0xaf,
  0x40, 0xb0, 0x04, 0x00, 0x40, 0x80, 0x05, 0x00, 0x21, 0x80, 0x05, 0x02,
  0x21, 0xb0, 0xc4, 0x02, 0x40, 0x12, 0x16, 0x00, 0x24, 0x00, 0xb1, 0xaf,
  0xc0, 0x89, 0x10, 0x00, 0x21, 0x88, 0x22, 0x02, 0x01, 0x00, 0x03, 0x3c,
  0x90, 0xcf, 0x63, 0x24, 0x21, 0x88, 0x71, 0x00, 0x34, 0x00, 0xb5, 0xaf,
  0x2c, 0x00, 0xb3, 0xaf, 0xc0, 0x11, 0x16, 0x00, 0x40, 0x99, 0x10, 0x00,
  0x6c, 0x01, 0x35, 0x8e, 0x40, 0x00, 0xbe, 0xaf, 0x28, 0x00, 0xb2, 0xaf,
  0x44, 0x00, 0xbf, 0xaf, 0x3c, 0x00, 0xb7, 0xaf, 0x30, 0x00, 0xb4, 0xaf,
  0x25, 0xf0, 0x80, 0x00, 0x50, 0x00, 0xa6, 0xaf, 0x25, 0x90, 0x00, 0x00,
  0x21, 0x98, 0x62, 0x02, 0x70, 0x01, 0x22, 0x8e, 0x00, 0x00, 0x00, 0x00,
  0x2b, 0x10, 0xa2, 0x02, 0x09, 0x00, 0x40, 0x14, 0x00, 0x00, 0x00, 0x00,
  0x50, 0x00, 0xa3, 0x8f, 0x00, 0x00, 0x00, 0x00, 0x1f, 0x00, 0x60, 0x14,
  0xfd, 0xff, 0x02, 0x24, 0x1d, 0x00, 0x40, 0x16, 0x25, 0x10, 0x40, 0x02,
  0x1b, 0x00, 0x00, 0x10, 0xfd, 0xff, 0x02, 0x24, 0x58, 0x01, 0x22, 0x8e,
  0x00, 0x00, 0x00, 0x00, 0x02, 0x00, 0x40, 0x14, 0x1b, 0x00, 0xa2, 0x02,
  0x0d, 0x00, 0x07, 0x00, 0x10, 0xb8, 0x00, 0x00, 0x12, 0xa0, 0x00, 0x00,
  0x1e, 0x00, 0xe0, 0x16, 0x14, 0x00, 0xa7, 0x27, 0x02, 0x00, 0x40, 0x14,
  0x1b, 0x00, 0x82, 0x02, 0x0d, 0x00, 0x07, 0x00, 0x18, 0x00, 0xa3, 0xaf,
  0x4c, 0x00, 0xa5, 0xaf, 0x12, 0x10, 0x00, 0x00, 0x21, 0x10, 0x62, 0x02,
  0x14, 0x00, 0x42, 0x24, 0x80, 0x10, 0x02, 0x00, 0x21, 0x10, 0x62, 0x00,
  0x00, 0x00, 0x46, 0x8c, 0x2c, 0xff, 0x11, 0x04, 0x25, 0x20, 0xc0, 0x03,
  0x4c, 0x00, 0xa5, 0x8f, 0x18, 0x00, 0xa3, 0x8f, 0x1c, 0x00, 0x40, 0x10,
  0x40, 0x32, 0x16, 0x00, 0x44, 0x00, 0xbf, 0x8f, 0x40, 0x00, 0xbe, 0x8f,
  0x3c, 0x00, 0xb7, 0x8f, 0x38, 0x00, 0xb6, 0x8f, 0x34, 0x00, 0xb5, 0x8f,
  0x30, 0x00, 0xb4, 0x8f, 0x2c, 0x00, 0xb3, 0x8f, 0x28, 0x00, 0xb2, 0x8f,
  0x24, 0x00, 0xb1, 0x8f, 0x20, 0x00, 0xb0, 0x8f, 0x08, 0x00, 0xe0, 0x03,
  0x48, 0x00, 0xbd, 0x27, 0x6c, 0x01, 0x24, 0x8e, 0x00, 0x00, 0x00, 0x00,
  0xe0, 0xff, 0x95, 0x10, 0x00, 0x00, 0x00, 0x00, 0x10, 0x00, 0xa6, 0x8f,
  0x80, 0x20, 0x17, 0x00, 0x04, 0x00, 0xc2, 0x8c, 0x00, 0x00, 0x00, 0x00,
  0x21, 0x10, 0x44, 0x00, 0x00, 0x00, 0x44, 0x8c, 0x00, 0x00, 0x00, 0x00,
  0x1c, 0x00, 0x81, 0x04, 0x00, 0x00, 0x00, 0x00, 0xbf, 0xff, 0x00, 0x10,
  0x01, 0x00, 0xb5, 0x26, 0x14, 0x00, 0xa2, 0x8f, 0x00, 0x00, 0x00, 0x00,
  0x04, 0x00, 0x44, 0x8c, 0xc0, 0x11, 0x10, 0x00, 0x21, 0x10, 0x46, 0x00,
  0x21, 0x10, 0x62, 0x00, 0x58, 0x01, 0x42, 0x8c, 0x10, 0x00, 0xa7, 0x27,
  0x02, 0x00, 0x40, 0x14, 0x1b, 0x00, 0x82, 0x02, 0x0d, 0x00, 0x07, 0x00,
  0x18, 0x00, 0xa3, 0xaf, 0x4c, 0x00, 0xa5, 0xaf, 0x10, 0xa0, 0x00, 0x00,
  0x80, 0xa0, 0x14, 0x00, 0x21, 0x10, 0x94, 0x00, 0x00, 0x00, 0x46, 0x8c,
  0xfa, 0xfe, 0x11, 0x04, 0x25, 0x20, 0xc0, 0x03, 0x4c, 0x00, 0xa5, 0x8f,
  0x18, 0x00, 0xa3, 0x8f, 0xdf, 0xff, 0x40, 0x10, 0x00, 0x00, 0x00, 0x00,
  0xcd, 0xff, 0x00, 0x10, 0x00, 0x00, 0x00, 0x00, 0x34, 0x00, 0x24, 0x8e,
  0x00, 0x00, 0x00, 0x00, 0x21, 0xb8, 0xe4, 0x02, 0x5c, 0x01, 0x24, 0x8e,
  0x00, 0x00, 0x00, 0x00, 0x02, 0x00, 0x80, 0x14, 0x1b, 0x00, 0xe4, 0x02,
  0x0d, 0x00, 0x07, 0x00, 0x01, 0x00, 0x04, 0x3c, 0x70, 0x33, 0x84, 0x8c,
  0x12, 0x38, 0x00, 0x00, 0xd9, 0xff, 0x87, 0x10, 0x00, 0x00, 0x00, 0x00,
  0x50, 0x00, 0xa4, 0x8f, 0x00, 0x00, 0x00, 0x00, 0x0b, 0x00, 0x80, 0x10,
  0xff, 0xff, 0x04, 0x24, 0xc0, 0x81, 0x10, 0x00, 0x40, 0xb2, 0x16, 0x00,
  0x21, 0x80, 0x16, 0x02, 0x00, 0x00, 0x44, 0xac, 0x21, 0x80, 0x70, 0x00,
  0x01, 0x00, 0x02, 0x24, 0x0a, 0x00, 0xc2, 0xa0, 0x6c, 0x01, 0x15, 0xae,
  0xb2, 0xff, 0x00, 0x10, 0x25, 0x10, 0xa0, 0x02, 0xc9, 0xff, 0x00, 0x10,
  0x01, 0x00, 0x52, 0x26, 0xb0, 0xff, 0xbd, 0x27, 0x38, 0x00, 0xb4, 0xaf,
  0x30, 0x00, 0xb2, 0xaf, 0x40, 0xa0, 0x04, 0x00, 0x40, 0x90, 0x05, 0x00,
  0x34, 0x00, 0xb3, 0xaf, 0x21, 0x10, 0x84, 0x02, 0x21, 0x98, 0x45, 0x02,
  0x40, 0x12, 0x02, 0x00, 0xc0, 0x99, 0x13, 0x00, 0x3c, 0x00, 0xb5, 0xaf,
  0x21, 0x98, 0x62, 0x02, 0x01, 0x00, 0x15, 0x3c, 0x90, 0xcf, 0xb5, 0x26,
  0x21, 0x98, 0xb3, 0x02, 0x2c, 0x00, 0x63, 0x96, 0x44, 0x00, 0x62, 0x8e,
  0x01, 0x00, 0x07, 0x3c, 0xa0, 0xee, 0xe7, 0x24, 0x18, 0x00, 0x62, 0x00,
  0x48, 0x00, 0xbe, 0xaf, 0x44, 0x00, 0xb7, 0xaf, 0x40, 0x00, 0xb6, 0xaf,
  0x2c, 0x00, 0xb1, 0xaf, 0x28, 0x00, 0xb0, 0xaf, 0x4c, 0x00, 0xbf, 0xaf,
  0x25, 0x80, 0x80, 0x00, 0x01, 0x00, 0x17, 0x3c, 0xa0, 0xee, 0xf7, 0x26,
  0x12, 0x30, 0x00, 0x00, 0x7b, 0xf0, 0x11, 0x04, 0x25, 0x88, 0xa0, 0x00,
  0x25, 0xf0, 0x40, 0x00, 0x51, 0x01, 0x62, 0x92, 0x00, 0x00, 0xf6, 0x8e,
  0x10, 0x00, 0x42, 0x30, 0x03, 0x00, 0x40, 0x10, 0x00, 0x00, 0x00, 0x00,
  0x3d, 0x00, 0xc0, 0x12, 0x00, 0x00, 0x00, 0x00, 0xff, 0xff, 0x02, 0x24,
  0x03, 0x00, 0xc2, 0x12, 0xff, 0x7f, 0x02, 0x3c, 0xff, 0xff, 0x42, 0x34,
  0x24, 0xb0, 0xc2, 0x02, 0x21, 0x98, 0x51, 0x02, 0x21, 0x10, 0x90, 0x02,
  0x40, 0x12, 0x02, 0x00, 0xc0, 0x99, 0x13, 0x00, 0x21, 0x98, 0x62, 0x02,
  0x21, 0x98, 0xb3, 0x02, 0x2c, 0x00, 0x63, 0x96, 0x44, 0x00, 0x62, 0x8e,
  0x25, 0x20, 0x00, 0x02, 0x18, 0x00, 0x62, 0x00, 0x01, 0x00, 0x07, 0x3c,
  0xa0, 0xee, 0xe7, 0x24, 0x25, 0x28, 0x20, 0x02, 0x12, 0x30, 0x00, 0x00,
  0x5e, 0xf0, 0x11, 0x04, 0x01, 0x00, 0xc6, 0x24, 0x51, 0x01, 0x64, 0x92,
  0x00, 0x00, 0xe3, 0x8e, 0x10, 0x00, 0x84, 0x30, 0x03, 0x00, 0x80, 0x10,
  0x00, 0x00, 0x00, 0x00, 0x9d, 0x00, 0x60, 0x10, 0x00, 0x00, 0x00, 0x00,
  0xff, 0xff, 0x04, 0x24, 0x9a, 0x00, 0x64, 0x10, 0xff, 0x7f, 0x04, 0x3c,
  0xff, 0xff, 0x84, 0x34, 0x24, 0x18, 0x64, 0x00, 0x25, 0x10, 0xc2, 0x03,
  0x1b, 0x00, 0x40, 0x10, 0xff, 0xff, 0x04, 0x24, 0x21, 0x90, 0x51, 0x02,
  0x21, 0xa0, 0x90, 0x02, 0xc0, 0x91, 0x12, 0x00, 0x40, 0xa2, 0x14, 0x00,
  0x21, 0x90, 0x54, 0x02, 0x21, 0x90, 0xb2, 0x02, 0x44, 0x00, 0x46, 0x8e,
  0x25, 0x38, 0x00, 0x00, 0x10, 0x00, 0xa0, 0xaf, 0x25, 0x28, 0x20, 0x02,
  0x47, 0x11, 0x11, 0x04, 0x25, 0x20, 0x00, 0x02, 0x4c, 0x00, 0xbf, 0x8f,
  0x48, 0x00, 0xbe, 0x8f, 0x44, 0x00, 0xb7, 0x8f, 0x40, 0x00, 0xb6, 0x8f,
  0x3c, 0x00, 0xb5, 0x8f, 0x38, 0x00, 0xb4, 0x8f, 0x34, 0x00, 0xb3, 0x8f,
  0x30, 0x00, 0xb2, 0x8f, 0x2c, 0x00, 0xb1, 0x8f, 0x28, 0x00, 0xb0, 0x8f,
  0x08, 0x00, 0xe0, 0x03, 0x50, 0x00, 0xbd, 0x27, 0xc8, 0xff, 0x00, 0x10,
  0xff, 0xff, 0x16, 0x24, 0x24, 0x18, 0x76, 0x00, 0xf0, 0xff, 0x64, 0x10,
  0x21, 0x98, 0x51, 0x02, 0x21, 0x10, 0x90, 0x02, 0xc0, 0x99, 0x13, 0x00,
  0x40, 0x12, 0x02, 0x00, 0x21, 0x98, 0x62, 0x02, 0x25, 0xb8, 0x00, 0x00,
  0x21, 0x98, 0xb3, 0x02, 0x01, 0x00, 0x1e, 0x3c, 0x7c, 0x73, 0xde, 0x27,
  0x5c, 0x01, 0x62, 0x8e, 0x00, 0x00, 0x00, 0x00, 0x2b, 0x18, 0xe2, 0x02,
  0x2d, 0x00, 0x60, 0x14, 0x25, 0x28, 0x20, 0x02, 0x01, 0x00, 0x13, 0x3c,
  0x90, 0xcd, 0x73, 0x26, 0x10, 0x00, 0xb3, 0xaf, 0x01, 0x00, 0x07, 0x3c,
  0x7c, 0x73, 0xe7, 0x24, 0x25, 0x30, 0xc0, 0x02, 0x21, 0x11, 0x11, 0x04,
  0x25, 0x20, 0x00, 0x02, 0xd9, 0xff, 0x40, 0x14, 0x25, 0xb8, 0x40, 0x00,
  0x21, 0x18, 0x51, 0x02, 0x21, 0x10, 0x90, 0x02, 0xc0, 0x19, 0x03, 0x00,
  0x40, 0x12, 0x02, 0x00, 0x21, 0x18, 0x62, 0x00, 0x01, 0x00, 0x09, 0x3c,
  0x7c, 0x73, 0x29, 0x25, 0x25, 0x40, 0x00, 0x00, 0x21, 0xf0, 0xa3, 0x02,
  0x2c, 0x00, 0xc2, 0x97, 0x00, 0x00, 0x00, 0x00, 0x2a, 0x18, 0x02, 0x01,
  0x35, 0x00, 0x60, 0x14, 0x00, 0x00, 0x00, 0x00, 0x21, 0x48, 0x51, 0x02,
  0x21, 0x10, 0x90, 0x02, 0xc0, 0x49, 0x09, 0x00, 0x40, 0x12, 0x02, 0x00,
  0x21, 0x48, 0x22, 0x01, 0x21, 0x48, 0xa9, 0x02, 0x5c, 0x01, 0x22, 0x8d,
  0x00, 0x00, 0x00, 0x00, 0x2b, 0x18, 0xe2, 0x02, 0xb4, 0xff, 0x60, 0x10,
  0x25, 0x28, 0x20, 0x02, 0x40, 0x00, 0x23, 0x8d, 0x00, 0x00, 0x00, 0x00,
  0x18, 0x00, 0x43, 0x00, 0x25, 0x20, 0x00, 0x02, 0x12, 0x30, 0x00, 0x00,
  0x88, 0xf8, 0x11, 0x04, 0x21, 0x30, 0xd7, 0x00, 0xf3, 0xff, 0x00, 0x10,
  0x01, 0x00, 0xf7, 0x26, 0x40, 0x00, 0x63, 0x8e, 0x00, 0x00, 0x00, 0x00,
  0x18, 0x00, 0x43, 0x00, 0x18, 0x00, 0xa7, 0x27, 0x25, 0x20, 0x00, 0x02,
  0x12, 0x30, 0x00, 0x00, 0x2d, 0xfe, 0x11, 0x04, 0x21, 0x30, 0xd7, 0x00,
  0x18, 0x00, 0xa5, 0x8f, 0x01, 0x00, 0x02, 0x24, 0x0c, 0x00, 0xa2, 0xa0,
  0x2a, 0x00, 0x62, 0x86, 0x2a, 0x00, 0x66, 0x96, 0x18, 0x00, 0x57, 0x00,
  0x25, 0x18, 0x00, 0x00, 0x12, 0x10, 0x00, 0x00, 0x80, 0x10, 0x02, 0x00,
  0x21, 0x10, 0xc2, 0x03, 0x2a, 0x20, 0x66, 0x00, 0x03, 0x00, 0x80, 0x14,
  0x00, 0x00, 0x00, 0x00, 0xb9, 0xff, 0x00, 0x10, 0x01, 0x00, 0xf7, 0x26,
  0x28, 0x00, 0x64, 0x86, 0x04, 0x00, 0x42, 0x24, 0x18, 0x00, 0x83, 0x00,
  0x04, 0x00, 0xa4, 0x8c, 0x01, 0x00, 0x63, 0x24, 0x12, 0x38, 0x00, 0x00,
  0x21, 0x20, 0x87, 0x00, 0xf3, 0xff, 0x00, 0x10, 0xfc, 0xff, 0x44, 0xac,
  0x28, 0x00, 0xc3, 0x87, 0x00, 0x00, 0x00, 0x00, 0x02, 0x00, 0x61, 0x04,
  0x00, 0x00, 0x00, 0x00, 0x1f, 0x00, 0x63, 0x24, 0x00, 0x14, 0x02, 0x00,
  0x03, 0x14, 0x02, 0x00, 0x18, 0x00, 0x56, 0x00, 0x43, 0x19, 0x03, 0x00,
  0x25, 0x28, 0x20, 0x02, 0x25, 0x20, 0x00, 0x02, 0x24, 0x00, 0xa9, 0xaf,
  0x20, 0x00, 0xa8, 0xaf, 0x12, 0x30, 0x00, 0x00, 0x00, 0x00, 0x00, 0x00,
  0x00, 0x00, 0x00, 0x00, 0x18, 0x00, 0x68, 0x00, 0x12, 0x10, 0x00, 0x00,
  0x21, 0x10, 0x62, 0x02, 0x10, 0x00, 0xa2, 0xaf, 0x00, 0x00, 0x27, 0x8d,
  0x2f, 0x11, 0x11, 0x04, 0x21, 0x30, 0xc8, 0x00, 0x7e, 0xff, 0x40, 0x14,
  0x00, 0x00, 0x00, 0x00, 0x24, 0x00, 0xa9, 0x8f, 0x20, 0x00, 0xa8, 0x8f,
  0x04, 0x00, 0x29, 0x25, 0xaa, 0xff, 0x00, 0x10, 0x01, 0x00, 0x08, 0x25,
  0xff, 0xff, 0x03, 0x24, 0x67, 0xff, 0xc3, 0x12, 0x00, 0x00, 0x00, 0x00,
  0x69, 0xff, 0x00, 0x10, 0x21, 0x90, 0x51, 0x02, 0x40, 0x10, 0x05, 0x00,
  0x40, 0x18, 0x04, 0x00, 0xd0, 0xff, 0xbd, 0x27, 0x21, 0x10, 0x45, 0x00,
  0x21, 0x18, 0x64, 0x00, 0x40, 0x4a, 0x03, 0x00, 0x18, 0x00, 0xb0, 0xaf,
  0x25, 0x80, 0xe0, 0x00, 0xc0, 0x39, 0x02, 0x00, 0x01, 0x00, 0x08, 0x3c,
  0x90, 0xcf, 0x08, 0x25, 0x21, 0x38, 0xe9, 0x00, 0x21, 0x38, 0x07, 0x01,
  0x58, 0x01, 0xe7, 0x8c, 0x1c, 0x00, 0xb1, 0xaf, 0x02, 0x00, 0xe0, 0x14,
  0x1b, 0x00, 0xc7, 0x00, 0x0d, 0x00, 0x07, 0x00, 0xc0, 0x19, 0x03, 0x00,
  0x40, 0x11, 0x02, 0x00, 0x21, 0x10, 0x43, 0x00, 0x28, 0x00, 0xb4, 0xaf,
  0x24, 0x00, 0xb3, 0xaf, 0x20, 0x00, 0xb2, 0xaf, 0x2c, 0x00, 0xbf, 0xaf,
  0x25, 0x98, 0x80, 0x00, 0x25, 0xa0, 0xa0, 0x00, 0x12, 0x30, 0x00, 0x00,
  0x10, 0x88, 0x00, 0x00, 0x00, 0x00, 0x00, 0x00, 0x02, 0x00, 0xe0, 0x14,
  0x1b, 0x00, 0xc7, 0x00, 0x0d, 0x00, 0x07, 0x00, 0x12, 0x18, 0x00, 0x00,
  0x21, 0x10, 0x43, 0x00, 0x14, 0x00, 0x42, 0x24, 0x80, 0x10, 0x02, 0x00,
  0x21, 0x40, 0x02, 0x01, 0x00, 0x00, 0x06, 0x8d, 0x10, 0x90, 0x00, 0x00,
  0xc8, 0xfd, 0x11, 0x04, 0x10, 0x00, 0xa7, 0x27, 0x25, 0x18, 0x40, 0x00,
  0x14, 0x00, 0x60, 0x14, 0xb5, 0xff, 0x02, 0x24, 0x10, 0x00, 0xa2, 0x8f,
  0x80, 0x90, 0x12, 0x00, 0x04, 0x00, 0x42, 0x8c, 0x10, 0x00, 0xa7, 0x27,
  0x21, 0x10, 0x52, 0x00, 0x00, 0x00, 0x46, 0x8c, 0x25, 0x28, 0x80, 0x02,
  0xbc, 0xfd, 0x11, 0x04, 0x25, 0x20, 0x60, 0x02, 0x11, 0x00, 0x40, 0x14,
  0x80, 0x88, 0x11, 0x00, 0x10, 0x00, 0xa4, 0x8f, 0x00, 0x00, 0x00, 0x00,
  0x04, 0x00, 0x83, 0x8c, 0x00, 0x00, 0x00, 0x00, 0x21, 0x88, 0x71, 0x00,
  0x01, 0x00, 0x03, 0x24, 0x00, 0x00, 0x30, 0xae, 0x0a, 0x00, 0x83, 0xa0,
  0x2c, 0x00, 0xbf, 0x8f, 0x28, 0x00, 0xb4, 0x8f, 0x24, 0x00, 0xb3, 0x8f,
  0x20, 0x00, 0xb2, 0x8f, 0x1c, 0x00, 0xb1, 0x8f, 0x18, 0x00, 0xb0, 0x8f,
  0x08, 0x00, 0xe0, 0x03, 0x30, 0x00, 0xbd, 0x27, 0xf7, 0xff, 0x00, 0x10,
  0xb4, 0xff, 0x02, 0x24, 0x40, 0x10, 0x05, 0x00, 0x40, 0x18, 0x04, 0x00,
  0xd0, 0xff, 0xbd, 0x27, 0x21, 0x10, 0x45, 0x00, 0x21, 0x18, 0x64, 0x00,
  0x40, 0x4a, 0x03, 0x00, 0x18, 0x00, 0xb0, 0xaf, 0x25, 0x80, 0xe0, 0x00,
  0xc0, 0x39, 0x02, 0x00, 0x01, 0x00, 0x08, 0x3c, 0x90, 0xcf, 0x08, 0x25,
  0x21, 0x38, 0xe9, 0x00, 0x21, 0x38, 0x07, 0x01, 0x58, 0x01, 0xe7, 0x8c,
  0x1c, 0x00, 0xb1, 0xaf, 0x02, 0x00, 0xe0, 0x14, 0x1b, 0x00, 0xc7, 0x00,
  0x0d, 0x00, 0x07, 0x00, 0xc0, 0x19, 0x03, 0x00, 0x40, 0x11, 0x02, 0x00,
  0x21, 0x10, 0x43, 0x00, 0x28, 0x00, 0xb4, 0xaf, 0x24, 0x00, 0xb3, 0xaf,
  0x20, 0x00, 0xb2, 0xaf, 0x2c, 0x00, 0xbf, 0xaf, 0x25, 0x98, 0x80, 0x00,
  0x25, 0xa0, 0xa0, 0x00, 0x12, 0x30, 0x00, 0x00, 0x10, 0x88, 0x00, 0x00,
  0x00, 0x00, 0x00, 0x00, 0x02, 0x00, 0xe0, 0x14, 0x1b, 0x00, 0xc7, 0x00,
  0x0d, 0x00, 0x07, 0x00, 0x12, 0x18, 0x00, 0x00, 0x21, 0x10, 0x43, 0x00,
  0x14, 0x00, 0x42, 0x24, 0x80, 0x10, 0x02, 0x00, 0x21, 0x40, 0x02, 0x01,
  0x00, 0x00, 0x06, 0x8d, 0x10, 0x90, 0x00, 0x00, 0x7e, 0xfd, 0x11, 0x04,
  0x10, 0x00, 0xa7, 0x27, 0x25, 0x18, 0x40, 0x00, 0x14, 0x00, 0x60, 0x14,
  0xb2, 0xff, 0x02, 0x24, 0x10, 0x00, 0xa2, 0x8f, 0x80, 0x90, 0x12, 0x00,
  0x04, 0x00, 0x42, 0x8c, 0x10, 0x00, 0xa7, 0x27, 0x21, 0x10, 0x52, 0x00,
  0x00, 0x00, 0x46, 0x8c, 0x25, 0x28, 0x80, 0x02, 0x72, 0xfd, 0x11, 0x04,
  0x25, 0x20, 0x60, 0x02, 0x11, 0x00, 0x40, 0x14, 0x80, 0x88, 0x11, 0x00,
  0x10, 0x00, 0xa3, 0x8f, 0x00, 0x00, 0x00, 0x00, 0x04, 0x00, 0x63, 0x8c,
  0x00, 0x00, 0x00, 0x00, 0x21, 0x88, 0x71, 0x00, 0x00, 0x00, 0x23, 0x8e,
  0x00, 0x00, 0x00, 0x00, 0x00, 0x00, 0x03, 0xae, 0x2c, 0x00, 0xbf, 0x8f,
  0x28, 0x00, 0xb4, 0x8f, 0x24, 0x00, 0xb3, 0x8f, 0x20, 0x00, 0xb2, 0x8f,
  0x1c, 0x00, 0xb1, 0x8f, 0x18, 0x00, 0xb0, 0x8f, 0x08, 0x00, 0xe0, 0x03,
  0x30, 0x00, 0xbd, 0x27, 0xf7, 0xff, 0x00, 0x10, 0xb1, 0xff, 0x02, 0x24,
  0xc0, 0xff, 0xbd, 0x27, 0x34, 0x00, 0xb7, 0xaf, 0x40, 0xb8, 0x04, 0x00,
  0x21, 0x10, 0xe4, 0x02, 0x30, 0x00, 0xb6, 0xaf, 0x00, 0x11, 0x02, 0x00,
  0x01, 0x00, 0x16, 0x3c, 0x90, 0xe7, 0xd6, 0x26, 0x21, 0x10, 0xc2, 0x02,
  0x06, 0x00, 0x47, 0x94, 0x08, 0x00, 0x48, 0x94, 0x40, 0x28, 0x07, 0x00,
  0x40, 0x18, 0x08, 0x00, 0x2c, 0x00, 0xb5, 0xaf, 0x21, 0x30, 0x68, 0x00,
  0x25, 0xa8, 0x80, 0x00, 0x21, 0x20, 0xa7, 0x00, 0x40, 0x22, 0x04, 0x00,
  0xc0, 0x31, 0x06, 0x00, 0x21, 0x30, 0xc4, 0x00, 0x24, 0x00, 0xb3, 0xaf,
  0x01, 0x00, 0x13, 0x3c, 0x90, 0xcf, 0x73, 0x26, 0x21, 0x30, 0x66, 0x02,
  0x0c, 0x00, 0x44, 0x8c, 0x54, 0x01, 0xc6, 0x8c, 0x28, 0x00, 0xb4, 0xaf,
  0x02, 0x00, 0xc0, 0x14, 0x1b, 0x00, 0x86, 0x00, 0x0d, 0x00, 0x07, 0x00,
  0x1c, 0x00, 0x46, 0x8c, 0x3c, 0x00, 0xbf, 0xaf, 0x38, 0x00, 0xbe, 0xaf,
  0x20, 0x00, 0xb2, 0xaf, 0x1c, 0x00, 0xb1, 0xaf, 0x12, 0xa0, 0x00, 0x00,
  0x2b, 0x20, 0x86, 0x02, 0x19, 0x00, 0x80, 0x10, 0x18, 0x00, 0xb0, 0xaf,
  0x14, 0x00, 0x44, 0x8c, 0x19, 0x00, 0x80, 0x12, 0x25, 0x30, 0x80, 0x00,
  0x21, 0x80, 0x68, 0x00, 0x21, 0x90, 0xa7, 0x00, 0xc0, 0xf1, 0x10, 0x00,
  0x40, 0x12, 0x12, 0x00, 0x21, 0xf0, 0xc2, 0x03, 0x21, 0x88, 0xf5, 0x02,
  0x00, 0x89, 0x11, 0x00, 0x21, 0x88, 0xd1, 0x02, 0x08, 0x00, 0x25, 0x96,
  0x06, 0x00, 0x24, 0x96, 0x81, 0xff, 0x11, 0x04, 0x10, 0x00, 0xa7, 0x27,
  0x15, 0x00, 0x40, 0x14, 0x00, 0x00, 0x00, 0x00, 0x10, 0x00, 0xa2, 0x8f,
  0x00, 0x00, 0x00, 0x00, 0xff, 0xff, 0x43, 0x28, 0x1c, 0x00, 0x60, 0x14,
  0xff, 0x7f, 0x03, 0x3c, 0x0e, 0x00, 0x00, 0x10, 0xfd, 0xff, 0x02, 0x24,
  0x18, 0x00, 0x44, 0x8c, 0xe7, 0xff, 0x00, 0x10, 0x23, 0xa0, 0x86, 0x02,
  0xfa, 0xff, 0x80, 0x04, 0x21, 0x18, 0x68, 0x00, 0x21, 0x28, 0xa7, 0x00,
  0xc0, 0x19, 0x03, 0x00, 0x40, 0x2a, 0x05, 0x00, 0x21, 0x18, 0x65, 0x00,
  0x21, 0x18, 0x63, 0x02, 0x34, 0x00, 0x62, 0x8c, 0x00, 0x00, 0x00, 0x00,
  0x21, 0x10, 0x82, 0x00, 0x3c, 0x00, 0xbf, 0x8f, 0x38, 0x00, 0xbe, 0x8f,
  0x34, 0x00, 0xb7, 0x8f, 0x30, 0x00, 0xb6, 0x8f, 0x2c, 0x00, 0xb5, 0x8f,
  0x28, 0x00, 0xb4, 0x8f, 0x24, 0x00, 0xb3, 0x8f, 0x20, 0x00, 0xb2, 0x8f,
  0x1c, 0x00, 0xb1, 0x8f, 0x18, 0x00, 0xb0, 0x8f, 0x08, 0x00, 0xe0, 0x03,
  0x40, 0x00, 0xbd, 0x27, 0xff, 0xff, 0x63, 0x34, 0x24, 0x30, 0x43, 0x00,
  0x21, 0x18, 0x7e, 0x02, 0x0c, 0x00, 0x22, 0x8e, 0x54, 0x01, 0x63, 0x8c,
  0xff, 0xff, 0x94, 0x26, 0x02, 0x00, 0x60, 0x14, 0x1b, 0x00, 0x43, 0x00,
  0x0d, 0x00, 0x07, 0x00, 0x18, 0x00, 0x26, 0xae, 0x12, 0x10, 0x00, 0x00,
  0x23, 0x10, 0x54, 0x00, 0xca, 0xff, 0x80, 0x1e, 0x1c, 0x00, 0x22, 0xae,
  0xc0, 0x81, 0x10, 0x00, 0x40, 0x2a, 0x12, 0x00, 0x21, 0x80, 0x05, 0x02,
  0x21, 0x18, 0x70, 0x02, 0x34, 0x00, 0x62, 0x8c, 0xe0, 0xff, 0x00, 0x10,
  0x21, 0x10, 0xc2, 0x00, 0xa8, 0xff, 0xbd, 0x27, 0x3c, 0x00, 0xb3, 0xaf,
  0x40, 0x98, 0x04, 0x00, 0x21, 0x10, 0x64, 0x02, 0x34, 0x00, 0xb1, 0xaf,
  0x00, 0x11, 0x02, 0x00, 0x01, 0x00, 0x11, 0x3c, 0x90, 0xe7, 0x31, 0x26,
  0x21, 0x10, 0x22, 0x02, 0x50, 0x00, 0xbe, 0xaf, 0x4c, 0x00, 0xb7, 0xaf,
  0x08, 0x00, 0x5e, 0x94, 0x06, 0x00, 0x57, 0x94, 0x01, 0x00, 0x03, 0x3c,
  0x90, 0xcf, 0x63, 0x24, 0x40, 0x00, 0xb4, 0xaf, 0x1c, 0x00, 0xa3, 0xaf,
  0x25, 0xa0, 0x80, 0x00, 0x40, 0x18, 0x1e, 0x00, 0x40, 0x20, 0x17, 0x00,
  0x20, 0x00, 0xa3, 0xaf, 0x24, 0x00, 0xa4, 0xaf, 0x21, 0x18, 0x7e, 0x00,
  0x21, 0x20, 0x97, 0x00, 0x40, 0x22, 0x04, 0x00, 0xc0, 0x19, 0x03, 0x00,
  0x21, 0x18, 0x64, 0x00, 0x01, 0x00, 0x04, 0x3c, 0x90, 0xcf, 0x84, 0x24,
  0x21, 0x18, 0x83, 0x00, 0x54, 0x01, 0x63, 0x8c, 0x0c, 0x00, 0x44, 0x8c,
  0x44, 0x00, 0xb5, 0xaf, 0x02, 0x00, 0x60, 0x14, 0x1b, 0x00, 0x83, 0x00,
  0x0d, 0x00, 0x07, 0x00, 0x1c, 0x00, 0x44, 0x8c, 0x54, 0x00, 0xbf, 0xaf,
  0x48, 0x00, 0xb6, 0xaf, 0x38, 0x00, 0xb2, 0xaf, 0x12, 0xa8, 0x00, 0x00,
  0x04, 0x00, 0x80, 0x10, 0x30, 0x00, 0xb0, 0xaf, 0x2b, 0x18, 0xa4, 0x02,
  0x6a, 0x00, 0x60, 0x10, 0x00, 0x00, 0x00, 0x00, 0x21, 0x80, 0x74, 0x02,
  0x00, 0x81, 0x10, 0x00, 0x21, 0x80, 0x30, 0x02, 0x14, 0x00, 0x12, 0x8e,
  0x00, 0x00, 0x00, 0x00, 0x15, 0x00, 0x41, 0x06, 0x01, 0x00, 0x06, 0x24,
  0x25, 0x28, 0xc0, 0x03, 0x4f, 0xfd, 0x11, 0x04, 0x25, 0x20, 0xe0, 0x02,
  0x25, 0x90, 0x40, 0x00, 0x51, 0x00, 0x40, 0x06, 0xfd, 0xff, 0x02, 0x24,
  0x01, 0x00, 0x02, 0x3c, 0xfc, 0x73, 0x42, 0x8c, 0x25, 0x20, 0x80, 0x02,
  0x00, 0x00, 0x56, 0x8c, 0x60, 0x14, 0x11, 0x04, 0x14, 0x00, 0x12, 0xae,
  0x49, 0x00, 0x40, 0x14, 0x00, 0x00, 0x00, 0x00, 0x2e, 0xf7, 0x11, 0x04,
  0x25, 0x20, 0xc0, 0x02, 0x08, 0x00, 0x05, 0x96, 0x06, 0x00, 0x04, 0x96,
  0xf0, 0xfa, 0x11, 0x04, 0x00, 0x00, 0x00, 0x00, 0x2c, 0x00, 0xa0, 0x12,
  0x00, 0x00, 0x00, 0x00, 0x21, 0x80, 0x74, 0x02, 0xff, 0x7f, 0x02, 0x3c,
  0x00, 0x81, 0x10, 0x00, 0xff, 0xff, 0x42, 0x34, 0x21, 0x80, 0x30, 0x02,
  0x28, 0x00, 0xa2, 0xaf, 0x08, 0x00, 0x05, 0x96, 0x06, 0x00, 0x04, 0x96,
  0x10, 0x00, 0xa7, 0x27, 0xf4, 0xfe, 0x11, 0x04, 0x25, 0x30, 0x40, 0x02,
  0x34, 0x00, 0x40, 0x14, 0x00, 0x00, 0x00, 0x00, 0x10, 0x00, 0xb6, 0x8f,
  0xff, 0xff, 0x02, 0x24, 0x17, 0x00, 0xc2, 0x16, 0x00, 0x00, 0x00, 0x00,
  0x08, 0x00, 0x05, 0x96, 0x06, 0x00, 0x04, 0x96, 0x27, 0xfd, 0x11, 0x04,
  0x01, 0x00, 0x06, 0x24, 0x2a, 0x00, 0x40, 0x04, 0x00, 0x80, 0x07, 0x3c,
  0x25, 0xb0, 0x47, 0x00, 0x01, 0x00, 0x02, 0x3c, 0xfc, 0x73, 0x42, 0x8c,
  0x08, 0x00, 0x05, 0x96, 0x00, 0x00, 0x42, 0x8c, 0x06, 0x00, 0x04, 0x96,
  0x25, 0x38, 0xc0, 0x02, 0x25, 0x30, 0x40, 0x02, 0x10, 0x00, 0xb6, 0xaf,
  0x93, 0xfe, 0x11, 0x04, 0x18, 0x00, 0xa2, 0xaf, 0x1d, 0x00, 0x40, 0x14,
  0x00, 0x00, 0x00, 0x00, 0x18, 0x00, 0xa4, 0x8f, 0x01, 0xf7, 0x11, 0x04,
  0x00, 0x00, 0x00, 0x00, 0x28, 0x00, 0xa2, 0x8f, 0xff, 0xff, 0xb5, 0x26,
  0xdc, 0xff, 0xa0, 0x1e, 0x24, 0x90, 0xc2, 0x02, 0x21, 0x98, 0x74, 0x02,
  0x20, 0x00, 0xa2, 0x8f, 0x00, 0x99, 0x13, 0x00, 0x21, 0x88, 0x33, 0x02,
  0x18, 0x00, 0x32, 0xae, 0x21, 0x90, 0x5e, 0x00, 0x24, 0x00, 0xa2, 0x8f,
  0xc0, 0x91, 0x12, 0x00, 0x21, 0xb0, 0x57, 0x00, 0x40, 0xb2, 0x16, 0x00,
  0x1c, 0x00, 0xa2, 0x8f, 0x21, 0x90, 0x56, 0x02, 0x21, 0x10, 0x52, 0x00,
  0x54, 0x01, 0x42, 0x8c, 0x0c, 0x00, 0x23, 0x8e, 0x02, 0x00, 0x40, 0x14,
  0x1b, 0x00, 0x62, 0x00, 0x0d, 0x00, 0x07, 0x00, 0x12, 0x10, 0x00, 0x00,
  0x1c, 0x00, 0x22, 0xae, 0x25, 0x10, 0x00, 0x00, 0x54, 0x00, 0xbf, 0x8f,
  0x50, 0x00, 0xbe, 0x8f, 0x4c, 0x00, 0xb7, 0x8f, 0x48, 0x00, 0xb6, 0x8f,
  0x44, 0x00, 0xb5, 0x8f, 0x40, 0x00, 0xb4, 0x8f, 0x3c, 0x00, 0xb3, 0x8f,
  0x38, 0x00, 0xb2, 0x8f, 0x34, 0x00, 0xb1, 0x8f, 0x30, 0x00, 0xb0, 0x8f,
  0x08, 0x00, 0xe0, 0x03, 0x58, 0x00, 0xbd, 0x27, 0x18, 0x00, 0x52, 0x8c,
  0xb0, 0xff, 0x00, 0x10, 0x23, 0xa8, 0xa4, 0x02, 0xb8, 0xff, 0xbd, 0x27,
  0x30, 0x00, 0xb4, 0xaf, 0x28, 0x00, 0xb2, 0xaf, 0x40, 0xa0, 0x04, 0x00,
  0x40, 0x90, 0x05, 0x00, 0x21, 0x10, 0x45, 0x02, 0x21, 0x18, 0x84, 0x02,
  0x40, 0x1a, 0x03, 0x00, 0xc0, 0x11, 0x02, 0x00, 0x21, 0x10, 0x43, 0x00,
  0x34, 0x00, 0xb5, 0xaf, 0x01, 0x00, 0x15, 0x3c, 0x90, 0xcf, 0xb5, 0x26,
  0x21, 0x10, 0xa2, 0x02, 0x54, 0x01, 0x42, 0x8c, 0x02, 0x04, 0x03, 0x24,
  0x42, 0x12, 0x02, 0x00, 0x02, 0x00, 0x40, 0x14, 0x1b, 0x00, 0x62, 0x00,
  0x0d, 0x00, 0x07, 0x00, 0x38, 0x00, 0xb6, 0xaf, 0x24, 0x00, 0xb1, 0xaf,
  0x44, 0x00, 0xbf, 0xaf, 0x40, 0x00, 0xbe, 0xaf, 0x3c, 0x00, 0xb7, 0xaf,
  0x2c, 0x00, 0xb3, 0xaf, 0x20, 0x00, 0xb0, 0xaf, 0x25, 0xb0, 0xc0, 0x00,
  0x01, 0x00, 0x01, 0x3c, 0xc0, 0xf2, 0x26, 0xac, 0x12, 0x50, 0x00, 0x00,
  0x01, 0x00, 0x01, 0x3c, 0xc8, 0xf2, 0x2a, 0xac, 0x02, 0x00, 0x40, 0x14,
  0x1b, 0x00, 0xe2, 0x00, 0x0d, 0x00, 0x07, 0x00, 0x12, 0x18, 0x00, 0x00,
  0x01, 0x00, 0x01, 0x3c, 0xc4, 0xf2, 0x23, 0xac, 0x7f, 0x00, 0xc0, 0x14,
  0x25, 0x88, 0xe0, 0x00, 0x11, 0x00, 0x60, 0x14, 0x2a, 0x10, 0x6a, 0x00,
  0x21, 0x90, 0x45, 0x02, 0x21, 0xa0, 0x84, 0x02, 0xc0, 0x91, 0x12, 0x00,
  0x40, 0xa2, 0x14, 0x00, 0x21, 0x90, 0x54, 0x02, 0x21, 0xa8, 0xb2, 0x02,
  0x34, 0x00, 0xa6, 0x8e, 0x01, 0x00, 0x02, 0x3c, 0xc0, 0xf2, 0x42, 0x8c,
  0x10, 0x00, 0xa7, 0x27, 0x20, 0xfc, 0x11, 0x04, 0x21, 0x30, 0xc2, 0x00,
  0x71, 0x00, 0x40, 0x10, 0x00, 0x00, 0x00, 0x00, 0x7c, 0x00, 0x00, 0x10,
  0xb9, 0xff, 0x02, 0x24, 0x40, 0x4a, 0x05, 0x00, 0x01, 0x00, 0x07, 0x3c,
  0x10, 0xf3, 0xe7, 0x24, 0x48, 0x00, 0x40, 0x14, 0x40, 0x32, 0x04, 0x00,
  0x21, 0x48, 0x25, 0x01, 0x80, 0x48, 0x09, 0x00, 0x21, 0x30, 0xc4, 0x00,
  0x21, 0x10, 0xe9, 0x00, 0x00, 0x31, 0x06, 0x00, 0x21, 0x10, 0x46, 0x00,
  0x25, 0x80, 0x00, 0x00, 0x25, 0x38, 0x00, 0x00, 0x2a, 0x30, 0x0a, 0x02,
  0x50, 0x00, 0xc0, 0x14, 0x00, 0x00, 0x00, 0x00, 0x03, 0x00, 0xe0, 0x10,
  0x00, 0x00, 0x00, 0x00, 0x01, 0x00, 0x01, 0x3c, 0xc0, 0xf2, 0x28, 0xac,
  0xff, 0xff, 0x10, 0x26, 0x2a, 0x18, 0x03, 0x02, 0xd9, 0xff, 0x60, 0x10,
  0x40, 0x9a, 0x04, 0x00, 0x40, 0x12, 0x05, 0x00, 0x21, 0x98, 0x64, 0x02,
  0x21, 0x10, 0x45, 0x00, 0x80, 0x10, 0x02, 0x00, 0x00, 0x99, 0x13, 0x00,
  0x21, 0x98, 0x62, 0x02, 0xff, 0x7f, 0x17, 0x3c, 0x01, 0x00, 0x02, 0x3c,
  0xc0, 0xf2, 0x42, 0x24, 0x18, 0x00, 0xa2, 0xaf, 0xff, 0xff, 0x1e, 0x24,
  0xff, 0xff, 0xf7, 0x36, 0x01, 0x00, 0x08, 0x3c, 0x10, 0xf3, 0x08, 0x25,
  0x18, 0x00, 0xa7, 0x8f, 0x01, 0x00, 0x06, 0x3c, 0xc0, 0xf2, 0xc6, 0x8c,
  0x1c, 0x00, 0xa8, 0xaf, 0x4c, 0x00, 0xa5, 0xaf, 0x48, 0xfe, 0x11, 0x04,
  0x48, 0x00, 0xa4, 0xaf, 0x59, 0x00, 0x40, 0x14, 0x00, 0x00, 0x00, 0x00,
  0x01, 0x00, 0x02, 0x3c, 0xc0, 0xf2, 0x42, 0x8c, 0x00, 0x00, 0x00, 0x00,
  0x56, 0x00, 0x5e, 0x10, 0x24, 0x18, 0x57, 0x00, 0x48, 0x00, 0xa4, 0x8f,
  0x4c, 0x00, 0xa5, 0x8f, 0x1c, 0x00, 0xa8, 0x8f, 0x01, 0x00, 0x01, 0x3c,
  0xc0, 0xf2, 0x23, 0xac, 0x0a, 0x00, 0xc0, 0x16, 0x01, 0x00, 0x10, 0x26,
  0x01, 0x00, 0x02, 0x3c, 0xc8, 0xf2, 0x42, 0x8c, 0x00, 0x00, 0x00, 0x00,
  0x2a, 0x10, 0x02, 0x02, 0x04, 0x00, 0x40, 0x10, 0x80, 0x10, 0x10, 0x00,
  0x21, 0x10, 0x53, 0x00, 0x21, 0x10, 0x02, 0x01, 0x00, 0x00, 0x43, 0xac,
  0x01, 0x00, 0x02, 0x3c, 0xc4, 0xf2, 0x42, 0x8c, 0x00, 0x00, 0x00, 0x00,
  0x2a, 0x10, 0x02, 0x02, 0xdd, 0xff, 0x40, 0x14, 0x00, 0x00, 0x00, 0x00,
  0xa6, 0xff, 0x00, 0x10, 0x21, 0x90, 0x45, 0x02, 0x21, 0x58, 0xc4, 0x00,
  0x21, 0x10, 0x25, 0x01, 0x80, 0x58, 0x0b, 0x00, 0x21, 0x10, 0x4b, 0x00,
  0x21, 0x10, 0x43, 0x00, 0x80, 0x10, 0x02, 0x00, 0x21, 0x10, 0xe2, 0x00,
  0x00, 0x00, 0x42, 0x8c, 0x00, 0x00, 0x00, 0x00, 0x03, 0x00, 0x40, 0x04,
  0x00, 0x00, 0x00, 0x00, 0x01, 0x00, 0x01, 0x3c, 0xc0, 0xf2, 0x22, 0xac,
  0x96, 0xff, 0x60, 0x18, 0x21, 0x48, 0x25, 0x01, 0xab, 0xff, 0x00, 0x10,
  0x80, 0x48, 0x09, 0x00, 0xaf, 0xff, 0x00, 0x10, 0x25, 0x40, 0xc0, 0x00,
  0x00, 0x00, 0x46, 0x8c, 0x00, 0x00, 0x00, 0x00, 0xae, 0xff, 0xc0, 0x04,
  0x00, 0x00, 0x00, 0x00, 0x01, 0x00, 0x10, 0x26, 0x2a, 0x40, 0x03, 0x02,
  0x04, 0x00, 0x42, 0x24, 0xf6, 0xff, 0x00, 0x15, 0x01, 0x00, 0x07, 0x24,
  0x01, 0x00, 0x01, 0x3c, 0xc0, 0xf2, 0x26, 0xac, 0xaa, 0xff, 0x00, 0x10,
  0xff, 0xff, 0x10, 0x26, 0xa8, 0xff, 0x00, 0x10, 0x25, 0x80, 0x00, 0x00,
  0x54, 0x01, 0xa3, 0x8e, 0x58, 0x00, 0xa4, 0x8f, 0x42, 0x1a, 0x03, 0x00,
  0x02, 0x00, 0x60, 0x14, 0x1b, 0x00, 0x23, 0x02, 0x0d, 0x00, 0x07, 0x00,
  0x10, 0x00, 0xa3, 0x8f, 0x00, 0x00, 0x00, 0x00, 0x04, 0x00, 0x63, 0x8c,
  0x10, 0x88, 0x00, 0x00, 0x40, 0x8a, 0x11, 0x00, 0x21, 0x18, 0x71, 0x00,
  0x00, 0x00, 0x83, 0xac, 0x44, 0x00, 0xbf, 0x8f, 0x40, 0x00, 0xbe, 0x8f,
  0x3c, 0x00, 0xb7, 0x8f, 0x38, 0x00, 0xb6, 0x8f, 0x34, 0x00, 0xb5, 0x8f,
  0x30, 0x00, 0xb4, 0x8f, 0x2c, 0x00, 0xb3, 0x8f, 0x28, 0x00, 0xb2, 0x8f,
  0x24, 0x00, 0xb1, 0x8f, 0x20, 0x00, 0xb0, 0x8f, 0x08, 0x00, 0xe0, 0x03,
  0x48, 0x00, 0xbd, 0x27, 0xf3, 0xff, 0x00, 0x10, 0xba, 0xff, 0x02, 0x24,
  0xf1, 0xff, 0x00, 0x10, 0xfc, 0xff, 0x02, 0x24, 0xb0, 0xff, 0xbd, 0x27,
  0x34, 0x00, 0xb3, 0xaf, 0x30, 0x00, 0xb2, 0xaf, 0x40, 0x98, 0x04, 0x00,
  0x40, 0x90, 0x05, 0x00, 0x40, 0x00, 0xb6, 0xaf, 0x38, 0x00, 0xb4, 0xaf,
  0x21, 0xb0, 0x64, 0x02, 0x21, 0xa0, 0x45, 0x02, 0xc0, 0xa1, 0x14, 0x00,
  0x40, 0xb2, 0x16, 0x00, 0x48, 0x00, 0xbe, 0xaf, 0x3c, 0x00, 0xb5, 0xaf,
  0x21, 0xf0, 0x96, 0x02, 0x01, 0x00, 0x15, 0x3c, 0x90, 0xcf, 0xb5, 0x26,
  0x21, 0xf0, 0xbe, 0x02, 0x2c, 0x00, 0xb1, 0xaf, 0x28, 0x00, 0xb0, 0xaf,
  0x25, 0x88, 0xa0, 0x00, 0x25, 0x80, 0x80, 0x00, 0x25, 0x30, 0x00, 0x00,
  0x80, 0x01, 0x05, 0x24, 0x25, 0x20, 0xc0, 0x03, 0x4c, 0x00, 0xbf, 0xaf,
  0xe4, 0xeb, 0x11, 0x04, 0x44, 0x00, 0xb7, 0xaf, 0x25, 0x28, 0x20, 0x02,
  0x25, 0x20, 0x00, 0x02, 0xaa, 0xed, 0x11, 0x04, 0x60, 0x01, 0xc0, 0xaf,
  0x0d, 0x00, 0x40, 0x14, 0xcf, 0xff, 0x0a, 0x24, 0xff, 0xff, 0x02, 0x24,
  0x01, 0x00, 0x07, 0x3c, 0xa0, 0xee, 0xe7, 0x24, 0x25, 0x30, 0x00, 0x00,
  0x25, 0x28, 0x20, 0x02, 0x25, 0x20, 0x00, 0x02, 0x2c, 0xed, 0x11, 0x04,
  0x60, 0x01, 0xc2, 0xaf, 0xfe, 0xff, 0x03, 0x24, 0x0f, 0x00, 0x43, 0x14,
  0x00, 0x00, 0x00, 0x00, 0xfe, 0xff, 0x0a, 0x24, 0x4c, 0x00, 0xbf, 0x8f,
  0x48, 0x00, 0xbe, 0x8f, 0x44, 0x00, 0xb7, 0x8f, 0x40, 0x00, 0xb6, 0x8f,
  0x3c, 0x00, 0xb5, 0x8f, 0x38, 0x00, 0xb4, 0x8f, 0x34, 0x00, 0xb3, 0x8f,
  0x30, 0x00, 0xb2, 0x8f, 0x2c, 0x00, 0xb1, 0x8f, 0x28, 0x00, 0xb0, 0x8f,
  0x25, 0x10, 0x40, 0x01, 0x08, 0x00, 0xe0, 0x03, 0x50, 0x00, 0xbd, 0x27,
  0xf2, 0xff, 0x40, 0x14, 0xd0, 0xff, 0x0a, 0x24, 0x01, 0x00, 0x05, 0x3c,
  0xa0, 0xee, 0xa5, 0x24, 0x01, 0x00, 0x04, 0x3c, 0x00, 0xcd, 0x84, 0x24,
  0xc1, 0x1d, 0x11, 0x04, 0x1c, 0x00, 0x06, 0x24, 0xe9, 0xff, 0x40, 0x14,
  0xff, 0x00, 0x03, 0x3c, 0x01, 0x00, 0x17, 0x3c, 0xbc, 0xee, 0xf7, 0x26,
  0x00, 0x00, 0xe4, 0x8e, 0xff, 0x00, 0x63, 0x24, 0x24, 0x20, 0x83, 0x00,
  0x30, 0x00, 0x03, 0x3c, 0x31, 0x00, 0x63, 0x24, 0xe0, 0xff, 0x83, 0x10,
  0x50, 0x01, 0x03, 0x24, 0x01, 0x00, 0x06, 0x3c, 0xa0, 0xee, 0xc6, 0x24,
  0x21, 0x28, 0xc2, 0x00, 0x00, 0x00, 0xa5, 0x90, 0x21, 0x20, 0xc2, 0x03,
  0x01, 0x00, 0x42, 0x24, 0xfb, 0xff, 0x43, 0x14, 0x00, 0x00, 0x85, 0xa0,
  0x21, 0x18, 0x51, 0x02, 0x21, 0x10, 0x70, 0x02, 0x40, 0x12, 0x02, 0x00,
  0xc0, 0x19, 0x03, 0x00, 0x21, 0x18, 0x62, 0x00, 0x21, 0xf0, 0xa3, 0x02,
  0x02, 0x00, 0x02, 0x24, 0x25, 0x28, 0x20, 0x02, 0x25, 0x20, 0x00, 0x02,
  0x5b, 0xfc, 0x11, 0x04, 0x50, 0x01, 0xc2, 0xa3, 0xcc, 0xff, 0x40, 0x14,
  0xd1, 0xff, 0x0a, 0x24, 0x20, 0x00, 0xa2, 0x27, 0x10, 0x00, 0xa2, 0xaf,
  0x25, 0x38, 0x00, 0x00, 0x25, 0x30, 0x00, 0x00, 0x25, 0x28, 0x20, 0x02,
  0xd2, 0xfe, 0x11, 0x04, 0x25, 0x20, 0x00, 0x02, 0xc3, 0xff, 0x40, 0x14,
  0xfe, 0xff, 0x0a, 0x24, 0x20, 0x00, 0xa4, 0x8f, 0x01, 0x00, 0x05, 0x3c,
  0x80, 0xcc, 0xa5, 0x24, 0x8d, 0x1d, 0x11, 0x04, 0x40, 0x00, 0x84, 0x24,
  0xbb, 0xff, 0x40, 0x14, 0x01, 0x00, 0x07, 0x24, 0x20, 0x00, 0xa2, 0x27,
  0x10, 0x00, 0xa2, 0xaf, 0x25, 0x30, 0x00, 0x00, 0x25, 0x28, 0x20, 0x02,
  0xc3, 0xfe, 0x11, 0x04, 0x25, 0x20, 0x00, 0x02, 0xb4, 0xff, 0x40, 0x14,
  0xd3, 0xff, 0x0a, 0x24, 0x20, 0x00, 0xa4, 0x8f, 0x01, 0x00, 0x05, 0x3c,
  0x84, 0xcc, 0xa5, 0x24, 0x7e, 0x1d, 0x11, 0x04, 0x40, 0x00, 0x84, 0x24,
  0xac, 0xff, 0x40, 0x14, 0x25, 0x50, 0x40, 0x00, 0x01, 0x00, 0x02, 0x24,
  0x00, 0x00, 0xe4, 0x8e, 0x60, 0x01, 0xc2, 0xaf, 0xff, 0x00, 0x02, 0x3c,
  0xff, 0x00, 0x42, 0x24, 0x24, 0x20, 0x82, 0x00, 0x31, 0x00, 0x02, 0x3c,
  0x31, 0x00, 0x42, 0x24, 0x0d, 0x00, 0x82, 0x14, 0x00, 0x00, 0x00, 0x00,
  0x5c, 0x01, 0xc4, 0x8f, 0x44, 0x00, 0xc2, 0x8f, 0x00, 0x00, 0x00, 0x00,
  0x18, 0x00, 0x82, 0x00, 0x38, 0x00, 0xc4, 0x8f, 0x12, 0x10, 0x00, 0x00,
  0x05, 0x00, 0x44, 0x14, 0x00, 0x00, 0x00, 0x00, 0x34, 0x00, 0xc4, 0x8f,
  0x00, 0x00, 0x00, 0x00, 0x23, 0x10, 0x44, 0x00, 0x38, 0x00, 0xc2, 0xaf,
  0x21, 0x10, 0x51, 0x02, 0x21, 0x18, 0x70, 0x02, 0x40, 0x1a, 0x03, 0x00,
  0xc0, 0x11, 0x02, 0x00, 0x21, 0x10, 0x43, 0x00, 0x21, 0x58, 0xa2, 0x02,
  0x30, 0x00, 0x6c, 0x8d, 0x62, 0x10, 0x05, 0x3c, 0x18, 0x00, 0xa7, 0x27,
  0x1c, 0x00, 0xa6, 0x27, 0xd3, 0x4d, 0xa5, 0x24, 0x10, 0xeb, 0x11, 0x04,
  0x25, 0x20, 0x80, 0x01, 0x1c, 0x00, 0xa2, 0x8f, 0xc3, 0x1f, 0x0c, 0x00,
  0x82, 0x11, 0x02, 0x00, 0x21, 0x10, 0x43, 0x00, 0x40, 0x19, 0x02, 0x00,
  0x23, 0x18, 0x62, 0x00, 0x80, 0x18, 0x03, 0x00, 0x34, 0x00, 0x66, 0x8d,
  0x21, 0x18, 0x62, 0x00, 0xc0, 0x18, 0x03, 0x00, 0x21, 0xa0, 0xb4, 0x02,
  0x01, 0x00, 0x63, 0x24, 0x25, 0x20, 0xc0, 0x00, 0x21, 0xa0, 0x96, 0x02,
  0x25, 0x38, 0x00, 0x00, 0x25, 0x28, 0x00, 0x00, 0x10, 0x00, 0x0d, 0x24,
  0x01, 0x00, 0x0e, 0x24, 0x2a, 0x10, 0xe3, 0x00, 0x0a, 0x00, 0x40, 0x14,
  0x2b, 0x10, 0x8c, 0x00, 0x21, 0x90, 0x51, 0x02, 0x21, 0x98, 0x70, 0x02,
  0xc0, 0x91, 0x12, 0x00, 0x40, 0x9a, 0x13, 0x00, 0x21, 0x90, 0x53, 0x02,
  0x21, 0xa8, 0xb2, 0x02, 0x23, 0x18, 0x86, 0x00, 0x6c, 0xff, 0x00, 0x10,
  0x70, 0x01, 0xa3, 0xae, 0xf6, 0xff, 0x40, 0x10, 0x00, 0x00, 0x00, 0x00,
  0x5c, 0x01, 0x62, 0x8d, 0x00, 0x00, 0x00, 0x00, 0x02, 0x00, 0x40, 0x14,
  0x1b, 0x00, 0x82, 0x00, 0x0d, 0x00, 0x07, 0x00, 0x10, 0x10, 0x00, 0x00,
  0x03, 0x00, 0x40, 0x10, 0x25, 0x48, 0x80, 0x02, 0x0b, 0x00, 0xc4, 0x14,
  0x00, 0x00, 0x00, 0x00, 0x25, 0x40, 0x00, 0x00, 0x01, 0x00, 0x05, 0x24,
  0xd0, 0x00, 0x22, 0x8d, 0x12, 0x78, 0x00, 0x00, 0x26, 0x10, 0x4f, 0x00,
  0x2b, 0x10, 0x02, 0x00, 0x01, 0x00, 0x08, 0x25, 0x24, 0x28, 0xa2, 0x00,
  0xf9, 0xff, 0x0d, 0x15, 0x04, 0x00, 0x29, 0x25, 0x02, 0x00, 0xae, 0x14,
  0x00, 0x00, 0x00, 0x00, 0x01, 0x00, 0xe7, 0x24, 0xda, 0xff, 0x00, 0x10,
  0x01, 0x00, 0x84, 0x24, 0xa8, 0xff, 0xbd, 0x27, 0x44, 0x00, 0xb5, 0xaf,
  0x40, 0x00, 0xb4, 0xaf, 0x25, 0xa8, 0xa0, 0x00, 0x25, 0xa0, 0x80, 0x00,
  0x2f, 0x00, 0x05, 0x24, 0x25, 0x20, 0xe0, 0x00, 0x48, 0x00, 0xb6, 0xaf,
  0x38, 0x00, 0xb2, 0xaf, 0x34, 0x00, 0xb1, 0xaf, 0x54, 0x00, 0xbf, 0xaf,
  0x50, 0x00, 0xbe, 0xaf, 0x4c, 0x00, 0xb7, 0xaf, 0x3c, 0x00, 0xb3, 0xaf,
  0x30, 0x00, 0xb0, 0xaf, 0x68, 0x00, 0xb6, 0x8f, 0x25, 0x88, 0xc0, 0x00,
  0xdf, 0xea, 0x11, 0x04, 0x25, 0x90, 0xe0, 0x00, 0x03, 0x00, 0x41, 0x04,
  0x00, 0x00, 0x00, 0x00, 0x0d, 0x1d, 0x11, 0x04, 0x00, 0x00, 0x00, 0x00,
  0x25, 0x80, 0x40, 0x00, 0x02, 0x00, 0x02, 0x24, 0x5d, 0x00, 0x02, 0x16,
  0x02, 0x00, 0x06, 0x24, 0x01, 0x00, 0x05, 0x3c, 0x84, 0xcc, 0xa5, 0x24,
  0x07, 0x1d, 0x11, 0x04, 0x25, 0x20, 0x40, 0x02, 0x7e, 0x00, 0x40, 0x14,
  0x18, 0x00, 0xb3, 0x27, 0x10, 0x00, 0xb3, 0xaf, 0x10, 0x00, 0x26, 0x8e,
  0x25, 0x38, 0x00, 0x00, 0x25, 0x28, 0xa0, 0x02, 0x37, 0xfe, 0x11, 0x04,
  0x25, 0x20, 0x80, 0x02, 0x39, 0x00, 0x40, 0x14, 0x25, 0xf0, 0x40, 0x00,
  0x18, 0x00, 0xa2, 0x8f, 0x25, 0x38, 0x00, 0x00, 0x10, 0x00, 0x46, 0x8c,
  0x25, 0x28, 0xa0, 0x02, 0x10, 0x00, 0xb3, 0xaf, 0x2e, 0xfe, 0x11, 0x04,
  0x25, 0x20, 0x80, 0x02, 0x30, 0x00, 0x40, 0x14, 0x25, 0xf0, 0x40, 0x00,
  0x18, 0x00, 0xa2, 0x8f, 0x00, 0x00, 0x00, 0x00, 0x10, 0x00, 0x46, 0x8c,
  0x14, 0x00, 0x47, 0x8c, 0x03, 0x00, 0xc0, 0x12, 0x00, 0x00, 0x00, 0x00,
  0x00, 0x00, 0xc6, 0xae, 0x04, 0x00, 0xc7, 0xae, 0x10, 0x00, 0xb3, 0xaf,
  0x25, 0x28, 0xa0, 0x02, 0x20, 0xfe, 0x11, 0x04, 0x25, 0x20, 0x80, 0x02,
  0x22, 0x00, 0x40, 0x14, 0x25, 0xf0, 0x40, 0x00, 0x18, 0x00, 0xa5, 0x8f,
  0x25, 0x20, 0x20, 0x02, 0x00, 0x02, 0xa6, 0x24, 0x25, 0x10, 0xa0, 0x00,
  0x00, 0x00, 0x47, 0x8c, 0x10, 0x00, 0x42, 0x24, 0x00, 0x00, 0x87, 0xac,
  0xf4, 0xff, 0x47, 0x8c, 0x10, 0x00, 0x84, 0x24, 0xf4, 0xff, 0x87, 0xac,
  0xf8, 0xff, 0x47, 0x8c, 0x00, 0x00, 0x00, 0x00, 0xf8, 0xff, 0x87, 0xac,
  0xfc, 0xff, 0x47, 0x8c, 0xf5, 0xff, 0xc2, 0x14, 0xfc, 0xff, 0x87, 0xac,
  0x00, 0x00, 0xa2, 0x94, 0x00, 0x00, 0x00, 0x00, 0x00, 0x20, 0x42, 0x30,
  0x1b, 0x00, 0x40, 0x10, 0x00, 0x00, 0x00, 0x00, 0x01, 0x00, 0x02, 0x3c,
  0xe0, 0xcc, 0x42, 0x8c, 0x00, 0x00, 0x00, 0x00, 0x15, 0x00, 0x40, 0x14,
  0x00, 0x00, 0x00, 0x00, 0x05, 0x00, 0xc0, 0x12, 0x00, 0x00, 0x00, 0x00,
  0x08, 0x00, 0xc2, 0x8e, 0x00, 0x00, 0x00, 0x00, 0x43, 0x00, 0x41, 0x04,
  0x02, 0x00, 0x1e, 0x24, 0x03, 0x00, 0x1e, 0x24, 0x54, 0x00, 0xbf, 0x8f,
  0x4c, 0x00, 0xb7, 0x8f, 0x48, 0x00, 0xb6, 0x8f, 0x44, 0x00, 0xb5, 0x8f,
  0x40, 0x00, 0xb4, 0x8f, 0x3c, 0x00, 0xb3, 0x8f, 0x38, 0x00, 0xb2, 0x8f,
  0x34, 0x00, 0xb1, 0x8f, 0x30, 0x00, 0xb0, 0x8f, 0x25, 0x10, 0xc0, 0x03,
  0x50, 0x00, 0xbe, 0x8f, 0x08, 0x00, 0xe0, 0x03, 0x58, 0x00, 0xbd, 0x27,
  0x01, 0x00, 0x1e, 0x24, 0x05, 0x00, 0xc0, 0x12, 0x00, 0x00, 0x00, 0x00,
  0x08, 0x00, 0xc2, 0x8e, 0x00, 0x00, 0x00, 0x00, 0x2c, 0x00, 0x41, 0x04,
  0x00, 0x00, 0x00, 0x00, 0xeb, 0xff, 0x00, 0x10, 0x25, 0xf0, 0x00, 0x00,
  0x01, 0x00, 0x02, 0x24, 0x25, 0x00, 0x02, 0x16, 0x2e, 0x00, 0x02, 0x24,
  0x00, 0x00, 0x43, 0x92, 0x00, 0x00, 0x00, 0x00, 0x21, 0x00, 0x62, 0x14,
  0x18, 0x00, 0xa2, 0x27, 0x10, 0x00, 0xa2, 0xaf, 0x10, 0x00, 0x26, 0x8e,
  0x25, 0x38, 0x00, 0x00, 0x25, 0x28, 0xa0, 0x02, 0xda, 0xfd, 0x11, 0x04,
  0x25, 0x20, 0x80, 0x02, 0xdc, 0xff, 0x40, 0x14, 0x25, 0xf0, 0x40, 0x00,
  0x18, 0x00, 0xa2, 0x8f, 0x07, 0x00, 0xc0, 0x12, 0x00, 0x00, 0x00, 0x00,
  0x10, 0x00, 0x43, 0x8c, 0x00, 0x00, 0x00, 0x00, 0x00, 0x00, 0xc3, 0xae,
  0x14, 0x00, 0x43, 0x8c, 0x00, 0x00, 0x00, 0x00, 0x04, 0x00, 0xc3, 0xae,
  0x00, 0x00, 0x42, 0x94, 0x00, 0x00, 0x00, 0x00, 0x00, 0x20, 0x42, 0x30,
  0x06, 0x00, 0x40, 0x10, 0x00, 0x00, 0x00, 0x00, 0x01, 0x00, 0x02, 0x3c,
  0xe0, 0xcc, 0x42, 0x8c, 0x00, 0x00, 0x00, 0x00, 0xc2, 0xff, 0x40, 0x10,
  0x00, 0x00, 0x00, 0x00, 0xdb, 0xff, 0xc0, 0x12, 0x00, 0x00, 0x00, 0x00,
  0x08, 0x00, 0xc2, 0x8e, 0xd6, 0xff, 0x00, 0x10, 0x25, 0xf0, 0x00, 0x02,
  0x08, 0x00, 0xc0, 0x12, 0x25, 0xf0, 0x00, 0x00, 0x08, 0x00, 0xc2, 0x8e,
  0x00, 0x00, 0x00, 0x00, 0x04, 0x00, 0x40, 0x04, 0x00, 0x00, 0x00, 0x00,
  0x04, 0x00, 0x22, 0x8e, 0x00, 0x00, 0x00, 0x00, 0x08, 0x00, 0xc2, 0xae,
  0x04, 0x00, 0x22, 0x8e, 0x00, 0x00, 0x00, 0x00, 0x67, 0x00, 0x40, 0x10,
  0x0b, 0x00, 0x02, 0x2a, 0x24, 0x00, 0xa2, 0xaf, 0xf6, 0xff, 0x02, 0x26,
  0x28, 0x00, 0xa2, 0xaf, 0x0a, 0x00, 0x42, 0x26, 0x25, 0x98, 0x00, 0x00,
  0x2c, 0x00, 0xa2, 0xaf, 0x18, 0x00, 0xa2, 0x27, 0x10, 0x00, 0xa2, 0xaf,
  0x10, 0x00, 0x26, 0x8e, 0x25, 0x38, 0x60, 0x02, 0x25, 0x28, 0xa0, 0x02,
  0xa6, 0xfd, 0x11, 0x04, 0x25, 0x20, 0x80, 0x02, 0x18, 0x00, 0x40, 0x14,
  0x00, 0x00, 0x00, 0x00, 0x18, 0x00, 0xa5, 0x8f, 0x00, 0x00, 0x00, 0x00,
  0x00, 0x00, 0xa2, 0x94, 0x00, 0x00, 0x00, 0x00, 0x20, 0x00, 0xa2, 0xaf,
  0x00, 0x00, 0xa2, 0x84, 0x00, 0x00, 0x00, 0x00, 0x11, 0x00, 0x40, 0x04,
  0x00, 0x00, 0x00, 0x00, 0x07, 0x00, 0xc0, 0x12, 0x00, 0x00, 0x00, 0x00,
  0x08, 0x00, 0xc2, 0x8e, 0x00, 0x00, 0x00, 0x00, 0x2a, 0x10, 0x62, 0x02,
  0x02, 0x00, 0x40, 0x10, 0x00, 0x00, 0x00, 0x00, 0x08, 0x00, 0xd3, 0xae,
  0x6c, 0x00, 0xa2, 0x8f, 0x00, 0x00, 0x00, 0x00, 0x09, 0x00, 0x40, 0x10,
  0x00, 0x00, 0x00, 0x00, 0x3c, 0x00, 0x00, 0x10, 0x00, 0x00, 0x00, 0x00,
  0x8f, 0xff, 0x00, 0x10, 0x25, 0xf0, 0x40, 0x00, 0x6c, 0x00, 0xa2, 0x8f,
  0x00, 0x00, 0x00, 0x00, 0x36, 0x00, 0x40, 0x10, 0x00, 0x00, 0x00, 0x00,
  0x34, 0x00, 0xc0, 0x17, 0x00, 0x00, 0x00, 0x00, 0x24, 0x00, 0xa2, 0x8f,
  0x00, 0x00, 0x00, 0x00, 0x12, 0x00, 0x40, 0x14, 0x40, 0x00, 0xb7, 0x24,
  0x28, 0x00, 0xa6, 0x8f, 0x2c, 0x00, 0xa4, 0x8f, 0x45, 0x1c, 0x11, 0x04,
  0x4a, 0x00, 0xa5, 0x24, 0x0c, 0x00, 0x40, 0x14, 0x00, 0x00, 0x00, 0x00,
  0x3f, 0x1c, 0x11, 0x04, 0x25, 0x20, 0xe0, 0x02, 0x25, 0x30, 0x40, 0x00,
  0x2b, 0x10, 0x50, 0x00, 0x02, 0x00, 0x40, 0x10, 0x25, 0x28, 0xe0, 0x02,
  0x25, 0x30, 0x00, 0x02, 0x3a, 0x1c, 0x11, 0x04, 0x25, 0x20, 0x40, 0x02,
  0x0c, 0x00, 0x40, 0x10, 0x00, 0x00, 0x00, 0x00, 0x34, 0x1c, 0x11, 0x04,
  0x25, 0x20, 0xe0, 0x02, 0x25, 0x30, 0x40, 0x00, 0x2b, 0x10, 0x50, 0x00,
  0x02, 0x00, 0x40, 0x10, 0x25, 0x28, 0xe0, 0x02, 0x25, 0x30, 0x00, 0x02,
  0x2f, 0x1c, 0x11, 0x04, 0x25, 0x20, 0x40, 0x02, 0x14, 0x00, 0x40, 0x14,
  0x00, 0x00, 0x00, 0x00, 0x20, 0x00, 0xa2, 0x8f, 0x00, 0x00, 0x00, 0x00,
  0x00, 0x20, 0x57, 0x30, 0x06, 0x00, 0xe0, 0x12, 0x01, 0x00, 0x1e, 0x24,
  0x01, 0x00, 0x03, 0x3c, 0xe0, 0xcc, 0x63, 0x8c, 0x00, 0x00, 0x00, 0x00,
  0x01, 0x00, 0x7e, 0x2c, 0x01, 0x00, 0xde, 0x27, 0x0e, 0x00, 0xc0, 0x12,
  0x02, 0x00, 0x02, 0x24, 0x10, 0x00, 0x22, 0x8e, 0x04, 0x00, 0xd3, 0xae,
  0x00, 0x00, 0xc2, 0xae, 0x08, 0x00, 0xc2, 0x8e, 0x00, 0x00, 0x00, 0x00,
  0x07, 0x00, 0x40, 0x04, 0x02, 0x00, 0x02, 0x24, 0x04, 0x00, 0x22, 0x8e,
  0x01, 0x00, 0x73, 0x26, 0x2b, 0x10, 0x62, 0x02, 0xa2, 0xff, 0x40, 0x14,
  0x18, 0x00, 0xa2, 0x27, 0x02, 0x00, 0x02, 0x24, 0x4e, 0xff, 0xc2, 0x13,
  0x00, 0x00, 0x00, 0x00, 0x4c, 0xff, 0x00, 0x10, 0x01, 0x00, 0xde, 0x2b,
  0xa0, 0xff, 0xbd, 0x27, 0x58, 0x00, 0xbe, 0xaf, 0x44, 0x00, 0xb3, 0xaf,
  0x40, 0x00, 0xb2, 0xaf, 0x38, 0x00, 0xb0, 0xaf, 0x5c, 0x00, 0xbf, 0xaf,
  0x54, 0x00, 0xb7, 0xaf, 0x50, 0x00, 0xb6, 0xaf, 0x4c, 0x00, 0xb5, 0xaf,
  0x48, 0x00, 0xb4, 0xaf, 0x3c, 0x00, 0xb1, 0xaf, 0x25, 0x90, 0x80, 0x00,
  0x25, 0x98, 0xa0, 0x00, 0x25, 0xf0, 0xc0, 0x00, 0x04, 0x00, 0xe0, 0x14,
  0x25, 0x80, 0xe0, 0x00, 0xff, 0xff, 0x02, 0x24, 0x20, 0x00, 0xa2, 0xaf,
  0x18, 0x00, 0xb0, 0x27, 0x00, 0x00, 0xc3, 0x83, 0x2f, 0x00, 0x02, 0x24,
  0x3a, 0x00, 0x62, 0x14, 0x25, 0xa0, 0x00, 0x00, 0x01, 0x00, 0xde, 0x27,
  0x25, 0xa8, 0x00, 0x00, 0x28, 0x00, 0xb6, 0x27, 0x10, 0x00, 0xb6, 0xaf,
  0x25, 0x38, 0xa0, 0x02, 0x25, 0x30, 0x80, 0x02, 0x25, 0x28, 0x60, 0x02,
  0x28, 0xfd, 0x11, 0x04, 0x25, 0x20, 0x40, 0x02, 0x44, 0x00, 0x40, 0x14,
  0x25, 0x88, 0x40, 0x00, 0x00, 0x00, 0xc2, 0x83, 0x00, 0x00, 0x00, 0x00,
  0x39, 0x00, 0x40, 0x10, 0x05, 0x00, 0x17, 0x24, 0x01, 0x00, 0x02, 0x3c,
  0x20, 0xe8, 0x42, 0x24, 0x30, 0x00, 0xa2, 0xaf, 0x28, 0x00, 0xa2, 0x8f,
  0x00, 0x00, 0x00, 0x00, 0x00, 0x00, 0x43, 0x94, 0x00, 0x00, 0x00, 0x00,
  0x05, 0x00, 0x63, 0x30, 0x86, 0x00, 0x77, 0x14, 0x00, 0x02, 0x44, 0x24,
  0x01, 0x00, 0x03, 0x3c, 0x20, 0xe8, 0x63, 0x24, 0x00, 0x00, 0x45, 0x8c,
  0x10, 0x00, 0x42, 0x24, 0x00, 0x00, 0x65, 0xac, 0xf4, 0xff, 0x45, 0x8c,
  0x10, 0x00, 0x63, 0x24, 0xf4, 0xff, 0x65, 0xac, 0xf8, 0xff, 0x45, 0x8c,
  0x00, 0x00, 0x00, 0x00, 0xf8, 0xff, 0x65, 0xac, 0xfc, 0xff, 0x45, 0x8c,
  0xf5, 0xff, 0x82, 0x14, 0xfc, 0xff, 0x65, 0xac, 0x74, 0x00, 0xa2, 0x8f,
  0x30, 0x00, 0xa6, 0x8f, 0x25, 0x28, 0x60, 0x02, 0x25, 0x20, 0x40, 0x02,
  0x14, 0x00, 0xa2, 0xaf, 0x10, 0x00, 0xb0, 0xaf, 0xa5, 0xfe, 0x11, 0x04,
  0x25, 0x38, 0xc0, 0x03, 0x2f, 0x00, 0x05, 0x24, 0x4e, 0x00, 0x40, 0x18,
  0x25, 0x20, 0xc0, 0x03, 0x91, 0xe9, 0x11, 0x04, 0x00, 0x00, 0x00, 0x00,
  0x18, 0x00, 0x41, 0x04, 0x01, 0x00, 0x11, 0x24, 0x00, 0x00, 0x14, 0xae,
  0x16, 0x00, 0x00, 0x10, 0x04, 0x00, 0x15, 0xae, 0x40, 0x10, 0x13, 0x00,
  0x40, 0x18, 0x12, 0x00, 0x21, 0x10, 0x53, 0x00, 0x21, 0x18, 0x72, 0x00,
  0x40, 0x1a, 0x03, 0x00, 0xc0, 0x11, 0x02, 0x00, 0x21, 0x10, 0x43, 0x00,
  0x01, 0x00, 0x03, 0x3c, 0x90, 0xcf, 0x63, 0x24, 0x21, 0x10, 0x62, 0x00,
  0x64, 0x01, 0x54, 0x8c, 0x68, 0x01, 0x55, 0x8c, 0xbd, 0xff, 0x00, 0x10,
  0x28, 0x00, 0xb6, 0x27, 0x28, 0x00, 0xa2, 0x8f, 0x00, 0x00, 0x00, 0x00,
  0x00, 0x00, 0x43, 0x84, 0x00, 0x00, 0x00, 0x00, 0x0f, 0x00, 0x60, 0x04,
  0x00, 0x02, 0x44, 0x24, 0x02, 0x00, 0x11, 0x24, 0x5c, 0x00, 0xbf, 0x8f,
  0x58, 0x00, 0xbe, 0x8f, 0x54, 0x00, 0xb7, 0x8f, 0x50, 0x00, 0xb6, 0x8f,
  0x4c, 0x00, 0xb5, 0x8f, 0x48, 0x00, 0xb4, 0x8f, 0x44, 0x00, 0xb3, 0x8f,
  0x40, 0x00, 0xb2, 0x8f, 0x38, 0x00, 0xb0, 0x8f, 0x25, 0x10, 0x20, 0x02,
  0x3c, 0x00, 0xb1, 0x8f, 0x08, 0x00, 0xe0, 0x03, 0x60, 0x00, 0xbd, 0x27,
  0x01, 0x00, 0x03, 0x3c, 0x20, 0xe8, 0x63, 0x24, 0x00, 0x00, 0x45, 0x8c,
  0x10, 0x00, 0x42, 0x24, 0x00, 0x00, 0x65, 0xac, 0xf4, 0xff, 0x45, 0x8c,
  0x10, 0x00, 0x63, 0x24, 0xf4, 0xff, 0x65, 0xac, 0xf8, 0xff, 0x45, 0x8c,
  0x00, 0x00, 0x00, 0x00, 0xf8, 0xff, 0x65, 0xac, 0xfc, 0xff, 0x45, 0x8c,
  0xf5, 0xff, 0x82, 0x14, 0xfc, 0xff, 0x65, 0xac, 0x74, 0x00, 0xa2, 0x8f,
  0x01, 0x00, 0x07, 0x3c, 0x80, 0xcc, 0xe7, 0x24, 0x01, 0x00, 0x06, 0x3c,
  0x20, 0xe8, 0xc6, 0x24, 0x25, 0x28, 0x60, 0x02, 0x25, 0x20, 0x40, 0x02,
  0x14, 0x00, 0xa2, 0xaf, 0x61, 0xfe, 0x11, 0x04, 0x10, 0x00, 0xb0, 0xaf,
  0x25, 0x88, 0x40, 0x00, 0x70, 0x00, 0xa2, 0x8f, 0x04, 0x00, 0x07, 0x8e,
  0x00, 0x00, 0x06, 0x8e, 0x25, 0x28, 0x60, 0x02, 0x10, 0x00, 0xa2, 0xaf,
  0xb6, 0xfc, 0x11, 0x04, 0x25, 0x20, 0x40, 0x02, 0xd2, 0xff, 0x20, 0x1a,
  0x00, 0x00, 0x00, 0x00, 0xd0, 0xff, 0x00, 0x10, 0x02, 0x00, 0x11, 0x24,
  0x44, 0xe9, 0x11, 0x04, 0x00, 0x00, 0x00, 0x00, 0x00, 0x00, 0x14, 0x8e,
  0x04, 0x00, 0x15, 0x8e, 0x11, 0x00, 0x40, 0x04, 0x01, 0x00, 0x42, 0x24,
  0x21, 0xf0, 0xc2, 0x03, 0x00, 0x00, 0xc2, 0x83, 0x00, 0x00, 0x00, 0x00,
  0x0c, 0x00, 0x40, 0x10, 0x25, 0x38, 0xa0, 0x02, 0x10, 0x00, 0xb6, 0xaf,
  0x25, 0x30, 0x80, 0x02, 0x25, 0x28, 0x60, 0x02, 0xa2, 0xfc, 0x11, 0x04,
  0x25, 0x20, 0x40, 0x02, 0x00, 0x00, 0xc2, 0x83, 0x00, 0x00, 0x00, 0x00,
  0x80, 0xff, 0x40, 0x14, 0x00, 0x00, 0x00, 0x00, 0xba, 0xff, 0x00, 0x10,
  0x00, 0x00, 0x00, 0x00, 0x70, 0x00, 0xa2, 0x8f, 0x25, 0x38, 0xa0, 0x02,
  0x10, 0x00, 0xa2, 0xaf, 0x25, 0x30, 0x80, 0x02, 0x25, 0x28, 0x60, 0x02,
  0x95, 0xfc, 0x11, 0x04, 0x25, 0x20, 0x40, 0x02, 0xb1, 0xff, 0x00, 0x10,
  0x00, 0x00, 0x00, 0x00, 0xaf, 0xff, 0x00, 0x10, 0xfb, 0xff, 0x11, 0x24,
  0xb8, 0xfd, 0xbd, 0x27, 0x01, 0x00, 0x02, 0x24, 0x38, 0x02, 0xb0, 0xaf,
  0x28, 0x02, 0xb0, 0x27, 0x14, 0x00, 0xa2, 0xaf, 0x10, 0x00, 0xb0, 0xaf,
  0x18, 0x02, 0xa7, 0x27, 0x44, 0x02, 0xbf, 0xaf, 0x40, 0x02, 0xb2, 0xaf,
  0x3c, 0x02, 0xb1, 0xaf, 0x48, 0x02, 0xa4, 0xaf, 0x3d, 0xff, 0x11, 0x04,
  0x4c, 0x02, 0xa5, 0xaf, 0x2e, 0x00, 0x40, 0x1c, 0x00, 0x00, 0x00, 0x00,
  0x15, 0x00, 0x40, 0x14, 0x00, 0x00, 0x00, 0x00, 0x28, 0x02, 0xa2, 0x8f,
  0x18, 0x00, 0xa3, 0x27, 0x00, 0x02, 0x44, 0x24, 0x00, 0x00, 0x45, 0x8c,
  0x10, 0x00, 0x42, 0x24, 0x00, 0x00, 0x65, 0xac, 0xf4, 0xff, 0x45, 0x8c,
  0x10, 0x00, 0x63, 0x24, 0xf4, 0xff, 0x65, 0xac, 0xf8, 0xff, 0x45, 0x8c,
  0x00, 0x00, 0x00, 0x00, 0xf8, 0xff, 0x65, 0xac, 0xfc, 0xff, 0x45, 0x8c,
  0xf5, 0xff, 0x82, 0x14, 0xfc, 0xff, 0x65, 0xac, 0x1c, 0x00, 0xb2, 0x8f,
  0x25, 0x38, 0x00, 0x00, 0x01, 0x00, 0x51, 0x32, 0x07, 0x00, 0xf2, 0x14,
  0x25, 0x10, 0x20, 0x02, 0x44, 0x02, 0xbf, 0x8f, 0x40, 0x02, 0xb2, 0x8f,
  0x3c, 0x02, 0xb1, 0x8f, 0x38, 0x02, 0xb0, 0x8f, 0x08, 0x00, 0xe0, 0x03,
  0x48, 0x02, 0xbd, 0x27, 0x28, 0x00, 0xa6, 0x8f, 0x4c, 0x02, 0xa5, 0x8f,
  0x48, 0x02, 0xa4, 0x8f, 0x10, 0x00, 0xb0, 0xaf, 0x60, 0xfc, 0x11, 0x04,
  0x30, 0x02, 0xa7, 0xaf, 0xf3, 0xff, 0x40, 0x14, 0x00, 0x00, 0x00, 0x00,
  0x28, 0x02, 0xa2, 0x8f, 0x30, 0x02, 0xa7, 0x8f, 0x00, 0x00, 0x42, 0x84,
  0x00, 0x00, 0x00, 0x00, 0x02, 0x00, 0x40, 0x04, 0x00, 0x00, 0x00, 0x00,
  0x01, 0x00, 0x31, 0x26, 0xe8, 0xff, 0x00, 0x10, 0x01, 0x00, 0xe7, 0x24,
  0xe8, 0xff, 0x00, 0x10, 0xfc, 0xff, 0x02, 0x24, 0xe0, 0xff, 0xbd, 0x27,
  0x18, 0x00, 0xb2, 0xaf, 0x14, 0x00, 0xb1, 0xaf, 0x10, 0x00, 0xb0, 0xaf,
  0x1c, 0x00, 0xbf, 0xaf, 0x25, 0x88, 0x80, 0x00, 0x25, 0x90, 0xa0, 0x00,
  0xe6, 0xef, 0x11, 0x04, 0x28, 0x00, 0xa6, 0xaf, 0x1a, 0x00, 0x40, 0x14,
  0x25, 0x80, 0x40, 0x00, 0x40, 0x10, 0x12, 0x00, 0x40, 0x18, 0x11, 0x00,
  0x21, 0x10, 0x52, 0x00, 0x21, 0x18, 0x71, 0x00, 0x40, 0x1a, 0x03, 0x00,
  0xc0, 0x11, 0x02, 0x00, 0x21, 0x10, 0x43, 0x00, 0x01, 0x00, 0x03, 0x3c,
  0x90, 0xcf, 0x63, 0x24, 0x21, 0x10, 0x62, 0x00, 0x50, 0x01, 0x43, 0x90,
  0x02, 0x00, 0x02, 0x24, 0x28, 0x00, 0xa6, 0x8f, 0x0b, 0x00, 0x62, 0x14,
  0x25, 0x28, 0x40, 0x02, 0xa7, 0xff, 0x11, 0x04, 0x25, 0x20, 0x20, 0x02,
  0x25, 0x80, 0x40, 0x00, 0xf7, 0xff, 0x42, 0x28, 0x05, 0x00, 0x40, 0x10,
  0x25, 0x28, 0x40, 0x02, 0x6d, 0xe9, 0x11, 0x04, 0x25, 0x20, 0x20, 0x02,
  0x84, 0xef, 0x11, 0x04, 0x00, 0x00, 0x00, 0x00, 0x1c, 0x00, 0xbf, 0x8f,
  0x18, 0x00, 0xb2, 0x8f, 0x14, 0x00, 0xb1, 0x8f, 0x25, 0x10, 0x00, 0x02,
  0x10, 0x00, 0xb0, 0x8f, 0x08, 0x00, 0xe0, 0x03, 0x20, 0x00, 0xbd, 0x27,
  0xc0, 0xff, 0xbd, 0x27, 0x1c, 0x00, 0xa2, 0x27, 0x10, 0x00, 0xa2, 0xaf,
  0x38, 0x00, 0xb4, 0xaf, 0x34, 0x00, 0xb3, 0xaf, 0x30, 0x00, 0xb2, 0xaf,
  0x2c, 0x00, 0xb1, 0xaf, 0x28, 0x00, 0xb0, 0xaf, 0x3c, 0x00, 0xbf, 0xaf,
  0x25, 0x90, 0x80, 0x00, 0x25, 0x98, 0xa0, 0x00, 0x25, 0x88, 0xc0, 0x00,
  0x1a, 0xfc, 0x11, 0x04, 0x25, 0xa0, 0xe0, 0x00, 0x6b, 0x00, 0x40, 0x14,
  0x25, 0x80, 0x40, 0x00, 0x1c, 0x00, 0xa4, 0x8f, 0x2e, 0x00, 0x03, 0x24,
  0x40, 0x00, 0x82, 0x80, 0x00, 0x00, 0x00, 0x00, 0x07, 0x00, 0x43, 0x14,
  0x00, 0x00, 0x00, 0x00, 0x41, 0x00, 0x83, 0x80, 0x00, 0x00, 0x00, 0x00,
  0x71, 0x00, 0x60, 0x10, 0x00, 0x00, 0x00, 0x00, 0x6f, 0x00, 0x62, 0x10,
  0x00, 0x00, 0x00, 0x00, 0x01, 0x00, 0x02, 0x3c, 0x90, 0xe7, 0x42, 0x24,
  0x01, 0x00, 0x03, 0x3c, 0x20, 0xe8, 0x63, 0x24, 0x00, 0x00, 0x45, 0x90,
  0x00, 0x00, 0x00, 0x00, 0x11, 0x00, 0xa0, 0x10, 0x00, 0x00, 0x00, 0x00,
  0x06, 0x00, 0x45, 0x94, 0x00, 0x00, 0x00, 0x00, 0x0d, 0x00, 0xb2, 0x14,
  0x00, 0x00, 0x00, 0x00, 0x08, 0x00, 0x45, 0x94, 0x00, 0x00, 0x00, 0x00,
  0x09, 0x00, 0xb3, 0x14, 0x00, 0x00, 0x00, 0x00, 0x20, 0x00, 0x45, 0x8c,
  0x00, 0x00, 0x00, 0x00, 0x05, 0x00, 0xb1, 0x14, 0x00, 0x00, 0x00, 0x00,
  0x24, 0x00, 0x45, 0x8c, 0x00, 0x00, 0x00, 0x00, 0x59, 0x00, 0xb4, 0x10,
  0x00, 0x00, 0x00, 0x00, 0x30, 0x00, 0x42, 0x24, 0xea, 0xff, 0x43, 0x14,
  0x00, 0x00, 0x00, 0x00, 0x50, 0x00, 0xa3, 0x8f, 0x00, 0x00, 0x82, 0x94,
  0x49, 0x00, 0x60, 0x14, 0x00, 0x00, 0x00, 0x00, 0xff, 0x7f, 0x42, 0x30,
  0xb6, 0xf2, 0x11, 0x04, 0x00, 0x00, 0x82, 0xa4, 0x10, 0x00, 0x86, 0x8c,
  0x00, 0x00, 0x00, 0x00, 0x39, 0x00, 0xc0, 0x04, 0x40, 0x18, 0x12, 0x00,
  0x40, 0x88, 0x13, 0x00, 0x21, 0x10, 0x33, 0x02, 0x21, 0x20, 0x72, 0x00,
  0x40, 0x22, 0x04, 0x00, 0xc0, 0x11, 0x02, 0x00, 0x21, 0x10, 0x44, 0x00,
  0x01, 0x00, 0x14, 0x3c, 0x90, 0xcf, 0x94, 0x26, 0x21, 0x10, 0x82, 0x02,
  0x6c, 0x01, 0x44, 0x8c, 0x00, 0x00, 0x00, 0x00, 0x2b, 0x20, 0xc4, 0x00,
  0x02, 0x00, 0x80, 0x10, 0x00, 0x00, 0x00, 0x00, 0x6c, 0x01, 0x46, 0xac,
  0x21, 0x88, 0x33, 0x02, 0x21, 0x18, 0x72, 0x00, 0x40, 0x1a, 0x03, 0x00,
  0xc0, 0x89, 0x11, 0x00, 0x21, 0x88, 0x23, 0x02, 0x21, 0x10, 0x91, 0x02,
  0xff, 0xff, 0x03, 0x24, 0x7c, 0x01, 0x43, 0xac, 0x18, 0x00, 0xa7, 0x27,
  0x25, 0x28, 0x60, 0x02, 0x25, 0x20, 0x40, 0x02, 0x79, 0xfa, 0x11, 0x04,
  0x20, 0x00, 0xa6, 0xaf, 0x2f, 0x00, 0x40, 0x14, 0x00, 0x00, 0x00, 0x00,
  0x50, 0x00, 0xa2, 0x8f, 0x18, 0x00, 0xa7, 0x8f, 0x20, 0x00, 0xa6, 0x8f,
  0x22, 0x00, 0x40, 0x14, 0xff, 0x7f, 0x02, 0x3c, 0xff, 0xff, 0x42, 0x34,
  0x21, 0x18, 0x91, 0x02, 0x24, 0x38, 0xe2, 0x00, 0x6c, 0x01, 0x62, 0x8c,
  0x00, 0x00, 0x00, 0x00, 0x2b, 0x10, 0xc2, 0x00, 0x02, 0x00, 0x40, 0x10,
  0x18, 0x00, 0xa7, 0xaf, 0x6c, 0x01, 0x67, 0xac, 0x25, 0x28, 0x60, 0x02,
  0x25, 0x20, 0x40, 0x02, 0x1b, 0xfa, 0x11, 0x04, 0x20, 0x00, 0xa7, 0xaf,
  0x1b, 0x00, 0x40, 0x14, 0x00, 0x00, 0x00, 0x00, 0x20, 0x00, 0xa7, 0x8f,
  0xff, 0x7f, 0x02, 0x3c, 0xff, 0xff, 0x42, 0x34, 0x24, 0x30, 0xe2, 0x00,
  0xe1, 0xff, 0xc2, 0x14, 0x18, 0x00, 0xa7, 0x27, 0x3c, 0x00, 0xbf, 0x8f,
  0x38, 0x00, 0xb4, 0x8f, 0x34, 0x00, 0xb3, 0x8f, 0x30, 0x00, 0xb2, 0x8f,
  0x2c, 0x00, 0xb1, 0x8f, 0x25, 0x10, 0x00, 0x02, 0x28, 0x00, 0xb0, 0x8f,
  0x08, 0x00, 0xe0, 0x03, 0x40, 0x00, 0xbd, 0x27, 0x00, 0x80, 0x03, 0x24,
  0xb7, 0xff, 0x00, 0x10, 0x25, 0x10, 0x43, 0x00, 0x00, 0x80, 0x02, 0x3c,
  0x25, 0x38, 0xe2, 0x00, 0xe5, 0xff, 0x00, 0x10, 0x18, 0x00, 0xa7, 0xaf,
  0xef, 0xff, 0x00, 0x10, 0xfc, 0xff, 0x10, 0x24, 0xed, 0xff, 0x00, 0x10,
  0xfb, 0xff, 0x10, 0x24, 0xeb, 0xff, 0x00, 0x10, 0x25, 0x80, 0x40, 0x00,
  0x40, 0x10, 0x05, 0x00, 0x40, 0x18, 0x04, 0x00, 0x21, 0x10, 0x45, 0x00,
  0x21, 0x18, 0x64, 0x00, 0x40, 0x1a, 0x03, 0x00, 0xc0, 0x11, 0x02, 0x00,
  0x21, 0x10, 0x43, 0x00, 0x01, 0x00, 0x03, 0x3c, 0x90, 0xcf, 0x63, 0x24,
  0xc0, 0xff, 0xbd, 0x27, 0x21, 0x10, 0x62, 0x00, 0x34, 0x00, 0x42, 0x8c,
  0x30, 0x00, 0xb4, 0xaf, 0x25, 0xa0, 0xc0, 0x00, 0x50, 0x00, 0xa6, 0x8f,
  0x24, 0x00, 0xb1, 0xaf, 0x21, 0x30, 0xc2, 0x00, 0x25, 0x88, 0xe0, 0x00,
  0x1c, 0x00, 0xa7, 0x27, 0x34, 0x00, 0xb5, 0xaf, 0x2c, 0x00, 0xb3, 0xaf,
  0x28, 0x00, 0xb2, 0xaf, 0x3c, 0x00, 0xbf, 0xaf, 0x38, 0x00, 0xb6, 0xaf,
  0x20, 0x00, 0xb0, 0xaf, 0x25, 0x90, 0x80, 0x00, 0xd2, 0xf7, 0x11, 0x04,
  0x25, 0x98, 0xa0, 0x00, 0x2d, 0x00, 0x40, 0x14, 0x25, 0xa8, 0x40, 0x00,
  0x1c, 0x00, 0xb6, 0x8f, 0x27, 0x84, 0x02, 0x24, 0x04, 0x00, 0xd0, 0x8e,
  0x25, 0x30, 0x00, 0x00, 0x25, 0x20, 0x00, 0x02, 0x37, 0xe8, 0x11, 0x04,
  0x00, 0x04, 0x05, 0x24, 0x00, 0x00, 0x02, 0xa6, 0x54, 0x00, 0xa2, 0x8f,
  0x00, 0x00, 0x00, 0x00, 0x2c, 0x00, 0x40, 0x14, 0x08, 0x00, 0x04, 0x26,
  0xba, 0xe8, 0x11, 0x04, 0x00, 0x00, 0x00, 0x00, 0x08, 0x00, 0x03, 0x8e,
  0x0c, 0x00, 0x02, 0x8e, 0x14, 0x00, 0x11, 0xae, 0x2e, 0x00, 0x04, 0x24,
  0x25, 0x88, 0x34, 0x02, 0x18, 0x00, 0x03, 0xae, 0x1c, 0x00, 0x02, 0xae,
  0x04, 0x00, 0x00, 0xae, 0x10, 0x00, 0x14, 0xae, 0x24, 0x00, 0x20, 0x16,
  0x40, 0x00, 0x04, 0xa6, 0x0c, 0x02, 0x02, 0xae, 0x02, 0x00, 0x02, 0x24,
  0x04, 0x00, 0x02, 0xae, 0x26, 0xa4, 0x02, 0x24, 0x00, 0x02, 0x02, 0xa6,
  0x08, 0x02, 0x03, 0xae, 0x14, 0x02, 0x00, 0xae, 0x25, 0x10, 0x00, 0x00,
  0x10, 0x02, 0x02, 0xae, 0x08, 0x02, 0x02, 0x8e, 0x04, 0x02, 0x00, 0xae,
  0x18, 0x02, 0x02, 0xae, 0x0c, 0x02, 0x02, 0x8e, 0x42, 0x02, 0x00, 0xa2,
  0x1c, 0x02, 0x02, 0xae, 0x2e, 0x2e, 0x02, 0x24, 0x40, 0x02, 0x02, 0xa6,
  0x01, 0x00, 0x02, 0x24, 0x0a, 0x00, 0xc2, 0xa2, 0x3c, 0x00, 0xbf, 0x8f,
  0x38, 0x00, 0xb6, 0x8f, 0x30, 0x00, 0xb4, 0x8f, 0x2c, 0x00, 0xb3, 0x8f,
  0x28, 0x00, 0xb2, 0x8f, 0x24, 0x00, 0xb1, 0x8f, 0x20, 0x00, 0xb0, 0x8f,
  0x25, 0x10, 0xa0, 0x02, 0x34, 0x00, 0xb5, 0x8f, 0x08, 0x00, 0xe0, 0x03,
  0x40, 0x00, 0xbd, 0x27, 0x54, 0x00, 0xa5, 0x8f, 0xfc, 0x19, 0x11, 0x04,
  0x08, 0x00, 0x06, 0x24, 0xd3, 0xff, 0x00, 0x10, 0x00, 0x00, 0x00, 0x00,
  0x18, 0x00, 0xa2, 0x27, 0x10, 0x00, 0xa2, 0xaf, 0x25, 0x38, 0x00, 0x00,
  0x25, 0x30, 0x80, 0x02, 0x25, 0x28, 0x60, 0x02, 0x37, 0xfb, 0x11, 0x04,
  0x25, 0x20, 0x40, 0x02, 0x18, 0x00, 0xa2, 0x8f, 0x00, 0x00, 0x00, 0x00,
  0x08, 0x00, 0x43, 0x8c, 0x00, 0x00, 0x00, 0x00, 0x08, 0x02, 0x03, 0xae,
  0x0c, 0x00, 0x43, 0x8c, 0x00, 0x00, 0x00, 0x00, 0x0c, 0x02, 0x03, 0xae,
  0x27, 0x84, 0x03, 0x24, 0x00, 0x02, 0x03, 0xa6, 0x14, 0x00, 0x43, 0x8c,
  0x00, 0x00, 0x00, 0x00, 0x14, 0x02, 0x03, 0xae, 0x10, 0x00, 0x42, 0x8c,
  0xd0, 0xff, 0x00, 0x10, 0x10, 0x02, 0x02, 0xae, 0xc8, 0xff, 0xbd, 0x27,
  0x24, 0x00, 0xb5, 0xaf, 0x10, 0x00, 0xb0, 0xaf, 0x34, 0x00, 0xbf, 0xaf,
  0x30, 0x00, 0xbe, 0xaf, 0x2c, 0x00, 0xb7, 0xaf, 0x28, 0x00, 0xb6, 0xaf,
  0x20, 0x00, 0xb4, 0xaf, 0x1c, 0x00, 0xb3, 0xaf, 0x18, 0x00, 0xb2, 0xaf,
  0x14, 0x00, 0xb1, 0xaf, 0xab, 0xf1, 0x11, 0x04, 0x25, 0xa8, 0xe0, 0x00,
  0x21, 0x00, 0x40, 0x14, 0x25, 0x80, 0x40, 0x00, 0x01, 0x00, 0x02, 0x3c,
  0xfc, 0x73, 0x42, 0x8c, 0x25, 0x90, 0x80, 0x00, 0x8c, 0x00, 0x50, 0x8c,
  0x25, 0x98, 0xa0, 0x00, 0x0a, 0x00, 0x02, 0x92, 0x00, 0x00, 0x00, 0x00,
  0x1d, 0x00, 0x40, 0x14, 0x25, 0xa0, 0xc0, 0x00, 0x40, 0x88, 0x13, 0x00,
  0x40, 0x10, 0x12, 0x00, 0x21, 0x88, 0x33, 0x02, 0x21, 0x10, 0x52, 0x00,
  0x40, 0x12, 0x02, 0x00, 0xc0, 0x89, 0x11, 0x00, 0x01, 0x00, 0x1e, 0x3c,
  0x90, 0xcf, 0xde, 0x27, 0x21, 0x88, 0x22, 0x02, 0x21, 0x10, 0xd1, 0x03,
  0x0b, 0x00, 0x12, 0xa2, 0x08, 0x00, 0x13, 0xa6, 0x28, 0x00, 0x43, 0x84,
  0x00, 0x04, 0x02, 0x24, 0x02, 0x00, 0x60, 0x14, 0x1a, 0x00, 0x43, 0x00,
  0x0d, 0x00, 0x07, 0x00, 0x00, 0x00, 0x14, 0xae, 0x25, 0xb0, 0x00, 0x00,
  0x12, 0xb8, 0x00, 0x00, 0x2a, 0x10, 0xd7, 0x02, 0x16, 0x00, 0x40, 0x14,
  0x21, 0x10, 0xd1, 0x03, 0xce, 0xf1, 0x11, 0x04, 0x25, 0x20, 0x00, 0x02,
  0x00, 0x00, 0xb0, 0xae, 0x05, 0x00, 0x00, 0x10, 0x25, 0x10, 0x00, 0x00,
  0xb5, 0xf2, 0x11, 0x04, 0x25, 0x20, 0x00, 0x02, 0xe2, 0xff, 0x40, 0x10,
  0x40, 0x88, 0x13, 0x00, 0x34, 0x00, 0xbf, 0x8f, 0x30, 0x00, 0xbe, 0x8f,
  0x2c, 0x00, 0xb7, 0x8f, 0x28, 0x00, 0xb6, 0x8f, 0x24, 0x00, 0xb5, 0x8f,
  0x20, 0x00, 0xb4, 0x8f, 0x1c, 0x00, 0xb3, 0x8f, 0x18, 0x00, 0xb2, 0x8f,
  0x14, 0x00, 0xb1, 0x8f, 0x10, 0x00, 0xb0, 0x8f, 0x08, 0x00, 0xe0, 0x03,
  0x38, 0x00, 0xbd, 0x27, 0x28, 0x00, 0x42, 0x84, 0x21, 0x30, 0x96, 0x02,
  0x18, 0x00, 0x56, 0x00, 0x04, 0x00, 0x02, 0x8e, 0x25, 0x28, 0x60, 0x02,
  0x25, 0x20, 0x40, 0x02, 0x12, 0x38, 0x00, 0x00, 0x05, 0x0b, 0x11, 0x04,
  0x21, 0x38, 0x47, 0x00, 0xde, 0xff, 0x40, 0x10, 0x01, 0x00, 0xd6, 0x26,
  0xe8, 0xff, 0x00, 0x10, 0xeb, 0xff, 0x02, 0x24, 0xd8, 0xff, 0xbd, 0x27,
  0x20, 0x00, 0xb1, 0xaf, 0x25, 0x88, 0xe0, 0x00, 0x0f, 0x00, 0xc7, 0x2c,
  0x24, 0x00, 0xbf, 0xaf, 0x1c, 0x00, 0xb0, 0xaf, 0x27, 0x00, 0xe0, 0x10,
  0xb7, 0xff, 0x02, 0x24, 0x40, 0x10, 0x05, 0x00, 0x40, 0x18, 0x04, 0x00,
  0x21, 0x10, 0x45, 0x00, 0x21, 0x18, 0x64, 0x00, 0x40, 0x1a, 0x03, 0x00,
  0xc0, 0x11, 0x02, 0x00, 0x21, 0x10, 0x43, 0x00, 0x01, 0x00, 0x03, 0x3c,
  0x90, 0xcf, 0x63, 0x24, 0x21, 0x10, 0x62, 0x00, 0x28, 0x00, 0x43, 0x84,
  0x00, 0x04, 0x02, 0x24, 0x02, 0x00, 0x60, 0x14, 0x1a, 0x00, 0x43, 0x00,
  0x0d, 0x00, 0x07, 0x00, 0x01, 0x00, 0xc6, 0x24, 0x12, 0x10, 0x00, 0x00,
  0x00, 0x00, 0x00, 0x00, 0x02, 0x00, 0x40, 0x14, 0x1a, 0x00, 0xc2, 0x00,
  0x0d, 0x00, 0x07, 0x00, 0x12, 0x18, 0x00, 0x00, 0x10, 0x80, 0x00, 0x00,
  0x00, 0x00, 0x00, 0x00, 0x00, 0x00, 0x00, 0x00, 0x18, 0x00, 0x62, 0x00,
  0x12, 0x30, 0x00, 0x00, 0x8b, 0xff, 0x11, 0x04, 0x10, 0x00, 0xa7, 0x27,
  0x0d, 0x00, 0x40, 0x14, 0xc0, 0x31, 0x10, 0x00, 0x10, 0x00, 0xa3, 0x8f,
  0x00, 0x00, 0x00, 0x00, 0x04, 0x00, 0x63, 0x8c, 0x00, 0x00, 0x00, 0x00,
  0x21, 0x18, 0x66, 0x00, 0x00, 0x00, 0x23, 0xae, 0x7d, 0x00, 0x60, 0xa0,
  0x24, 0x00, 0xbf, 0x8f, 0x20, 0x00, 0xb1, 0x8f, 0x1c, 0x00, 0xb0, 0x8f,
  0x08, 0x00, 0xe0, 0x03, 0x28, 0x00, 0xbd, 0x27, 0xfa, 0xff, 0x00, 0x10,
  0xb6, 0xff, 0x02, 0x24, 0xd0, 0xff, 0xbd, 0x27, 0x24, 0x00, 0xb4, 0xaf,
  0x14, 0x00, 0xb0, 0xaf, 0x2c, 0x00, 0xbf, 0xaf, 0x28, 0x00, 0xb5, 0xaf,
  0x20, 0x00, 0xb3, 0xaf, 0x1c, 0x00, 0xb2, 0xaf, 0x18, 0x00, 0xb1, 0xaf,
  0x00, 0x00, 0xc3, 0x80, 0x2f, 0x00, 0x02, 0x24, 0x30, 0x00, 0xa4, 0xaf,
  0x34, 0x00, 0xa5, 0xaf, 0x25, 0xa0, 0xc0, 0x00, 0x02, 0x00, 0x62, 0x14,
  0x25, 0x80, 0xe0, 0x00, 0x01, 0x00, 0xd4, 0x24, 0x25, 0xa8, 0x00, 0x00,
  0xa1, 0x00, 0x12, 0x24, 0x51, 0x00, 0x13, 0x24, 0x0f, 0x00, 0x11, 0x24,
  0x34, 0x00, 0xa5, 0x8f, 0x30, 0x00, 0xa4, 0x8f, 0x25, 0x38, 0x00, 0x02,
  0xb3, 0xff, 0x11, 0x04, 0x25, 0x30, 0xa0, 0x02, 0x0b, 0x00, 0x40, 0x14,
  0x00, 0x00, 0x00, 0x00, 0x00, 0x00, 0x05, 0x8e, 0x40, 0x00, 0xa3, 0x8f,
  0x00, 0x00, 0xa2, 0x8c, 0x0f, 0x00, 0x60, 0x10, 0x00, 0x00, 0x00, 0x00,
  0x0f, 0x00, 0x53, 0x10, 0x00, 0x00, 0x00, 0x00, 0x01, 0x00, 0xb5, 0x26,
  0xf0, 0xff, 0xb1, 0x16, 0xfc, 0xff, 0x02, 0x24, 0x2c, 0x00, 0xbf, 0x8f,
  0x28, 0x00, 0xb5, 0x8f, 0x24, 0x00, 0xb4, 0x8f, 0x20, 0x00, 0xb3, 0x8f,
  0x1c, 0x00, 0xb2, 0x8f, 0x18, 0x00, 0xb1, 0x8f, 0x14, 0x00, 0xb0, 0x8f,
  0x08, 0x00, 0xe0, 0x03, 0x30, 0x00, 0xbd, 0x27, 0xf3, 0xff, 0x52, 0x14,
  0x00, 0x00, 0x00, 0x00, 0x0a, 0x00, 0xa5, 0x24, 0x30, 0x19, 0x11, 0x04,
  0x25, 0x20, 0x80, 0x02, 0xef, 0xff, 0x40, 0x14, 0x01, 0x00, 0xb5, 0x26,
  0xff, 0xff, 0xb5, 0x26, 0xee, 0xff, 0x00, 0x10, 0x25, 0x10, 0xa0, 0x02,
  0xc0, 0xff, 0xbd, 0x27, 0x24, 0x00, 0xb2, 0xaf, 0x25, 0x90, 0xe0, 0x00,
  0x10, 0x00, 0xa7, 0x27, 0x38, 0x00, 0xb7, 0xaf, 0x20, 0x00, 0xb1, 0xaf,
  0x1c, 0x00, 0xb0, 0xaf, 0x3c, 0x00, 0xbf, 0xaf, 0x34, 0x00, 0xb6, 0xaf,
  0x30, 0x00, 0xb5, 0xaf, 0x2c, 0x00, 0xb4, 0xaf, 0x28, 0x00, 0xb3, 0xaf,
  0x25, 0x80, 0x80, 0x00, 0x25, 0x88, 0xa0, 0x00, 0x84, 0xff, 0x11, 0x04,
  0x25, 0xb8, 0xc0, 0x00, 0x63, 0x00, 0x40, 0x14, 0x00, 0x00, 0x00, 0x00,
  0x01, 0x00, 0x02, 0x3c, 0x90, 0xe7, 0x42, 0x24, 0x01, 0x00, 0x03, 0x3c,
  0x20, 0xe8, 0x63, 0x24, 0x00, 0x00, 0x44, 0x90, 0x00, 0x00, 0x00, 0x00,
  0x0d, 0x00, 0x80, 0x10, 0x00, 0x00, 0x00, 0x00, 0x06, 0x00, 0x44, 0x94,
  0x00, 0x00, 0x00, 0x00, 0x09, 0x00, 0x90, 0x14, 0x00, 0x00, 0x00, 0x00,
  0x08, 0x00, 0x44, 0x94, 0x00, 0x00, 0x00, 0x00, 0x05, 0x00, 0x91, 0x14,
  0x00, 0x00, 0x00, 0x00, 0x14, 0x00, 0x44, 0x8c, 0x00, 0x00, 0x00, 0x00,
  0x5e, 0x00, 0x97, 0x10, 0x00, 0x00, 0x00, 0x00, 0x30, 0x00, 0x42, 0x24,
  0xee, 0xff, 0x43, 0x14, 0x00, 0x00, 0x00, 0x00, 0x10, 0x00, 0xa4, 0x8f,
  0x00, 0x00, 0x00, 0x00, 0x00, 0x00, 0x82, 0x8c, 0x02, 0x00, 0x40, 0x12,
  0x51, 0x00, 0x03, 0x24, 0xa1, 0x00, 0x03, 0x24, 0x43, 0x00, 0x43, 0x14,
  0x00, 0x00, 0x00, 0x00, 0xf8, 0xff, 0x14, 0x24, 0x01, 0x00, 0x15, 0x24,
  0xa0, 0x00, 0x13, 0x24, 0x50, 0x00, 0x16, 0x24, 0x01, 0x00, 0x02, 0x3c,
  0xfc, 0x73, 0x42, 0x8c, 0xff, 0xff, 0xe5, 0x2a, 0x00, 0x00, 0x46, 0x8c,
  0x01, 0x00, 0xe2, 0x26, 0x02, 0x00, 0xa0, 0x10, 0x25, 0x18, 0x40, 0x00,
  0x08, 0x00, 0xe3, 0x26, 0x24, 0x18, 0x74, 0x00, 0x23, 0x10, 0x43, 0x00,
  0x02, 0x00, 0x41, 0x04, 0x00, 0x00, 0x00, 0x00, 0x25, 0x10, 0x00, 0x00,
  0x0a, 0x00, 0xc3, 0x90, 0x04, 0x10, 0x55, 0x00, 0x25, 0x10, 0x43, 0x00,
  0x0a, 0x00, 0xc2, 0xa0, 0x00, 0x00, 0x82, 0x8c, 0x00, 0x00, 0x00, 0x00,
  0x0f, 0x00, 0x42, 0x30, 0x02, 0x00, 0x40, 0x16, 0x50, 0x00, 0x43, 0x34,
  0xa0, 0x00, 0x43, 0x34, 0x00, 0x00, 0x83, 0xac, 0xe7, 0xe6, 0x11, 0x04,
  0x7f, 0x00, 0x05, 0x24, 0x08, 0x00, 0x97, 0x84, 0x7f, 0x00, 0x82, 0xa0,
  0xff, 0xff, 0xe2, 0x32, 0x0f, 0x00, 0x42, 0x2c, 0x0e, 0x00, 0x40, 0x14,
  0x10, 0x00, 0xa7, 0x27, 0x3c, 0x00, 0xbf, 0x8f, 0x38, 0x00, 0xb7, 0x8f,
  0x34, 0x00, 0xb6, 0x8f, 0x30, 0x00, 0xb5, 0x8f, 0x2c, 0x00, 0xb4, 0x8f,
  0x28, 0x00, 0xb3, 0x8f, 0x24, 0x00, 0xb2, 0x8f, 0x25, 0x28, 0x20, 0x02,
  0x25, 0x20, 0x00, 0x02, 0x20, 0x00, 0xb1, 0x8f, 0x1c, 0x00, 0xb0, 0x8f,
  0xa5, 0xf4, 0x00, 0x10, 0x40, 0x00, 0xbd, 0x27, 0x25, 0x30, 0xe0, 0x02,
  0x25, 0x28, 0x20, 0x02, 0x2e, 0xff, 0x11, 0x04, 0x25, 0x20, 0x00, 0x02,
  0x0d, 0x00, 0x40, 0x14, 0x00, 0x00, 0x00, 0x00, 0x10, 0x00, 0xa4, 0x8f,
  0x00, 0x00, 0x00, 0x00, 0x00, 0x00, 0x82, 0x8c, 0x13, 0x00, 0x40, 0x16,
  0xf0, 0x00, 0x42, 0x30, 0xc7, 0xff, 0x56, 0x10, 0x25, 0x28, 0x20, 0x02,
  0x96, 0xf4, 0x11, 0x04, 0x25, 0x20, 0x00, 0x02, 0x02, 0x00, 0x40, 0x14,
  0x00, 0x00, 0x00, 0x00, 0xfc, 0xff, 0x02, 0x24, 0x3c, 0x00, 0xbf, 0x8f,
  0x38, 0x00, 0xb7, 0x8f, 0x34, 0x00, 0xb6, 0x8f, 0x30, 0x00, 0xb5, 0x8f,
  0x2c, 0x00, 0xb4, 0x8f, 0x28, 0x00, 0xb3, 0x8f, 0x24, 0x00, 0xb2, 0x8f,
  0x20, 0x00, 0xb1, 0x8f, 0x1c, 0x00, 0xb0, 0x8f, 0x08, 0x00, 0xe0, 0x03,
  0x40, 0x00, 0xbd, 0x27, 0xb5, 0xff, 0x53, 0x10, 0x25, 0x28, 0x20, 0x02,
  0xed, 0xff, 0x00, 0x10, 0x00, 0x00, 0x00, 0x00, 0xf0, 0xff, 0x00, 0x10,
  0xfb, 0xff, 0x02, 0x24, 0xc8, 0xff, 0xbd, 0x27, 0x30, 0x00, 0xb3, 0xaf,
  0x2c, 0x00, 0xb2, 0xaf, 0x28, 0x00, 0xb1, 0xaf, 0x24, 0x00, 0xb0, 0xaf,
  0x25, 0x88, 0xc0, 0x00, 0x34, 0x00, 0xbf, 0xaf, 0x25, 0x80, 0x00, 0x00,
  0x25, 0x30, 0x00, 0x00, 0xa0, 0x00, 0x13, 0x24, 0x0f, 0x00, 0x12, 0x24,
  0x10, 0x00, 0xa7, 0x27, 0x18, 0x00, 0xa6, 0xaf, 0x3c, 0x00, 0xa5, 0xaf,
  0xff, 0xfe, 0x11, 0x04, 0x38, 0x00, 0xa4, 0xaf, 0x15, 0x00, 0x40, 0x14,
  0x00, 0x00, 0x00, 0x00, 0x10, 0x00, 0xa2, 0x8f, 0x38, 0x00, 0xa4, 0x8f,
  0x00, 0x00, 0x42, 0x8c, 0x3c, 0x00, 0xa5, 0x8f, 0xf0, 0x00, 0x42, 0x30,
  0x18, 0x00, 0xa6, 0x8f, 0x04, 0x00, 0x53, 0x14, 0x00, 0x00, 0x00, 0x00,
  0x14, 0x00, 0x20, 0x16, 0x00, 0x00, 0x00, 0x00, 0x01, 0x00, 0x10, 0x26,
  0x01, 0x00, 0xc6, 0x24, 0xed, 0xff, 0xd2, 0x14, 0x10, 0x00, 0xa7, 0x27,
  0x03, 0x00, 0x20, 0x16, 0x00, 0x00, 0x00, 0x00, 0x04, 0x00, 0x00, 0x16,
  0x00, 0x00, 0x00, 0x00, 0x02, 0x00, 0x00, 0x10, 0xfd, 0xff, 0x10, 0x24,
  0xdb, 0xff, 0x10, 0x24, 0x34, 0x00, 0xbf, 0x8f, 0x30, 0x00, 0xb3, 0x8f,
  0x2c, 0x00, 0xb2, 0x8f, 0x28, 0x00, 0xb1, 0x8f, 0x25, 0x10, 0x00, 0x02,
  0x24, 0x00, 0xb0, 0x8f, 0x08, 0x00, 0xe0, 0x03, 0x38, 0x00, 0xbd, 0x27,
  0xf7, 0xff, 0x00, 0x10, 0x25, 0x80, 0xc0, 0x00, 0x40, 0x10, 0x05, 0x00,
  0x40, 0x18, 0x04, 0x00, 0x21, 0x10, 0x45, 0x00, 0x21, 0x18, 0x64, 0x00,
  0x40, 0x1a, 0x03, 0x00, 0xc0, 0x11, 0x02, 0x00, 0x21, 0x10, 0x43, 0x00,
  0x01, 0x00, 0x03, 0x3c, 0x90, 0xcf, 0x63, 0x24, 0x21, 0x10, 0x62, 0x00,
  0x60, 0x01, 0x43, 0x8c, 0x00, 0x00, 0x00, 0x00, 0x18, 0x00, 0x60, 0x18,
  0x02, 0x00, 0x03, 0x24, 0xe8, 0xff, 0xbd, 0x27, 0x14, 0x00, 0xbf, 0xaf,
  0x50, 0x01, 0x42, 0x90, 0x00, 0x00, 0x00, 0x00, 0x08, 0x00, 0x43, 0x10,
  0xfd, 0x00, 0x42, 0x30, 0x01, 0x00, 0x03, 0x24, 0x0a, 0x00, 0x43, 0x14,
  0x00, 0x00, 0x00, 0x00, 0xb7, 0xff, 0x11, 0x04, 0x25, 0x30, 0x00, 0x00,
  0x04, 0x00, 0x00, 0x10, 0xfd, 0xff, 0x03, 0x24, 0x82, 0xf6, 0x11, 0x04,
  0x25, 0x30, 0x00, 0x00, 0xfd, 0xff, 0x03, 0x24, 0x02, 0x00, 0x43, 0x14,
  0x00, 0x00, 0x00, 0x00, 0x25, 0x10, 0x00, 0x00, 0x14, 0x00, 0xbf, 0x8f,
  0x00, 0x00, 0x00, 0x00, 0x08, 0x00, 0xe0, 0x03, 0x18, 0x00, 0xbd, 0x27,
  0x08, 0x00, 0xe0, 0x03, 0x25, 0x10, 0x00, 0x00, 0xb8, 0xff, 0xbd, 0x27,
  0x34, 0x00, 0xb5, 0xaf, 0x40, 0xa8, 0x04, 0x00, 0x20, 0x00, 0xb0, 0xaf,
  0x21, 0x80, 0xa4, 0x02, 0x01, 0x00, 0x03, 0x3c, 0x90, 0xe7, 0x63, 0x24,
  0x00, 0x81, 0x10, 0x00, 0x21, 0x80, 0x70, 0x00, 0x38, 0x00, 0xb6, 0xaf,
  0x30, 0x00, 0xb4, 0xaf, 0x08, 0x00, 0x16, 0x96, 0x06, 0x00, 0x14, 0x96,
  0x28, 0x00, 0xb2, 0xaf, 0x24, 0x00, 0xb1, 0xaf, 0x40, 0x90, 0x14, 0x00,
  0x40, 0x88, 0x16, 0x00, 0x40, 0x00, 0xbe, 0xaf, 0x21, 0x10, 0x36, 0x02,
  0x25, 0xf0, 0x80, 0x00, 0x21, 0x20, 0x54, 0x02, 0x40, 0x22, 0x04, 0x00,
  0xc0, 0x11, 0x02, 0x00, 0x21, 0x10, 0x44, 0x00, 0x2c, 0x00, 0xb3, 0xaf,
  0x01, 0x00, 0x13, 0x3c, 0x90, 0xcf, 0x73, 0x26, 0x21, 0x10, 0x62, 0x02,
  0x0c, 0x00, 0x04, 0x8e, 0x54, 0x01, 0x42, 0x8c, 0x3c, 0x00, 0xb7, 0xaf,
  0x02, 0x00, 0x40, 0x14, 0x1b, 0x00, 0x82, 0x00, 0x0d, 0x00, 0x07, 0x00,
  0x14, 0x00, 0x06, 0x8e, 0x12, 0xb8, 0x00, 0x00, 0xff, 0xff, 0xf7, 0x26,
  0x1c, 0x00, 0xe0, 0x06, 0x44, 0x00, 0xbf, 0xaf, 0x0e, 0x00, 0xc1, 0x04,
  0x10, 0x00, 0xa7, 0x27, 0xfd, 0xff, 0x02, 0x24, 0x44, 0x00, 0xbf, 0x8f,
  0x40, 0x00, 0xbe, 0x8f, 0x3c, 0x00, 0xb7, 0x8f, 0x38, 0x00, 0xb6, 0x8f,
  0x34, 0x00, 0xb5, 0x8f, 0x30, 0x00, 0xb4, 0x8f, 0x2c, 0x00, 0xb3, 0x8f,
  0x28, 0x00, 0xb2, 0x8f, 0x24, 0x00, 0xb1, 0x8f, 0x20, 0x00, 0xb0, 0x8f,
  0x08, 0x00, 0xe0, 0x03, 0x48, 0x00, 0xbd, 0x27, 0x08, 0x00, 0x05, 0x96,
  0x06, 0x00, 0x04, 0x96, 0x7d, 0xfe, 0x11, 0x04, 0x18, 0x00, 0xa3, 0xaf,
  0xef, 0xff, 0x40, 0x14, 0xff, 0xff, 0x08, 0x24, 0x10, 0x00, 0xa2, 0x8f,
  0xff, 0xff, 0xf7, 0x26, 0x08, 0x00, 0x46, 0x84, 0x18, 0x00, 0xa3, 0x8f,
  0xe6, 0xff, 0xe8, 0x16, 0x00, 0x00, 0x00, 0x00, 0xe6, 0xff, 0xc0, 0x04,
  0x21, 0x20, 0x54, 0x02, 0x21, 0xa8, 0xbe, 0x02, 0x00, 0xa9, 0x15, 0x00,
  0x21, 0x10, 0x75, 0x00, 0x21, 0x18, 0x36, 0x02, 0xc0, 0x19, 0x03, 0x00,
  0x40, 0x22, 0x04, 0x00, 0x21, 0x18, 0x64, 0x00, 0x21, 0x18, 0x63, 0x02,
  0x0c, 0x00, 0x42, 0x8c, 0x54, 0x01, 0x63, 0x8c, 0x00, 0x00, 0x00, 0x00,
  0x02, 0x00, 0x60, 0x14, 0x1b, 0x00, 0x43, 0x00, 0x0d, 0x00, 0x07, 0x00,
  0x10, 0x10, 0x00, 0x00, 0x02, 0x00, 0x41, 0x04, 0x00, 0x00, 0x00, 0x00,
  0xff, 0x03, 0x42, 0x24, 0x21, 0x88, 0x36, 0x02, 0x21, 0x90, 0x54, 0x02,
  0xc0, 0x89, 0x11, 0x00, 0x40, 0x92, 0x12, 0x00, 0x21, 0x88, 0x32, 0x02,
  0x21, 0x98, 0x71, 0x02, 0x28, 0x00, 0x64, 0x86, 0x00, 0x04, 0x03, 0x24,
  0x02, 0x00, 0x80, 0x14, 0x1a, 0x00, 0x64, 0x00, 0x0d, 0x00, 0x07, 0x00,
  0x83, 0x12, 0x02, 0x00, 0x01, 0x00, 0xc6, 0x24, 0x80, 0x31, 0x06, 0x00,
  0x12, 0x18, 0x00, 0x00, 0x00, 0x00, 0x00, 0x00, 0x00, 0x00, 0x00, 0x00,
  0x18, 0x00, 0x62, 0x00, 0x12, 0x10, 0x00, 0x00, 0xc0, 0xff, 0x00, 0x10,
  0x21, 0x10, 0x46, 0x00, 0x38, 0xff, 0xbd, 0x27, 0xa8, 0x00, 0xb2, 0xaf,
  0x4c, 0x00, 0xb2, 0x27, 0xbc, 0x00, 0xb7, 0xaf, 0xb8, 0x00, 0xb6, 0xaf,
  0xb4, 0x00, 0xb5, 0xaf, 0xb0, 0x00, 0xb4, 0xaf, 0xa4, 0x00, 0xb1, 0xaf,
  0xa0, 0x00, 0xb0, 0xaf, 0xc4, 0x00, 0xbf, 0xaf, 0xc0, 0x00, 0xbe, 0xaf,
  0xac, 0x00, 0xb3, 0xaf, 0x25, 0xa0, 0x80, 0x00, 0x25, 0xa8, 0xa0, 0x00,
  0x25, 0x88, 0x40, 0x02, 0x25, 0x80, 0x00, 0x00, 0x07, 0x00, 0x17, 0x24,
  0x0f, 0x00, 0x16, 0x24, 0x25, 0x38, 0x20, 0x02, 0x25, 0x30, 0x00, 0x02,
  0x25, 0x28, 0xa0, 0x02, 0x35, 0xfe, 0x11, 0x04, 0x25, 0x20, 0x80, 0x02,
  0x4b, 0x00, 0x40, 0x14, 0x90, 0x00, 0xa2, 0xaf, 0x00, 0x00, 0x22, 0x8e,
  0x00, 0x00, 0x00, 0x00, 0x04, 0x00, 0x43, 0x8c, 0x53, 0x00, 0x00, 0x16,
  0x38, 0x00, 0x43, 0xac, 0x01, 0x00, 0x02, 0x3c, 0xfc, 0x73, 0x42, 0x8c,
  0x00, 0x00, 0x00, 0x00, 0x00, 0x00, 0x42, 0x8c, 0x00, 0x00, 0x00, 0x00,
  0x88, 0x00, 0xa2, 0xaf, 0x01, 0x00, 0x10, 0x26, 0xec, 0xff, 0x16, 0x16,
  0x04, 0x00, 0x31, 0x26, 0x10, 0x00, 0xb1, 0x27, 0x3c, 0x00, 0x06, 0x24,
  0xff, 0xff, 0x05, 0x24, 0xb3, 0x17, 0x11, 0x04, 0x25, 0x20, 0x20, 0x02,
  0x25, 0xb8, 0x20, 0x02, 0x25, 0x48, 0x20, 0x02, 0x25, 0x40, 0x40, 0x02,
  0x25, 0xf0, 0x00, 0x00, 0xa0, 0x00, 0x15, 0x24, 0xff, 0xff, 0x16, 0x24,
  0x0f, 0x00, 0x0a, 0x24, 0x00, 0x00, 0x02, 0x8d, 0x01, 0x00, 0x03, 0x24,
  0x00, 0x00, 0x50, 0x8c, 0x00, 0x00, 0x00, 0x00, 0x0f, 0x00, 0x04, 0x32,
  0x3f, 0x00, 0x83, 0x10, 0xff, 0xff, 0x05, 0x24, 0x01, 0x00, 0xde, 0x27,
  0x04, 0x00, 0x08, 0x25, 0xf6, 0xff, 0xca, 0x17, 0x04, 0x00, 0x29, 0x25,
  0x25, 0xa8, 0x00, 0x00, 0xff, 0xff, 0x1e, 0x24, 0xa0, 0x00, 0x14, 0x24,
  0x0f, 0x00, 0x16, 0x24, 0x00, 0x00, 0xe2, 0x8e, 0x25, 0x80, 0xa0, 0x02,
  0x1b, 0x00, 0x5e, 0x14, 0x01, 0x00, 0xb5, 0x26, 0x00, 0x00, 0x44, 0x8e,
  0x00, 0x00, 0x00, 0x00, 0x00, 0x00, 0x82, 0x8c, 0x00, 0x00, 0x00, 0x00,
  0x15, 0x00, 0x54, 0x10, 0x80, 0x00, 0x06, 0x24, 0x91, 0x17, 0x11, 0x04,
  0x25, 0x28, 0x00, 0x00, 0x00, 0x00, 0x44, 0x8e, 0x07, 0x00, 0x10, 0x2e,
  0x00, 0x00, 0x94, 0xac, 0x00, 0x00, 0xe2, 0x8e, 0x01, 0x00, 0x10, 0x3a,
  0x80, 0x80, 0x10, 0x00, 0x08, 0x00, 0x82, 0xa4, 0x7f, 0x00, 0x05, 0x24,
  0x96, 0xe5, 0x11, 0x04, 0x21, 0x80, 0x30, 0x02, 0x78, 0x00, 0x03, 0x8e,
  0x7f, 0x00, 0x82, 0xa0, 0x0a, 0x00, 0x64, 0x90, 0x07, 0x00, 0xa2, 0x32,
  0x01, 0x00, 0x07, 0x24, 0x04, 0x10, 0x47, 0x00, 0x25, 0x10, 0x44, 0x00,
  0x0a, 0x00, 0x62, 0xa0, 0x04, 0x00, 0xf7, 0x26, 0xe0, 0xff, 0xb6, 0x16,
  0x04, 0x00, 0x52, 0x26, 0xc4, 0x00, 0xbf, 0x8f, 0x90, 0x00, 0xa2, 0x8f,
  0xc0, 0x00, 0xbe, 0x8f, 0xbc, 0x00, 0xb7, 0x8f, 0xb8, 0x00, 0xb6, 0x8f,
  0xb4, 0x00, 0xb5, 0x8f, 0xb0, 0x00, 0xb4, 0x8f, 0xac, 0x00, 0xb3, 0x8f,
  0xa8, 0x00, 0xb2, 0x8f, 0xa4, 0x00, 0xb1, 0x8f, 0xa0, 0x00, 0xb0, 0x8f,
  0x08, 0x00, 0xe0, 0x03, 0xc8, 0x00, 0xbd, 0x27, 0xb3, 0xff, 0x17, 0x16,
  0x00, 0x00, 0x00, 0x00, 0x01, 0x00, 0x02, 0x3c, 0xfc, 0x73, 0x42, 0x8c,
  0x00, 0x00, 0x00, 0x00, 0x00, 0x00, 0x42, 0x8c, 0xad, 0xff, 0x00, 0x10,
  0x8c, 0x00, 0xa2, 0xaf, 0x08, 0x00, 0x42, 0x84, 0xf0, 0x00, 0x10, 0x32,
  0x00, 0x00, 0x3e, 0xad, 0x0f, 0x00, 0x43, 0x2c, 0x29, 0x00, 0x60, 0x14,
  0x00, 0x00, 0x00, 0x00, 0xbb, 0xff, 0x00, 0x16, 0x25, 0x98, 0x40, 0x02,
  0x25, 0x38, 0x20, 0x02, 0x00, 0x00, 0xe2, 0x8c, 0x25, 0xa0, 0x00, 0x02,
  0x1d, 0x00, 0x5e, 0x14, 0x01, 0x00, 0x10, 0x26, 0x00, 0x00, 0x64, 0x8e,
  0x80, 0x00, 0x06, 0x24, 0x25, 0x28, 0x00, 0x00, 0x9c, 0x00, 0xa9, 0xaf,
  0x98, 0x00, 0xa8, 0xaf, 0x94, 0x00, 0xa7, 0xaf, 0x52, 0x17, 0x11, 0x04,
  0x07, 0x00, 0x94, 0x2e, 0x00, 0x00, 0x64, 0x8e, 0x01, 0x00, 0x94, 0x3a,
  0x00, 0x00, 0x95, 0xac, 0x08, 0x00, 0x96, 0xa4, 0x7f, 0x00, 0x05, 0x24,
  0x5a, 0xe5, 0x11, 0x04, 0x80, 0xa0, 0x14, 0x00, 0x21, 0xa0, 0x34, 0x02,
  0x7f, 0x00, 0x82, 0xa0, 0x78, 0x00, 0x84, 0x8e, 0x07, 0x00, 0x02, 0x32,
  0x0a, 0x00, 0x85, 0x90, 0x01, 0x00, 0x0b, 0x24, 0x04, 0x10, 0x4b, 0x00,
  0x25, 0x10, 0x45, 0x00, 0x9c, 0x00, 0xa9, 0x8f, 0x98, 0x00, 0xa8, 0x8f,
  0x94, 0x00, 0xa7, 0x8f, 0x0a, 0x00, 0x82, 0xa0, 0x0f, 0x00, 0x0a, 0x24,
  0x04, 0x00, 0xe7, 0x24, 0xde, 0xff, 0x0a, 0x16, 0x04, 0x00, 0x73, 0x26,
  0x96, 0xff, 0x00, 0x10, 0x01, 0x00, 0xde, 0x27, 0x80, 0x10, 0x02, 0x00,
  0x21, 0x18, 0x22, 0x02, 0x3c, 0x00, 0x63, 0x8c, 0x00, 0x00, 0x00, 0x00,
  0x00, 0x00, 0x64, 0x8c, 0x00, 0x00, 0x00, 0x00, 0xf0, 0x00, 0x86, 0x30,
  0x02, 0x00, 0xd0, 0x10, 0x00, 0x00, 0x00, 0x00, 0x25, 0x80, 0x00, 0x00,
  0x09, 0x00, 0x95, 0x10, 0x21, 0x10, 0x22, 0x02, 0x00, 0x00, 0x44, 0x8c,
  0x00, 0x00, 0x00, 0x00, 0x06, 0x00, 0x85, 0x14, 0x25, 0x98, 0x40, 0x02,
  0x00, 0x00, 0x5e, 0xac, 0x08, 0x00, 0x62, 0x84, 0xc3, 0xff, 0x00, 0x10,
  0x0f, 0x00, 0x43, 0x2c, 0x25, 0x98, 0x40, 0x02, 0x25, 0x38, 0x20, 0x02,
  0xc4, 0xff, 0x00, 0x10, 0x25, 0x80, 0x00, 0x00, 0xc0, 0xff, 0xbd, 0x27,
  0x2c, 0x00, 0xb5, 0xaf, 0x28, 0x00, 0xb4, 0xaf, 0x40, 0xa8, 0x05, 0x00,
  0x40, 0xa0, 0x04, 0x00, 0x34, 0x00, 0xb7, 0xaf, 0x1c, 0x00, 0xb1, 0xaf,
  0x21, 0xb8, 0x84, 0x02, 0x21, 0x88, 0xa5, 0x02, 0xc0, 0x89, 0x11, 0x00,
  0x40, 0xba, 0x17, 0x00, 0x38, 0x00, 0xbe, 0xaf, 0x24, 0x00, 0xb3, 0xaf,
  0x21, 0xf0, 0x37, 0x02, 0x01, 0x00, 0x13, 0x3c, 0x90, 0xcf, 0x73, 0x26,
  0x18, 0x00, 0xb0, 0xaf, 0x21, 0x80, 0x7e, 0x02, 0x30, 0x00, 0xb6, 0xaf,
  0x20, 0x00, 0xb2, 0xaf, 0x25, 0xb0, 0xa0, 0x00, 0x25, 0x90, 0x80, 0x00,
  0x80, 0x01, 0x06, 0x24, 0x25, 0x28, 0x00, 0x00, 0x3c, 0x00, 0xbf, 0xaf,
  0x06, 0x17, 0x11, 0x04, 0x25, 0x20, 0x00, 0x02, 0xd0, 0x00, 0xc4, 0x27,
  0x80, 0x00, 0x06, 0x24, 0xff, 0xff, 0x05, 0x24, 0x01, 0x17, 0x11, 0x04,
  0x21, 0x20, 0x64, 0x02, 0x00, 0x20, 0x02, 0x24, 0x54, 0x01, 0x02, 0xae,
  0x00, 0x08, 0x02, 0x24, 0x58, 0x01, 0x02, 0xae, 0x40, 0x00, 0x02, 0x3c,
  0x80, 0x00, 0x42, 0x24, 0x28, 0x00, 0x02, 0xae, 0x00, 0xff, 0x02, 0x3c,
  0x80, 0x00, 0x42, 0x24, 0x2c, 0x00, 0x02, 0xae, 0x10, 0x00, 0x02, 0x24,
  0x30, 0x00, 0x02, 0xae, 0x01, 0x00, 0x07, 0x3c, 0x20, 0xee, 0xe7, 0x24,
  0x01, 0x00, 0x02, 0x24, 0x25, 0x30, 0x00, 0x00, 0x25, 0x28, 0xc0, 0x02,
  0x25, 0x20, 0x40, 0x02, 0x5c, 0x01, 0x00, 0xae, 0x60, 0x01, 0x00, 0xae,
  0x58, 0x08, 0x11, 0x04, 0x50, 0x01, 0x02, 0xa2, 0x25, 0x18, 0x40, 0x00,
  0x2e, 0x00, 0x60, 0x04, 0xf2, 0xff, 0x02, 0x24, 0xff, 0xff, 0x02, 0x24,
  0x60, 0x01, 0x02, 0xae, 0x01, 0x00, 0x02, 0x3c, 0x20, 0xee, 0x42, 0x24,
  0x00, 0x00, 0x44, 0x94, 0x4d, 0x43, 0x03, 0x24, 0x10, 0x00, 0xa2, 0xaf,
  0x25, 0x00, 0x83, 0x14, 0xfe, 0xff, 0x02, 0x24, 0x21, 0x80, 0x71, 0x02,
  0x21, 0x80, 0x17, 0x02, 0x10, 0x00, 0x11, 0x24, 0x24, 0x00, 0x17, 0x24,
  0x10, 0x00, 0xa7, 0x8f, 0x25, 0x30, 0x20, 0x02, 0x25, 0x28, 0xc0, 0x02,
  0x43, 0x08, 0x11, 0x04, 0x25, 0x20, 0x40, 0x02, 0x26, 0x00, 0x40, 0x14,
  0x00, 0x00, 0x00, 0x00, 0x10, 0x00, 0xa4, 0x8f, 0xe0, 0xe4, 0x11, 0x04,
  0x7f, 0x00, 0x05, 0x24, 0x7f, 0x00, 0x83, 0x90, 0x00, 0x00, 0x00, 0x00,
  0x04, 0x00, 0x62, 0x14, 0x00, 0x00, 0x00, 0x00, 0x00, 0x00, 0x82, 0x8c,
  0x00, 0x00, 0x00, 0x00, 0xd0, 0x00, 0x02, 0xae, 0x01, 0x00, 0x31, 0x26,
  0xed, 0xff, 0x37, 0x16, 0x04, 0x00, 0x10, 0x26, 0x25, 0x28, 0xc0, 0x02,
  0xe6, 0xfe, 0x11, 0x04, 0x25, 0x20, 0x40, 0x02, 0x08, 0x00, 0x40, 0x14,
  0x21, 0x18, 0xb6, 0x02, 0x21, 0xa0, 0x92, 0x02, 0xc0, 0x19, 0x03, 0x00,
  0x40, 0xa2, 0x14, 0x00, 0x21, 0x20, 0x74, 0x00, 0x21, 0x98, 0x64, 0x02,
  0x01, 0x00, 0x03, 0x24, 0x60, 0x01, 0x63, 0xae, 0x3c, 0x00, 0xbf, 0x8f,
  0x38, 0x00, 0xbe, 0x8f, 0x34, 0x00, 0xb7, 0x8f, 0x30, 0x00, 0xb6, 0x8f,
  0x2c, 0x00, 0xb5, 0x8f, 0x28, 0x00, 0xb4, 0x8f, 0x24, 0x00, 0xb3, 0x8f,
  0x20, 0x00, 0xb2, 0x8f, 0x1c, 0x00, 0xb1, 0x8f, 0x18, 0x00, 0xb0, 0x8f,
  0x08, 0x00, 0xe0, 0x03, 0x40, 0x00, 0xbd, 0x27, 0xf3, 0xff, 0x00, 0x10,
  0xd5, 0xff, 0x02, 0x24, 0xa8, 0xff, 0xbd, 0x27, 0x44, 0x00, 0xb5, 0xaf,
  0x25, 0xa8, 0xc0, 0x00, 0x08, 0x00, 0xa7, 0x96, 0x06, 0x00, 0xc6, 0x94,
  0x3c, 0x00, 0xb3, 0xaf, 0x40, 0x10, 0x07, 0x00, 0x25, 0x98, 0x80, 0x00,
  0x40, 0x20, 0x06, 0x00, 0x21, 0x18, 0x47, 0x00, 0x21, 0x40, 0x86, 0x00,
  0xc0, 0x19, 0x03, 0x00, 0x40, 0x42, 0x08, 0x00, 0x40, 0x00, 0xb4, 0xaf,
  0x21, 0x18, 0x68, 0x00, 0x25, 0xa0, 0xa0, 0x00, 0x01, 0x00, 0x05, 0x3c,
  0x90, 0xcf, 0xa5, 0x24, 0x21, 0x18, 0xa3, 0x00, 0x38, 0x00, 0xb2, 0xaf,
  0x54, 0x01, 0x72, 0x8c, 0x54, 0x00, 0xbf, 0xaf, 0x50, 0x00, 0xbe, 0xaf,
  0x4c, 0x00, 0xb7, 0xaf, 0x48, 0x00, 0xb6, 0xaf, 0x34, 0x00, 0xb1, 0xaf,
  0x02, 0x00, 0x41, 0x06, 0x30, 0x00, 0xb0, 0xaf, 0xff, 0x03, 0x52, 0x26,
  0x21, 0x20, 0x86, 0x00, 0x21, 0x10, 0x47, 0x00, 0x40, 0x22, 0x04, 0x00,
  0xc0, 0x11, 0x02, 0x00, 0x21, 0x10, 0x44, 0x00, 0x21, 0x28, 0xa2, 0x00,
  0x28, 0x00, 0xb0, 0x84, 0x01, 0x00, 0x06, 0x24, 0x25, 0x28, 0x80, 0x02,
  0xe4, 0xfd, 0x11, 0x04, 0x25, 0x20, 0x60, 0x02, 0xc2, 0x00, 0x40, 0x04,
  0x00, 0x04, 0x03, 0x24, 0x02, 0x00, 0x00, 0x16, 0x1a, 0x00, 0x70, 0x00,
  0x0d, 0x00, 0x07, 0x00, 0x83, 0x92, 0x12, 0x00, 0x01, 0x00, 0x43, 0x26,
  0x14, 0x00, 0xb7, 0x8e, 0x25, 0x88, 0x40, 0x00, 0xff, 0xff, 0x10, 0x24,
  0x12, 0xb0, 0x00, 0x00, 0x00, 0x00, 0x00, 0x00, 0x00, 0x00, 0x00, 0x00,
  0x18, 0x00, 0x76, 0x00, 0x12, 0x18, 0x00, 0x00, 0x20, 0x00, 0xa3, 0xaf,
  0x0f, 0x00, 0xe2, 0x2e, 0x3a, 0x00, 0x40, 0x14, 0x18, 0x00, 0xa7, 0x27,
  0x25, 0x30, 0x20, 0x02, 0x25, 0x28, 0x80, 0x02, 0xdb, 0xfc, 0x11, 0x04,
  0x25, 0x20, 0x60, 0x02, 0xab, 0x00, 0x40, 0x14, 0x25, 0x30, 0x00, 0x00,
  0x01, 0x00, 0x02, 0x3c, 0xfc, 0x73, 0x42, 0x8c, 0x01, 0x00, 0x12, 0x24,
  0x00, 0x00, 0x43, 0x8c, 0x01, 0x00, 0x22, 0x26, 0x0a, 0x00, 0x64, 0x90,
  0x07, 0x00, 0x42, 0x30, 0x04, 0x10, 0x52, 0x00, 0x25, 0x10, 0x44, 0x00,
  0x0a, 0x00, 0x62, 0xa0, 0x18, 0x00, 0xa2, 0x8f, 0x00, 0x00, 0x00, 0x00,
  0x25, 0x20, 0x40, 0x00, 0x80, 0x00, 0x05, 0x24, 0xff, 0xff, 0x03, 0x24,
  0x61, 0xe4, 0x11, 0x04, 0x53, 0x00, 0x15, 0x24, 0x25, 0x20, 0x40, 0x00,
  0x7f, 0x00, 0x05, 0x24, 0x00, 0x00, 0x55, 0xac, 0x65, 0xe4, 0x11, 0x04,
  0x08, 0x00, 0x43, 0xa4, 0x7f, 0x00, 0x82, 0xa0, 0x14, 0x00, 0xa7, 0x27,
  0x25, 0x30, 0x00, 0x02, 0x25, 0x28, 0x80, 0x02, 0xbd, 0xfc, 0x11, 0x04,
  0x25, 0x20, 0x60, 0x02, 0x8d, 0x00, 0x40, 0x14, 0x01, 0x00, 0x10, 0x26,
  0x01, 0x00, 0x02, 0x3c, 0xfc, 0x73, 0x42, 0x8c, 0x00, 0x00, 0x00, 0x00,
  0x00, 0x00, 0x42, 0x8c, 0x07, 0x00, 0x10, 0x32, 0x0a, 0x00, 0x43, 0x90,
  0x04, 0x90, 0x12, 0x02, 0x14, 0x00, 0xa4, 0x8f, 0x25, 0x90, 0x43, 0x02,
  0x0a, 0x00, 0x52, 0xa0, 0x00, 0x00, 0x82, 0x8c, 0x00, 0x00, 0x00, 0x00,
  0x02, 0x00, 0x55, 0x14, 0x52, 0x00, 0x02, 0x24, 0x00, 0x00, 0x82, 0xac,
  0x08, 0x00, 0x91, 0xa4, 0x4b, 0xe4, 0x11, 0x04, 0x7f, 0x00, 0x05, 0x24,
  0x7f, 0x00, 0x82, 0xa0, 0x78, 0x00, 0x00, 0x10, 0x25, 0x10, 0x20, 0x02,
  0x2a, 0x10, 0x37, 0x02, 0x6f, 0x00, 0x40, 0x10, 0x1c, 0x00, 0xa7, 0x27,
  0x24, 0x00, 0x40, 0x1a, 0x18, 0x00, 0x32, 0x02, 0x25, 0xb8, 0x00, 0x00,
  0x25, 0x40, 0x00, 0x00, 0x12, 0x18, 0x00, 0x00, 0x00, 0x00, 0x00, 0x00,
  0x00, 0x00, 0x00, 0x00, 0x18, 0x00, 0x76, 0x00, 0x23, 0x18, 0x03, 0x00,
  0x12, 0xf0, 0x00, 0x00, 0x25, 0x30, 0xc0, 0x03, 0x25, 0x28, 0x80, 0x02,
  0x25, 0x20, 0x60, 0x02, 0x28, 0x00, 0xa3, 0xaf, 0x0f, 0xee, 0x11, 0x04,
  0x24, 0x00, 0xa8, 0xaf, 0x10, 0x00, 0xa7, 0x27, 0x3f, 0xfc, 0x11, 0x04,
  0x25, 0x30, 0xe0, 0x02, 0x60, 0x00, 0x40, 0x14, 0xff, 0xff, 0x03, 0x24,
  0x10, 0x00, 0xa2, 0x8f, 0x00, 0x00, 0x00, 0x00, 0x00, 0x00, 0x44, 0x8c,
  0x0a, 0x00, 0x43, 0xa0, 0x28, 0x00, 0xa3, 0x8f, 0x24, 0x00, 0xa8, 0x8f,
  0x23, 0x20, 0x83, 0x00, 0x00, 0x00, 0x44, 0xac, 0x20, 0x00, 0xa2, 0x8f,
  0x01, 0x00, 0x08, 0x25, 0x21, 0xf0, 0xd6, 0x03, 0x21, 0xb8, 0xe2, 0x02,
  0xe8, 0xff, 0x48, 0x16, 0x21, 0x18, 0x72, 0x00, 0x25, 0xb8, 0x40, 0x02,
  0x1c, 0x00, 0xa7, 0x27, 0x25, 0x30, 0xe0, 0x02, 0x25, 0x28, 0x80, 0x02,
  0x7a, 0xfc, 0x11, 0x04, 0x25, 0x20, 0x60, 0x02, 0x4a, 0x00, 0x40, 0x14,
  0x18, 0x00, 0xa7, 0x27, 0x25, 0x30, 0x20, 0x02, 0x25, 0x28, 0x80, 0x02,
  0x74, 0xfc, 0x11, 0x04, 0x25, 0x20, 0x60, 0x02, 0x44, 0x00, 0x40, 0x14,
  0x00, 0x00, 0x00, 0x00, 0x01, 0x00, 0x02, 0x3c, 0xfc, 0x73, 0x42, 0x8c,
  0x01, 0x00, 0x24, 0x26, 0x00, 0x00, 0x43, 0x8c, 0x07, 0x00, 0x84, 0x30,
  0x01, 0x00, 0x02, 0x24, 0x04, 0x10, 0x82, 0x00, 0x0a, 0x00, 0x64, 0x90,
  0x10, 0x00, 0xa3, 0xaf, 0x25, 0x10, 0x44, 0x00, 0x0a, 0x00, 0x62, 0xa0,
  0x1c, 0x00, 0xa2, 0x8f, 0x18, 0x00, 0xa3, 0x8f, 0x80, 0x00, 0x44, 0x24,
  0x00, 0x00, 0x45, 0x8c, 0x10, 0x00, 0x42, 0x24, 0x00, 0x00, 0x65, 0xac,
  0xf4, 0xff, 0x45, 0x8c, 0x10, 0x00, 0x63, 0x24, 0xf4, 0xff, 0x65, 0xac,
  0xf8, 0xff, 0x45, 0x8c, 0x00, 0x00, 0x00, 0x00, 0xf8, 0xff, 0x65, 0xac,
  0xfc, 0xff, 0x45, 0x8c, 0xf5, 0xff, 0x82, 0x14, 0xfc, 0xff, 0x65, 0xac,
  0xff, 0xff, 0x02, 0x24, 0x1f, 0x00, 0x02, 0x12, 0x14, 0x00, 0xa7, 0x27,
  0x25, 0x30, 0x00, 0x02, 0x25, 0x28, 0x80, 0x02, 0x51, 0xfc, 0x11, 0x04,
  0x25, 0x20, 0x60, 0x02, 0x21, 0x00, 0x40, 0x14, 0x01, 0x00, 0x10, 0x26,
  0x01, 0x00, 0x02, 0x3c, 0xfc, 0x73, 0x42, 0x8c, 0x00, 0x00, 0x00, 0x00,
  0x00, 0x00, 0x43, 0x8c, 0x07, 0x00, 0x10, 0x32, 0x0a, 0x00, 0x64, 0x90,
  0x01, 0x00, 0x02, 0x24, 0x04, 0x10, 0x02, 0x02, 0x25, 0x10, 0x44, 0x00,
  0x14, 0x00, 0xa4, 0x8f, 0x0a, 0x00, 0x62, 0xa0, 0x7f, 0x00, 0x05, 0x24,
  0x08, 0x00, 0x91, 0xa4, 0xe2, 0xe3, 0x11, 0x04, 0x10, 0x00, 0xa3, 0xaf,
  0x7f, 0x00, 0x82, 0xa0, 0x25, 0x10, 0xe0, 0x02, 0x25, 0xb8, 0x20, 0x02,
  0x25, 0x88, 0x40, 0x00, 0x1c, 0x00, 0xa2, 0x8f, 0x25, 0x80, 0xe0, 0x02,
  0x08, 0x00, 0x57, 0x84, 0x57, 0xff, 0x00, 0x10, 0x0f, 0x00, 0xe2, 0x2e,
  0xf7, 0xff, 0x00, 0x10, 0x14, 0x00, 0xb1, 0xae, 0x25, 0x30, 0xe0, 0x02,
  0x25, 0x28, 0x80, 0x02, 0x31, 0xfc, 0x11, 0x04, 0x25, 0x20, 0x60, 0x02,
  0xf4, 0xff, 0x40, 0x10, 0x00, 0x00, 0x00, 0x00, 0x54, 0x00, 0xbf, 0x8f,
  0x50, 0x00, 0xbe, 0x8f, 0x4c, 0x00, 0xb7, 0x8f, 0x48, 0x00, 0xb6, 0x8f,
  0x44, 0x00, 0xb5, 0x8f, 0x40, 0x00, 0xb4, 0x8f, 0x3c, 0x00, 0xb3, 0x8f,
  0x38, 0x00, 0xb2, 0x8f, 0x34, 0x00, 0xb1, 0x8f, 0x30, 0x00, 0xb0, 0x8f,
  0x08, 0x00, 0xe0, 0x03, 0x58, 0x00, 0xbd, 0x27, 0xd0, 0xff, 0xbd, 0x27,
  0x1c, 0x00, 0xb1, 0xaf, 0x40, 0x88, 0x04, 0x00, 0x18, 0x00, 0xb0, 0xaf,
  0x21, 0x80, 0x24, 0x02, 0x24, 0x00, 0xb3, 0xaf, 0x00, 0x81, 0x10, 0x00,
  0x01, 0x00, 0x13, 0x3c, 0x90, 0xe7, 0x73, 0x26, 0x21, 0x80, 0x70, 0x02,
  0x08, 0x00, 0x03, 0x96, 0x20, 0x00, 0xb2, 0xaf, 0x25, 0x90, 0x80, 0x00,
  0x06, 0x00, 0x04, 0x96, 0x40, 0x10, 0x03, 0x00, 0x21, 0x10, 0x43, 0x00,
  0x40, 0x18, 0x04, 0x00, 0x21, 0x18, 0x64, 0x00, 0x40, 0x1a, 0x03, 0x00,
  0xc0, 0x11, 0x02, 0x00, 0x21, 0x10, 0x43, 0x00, 0x01, 0x00, 0x03, 0x3c,
  0x90, 0xcf, 0x63, 0x24, 0x21, 0x18, 0x62, 0x00, 0x54, 0x01, 0x63, 0x8c,
  0x0c, 0x00, 0x02, 0x8e, 0x28, 0x00, 0xb4, 0xaf, 0x02, 0x00, 0x60, 0x14,
  0x1b, 0x00, 0x43, 0x00, 0x0d, 0x00, 0x07, 0x00, 0x12, 0xa0, 0x00, 0x00,
  0x0e, 0x00, 0x80, 0x1e, 0x2c, 0x00, 0xbf, 0xaf, 0x21, 0x88, 0x32, 0x02,
  0x00, 0x89, 0x11, 0x00, 0x21, 0x88, 0x71, 0x02, 0x08, 0x00, 0x25, 0x96,
  0x06, 0x00, 0x24, 0x96, 0x2c, 0x00, 0xbf, 0x8f, 0x28, 0x00, 0xb4, 0x8f,
  0x24, 0x00, 0xb3, 0x8f, 0x20, 0x00, 0xb2, 0x8f, 0x1c, 0x00, 0xb1, 0x8f,
  0x18, 0x00, 0xb0, 0x8f, 0x68, 0xf1, 0x00, 0x10, 0x30, 0x00, 0xbd, 0x27,
  0x14, 0x00, 0x02, 0x8e, 0x08, 0x00, 0x05, 0x96, 0x06, 0x00, 0x04, 0x96,
  0x10, 0x00, 0xa7, 0x27, 0xef, 0xfb, 0x11, 0x04, 0x25, 0x30, 0x40, 0x00,
  0x12, 0x00, 0x40, 0x14, 0x00, 0x00, 0x00, 0x00, 0x10, 0x00, 0xa2, 0x8f,
  0x00, 0x00, 0x00, 0x00, 0x08, 0x00, 0x42, 0x84, 0x00, 0x00, 0x00, 0x00,
  0x07, 0x00, 0x41, 0x04, 0x00, 0x00, 0x00, 0x00, 0x08, 0x00, 0x05, 0x96,
  0x06, 0x00, 0x04, 0x96, 0xca, 0xfe, 0x11, 0x04, 0x25, 0x30, 0x00, 0x02,
  0x06, 0x00, 0x40, 0x04, 0x00, 0x00, 0x00, 0x00, 0xff, 0xff, 0x94, 0x26,
  0xeb, 0xff, 0x80, 0x16, 0x00, 0x00, 0x00, 0x00, 0xdc, 0xff, 0x00, 0x10,
  0x21, 0x88, 0x32, 0x02, 0x2c, 0x00, 0xbf, 0x8f, 0x28, 0x00, 0xb4, 0x8f,
  0x24, 0x00, 0xb3, 0x8f, 0x20, 0x00, 0xb2, 0x8f, 0x1c, 0x00, 0xb1, 0x8f,
  0x18, 0x00, 0xb0, 0x8f, 0x08, 0x00, 0xe0, 0x03, 0x30, 0x00, 0xbd, 0x27,
  0x40, 0x10, 0x05, 0x00, 0x40, 0x18, 0x04, 0x00, 0x21, 0x10, 0x45, 0x00,
  0x21, 0x18, 0x64, 0x00, 0xd8, 0xff, 0xbd, 0x27, 0x40, 0x1a, 0x03, 0x00,
  0xc0, 0x11, 0x02, 0x00, 0x21, 0x10, 0x43, 0x00, 0x18, 0x00, 0xb0, 0xaf,
  0x01, 0x00, 0x10, 0x3c, 0x90, 0xcf, 0x10, 0x26, 0x21, 0x80, 0x02, 0x02,
  0x28, 0x00, 0x06, 0x24, 0x20, 0x00, 0xb2, 0xaf, 0x1c, 0x00, 0xb1, 0xaf,
  0x25, 0x90, 0xa0, 0x00, 0x25, 0x88, 0x80, 0x00, 0x25, 0x28, 0x00, 0x00,
  0x24, 0x00, 0xbf, 0xaf, 0x52, 0x15, 0x11, 0x04, 0x25, 0x20, 0x00, 0x02,
  0x01, 0x00, 0x05, 0x3c, 0x00, 0xcd, 0xa5, 0x24, 0x54, 0x15, 0x11, 0x04,
  0x25, 0x20, 0x00, 0x02, 0x01, 0x00, 0x05, 0x3c, 0xf8, 0xcc, 0xa5, 0x24,
  0x4c, 0x15, 0x11, 0x04, 0x25, 0x20, 0x00, 0x02, 0x10, 0x00, 0xa7, 0x27,
  0x25, 0x30, 0x00, 0x00, 0x25, 0x28, 0x40, 0x02, 0xdd, 0xf2, 0x11, 0x04,
  0x25, 0x20, 0x20, 0x02, 0x10, 0x00, 0x40, 0x14, 0x01, 0x00, 0x03, 0x24,
  0x10, 0x00, 0xa2, 0x8f, 0x00, 0x00, 0x00, 0x00, 0x04, 0x00, 0x44, 0x8c,
  0x25, 0x28, 0x00, 0x02, 0x0a, 0x00, 0x43, 0xa0, 0x3a, 0x15, 0x11, 0x04,
  0x80, 0x01, 0x06, 0x24, 0x24, 0x00, 0xbf, 0x8f, 0x18, 0x00, 0xb0, 0x8f,
  0x25, 0x28, 0x40, 0x02, 0x25, 0x20, 0x20, 0x02, 0x20, 0x00, 0xb2, 0x8f,
  0x1c, 0x00, 0xb1, 0x8f, 0x14, 0xf1, 0x00, 0x10, 0x28, 0x00, 0xbd, 0x27,
  0x24, 0x00, 0xbf, 0x8f, 0x20, 0x00, 0xb2, 0x8f, 0x1c, 0x00, 0xb1, 0x8f,
  0x18, 0x00, 0xb0, 0x8f, 0xd0, 0xff, 0x02, 0x24, 0x08, 0x00, 0xe0, 0x03,
  0x28, 0x00, 0xbd, 0x27, 0x01, 0x00, 0x02, 0x3c, 0x70, 0x33, 0x42, 0x8c,
  0x00, 0x00, 0x00, 0x00, 0x19, 0x03, 0x40, 0x10, 0x00, 0x00, 0x00, 0x00,
  0x9c, 0x02, 0x40, 0x04, 0x00, 0x00, 0x00, 0x00, 0x58, 0xff, 0xbd, 0x27,
  0x8c, 0x00, 0xb3, 0xaf, 0x80, 0x00, 0xb0, 0xaf, 0x01, 0x00, 0x13, 0x3c,
  0x78, 0x33, 0x73, 0x8e, 0x01, 0x00, 0x10, 0x3c, 0x74, 0x33, 0x10, 0x8e,
  0x25, 0x20, 0x60, 0x02, 0x25, 0x28, 0x00, 0x02, 0xa4, 0x00, 0xbf, 0xaf,
  0x90, 0x00, 0xb4, 0xaf, 0x88, 0x00, 0xb2, 0xaf, 0x84, 0x00, 0xb1, 0xaf,
  0xa0, 0x00, 0xbe, 0xaf, 0x9c, 0x00, 0xb7, 0xaf, 0x98, 0x00, 0xb6, 0xaf,
  0xf4, 0xf0, 0x11, 0x04, 0x94, 0x00, 0xb5, 0xaf, 0x01, 0x00, 0x05, 0x3c,
  0x74, 0x33, 0xa5, 0x8c, 0x01, 0x00, 0x04, 0x3c, 0x78, 0x33, 0x84, 0x8c,
  0x40, 0xa0, 0x10, 0x00, 0xa4, 0xe9, 0x11, 0x04, 0x40, 0x90, 0x13, 0x00,
  0x21, 0x18, 0x90, 0x02, 0x21, 0x10, 0x53, 0x02, 0x40, 0x12, 0x02, 0x00,
  0xc0, 0x19, 0x03, 0x00, 0x21, 0x18, 0x62, 0x00, 0x01, 0x00, 0x11, 0x3c,
  0x90, 0xcf, 0x31, 0x26, 0x21, 0x18, 0x23, 0x02, 0x25, 0x10, 0x60, 0x00,
  0x25, 0x38, 0x00, 0x00, 0xff, 0xff, 0x05, 0x24, 0x10, 0x00, 0x04, 0x24,
  0xd0, 0x00, 0x46, 0x8c, 0x00, 0x00, 0x00, 0x00, 0x7a, 0x02, 0xc5, 0x10,
  0x00, 0x00, 0x00, 0x00, 0x01, 0x00, 0xe7, 0x24, 0xfa, 0xff, 0xe4, 0x14,
  0x04, 0x00, 0x42, 0x24, 0xa4, 0x00, 0xbf, 0x8f, 0xa0, 0x00, 0xbe, 0x8f,
  0x9c, 0x00, 0xb7, 0x8f, 0x98, 0x00, 0xb6, 0x8f, 0x94, 0x00, 0xb5, 0x8f,
  0x90, 0x00, 0xb4, 0x8f, 0x8c, 0x00, 0xb3, 0x8f, 0x88, 0x00, 0xb2, 0x8f,
  0x84, 0x00, 0xb1, 0x8f, 0x80, 0x00, 0xb0, 0x8f, 0xf8, 0xff, 0x02, 0x24,
  0x01, 0x00, 0x01, 0x3c, 0x70, 0x33, 0x20, 0xac, 0x08, 0x00, 0xe0, 0x03,
  0xa8, 0x00, 0xbd, 0x27, 0x01, 0x00, 0x05, 0x3c, 0x74, 0x33, 0xa5, 0x8c,
  0x01, 0x00, 0x04, 0x3c, 0x78, 0x33, 0x84, 0x8c, 0x23, 0x30, 0xc2, 0x00,
  0x74, 0x00, 0xa3, 0xaf, 0x70, 0x00, 0xa8, 0xaf, 0xd3, 0xf4, 0x11, 0x04,
  0x6c, 0x00, 0xa7, 0xaf, 0xe7, 0xff, 0x40, 0x14, 0x00, 0x00, 0x00, 0x00,
  0x6c, 0x00, 0xa7, 0x8f, 0x70, 0x00, 0xa8, 0x8f, 0x00, 0x00, 0xe2, 0x8c,
  0x74, 0x00, 0xa3, 0x8f, 0x05, 0x00, 0x41, 0x04, 0x01, 0x00, 0x09, 0x24,
  0x09, 0x00, 0x42, 0x24, 0x08, 0x00, 0x42, 0x2c, 0x9e, 0x02, 0x40, 0x10,
  0x00, 0x00, 0x00, 0x00, 0x04, 0x10, 0x09, 0x01, 0x27, 0x10, 0x02, 0x00,
  0x9a, 0x02, 0x00, 0x10, 0x24, 0xa8, 0xa2, 0x02, 0x34, 0x00, 0x84, 0x8c,
  0x00, 0x00, 0x00, 0x00, 0x21, 0x10, 0x44, 0x00, 0x00, 0x00, 0x42, 0xad,
  0x21, 0x10, 0x28, 0x02, 0x5c, 0x01, 0x44, 0x8c, 0x01, 0x00, 0xe7, 0x24,
  0x2b, 0x10, 0xe4, 0x00, 0xa0, 0x02, 0x40, 0x14, 0x04, 0x00, 0x4a, 0x25,
  0xe4, 0x00, 0x80, 0x14, 0x21, 0x10, 0x90, 0x02, 0x21, 0x20, 0x90, 0x02,
  0x21, 0x10, 0x53, 0x02, 0xc0, 0x21, 0x04, 0x00, 0x40, 0x12, 0x02, 0x00,
  0x01, 0x00, 0x1e, 0x3c, 0x30, 0x33, 0xde, 0x27, 0x21, 0x20, 0x82, 0x00,
  0x01, 0x00, 0x08, 0x3c, 0x70, 0x33, 0x08, 0x8d, 0x25, 0x30, 0xc0, 0x03,
  0x25, 0x28, 0x00, 0x00, 0x21, 0x20, 0x24, 0x02, 0x01, 0x00, 0x09, 0x24,
  0x2a, 0x10, 0xb6, 0x00, 0x26, 0x01, 0x40, 0x14, 0x00, 0x00, 0x00, 0x00,
  0x9c, 0x00, 0xa0, 0x12, 0x25, 0xb0, 0x00, 0x00, 0x21, 0x40, 0x90, 0x02,
  0x21, 0x48, 0x53, 0x02, 0xc0, 0x19, 0x08, 0x00, 0x40, 0x12, 0x09, 0x00,
  0x21, 0x18, 0x62, 0x00, 0x68, 0x00, 0xa2, 0x8f, 0x01, 0x00, 0x04, 0x3c,
  0x78, 0x33, 0x84, 0x8c, 0x2a, 0x10, 0xc2, 0x02, 0x01, 0x00, 0x05, 0x3c,
  0x74, 0x33, 0xa5, 0x8c, 0x2a, 0x01, 0x40, 0x14, 0x00, 0x00, 0x00, 0x00,
  0x85, 0xf0, 0x11, 0x04, 0x00, 0x00, 0x00, 0x00, 0x01, 0x00, 0x05, 0x3c,
  0x74, 0x33, 0xa5, 0x8c, 0x01, 0x00, 0x04, 0x3c, 0x78, 0x33, 0x84, 0x8c,
  0x36, 0xe9, 0x11, 0x04, 0x00, 0x00, 0x00, 0x00, 0x85, 0x00, 0xa0, 0x12,
  0x21, 0x18, 0x90, 0x02, 0x21, 0x10, 0x53, 0x02, 0xc0, 0x19, 0x03, 0x00,
  0x40, 0x12, 0x02, 0x00, 0x21, 0x18, 0x62, 0x00, 0xff, 0x7f, 0x16, 0x3c,
  0x25, 0x48, 0xa0, 0x02, 0x25, 0x30, 0x00, 0x00, 0x21, 0x18, 0x23, 0x02,
  0xff, 0xff, 0xd6, 0x36, 0x38, 0x00, 0x62, 0x8c, 0x01, 0x00, 0x04, 0x3c,
  0x78, 0x33, 0x84, 0x8c, 0x2b, 0x10, 0xc2, 0x00, 0x01, 0x00, 0x05, 0x3c,
  0x74, 0x33, 0xa5, 0x8c, 0x4a, 0x01, 0x40, 0x14, 0x60, 0x00, 0xa7, 0x27,
  0x03, 0x00, 0xa9, 0x12, 0x00, 0x00, 0x00, 0x00, 0x68, 0xf0, 0x11, 0x04,
  0x00, 0x00, 0x00, 0x00, 0x58, 0x00, 0xa2, 0x27, 0x01, 0x00, 0x05, 0x3c,
  0x74, 0x33, 0xa5, 0x8c, 0x01, 0x00, 0x04, 0x3c, 0x78, 0x33, 0x84, 0x8c,
  0x10, 0x00, 0xa2, 0xaf, 0x25, 0x38, 0x00, 0x00, 0xc1, 0xf5, 0x11, 0x04,
  0x25, 0x30, 0x00, 0x00, 0x84, 0xff, 0x40, 0x14, 0x25, 0xb0, 0x40, 0x00,
  0x58, 0x00, 0xa2, 0x8f, 0x21, 0x18, 0x90, 0x02, 0x04, 0x00, 0x42, 0x8c,
  0xc0, 0x19, 0x03, 0x00, 0x68, 0x00, 0xa2, 0xaf, 0x21, 0x10, 0x53, 0x02,
  0x40, 0x12, 0x02, 0x00, 0x21, 0x10, 0x62, 0x00, 0x02, 0x00, 0x15, 0x24,
  0x70, 0x00, 0xa2, 0xaf, 0x68, 0x00, 0xa2, 0x8f, 0x01, 0x00, 0x04, 0x3c,
  0x78, 0x33, 0x84, 0x8c, 0x2a, 0x10, 0xa2, 0x02, 0x01, 0x00, 0x05, 0x3c,
  0x74, 0x33, 0xa5, 0x8c, 0x59, 0x01, 0x40, 0x14, 0x25, 0x38, 0xa0, 0x02,
  0x58, 0x00, 0xa2, 0x27, 0x10, 0x00, 0xa2, 0xaf, 0x01, 0x00, 0x07, 0x24,
  0xa8, 0xf5, 0x11, 0x04, 0x25, 0x30, 0xc0, 0x02, 0x6b, 0xff, 0x40, 0x14,
  0x00, 0x00, 0x00, 0x00, 0x70, 0x00, 0xa2, 0x8f, 0x58, 0x00, 0xa4, 0x8f,
  0x21, 0x28, 0x22, 0x02, 0x34, 0x00, 0xa3, 0x8c, 0x10, 0x00, 0x82, 0x8c,
  0x5c, 0x01, 0xa5, 0x8c, 0x21, 0x10, 0x62, 0x00, 0x02, 0x00, 0xa0, 0x14,
  0x1b, 0x00, 0x45, 0x00, 0x0d, 0x00, 0x07, 0x00, 0x01, 0x00, 0x05, 0x3c,
  0x70, 0x33, 0xa5, 0x8c, 0x12, 0x30, 0x00, 0x00, 0x10, 0x10, 0x00, 0x00,
  0x07, 0x00, 0xa6, 0x14, 0x80, 0x10, 0x02, 0x00, 0x21, 0x10, 0xe2, 0x02,
  0x00, 0x00, 0x42, 0x8c, 0x00, 0x00, 0x00, 0x00, 0x23, 0x10, 0x43, 0x00,
  0x5c, 0xec, 0x11, 0x04, 0x10, 0x00, 0x82, 0xac, 0x14, 0x00, 0x87, 0x8c,
  0x10, 0x00, 0x86, 0x8c, 0x58, 0x00, 0xa2, 0x27, 0x01, 0x00, 0x05, 0x3c,
  0x74, 0x33, 0xa5, 0x8c, 0x01, 0x00, 0x04, 0x3c, 0x78, 0x33, 0x84, 0x8c,
  0x87, 0xf5, 0x11, 0x04, 0x10, 0x00, 0xa2, 0xaf, 0x4a, 0xff, 0x40, 0x14,
  0x00, 0x00, 0x00, 0x00, 0x58, 0x00, 0xa2, 0x8f, 0x01, 0x00, 0x05, 0x3c,
  0x74, 0x33, 0xa5, 0x8c, 0x04, 0x00, 0x42, 0x8c, 0x01, 0x00, 0x04, 0x3c,
  0x78, 0x33, 0x84, 0x8c, 0x68, 0x00, 0xa2, 0xaf, 0x58, 0x00, 0xa2, 0x27,
  0x10, 0x00, 0xa2, 0xaf, 0x25, 0x38, 0x00, 0x00, 0x79, 0xf5, 0x11, 0x04,
  0x25, 0x30, 0xc0, 0x02, 0x3c, 0xff, 0x40, 0x14, 0x00, 0x00, 0x00, 0x00,
  0x70, 0x00, 0xa2, 0x8f, 0x58, 0x00, 0xa3, 0x8f, 0x21, 0x28, 0x22, 0x02,
  0x34, 0x00, 0xa4, 0x8c, 0x10, 0x00, 0x76, 0x8c, 0x5c, 0x01, 0xa5, 0x8c,
  0x21, 0x10, 0xc4, 0x02, 0x02, 0x00, 0xa0, 0x14, 0x1b, 0x00, 0x45, 0x00,
  0x0d, 0x00, 0x07, 0x00, 0x14, 0x00, 0x75, 0x8c, 0x01, 0x00, 0x05, 0x3c,
  0x70, 0x33, 0xa5, 0x8c, 0x12, 0x30, 0x00, 0x00, 0x10, 0x10, 0x00, 0x00,
  0x08, 0x00, 0xa6, 0x14, 0x01, 0x00, 0xb5, 0x26, 0x80, 0x10, 0x02, 0x00,
  0x21, 0x10, 0xe2, 0x02, 0x00, 0x00, 0x42, 0x8c, 0x00, 0x00, 0x00, 0x00,
  0x23, 0x10, 0x44, 0x00, 0x2b, 0xec, 0x11, 0x04, 0x10, 0x00, 0x62, 0xac,
  0xa9, 0xff, 0xc0, 0x16, 0x01, 0x00, 0x02, 0x24, 0xa7, 0xff, 0xa2, 0x16,
  0x00, 0x00, 0x00, 0x00, 0x21, 0xa8, 0x90, 0x02, 0x21, 0x10, 0x53, 0x02,
  0x40, 0x12, 0x02, 0x00, 0xc0, 0xa9, 0x15, 0x00, 0x21, 0xa8, 0xa2, 0x02,
  0x21, 0xa8, 0x35, 0x02, 0x5c, 0x01, 0xa2, 0x8e, 0x00, 0x00, 0x00, 0x00,
  0x4c, 0x01, 0x40, 0x14, 0x25, 0xb0, 0x00, 0x00, 0x01, 0x00, 0x05, 0x3c,
  0x74, 0x33, 0xa5, 0x8c, 0x01, 0x00, 0x04, 0x3c, 0x78, 0x33, 0x84, 0x8c,
  0x21, 0x80, 0x90, 0x02, 0xe8, 0xef, 0x11, 0x04, 0x21, 0x90, 0x53, 0x02,
  0x40, 0x92, 0x12, 0x00, 0x01, 0x00, 0x05, 0x3c, 0x74, 0x33, 0xa5, 0x8c,
  0x01, 0x00, 0x04, 0x3c, 0x78, 0x33, 0x84, 0x8c, 0xc0, 0x81, 0x10, 0x00,
  0x97, 0xe8, 0x11, 0x04, 0x21, 0x80, 0x12, 0x02, 0x21, 0x10, 0x30, 0x02,
  0x5c, 0x01, 0x42, 0x8c, 0x01, 0x00, 0x01, 0x3c, 0x70, 0x33, 0x20, 0xac,
  0x52, 0x01, 0x40, 0x14, 0x25, 0x90, 0x00, 0x00, 0x01, 0x00, 0x05, 0x3c,
  0x74, 0x33, 0xa5, 0x8c, 0x01, 0x00, 0x04, 0x3c, 0x78, 0x33, 0x84, 0x8c,
  0xd4, 0xef, 0x11, 0x04, 0x00, 0x00, 0x00, 0x00, 0x01, 0x00, 0x05, 0x3c,
  0x74, 0x33, 0xa5, 0x8c, 0x01, 0x00, 0x04, 0x3c, 0x78, 0x33, 0x84, 0x8c,
  0xa4, 0x00, 0xbf, 0x8f, 0xa0, 0x00, 0xbe, 0x8f, 0x9c, 0x00, 0xb7, 0x8f,
  0x98, 0x00, 0xb6, 0x8f, 0x94, 0x00, 0xb5, 0x8f, 0x90, 0x00, 0xb4, 0x8f,
  0x8c, 0x00, 0xb3, 0x8f, 0x88, 0x00, 0xb2, 0x8f, 0x84, 0x00, 0xb1, 0x8f,
  0x80, 0x00, 0xb0, 0x8f, 0xa8, 0x00, 0xbd, 0x27, 0x7d, 0xfe, 0x00, 0x10,
  0x00, 0x00, 0x00, 0x00, 0x21, 0x40, 0x53, 0x02, 0x40, 0x42, 0x08, 0x00,
  0xc0, 0x11, 0x02, 0x00, 0x21, 0x10, 0x48, 0x00, 0xff, 0x7f, 0x0a, 0x3c,
  0x01, 0x00, 0x07, 0x3c, 0x70, 0x33, 0xe7, 0x8c, 0x25, 0x30, 0xc0, 0x03,
  0x25, 0x28, 0x00, 0x00, 0x21, 0x40, 0x22, 0x02, 0xff, 0xff, 0x4a, 0x35,
  0x07, 0x10, 0xb5, 0x00, 0x01, 0x00, 0x42, 0x30, 0x16, 0x00, 0x40, 0x10,
  0x00, 0x00, 0x00, 0x00, 0x00, 0x00, 0xc2, 0x8c, 0x00, 0x00, 0x00, 0x00,
  0x12, 0x00, 0x40, 0x10, 0x24, 0x10, 0x4a, 0x00, 0x34, 0x00, 0x0b, 0x8d,
  0x00, 0x00, 0x00, 0x00, 0x21, 0x10, 0x4b, 0x00, 0x02, 0x00, 0x80, 0x14,
  0x1b, 0x00, 0x44, 0x00, 0x0d, 0x00, 0x07, 0x00, 0x12, 0x60, 0x00, 0x00,
  0x10, 0x10, 0x00, 0x00, 0x08, 0x00, 0x87, 0x15, 0x80, 0x10, 0x02, 0x00,
  0x21, 0x10, 0xe2, 0x02, 0x00, 0x00, 0x42, 0x8c, 0x00, 0x00, 0x00, 0x00,
  0x23, 0x10, 0x4b, 0x00, 0x00, 0x80, 0x0b, 0x3c, 0x25, 0x10, 0x4b, 0x00,
  0x00, 0x00, 0xc2, 0xac, 0x01, 0x00, 0xa5, 0x24, 0xe5, 0xff, 0xa4, 0x14,
  0x04, 0x00, 0xc6, 0x24, 0x21, 0x40, 0x90, 0x02, 0x21, 0x10, 0x53, 0x02,
  0xc0, 0x41, 0x08, 0x00, 0x40, 0x12, 0x02, 0x00, 0x25, 0x50, 0x00, 0x00,
  0x21, 0x40, 0x02, 0x01, 0x00, 0x00, 0x22, 0x8d, 0x00, 0x00, 0x00, 0x00,
  0x0a, 0x00, 0x40, 0x14, 0x00, 0x00, 0x00, 0x00, 0x21, 0x10, 0x28, 0x02,
  0x5c, 0x01, 0x42, 0x8c, 0x01, 0x00, 0x4a, 0x25, 0x2b, 0x10, 0x42, 0x01,
  0x04, 0x00, 0x29, 0x25, 0xf6, 0xff, 0x40, 0x14, 0x04, 0x00, 0xde, 0x27,
  0xe5, 0xfe, 0x00, 0x10, 0x21, 0x20, 0x90, 0x02, 0x00, 0x00, 0xc7, 0x8f,
  0x00, 0x00, 0x00, 0x00, 0xf4, 0xff, 0xe0, 0x10, 0x00, 0x00, 0x00, 0x00,
  0x21, 0x20, 0x28, 0x02, 0x34, 0x00, 0x86, 0x8c, 0x01, 0x00, 0x05, 0x3c,
  0x74, 0x33, 0xa5, 0x8c, 0x01, 0x00, 0x04, 0x3c, 0x78, 0x33, 0x84, 0x8c,
  0x21, 0x30, 0x46, 0x00, 0x78, 0x00, 0xa3, 0xaf, 0x74, 0x00, 0xa9, 0xaf,
  0x70, 0x00, 0xaa, 0xaf, 0x40, 0xf3, 0x11, 0x04, 0x6c, 0x00, 0xa8, 0xaf,
  0x6c, 0x00, 0xa8, 0x8f, 0x70, 0x00, 0xaa, 0x8f, 0x74, 0x00, 0xa9, 0x8f,
  0x78, 0x00, 0xa3, 0x8f, 0xe2, 0xff, 0x40, 0x10, 0x00, 0x00, 0x00, 0x00,
  0x98, 0xfe, 0x00, 0x10, 0x00, 0x00, 0x00, 0x00, 0x50, 0x00, 0x62, 0x8c,
  0x5c, 0x01, 0x87, 0x8c, 0x00, 0x00, 0x00, 0x00, 0x02, 0x00, 0xe0, 0x14,
  0x1b, 0x00, 0x47, 0x00, 0x0d, 0x00, 0x07, 0x00, 0x12, 0x38, 0x00, 0x00,
  0x10, 0x10, 0x00, 0x00, 0x06, 0x00, 0x07, 0x15, 0x04, 0x10, 0x49, 0x00,
  0x27, 0x10, 0x02, 0x00, 0x24, 0xa8, 0xa2, 0x02, 0x00, 0x00, 0xc2, 0x8c,
  0x00, 0x00, 0x00, 0x00, 0x50, 0x00, 0x62, 0xac, 0x01, 0x00, 0xa5, 0x24,
  0x04, 0x00, 0x63, 0x24, 0xc6, 0xfe, 0x00, 0x10, 0x04, 0x00, 0xc6, 0x24,
  0x21, 0x10, 0x23, 0x02, 0x58, 0x01, 0x42, 0x8c, 0x00, 0x00, 0x00, 0x00,
  0x02, 0x00, 0x40, 0x14, 0x1b, 0x00, 0xc2, 0x02, 0x0d, 0x00, 0x07, 0x00,
  0x10, 0x10, 0x00, 0x00, 0x1f, 0x00, 0x40, 0x10, 0xc0, 0x31, 0x09, 0x00,
  0x21, 0x20, 0x23, 0x02, 0x58, 0x01, 0x82, 0x8c, 0x5c, 0x00, 0xa6, 0x8f,
  0x02, 0x00, 0x40, 0x14, 0x1b, 0x00, 0xc2, 0x02, 0x0d, 0x00, 0x07, 0x00,
  0x04, 0x00, 0xc5, 0x8c, 0x5c, 0x01, 0x84, 0x8c, 0x10, 0x10, 0x00, 0x00,
  0x21, 0x28, 0xa2, 0x00, 0x00, 0x00, 0xa2, 0x8c, 0x02, 0x00, 0x80, 0x14,
  0x1b, 0x00, 0x44, 0x00, 0x0d, 0x00, 0x07, 0x00, 0x01, 0x00, 0x04, 0x3c,
  0x70, 0x33, 0x84, 0x8c, 0x12, 0x38, 0x00, 0x00, 0x10, 0x10, 0x00, 0x00,
  0x09, 0x00, 0x87, 0x14, 0x01, 0x00, 0x07, 0x24, 0x04, 0x20, 0x47, 0x00,
  0x80, 0x10, 0x02, 0x00, 0x21, 0x10, 0xe2, 0x02, 0x00, 0x00, 0x42, 0x8c,
  0x27, 0x20, 0x04, 0x00, 0x00, 0x00, 0xa2, 0xac, 0x24, 0xa8, 0xa4, 0x02,
  0x0a, 0x00, 0xc7, 0xa0, 0xa9, 0xfe, 0x00, 0x10, 0x01, 0x00, 0xd6, 0x26,
  0x40, 0x11, 0x08, 0x00, 0x74, 0x00, 0xa3, 0xaf, 0x21, 0x10, 0x46, 0x00,
  0x12, 0x18, 0x00, 0x00, 0x21, 0x10, 0x43, 0x00, 0x14, 0x00, 0x42, 0x24,
  0x80, 0x10, 0x02, 0x00, 0x21, 0x10, 0x22, 0x02, 0x00, 0x00, 0x46, 0x8c,
  0x5c, 0x00, 0xa7, 0x27, 0x70, 0x00, 0xa8, 0xaf, 0xe2, 0xf0, 0x11, 0x04,
  0x6c, 0x00, 0xa9, 0xaf, 0x6c, 0x00, 0xa9, 0x8f, 0x70, 0x00, 0xa8, 0x8f,
  0x74, 0x00, 0xa3, 0x8f, 0xd2, 0xff, 0x40, 0x10, 0x21, 0x20, 0x23, 0x02,
  0x4a, 0xfe, 0x00, 0x10, 0x00, 0x00, 0x00, 0x00, 0x70, 0x00, 0xa3, 0xaf,
  0x6c, 0x00, 0xa9, 0xaf, 0x30, 0xf3, 0x11, 0x04, 0x68, 0x00, 0xa6, 0xaf,
  0x44, 0xfe, 0x40, 0x14, 0x00, 0x00, 0x00, 0x00, 0x70, 0x00, 0xa3, 0x8f,
  0x60, 0x00, 0xa8, 0x8f, 0x34, 0x00, 0x64, 0x8c, 0x5c, 0x01, 0x62, 0x8c,
  0x24, 0x40, 0x16, 0x01, 0x21, 0x40, 0x04, 0x01, 0x02, 0x00, 0x40, 0x14,
  0x1b, 0x00, 0x02, 0x01, 0x0d, 0x00, 0x07, 0x00, 0x01, 0x00, 0x02, 0x3c,
  0x70, 0x33, 0x42, 0x8c, 0x68, 0x00, 0xa6, 0x8f, 0x6c, 0x00, 0xa9, 0x8f,
  0x12, 0x28, 0x00, 0x00, 0x10, 0x40, 0x00, 0x00, 0x18, 0x00, 0x45, 0x14,
  0x80, 0x10, 0x08, 0x00, 0x21, 0x10, 0xe2, 0x02, 0x00, 0x00, 0x42, 0x8c,
  0x00, 0x80, 0x07, 0x3c, 0x23, 0x10, 0x44, 0x00, 0x01, 0x00, 0x05, 0x3c,
  0x74, 0x33, 0xa5, 0x8c, 0x01, 0x00, 0x04, 0x3c, 0x78, 0x33, 0x84, 0x8c,
  0x25, 0x38, 0x47, 0x00, 0x74, 0x00, 0xa3, 0xaf, 0x70, 0x00, 0xa9, 0xaf,
  0xc6, 0xf2, 0x11, 0x04, 0x6c, 0x00, 0xa8, 0xaf, 0x24, 0xfe, 0x40, 0x14,
  0x00, 0x00, 0x00, 0x00, 0x6c, 0x00, 0xa8, 0x8f, 0x01, 0x00, 0x02, 0x24,
  0x70, 0x00, 0xa9, 0x8f, 0x04, 0x10, 0x02, 0x01, 0x27, 0x10, 0x02, 0x00,
  0x74, 0x00, 0xa3, 0x8f, 0x68, 0x00, 0xa6, 0x8f, 0x24, 0x48, 0x22, 0x01,
  0x80, 0xfe, 0x00, 0x10, 0x01, 0x00, 0xc6, 0x24, 0x58, 0x00, 0xa2, 0x27,
  0x10, 0x00, 0xa2, 0xaf, 0x51, 0xf4, 0x11, 0x04, 0x25, 0x30, 0xc0, 0x02,
  0x14, 0xfe, 0x40, 0x14, 0x00, 0x00, 0x00, 0x00, 0x58, 0x00, 0xa4, 0x8f,
  0x00, 0x00, 0x00, 0x00, 0x10, 0x00, 0x82, 0x8c, 0x00, 0x00, 0x00, 0x00,
  0x6c, 0x00, 0xa2, 0xaf, 0x70, 0x00, 0xa2, 0x8f, 0x00, 0x00, 0x00, 0x00,
  0x21, 0x28, 0x22, 0x02, 0x34, 0x00, 0xa3, 0x8c, 0x6c, 0x00, 0xa2, 0x8f,
  0x5c, 0x01, 0xa5, 0x8c, 0x21, 0x10, 0x43, 0x00, 0x02, 0x00, 0xa0, 0x14,
  0x1b, 0x00, 0x45, 0x00, 0x0d, 0x00, 0x07, 0x00, 0x04, 0x00, 0x85, 0x8c,
  0x00, 0x00, 0x00, 0x00, 0x74, 0x00, 0xa5, 0xaf, 0x01, 0x00, 0x05, 0x3c,
  0x70, 0x33, 0xa5, 0x8c, 0x12, 0x30, 0x00, 0x00, 0x10, 0x10, 0x00, 0x00,
  0x07, 0x00, 0xa6, 0x14, 0x80, 0x10, 0x02, 0x00, 0x21, 0x10, 0xe2, 0x02,
  0x00, 0x00, 0x42, 0x8c, 0x00, 0x00, 0x00, 0x00, 0x23, 0x10, 0x43, 0x00,
  0xfd, 0xea, 0x11, 0x04, 0x10, 0x00, 0x82, 0xac, 0x00, 0x00, 0x82, 0x94,
  0x00, 0x00, 0x00, 0x00, 0x20, 0x00, 0x42, 0x30, 0x03, 0x00, 0x40, 0x14,
  0x58, 0x00, 0xa2, 0x27, 0x76, 0xfe, 0x00, 0x10, 0x01, 0x00, 0xb5, 0x26,
  0x6c, 0x00, 0xa6, 0x8f, 0x01, 0x00, 0x05, 0x3c, 0x74, 0x33, 0xa5, 0x8c,
  0x01, 0x00, 0x04, 0x3c, 0x78, 0x33, 0x84, 0x8c, 0x10, 0x00, 0xa2, 0xaf,
  0x22, 0xf4, 0x11, 0x04, 0x25, 0x38, 0x00, 0x00, 0xe5, 0xfd, 0x40, 0x14,
  0x00, 0x00, 0x00, 0x00, 0x58, 0x00, 0xa4, 0x8f, 0x00, 0x00, 0x00, 0x00,
  0x00, 0x00, 0x82, 0x94, 0x00, 0x00, 0x00, 0x00, 0x20, 0x00, 0x42, 0x30,
  0xee, 0xff, 0x40, 0x10, 0x00, 0x00, 0x00, 0x00, 0x10, 0x00, 0x82, 0x8c,
  0x00, 0x00, 0x00, 0x00, 0xea, 0xff, 0x40, 0x14, 0x00, 0x00, 0x00, 0x00,
  0x14, 0x00, 0x82, 0x8c, 0x00, 0x00, 0x00, 0x00, 0xe6, 0xff, 0x55, 0x14,
  0x00, 0x00, 0x00, 0x00, 0x01, 0x00, 0x05, 0x3c, 0x80, 0xcc, 0xa5, 0x24,
  0xcf, 0x12, 0x11, 0x04, 0x40, 0x00, 0x84, 0x24, 0xe0, 0xff, 0x40, 0x14,
  0x00, 0x00, 0x00, 0x00, 0x74, 0x00, 0xa2, 0x8f, 0x6c, 0x00, 0xb6, 0x8f,
  0x68, 0x00, 0xa2, 0xaf, 0x52, 0xfe, 0x00, 0x10, 0x02, 0x00, 0x15, 0x24,
  0x01, 0x00, 0x03, 0x3c, 0x70, 0x33, 0x63, 0x8c, 0x00, 0x00, 0x00, 0x00,
  0x18, 0x00, 0x43, 0x00, 0x34, 0x00, 0xa2, 0x8e, 0x12, 0x30, 0x00, 0x00,
  0x21, 0x30, 0xd6, 0x00, 0x2b, 0x18, 0xc2, 0x00, 0x08, 0x00, 0x60, 0x10,
  0xfd, 0xff, 0x07, 0x24, 0x5c, 0x01, 0xa2, 0x8e, 0x01, 0x00, 0xd6, 0x26,
  0x2b, 0x18, 0xc2, 0x02, 0xf2, 0xff, 0x60, 0x14, 0x00, 0x00, 0x00, 0x00,
  0xa5, 0xfe, 0x00, 0x10, 0x00, 0x00, 0x00, 0x00, 0x01, 0x00, 0x05, 0x3c,
  0x74, 0x33, 0xa5, 0x8c, 0x01, 0x00, 0x04, 0x3c, 0x78, 0x33, 0x84, 0x8c,
  0x54, 0xf2, 0x11, 0x04, 0x23, 0x30, 0xc2, 0x00, 0xf2, 0xff, 0x40, 0x10,
  0x00, 0x00, 0x00, 0x00, 0xb0, 0xfd, 0x00, 0x10, 0x00, 0x00, 0x00, 0x00,
  0x00, 0x00, 0xc3, 0x8f, 0x00, 0x00, 0x00, 0x00, 0x13, 0x00, 0x60, 0x10,
  0x21, 0x18, 0x30, 0x02, 0x40, 0x00, 0x63, 0x8c, 0x01, 0x00, 0x05, 0x3c,
  0x74, 0x33, 0xa5, 0x8c, 0x18, 0x00, 0x43, 0x00, 0x01, 0x00, 0x04, 0x3c,
  0x78, 0x33, 0x84, 0x8c, 0x5c, 0x00, 0xa7, 0x27, 0x12, 0x30, 0x00, 0x00,
  0x33, 0xf0, 0x11, 0x04, 0x21, 0x30, 0xd2, 0x00, 0xa0, 0xfd, 0x40, 0x14,
  0x00, 0x00, 0x00, 0x00, 0x00, 0x00, 0xc3, 0x8f, 0x5c, 0x00, 0xa2, 0x8f,
  0x00, 0x00, 0x00, 0x00, 0x00, 0x00, 0x43, 0xac, 0x01, 0x00, 0x03, 0x24,
  0x0a, 0x00, 0x43, 0xa0, 0x21, 0x10, 0x30, 0x02, 0x5c, 0x01, 0x42, 0x8c,
  0x01, 0x00, 0x52, 0x26, 0x2b, 0x18, 0x42, 0x02, 0xe5, 0xff, 0x60, 0x14,
  0x04, 0x00, 0xde, 0x27, 0x92, 0xfe, 0x00, 0x10, 0x00, 0x00, 0x00, 0x00,
  0x01, 0x00, 0x05, 0x3c, 0x74, 0x33, 0xa5, 0x8c, 0x01, 0x00, 0x04, 0x3c,
  0x78, 0x33, 0x84, 0x8c, 0x01, 0x00, 0x01, 0x3c, 0xa0, 0xfe, 0x00, 0x10,
  0x70, 0x33, 0x20, 0xac, 0x21, 0x10, 0x90, 0x02, 0x21, 0x30, 0x53, 0x02,
  0x40, 0x2a, 0x06, 0x00, 0xc0, 0x21, 0x02, 0x00, 0x21, 0x20, 0x85, 0x00,
  0x21, 0x20, 0x24, 0x02, 0x70, 0x01, 0x85, 0x8c, 0x38, 0x00, 0x88, 0x8c,
  0x08, 0x00, 0xa5, 0x24, 0x2b, 0x40, 0x05, 0x01, 0x0c, 0x00, 0x00, 0x15,
  0xc0, 0x31, 0x06, 0x00, 0x40, 0x11, 0x02, 0x00, 0x21, 0x10, 0x46, 0x00,
  0x21, 0x10, 0x47, 0x00, 0x34, 0x00, 0x42, 0x24, 0x70, 0x01, 0x85, 0xac,
  0x80, 0x10, 0x02, 0x00, 0x01, 0x00, 0x04, 0x3c, 0x70, 0x33, 0x84, 0x8c,
  0x21, 0x10, 0x22, 0x02, 0x00, 0x00, 0x44, 0xac, 0x21, 0x10, 0x90, 0x02,
  0x21, 0x20, 0x53, 0x02, 0x40, 0x22, 0x04, 0x00, 0xc0, 0x11, 0x02, 0x00,
  0x21, 0x10, 0x44, 0x00, 0x21, 0x10, 0x22, 0x02, 0x30, 0x00, 0x44, 0x8c,
  0x54, 0x01, 0x45, 0x8c, 0x80, 0x20, 0x04, 0x00, 0xff, 0xff, 0x84, 0x24,
  0x02, 0x00, 0xa0, 0x14, 0x1b, 0x00, 0x85, 0x00, 0x0d, 0x00, 0x07, 0x00,
  0x12, 0x20, 0x00, 0x00, 0x01, 0x00, 0x84, 0x24, 0x68, 0x00, 0xa4, 0xaf,
  0x80, 0x20, 0x04, 0x00, 0xff, 0xff, 0x84, 0x24, 0x02, 0x00, 0xa0, 0x14,
  0x1b, 0x00, 0x85, 0x00, 0x0d, 0x00, 0x07, 0x00, 0x12, 0xb0, 0x00, 0x00,
  0x01, 0x00, 0xd6, 0x26, 0x21, 0x00, 0xc4, 0x2a, 0x05, 0x00, 0x80, 0x14,
  0x21, 0xb8, 0x90, 0x02, 0x58, 0x01, 0x42, 0x8c, 0x20, 0x00, 0x16, 0x24,
  0x40, 0x11, 0x02, 0x00, 0x68, 0x00, 0xa2, 0xaf, 0x21, 0x10, 0x53, 0x02,
  0x40, 0x12, 0x02, 0x00, 0xc0, 0xb9, 0x17, 0x00, 0x21, 0xb8, 0xe2, 0x02,
  0x21, 0xb8, 0x37, 0x02, 0x5c, 0x01, 0xe2, 0x8e, 0xff, 0xff, 0x15, 0x24,
  0x04, 0xa8, 0x55, 0x00, 0x18, 0x00, 0xbe, 0x27, 0x27, 0xa8, 0x15, 0x00,
  0x25, 0x38, 0xc0, 0x03, 0x25, 0x40, 0x00, 0x00, 0x01, 0x00, 0x04, 0x3c,
  0x70, 0x33, 0x84, 0x8c, 0x00, 0x00, 0x00, 0x00, 0x18, 0x00, 0x44, 0x00,
  0x34, 0x00, 0xe2, 0x8e, 0x12, 0x30, 0x00, 0x00, 0x21, 0x30, 0xc8, 0x00,
  0x2b, 0x20, 0xc2, 0x00, 0x50, 0xfd, 0x80, 0x10, 0x00, 0x00, 0x00, 0x00,
  0x00, 0x00, 0xe0, 0xac, 0x5c, 0x01, 0xe2, 0x8e, 0x01, 0x00, 0x08, 0x25,
  0x2b, 0x20, 0x02, 0x01, 0xf1, 0xff, 0x80, 0x14, 0x04, 0x00, 0xe7, 0x24,
  0x01, 0x00, 0x17, 0x3c, 0x30, 0x33, 0xf7, 0x26, 0x6b, 0xfd, 0x40, 0x10,
  0x21, 0x10, 0x53, 0x02, 0x21, 0x40, 0x90, 0x02, 0xc0, 0x41, 0x08, 0x00,
  0x40, 0x12, 0x02, 0x00, 0x25, 0x48, 0xe0, 0x02, 0x25, 0x50, 0xe0, 0x02,
  0x25, 0x38, 0x00, 0x00, 0x21, 0x40, 0x02, 0x01, 0x07, 0x10, 0xf5, 0x00,
  0x01, 0x00, 0x42, 0x30, 0x58, 0xfd, 0x40, 0x10, 0x01, 0x00, 0x06, 0x24,
  0x01, 0x00, 0x05, 0x3c, 0x74, 0x33, 0xa5, 0x8c, 0x01, 0x00, 0x04, 0x3c,
  0x78, 0x33, 0x84, 0x8c, 0x7c, 0x00, 0xa8, 0xaf, 0x78, 0x00, 0xa3, 0xaf,
  0x74, 0x00, 0xa9, 0xaf, 0x70, 0x00, 0xaa, 0xaf, 0x49, 0xf0, 0x11, 0x04,
  0x6c, 0x00, 0xa7, 0xaf, 0x6c, 0x00, 0xa7, 0x8f, 0x70, 0x00, 0xaa, 0x8f,
  0x74, 0x00, 0xa9, 0x8f, 0x78, 0x00, 0xa3, 0x8f, 0x7c, 0x00, 0xa8, 0x8f,
  0x43, 0xfd, 0x41, 0x04, 0x21, 0x20, 0x28, 0x02, 0x80, 0x38, 0x07, 0x00,
  0x21, 0x38, 0xe7, 0x02, 0x17, 0xfd, 0x00, 0x10, 0x00, 0x00, 0xe2, 0xac,
  0x08, 0x00, 0xe0, 0x03, 0x00, 0x00, 0x00, 0x00, 0x08, 0x00, 0xe0, 0x03,
  0x25, 0x10, 0x00, 0x00, 0xe8, 0xff, 0xbd, 0x27, 0x14, 0x00, 0xbf, 0xaf,
  0x88, 0xee, 0x11, 0x04, 0x00, 0x00, 0x00, 0x00, 0x02, 0x00, 0x04, 0x3c,
  0xe0, 0x06, 0x84, 0x8c, 0x24, 0x12, 0x11, 0x04, 0x00, 0x00, 0x00, 0x00,
  0x14, 0x00, 0xbf, 0x8f, 0x25, 0x10, 0x00, 0x00, 0x08, 0x00, 0xe0, 0x03,
  0x18, 0x00, 0xbd, 0x27, 0x02, 0x00, 0x04, 0x3c, 0xe0, 0x06, 0x84, 0x8c,
  0xe8, 0xff, 0xbd, 0x27, 0x14, 0x00, 0xbf, 0xaf, 0x1e, 0x12, 0x11, 0x04,
  0x00, 0x00, 0x00, 0x00, 0x02, 0x00, 0x04, 0x3c, 0xe0, 0x06, 0x84, 0x8c,
  0x18, 0x12, 0x11, 0x04, 0x00, 0x00, 0x00, 0x00, 0x14, 0x00, 0xbf, 0x8f,
  0x25, 0x10, 0x00, 0x00, 0x08, 0x00, 0xe0, 0x03, 0x18, 0x00, 0xbd, 0x27,
  0x09, 0x00, 0x81, 0x04, 0x25, 0x10, 0x80, 0x00, 0x08, 0x00, 0x83, 0x24,
  0x07, 0x00, 0x64, 0x2c, 0x05, 0x00, 0x80, 0x10, 0xfa, 0xff, 0x02, 0x24,
  0x01, 0x00, 0x02, 0x3c, 0x70, 0xcc, 0x42, 0x24, 0x21, 0x10, 0x43, 0x00,
  0x00, 0x00, 0x42, 0x80, 0x08, 0x00, 0xe0, 0x03, 0x00, 0x00, 0x00, 0x00,
  0xe8, 0xff, 0xbd, 0x27, 0x10, 0x00, 0xb0, 0xaf, 0x25, 0x80, 0x80, 0x00,
  0x02, 0x00, 0x04, 0x3c, 0xe0, 0x06, 0x84, 0x8c, 0x14, 0x00, 0xbf, 0xaf,
  0x02, 0x12, 0x11, 0x04, 0x00, 0x00, 0x00, 0x00, 0x0c, 0x00, 0x04, 0x8e,
  0xe3, 0xed, 0x11, 0x04, 0x00, 0x00, 0x00, 0x00, 0x02, 0x00, 0x04, 0x3c,
  0xe0, 0x06, 0x84, 0x8c, 0xf9, 0x11, 0x11, 0x04, 0x25, 0x80, 0x40, 0x00,
  0x14, 0x00, 0xbf, 0x8f, 0x25, 0x20, 0x00, 0x02, 0x10, 0x00, 0xb0, 0x8f,
  0xe1, 0xff, 0x00, 0x10, 0x18, 0x00, 0xbd, 0x27, 0xeb, 0xff, 0x00, 0x10,
  0x00, 0x00, 0x00, 0x00, 0xe0, 0xff, 0xbd, 0x27, 0x18, 0x00, 0xb0, 0xaf,
  0x25, 0x80, 0x80, 0x00, 0x02, 0x00, 0x04, 0x3c, 0xe0, 0x06, 0x84, 0x8c,
  0x1c, 0x00, 0xbf, 0xaf, 0x14, 0x00, 0xa5, 0xaf, 0xeb, 0x11, 0x11, 0x04,
  0x10, 0x00, 0xa6, 0xaf, 0x10, 0x00, 0xa6, 0x8f, 0x14, 0x00, 0xa5, 0x8f,
  0x0c, 0x00, 0x04, 0x8e, 0xc9, 0xe6, 0x11, 0x04, 0x00, 0x00, 0x00, 0x00,
  0x02, 0x00, 0x04, 0x3c, 0xe0, 0x06, 0x84, 0x8c, 0xe0, 0x11, 0x11, 0x04,
  0x25, 0x80, 0x40, 0x00, 0x1c, 0x00, 0xbf, 0x8f, 0x25, 0x20, 0x00, 0x02,
  0x18, 0x00, 0xb0, 0x8f, 0xc8, 0xff, 0x00, 0x10, 0x20, 0x00, 0xbd, 0x27,
  0xe0, 0xff, 0xbd, 0x27, 0x18, 0x00, 0xb0, 0xaf, 0x25, 0x80, 0x80, 0x00,
  0x02, 0x00, 0x04, 0x3c, 0xe0, 0x06, 0x84, 0x8c, 0x1c, 0x00, 0xbf, 0xaf,
  0x14, 0x00, 0xa5, 0xaf, 0xd4, 0x11, 0x11, 0x04, 0x10, 0x00, 0xa6, 0xaf,
  0x10, 0x00, 0xa6, 0x8f, 0x14, 0x00, 0xa5, 0x8f, 0x0c, 0x00, 0x04, 0x8e,
  0x49, 0xe7, 0x11, 0x04, 0x00, 0x00, 0x00, 0x00, 0x02, 0x00, 0x04, 0x3c,
  0xe0, 0x06, 0x84, 0x8c, 0xc9, 0x11, 0x11, 0x04, 0x25, 0x80, 0x40, 0x00,
  0x1c, 0x00, 0xbf, 0x8f, 0x25, 0x20, 0x00, 0x02, 0x18, 0x00, 0xb0, 0x8f,
  0xb1, 0xff, 0x00, 0x10, 0x20, 0x00, 0xbd, 0x27, 0xe0, 0xff, 0xbd, 0x27,
  0x18, 0x00, 0xb0, 0xaf, 0x25, 0x80, 0x80, 0x00, 0x02, 0x00, 0x04, 0x3c,
  0xe0, 0x06, 0x84, 0x8c, 0x1c, 0x00, 0xbf, 0xaf, 0x14, 0x00, 0xa5, 0xaf,
  0xbd, 0x11, 0x11, 0x04, 0x10, 0x00, 0xa6, 0xaf, 0x10, 0x00, 0xa6, 0x8f,
  0x14, 0x00, 0xa5, 0x8f, 0x0c, 0x00, 0x04, 0x8e, 0x83, 0xe7, 0x11, 0x04,
  0x00, 0x00, 0x00, 0x00, 0x02, 0x00, 0x04, 0x3c, 0xe0, 0x06, 0x84, 0x8c,
  0xb2, 0x11, 0x11, 0x04, 0x25, 0x80, 0x40, 0x00, 0x1c, 0x00, 0xbf, 0x8f,
  0x25, 0x20, 0x00, 0x02, 0x18, 0x00, 0xb0, 0x8f, 0x9a, 0xff, 0x00, 0x10,
  0x20, 0x00, 0xbd, 0x27, 0xe0, 0xff, 0xbd, 0x27, 0x18, 0x00, 0xb0, 0xaf,
  0x25, 0x80, 0x80, 0x00, 0x02, 0x00, 0x04, 0x3c, 0xe0, 0x06, 0x84, 0x8c,
  0x1c, 0x00, 0xbf, 0xaf, 0xa7, 0x11, 0x11, 0x04, 0x10, 0x00, 0xa5, 0xaf,
  0x10, 0x00, 0xa5, 0x8f, 0x0c, 0x00, 0x04, 0x8e, 0xfa, 0xe7, 0x11, 0x04,
  0x00, 0x00, 0x00, 0x00, 0x02, 0x00, 0x04, 0x3c, 0xe0, 0x06, 0x84, 0x8c,
  0x9d, 0x11, 0x11, 0x04, 0x25, 0x80, 0x40, 0x00, 0x1c, 0x00, 0xbf, 0x8f,
  0x25, 0x20, 0x00, 0x02, 0x18, 0x00, 0xb0, 0x8f, 0x85, 0xff, 0x00, 0x10,
  0x20, 0x00, 0xbd, 0x27, 0xd8, 0xff, 0xbd, 0x27, 0x1c, 0x00, 0xb1, 0xaf,
  0x25, 0x88, 0x80, 0x00, 0x02, 0x00, 0x04, 0x3c, 0xe0, 0x06, 0x84, 0x8c,
  0x24, 0x00, 0xbf, 0xaf, 0x20, 0x00, 0xb2, 0xaf, 0x18, 0x00, 0xb0, 0xaf,
  0x25, 0x90, 0xa0, 0x00, 0x8f, 0x11, 0x11, 0x04, 0x10, 0x00, 0xa6, 0xaf,
  0x25, 0x28, 0x00, 0x00, 0x02, 0x00, 0x01, 0x3c, 0xe8, 0x06, 0x20, 0xac,
  0x02, 0x00, 0x01, 0x3c, 0xe4, 0x06, 0x20, 0xac, 0xa4, 0xe6, 0x11, 0x04,
  0x25, 0x20, 0x00, 0x00, 0x25, 0x80, 0x40, 0x00, 0xff, 0xff, 0x42, 0x28,
  0x0b, 0x00, 0x40, 0x14, 0x00, 0x00, 0x00, 0x00, 0x10, 0x00, 0xa7, 0x8f,
  0x02, 0x00, 0x05, 0x3c, 0xe4, 0x06, 0xa5, 0x8c, 0x02, 0x00, 0x04, 0x3c,
  0xe8, 0x06, 0x84, 0x8c, 0xc0, 0xe6, 0x11, 0x04, 0x25, 0x30, 0x40, 0x02,
  0x02, 0x00, 0x40, 0x04, 0x25, 0x80, 0x40, 0x00, 0x0c, 0x00, 0x22, 0xae,
  0x02, 0x00, 0x04, 0x3c, 0xe0, 0x06, 0x84, 0x8c, 0x74, 0x11, 0x11, 0x04,
  0x00, 0x00, 0x00, 0x00, 0x24, 0x00, 0xbf, 0x8f, 0x20, 0x00, 0xb2, 0x8f,
  0x1c, 0x00, 0xb1, 0x8f, 0x25, 0x20, 0x00, 0x02, 0x18, 0x00, 0xb0, 0x8f,
  0x5a, 0xff, 0x00, 0x10, 0x28, 0x00, 0xbd, 0x27, 0x02, 0x00, 0x04, 0x3c,
  0xe0, 0x06, 0x84, 0x8c, 0xe8, 0xff, 0xbd, 0x27, 0x14, 0x00, 0xbf, 0xaf,
  0x69, 0x11, 0x11, 0x04, 0x10, 0x00, 0xb0, 0xaf, 0x25, 0x28, 0x00, 0x00,
  0x02, 0x00, 0x01, 0x3c, 0xe8, 0x06, 0x20, 0xac, 0x02, 0x00, 0x01, 0x3c,
  0xe4, 0x06, 0x20, 0xac, 0x7e, 0xe6, 0x11, 0x04, 0x25, 0x20, 0x00, 0x00,
  0x25, 0x80, 0x40, 0x00, 0xfe, 0xff, 0x42, 0x28, 0x08, 0x00, 0x40, 0x14,
  0x00, 0x00, 0x00, 0x00, 0x02, 0x00, 0x05, 0x3c, 0xe4, 0x06, 0xa5, 0x8c,
  0x02, 0x00, 0x04, 0x3c, 0xe8, 0x06, 0x84, 0x8c, 0x93, 0xe8, 0x11, 0x04,
  0x00, 0x00, 0x00, 0x00, 0x25, 0x80, 0x40, 0x00, 0x02, 0x00, 0x04, 0x3c,
  0xe0, 0x06, 0x84, 0x8c, 0x51, 0x11, 0x11, 0x04, 0x00, 0x00, 0x00, 0x00,
  0x14, 0x00, 0xbf, 0x8f, 0x25, 0x20, 0x00, 0x02, 0x10, 0x00, 0xb0, 0x8f,
  0x39, 0xff, 0x00, 0x10, 0x18, 0x00, 0xbd, 0x27, 0x02, 0x00, 0x04, 0x3c,
  0xe0, 0x06, 0x84, 0x8c, 0xe0, 0xff, 0xbd, 0x27, 0x1c, 0x00, 0xbf, 0xaf,
  0x18, 0x00, 0xb0, 0xaf, 0x47, 0x11, 0x11, 0x04, 0x10, 0x00, 0xa5, 0xaf,
  0x25, 0x28, 0x00, 0x00, 0x02, 0x00, 0x01, 0x3c, 0xe8, 0x06, 0x20, 0xac,
  0x02, 0x00, 0x01, 0x3c, 0xe4, 0x06, 0x20, 0xac, 0x5c, 0xe6, 0x11, 0x04,
  0x25, 0x20, 0x00, 0x00, 0x25, 0x80, 0x40, 0x00, 0xff, 0xff, 0x42, 0x28,
  0x09, 0x00, 0x40, 0x14, 0x00, 0x00, 0x00, 0x00, 0x10, 0x00, 0xa6, 0x8f,
  0x02, 0x00, 0x05, 0x3c, 0xe4, 0x06, 0xa5, 0x8c, 0x02, 0x00, 0x04, 0x3c,
  0xe8, 0x06, 0x84, 0x8c, 0x3e, 0xe8, 0x11, 0x04, 0x25, 0x38, 0x00, 0x00,
  0x25, 0x80, 0x40, 0x00, 0x02, 0x00, 0x04, 0x3c, 0xe0, 0x06, 0x84, 0x8c,
  0x2e, 0x11, 0x11, 0x04, 0x00, 0x00, 0x00, 0x00, 0x1c, 0x00, 0xbf, 0x8f,
  0x25, 0x20, 0x00, 0x02, 0x18, 0x00, 0xb0, 0x8f, 0x16, 0xff, 0x00, 0x10,
  0x20, 0x00, 0xbd, 0x27, 0xdc, 0xff, 0x00, 0x10, 0x00, 0x00, 0x00, 0x00,
  0x02, 0x00, 0x04, 0x3c, 0xe0, 0x06, 0x84, 0x8c, 0xe0, 0xff, 0xbd, 0x27,
  0x1c, 0x00, 0xbf, 0xaf, 0x18, 0x00, 0xb0, 0xaf, 0x22, 0x11, 0x11, 0x04,
  0x10, 0x00, 0xa5, 0xaf, 0x25, 0x28, 0x00, 0x00, 0x02, 0x00, 0x01, 0x3c,
  0xe8, 0x06, 0x20, 0xac, 0x02, 0x00, 0x01, 0x3c, 0xe4, 0x06, 0x20, 0xac,
  0x37, 0xe6, 0x11, 0x04, 0x25, 0x20, 0x00, 0x00, 0x25, 0x80, 0x40, 0x00,
  0xff, 0xff, 0x42, 0x28, 0x09, 0x00, 0x40, 0x14, 0x00, 0x00, 0x00, 0x00,
  0x10, 0x00, 0xa6, 0x8f, 0x02, 0x00, 0x05, 0x3c, 0xe4, 0x06, 0xa5, 0x8c,
  0x02, 0x00, 0x04, 0x3c, 0xe8, 0x06, 0x84, 0x8c, 0x53, 0xe6, 0x11, 0x04,
  0x40, 0x00, 0x07, 0x24, 0x25, 0x80, 0x40, 0x00, 0x02, 0x00, 0x04, 0x3c,
  0xe0, 0x06, 0x84, 0x8c, 0x09, 0x11, 0x11, 0x04, 0x00, 0x00, 0x00, 0x00,
  0x1c, 0x00, 0xbf, 0x8f, 0x25, 0x20, 0x00, 0x02, 0x18, 0x00, 0xb0, 0x8f,
  0xf1, 0xfe, 0x00, 0x10, 0x20, 0x00, 0xbd, 0x27, 0xd8, 0xff, 0xbd, 0x27,
  0x20, 0x00, 0xb1, 0xaf, 0x25, 0x88, 0x80, 0x00, 0x02, 0x00, 0x04, 0x3c,
  0xe0, 0x06, 0x84, 0x8c, 0x24, 0x00, 0xbf, 0xaf, 0x1c, 0x00, 0xb0, 0xaf,
  0xfd, 0x10, 0x11, 0x04, 0x10, 0x00, 0xa5, 0xaf, 0x25, 0x28, 0x00, 0x00,
  0x02, 0x00, 0x01, 0x3c, 0xe8, 0x06, 0x20, 0xac, 0x02, 0x00, 0x01, 0x3c,
  0xe4, 0x06, 0x20, 0xac, 0x12, 0xe6, 0x11, 0x04, 0x25, 0x20, 0x00, 0x00,
  0x25, 0x80, 0x40, 0x00, 0xff, 0xff, 0x42, 0x28, 0x0b, 0x00, 0x40, 0x14,
  0x00, 0x00, 0x00, 0x00, 0x10, 0x00, 0xa6, 0x8f, 0x02, 0x00, 0x05, 0x3c,
  0xe4, 0x06, 0xa5, 0x8c, 0x02, 0x00, 0x04, 0x3c, 0xe8, 0x06, 0x84, 0x8c,
  0x2e, 0xe6, 0x11, 0x04, 0x25, 0x38, 0x00, 0x00, 0x02, 0x00, 0x40, 0x04,
  0x25, 0x80, 0x40, 0x00, 0x0c, 0x00, 0x22, 0xae, 0x02, 0x00, 0x04, 0x3c,
  0xe0, 0x06, 0x84, 0x8c, 0xe2, 0x10, 0x11, 0x04, 0x00, 0x00, 0x00, 0x00,
  0x24, 0x00, 0xbf, 0x8f, 0x20, 0x00, 0xb1, 0x8f, 0x25, 0x20, 0x00, 0x02,
  0x1c, 0x00, 0xb0, 0x8f, 0xc9, 0xfe, 0x00, 0x10, 0x28, 0x00, 0xbd, 0x27,
  0x02, 0x00, 0x04, 0x3c, 0xe0, 0x06, 0x84, 0x8c, 0xd8, 0xff, 0xbd, 0x27,
  0x24, 0x00, 0xbf, 0xaf, 0x20, 0x00, 0xb1, 0xaf, 0x1c, 0x00, 0xb0, 0xaf,
  0x25, 0x88, 0xa0, 0x00, 0xd5, 0x10, 0x11, 0x04, 0x10, 0x00, 0xa6, 0xaf,
  0x25, 0x28, 0x00, 0x00, 0x02, 0x00, 0x01, 0x3c, 0xe8, 0x06, 0x20, 0xac,
  0x02, 0x00, 0x01, 0x3c, 0xe4, 0x06, 0x20, 0xac, 0xea, 0xe5, 0x11, 0x04,
  0x25, 0x20, 0x00, 0x00, 0x25, 0x80, 0x40, 0x00, 0xff, 0xff, 0x42, 0x28,
  0x09, 0x00, 0x40, 0x14, 0x00, 0x00, 0x00, 0x00, 0x10, 0x00, 0xa7, 0x8f,
  0x02, 0x00, 0x05, 0x3c, 0xe4, 0x06, 0xa5, 0x8c, 0x02, 0x00, 0x04, 0x3c,
  0xe8, 0x06, 0x84, 0x8c, 0x6a, 0xe7, 0x11, 0x04, 0x25, 0x30, 0x20, 0x02,
  0x25, 0x80, 0x40, 0x00, 0x02, 0x00, 0x04, 0x3c, 0xe0, 0x06, 0x84, 0x8c,
  0xbc, 0x10, 0x11, 0x04, 0x00, 0x00, 0x00, 0x00, 0x24, 0x00, 0xbf, 0x8f,
  0x20, 0x00, 0xb1, 0x8f, 0x25, 0x20, 0x00, 0x02, 0x1c, 0x00, 0xb0, 0x8f,
  0xa3, 0xfe, 0x00, 0x10, 0x28, 0x00, 0xbd, 0x27, 0x02, 0x00, 0x04, 0x3c,
  0xe0, 0x06, 0x84, 0x8c, 0x90, 0xff, 0xbd, 0x27, 0x6c, 0x00, 0xbf, 0xaf,
  0x68, 0x00, 0xb3, 0xaf, 0x64, 0x00, 0xb2, 0xaf, 0x60, 0x00, 0xb1, 0xaf,
  0x5c, 0x00, 0xb0, 0xaf, 0x25, 0x98, 0xa0, 0x00, 0x25, 0x90, 0xc0, 0x00,
  0xac, 0x10, 0x11, 0x04, 0x25, 0x88, 0xe0, 0x00, 0x25, 0x28, 0x00, 0x00,
  0x02, 0x00, 0x01, 0x3c, 0xe8, 0x06, 0x20, 0xac, 0x02, 0x00, 0x01, 0x3c,
  0xe4, 0x06, 0x20, 0xac, 0xc1, 0xe5, 0x11, 0x04, 0x25, 0x20, 0x00, 0x00,
  0x25, 0x80, 0x40, 0x00, 0xff, 0xff, 0x42, 0x28, 0x42, 0x00, 0x40, 0x14,
  0x02, 0x00, 0x22, 0x32, 0x04, 0x00, 0x40, 0x10, 0x25, 0x80, 0x00, 0x00,
  0x04, 0x00, 0x42, 0x8e, 0x08, 0x00, 0x10, 0x24, 0x30, 0x00, 0xa2, 0xaf,
  0x01, 0x00, 0x22, 0x32, 0x23, 0x00, 0x40, 0x10, 0x00, 0x00, 0x00, 0x00,
  0x00, 0x00, 0x42, 0x8e, 0x00, 0x02, 0x10, 0x36, 0x02, 0x00, 0x44, 0x30,
  0x41, 0x00, 0x80, 0x14, 0x01, 0x00, 0x43, 0x30, 0x2c, 0x00, 0xa3, 0xa7,
  0x04, 0x00, 0x43, 0x30, 0x05, 0x00, 0x60, 0x10, 0x00, 0x00, 0x00, 0x00,
  0x2c, 0x00, 0xa3, 0x97, 0x00, 0x00, 0x00, 0x00, 0x04, 0x00, 0x63, 0x34,
  0x2c, 0x00, 0xa3, 0xa7, 0x08, 0x00, 0x43, 0x30, 0x05, 0x00, 0x60, 0x10,
  0x00, 0x00, 0x00, 0x00, 0x2c, 0x00, 0xa3, 0x97, 0x00, 0x00, 0x00, 0x00,
  0x08, 0x00, 0x63, 0x34, 0x2c, 0x00, 0xa3, 0xa7, 0x00, 0x10, 0x43, 0x30,
  0x05, 0x00, 0x60, 0x10, 0x00, 0x00, 0x00, 0x00, 0x2c, 0x00, 0xa3, 0x97,
  0x00, 0x00, 0x00, 0x00, 0x00, 0x10, 0x63, 0x34, 0x2c, 0x00, 0xa3, 0xa7,
  0x00, 0x08, 0x42, 0x30, 0x05, 0x00, 0x40, 0x10, 0x00, 0x00, 0x00, 0x00,
  0x2c, 0x00, 0xa2, 0x97, 0x00, 0x00, 0x00, 0x00, 0x00, 0x08, 0x42, 0x34,
  0x2c, 0x00, 0xa2, 0xa7, 0x08, 0x00, 0x22, 0x32, 0x05, 0x00, 0x40, 0x10,
  0x08, 0x00, 0x06, 0x24, 0x0c, 0x00, 0x45, 0x26, 0x18, 0x00, 0xa4, 0x27,
  0x4a, 0x10, 0x11, 0x04, 0x01, 0x00, 0x10, 0x36, 0x20, 0x00, 0x31, 0x32,
  0x05, 0x00, 0x20, 0x12, 0x08, 0x00, 0x06, 0x24, 0x1c, 0x00, 0x45, 0x26,
  0x20, 0x00, 0xa4, 0x27, 0x43, 0x10, 0x11, 0x04, 0x02, 0x00, 0x10, 0x36,
  0x02, 0x00, 0x05, 0x3c, 0xe4, 0x06, 0xa5, 0x8c, 0x02, 0x00, 0x04, 0x3c,
  0xe8, 0x06, 0x84, 0x8c, 0x10, 0x00, 0xb0, 0xaf, 0x18, 0x00, 0xa7, 0x27,
  0x94, 0xed, 0x11, 0x04, 0x25, 0x30, 0x60, 0x02, 0x25, 0x80, 0x40, 0x00,
  0x02, 0x00, 0x04, 0x3c, 0xe0, 0x06, 0x84, 0x8c, 0x5a, 0x10, 0x11, 0x04,
  0x00, 0x00, 0x00, 0x00, 0x6c, 0x00, 0xbf, 0x8f, 0x68, 0x00, 0xb3, 0x8f,
  0x64, 0x00, 0xb2, 0x8f, 0x60, 0x00, 0xb1, 0x8f, 0x25, 0x20, 0x00, 0x02,
  0x5c, 0x00, 0xb0, 0x8f, 0x3f, 0xfe, 0x00, 0x10, 0x70, 0x00, 0xbd, 0x27,
  0xbf, 0xff, 0x00, 0x10, 0x02, 0x00, 0x63, 0x34, 0xe0, 0xff, 0xbd, 0x27,
  0x18, 0x00, 0xb2, 0xaf, 0x14, 0x00, 0xb1, 0xaf, 0x10, 0x00, 0xb0, 0xaf,
  0x1c, 0x00, 0xbf, 0xaf, 0x00, 0x00, 0x82, 0x80, 0x25, 0x80, 0x80, 0x00,
  0x25, 0x90, 0xa0, 0x00, 0x25, 0x88, 0xc0, 0x00, 0x20, 0x00, 0x03, 0x24,
  0x36, 0x00, 0x43, 0x10, 0x20, 0x00, 0x42, 0x34, 0x01, 0x00, 0x04, 0x3c,
  0x30, 0xcd, 0x84, 0x8c, 0x00, 0x00, 0x00, 0x00, 0x00, 0x00, 0x85, 0x80,
  0xff, 0x00, 0x43, 0x30, 0x29, 0x00, 0x65, 0x14, 0x25, 0x10, 0x00, 0x00,
  0x01, 0x00, 0x03, 0x92, 0x01, 0x00, 0x84, 0x80, 0x20, 0x00, 0x63, 0x34,
  0x24, 0x00, 0x64, 0x14, 0x00, 0x00, 0x00, 0x00, 0x1c, 0x10, 0x11, 0x04,
  0x25, 0x20, 0x00, 0x02, 0x02, 0x00, 0x43, 0x2c, 0x1f, 0x00, 0x60, 0x14,
  0x02, 0x00, 0x02, 0x24, 0x3a, 0x00, 0x05, 0x24, 0xe4, 0xdd, 0x11, 0x04,
  0x25, 0x20, 0x00, 0x02, 0x03, 0x00, 0x41, 0x04, 0x00, 0x00, 0x00, 0x00,
  0x12, 0x10, 0x11, 0x04, 0x25, 0x20, 0x00, 0x02, 0x0b, 0x00, 0x40, 0x12,
  0xff, 0xff, 0x43, 0x24, 0x21, 0x18, 0x03, 0x02, 0x00, 0x00, 0x65, 0x80,
  0xfe, 0xff, 0x43, 0x24, 0xff, 0x00, 0xa4, 0x30, 0x3a, 0x00, 0x84, 0x2c,
  0x02, 0x00, 0x80, 0x10, 0x25, 0x10, 0x00, 0x00, 0xd0, 0xff, 0xa2, 0x24,
  0x02, 0x00, 0x42, 0x24, 0x00, 0x00, 0x42, 0xae, 0x0a, 0x00, 0x20, 0x12,
  0x01, 0x00, 0x02, 0x24, 0x21, 0x80, 0x03, 0x02, 0x25, 0x20, 0x00, 0x00,
  0x00, 0x00, 0x24, 0xae, 0x00, 0x00, 0x03, 0x92, 0x00, 0x00, 0x00, 0x00,
  0x3a, 0x00, 0x63, 0x2c, 0x0c, 0x00, 0x60, 0x14, 0x00, 0x00, 0x00, 0x00,
  0x01, 0x00, 0x02, 0x24, 0x1c, 0x00, 0xbf, 0x8f, 0x18, 0x00, 0xb2, 0x8f,
  0x14, 0x00, 0xb1, 0x8f, 0x10, 0x00, 0xb0, 0x8f, 0x08, 0x00, 0xe0, 0x03,
  0x20, 0x00, 0xbd, 0x27, 0x01, 0x00, 0x10, 0x26, 0x00, 0x00, 0x02, 0x82,
  0xc6, 0xff, 0x00, 0x10, 0x00, 0x00, 0x00, 0x00, 0xff, 0xff, 0x03, 0x82,
  0xff, 0xff, 0x10, 0x26, 0xd0, 0xff, 0x63, 0x24, 0x18, 0x00, 0x62, 0x00,
  0x12, 0x18, 0x00, 0x00, 0x21, 0x20, 0x83, 0x00, 0x80, 0x18, 0x02, 0x00,
  0x21, 0x10, 0x62, 0x00, 0xe6, 0xff, 0x00, 0x10, 0x40, 0x10, 0x02, 0x00,
  0x02, 0x00, 0x01, 0x3c, 0xe8, 0x06, 0x20, 0xac, 0x02, 0x00, 0x01, 0x3c,
  0x08, 0x00, 0xe0, 0x03, 0xe4, 0x06, 0x20, 0xac, 0x01, 0x00, 0x04, 0x3c,
  0x30, 0xcd, 0x84, 0x8c, 0xd8, 0xff, 0xbd, 0x27, 0x24, 0x00, 0xbf, 0xaf,
  0x03, 0x10, 0x11, 0x04, 0x20, 0x00, 0xb0, 0xaf, 0x01, 0x00, 0x04, 0x3c,
  0xfe, 0x0f, 0x11, 0x04, 0x30, 0xcd, 0x84, 0x24, 0x08, 0x00, 0x40, 0x10,
  0x10, 0x00, 0xa4, 0x27, 0x4d, 0xec, 0x11, 0x04, 0x01, 0x00, 0x10, 0x24,
  0x24, 0x00, 0xbf, 0x8f, 0x25, 0x10, 0x00, 0x02, 0x20, 0x00, 0xb0, 0x8f,
  0x08, 0x00, 0xe0, 0x03, 0x28, 0x00, 0xbd, 0x27, 0x25, 0x80, 0x40, 0x00,
  0x01, 0x00, 0x02, 0x24, 0x10, 0x00, 0xa2, 0xaf, 0x18, 0x00, 0xa2, 0xaf,
  0x1c, 0x00, 0xa2, 0xaf, 0xdf, 0x0f, 0x11, 0x04, 0x14, 0x00, 0xa0, 0xaf,
  0x02, 0x00, 0x01, 0x3c, 0xf2, 0xff, 0x00, 0x10, 0xe0, 0x06, 0x22, 0xac,
  0x02, 0x00, 0x04, 0x3c, 0xe0, 0x06, 0x84, 0x8c, 0xe8, 0xff, 0xbd, 0x27,
  0x14, 0x00, 0xbf, 0xaf, 0xdc, 0x0f, 0x11, 0x04, 0x00, 0x00, 0x00, 0x00,
  0x14, 0x00, 0xbf, 0x8f, 0x01, 0x00, 0x04, 0x3c, 0x30, 0xcd, 0x84, 0x8c,
  0xe2, 0x0f, 0x00, 0x10, 0x18, 0x00, 0xbd, 0x27, 0x00, 0x00, 0x00, 0x00,
  0xe8, 0xff, 0xbd, 0x27, 0x14, 0x00, 0xbf, 0xaf, 0xef, 0x0f, 0x11, 0x04,
  0x00, 0x00, 0x00, 0x00, 0x14, 0x00, 0xbf, 0x8f, 0x02, 0x00, 0x04, 0x3c,
  0xf0, 0x06, 0x84, 0x24, 0xec, 0x0f, 0x00, 0x10, 0x18, 0x00, 0xbd, 0x27,
  0x08, 0x00, 0xe0, 0x03, 0x00, 0x00, 0x00, 0x00, 0x08, 0x00, 0xe0, 0x03,
  0x00, 0x00, 0x00, 0x00, 0x08, 0x00, 0xe0, 0x03, 0x00, 0x00, 0x00, 0x00,
  0x08, 0x00, 0xe0, 0x03, 0x25, 0x10, 0x00, 0x00, 0xc0, 0xff, 0xbd, 0x27,
  0x30, 0x00, 0xb6, 0xaf, 0x1c, 0x00, 0xb1, 0xaf, 0x40, 0xb0, 0x04, 0x00,
  0x40, 0x88, 0x05, 0x00, 0x21, 0x10, 0x25, 0x02, 0x21, 0x18, 0xc4, 0x02,
  0xc0, 0x11, 0x02, 0x00, 0x40, 0x1a, 0x03, 0x00, 0x2c, 0x00, 0xb5, 0xaf,
  0x21, 0x10, 0x43, 0x00, 0x01, 0x00, 0x15, 0x3c, 0x90, 0xcf, 0xb5, 0x26,
  0x21, 0x10, 0xa2, 0x02, 0x2c, 0x00, 0x42, 0x94, 0x38, 0x00, 0xbe, 0xaf,
  0x18, 0x00, 0x46, 0x00, 0x34, 0x00, 0xb7, 0xaf, 0x28, 0x00, 0xb4, 0xaf,
  0x20, 0x00, 0xb2, 0xaf, 0x18, 0x00, 0xb0, 0xaf, 0x3c, 0x00, 0xbf, 0xaf,
  0x24, 0x00, 0xb3, 0xaf, 0x25, 0xa0, 0x80, 0x00, 0x25, 0x80, 0xa0, 0x00,
  0x25, 0x90, 0xe0, 0x00, 0x25, 0xf0, 0x00, 0x00, 0x05, 0x00, 0x17, 0x24,
  0x12, 0x10, 0x00, 0x00, 0x10, 0x00, 0xa2, 0xaf, 0x02, 0x00, 0x02, 0x3c,
  0xf0, 0x06, 0x42, 0x24, 0x14, 0x00, 0xa2, 0xaf, 0x10, 0x00, 0xa5, 0x8f,
  0x14, 0x00, 0xa4, 0x8f, 0xc1, 0x0f, 0x11, 0x04, 0x00, 0x00, 0x00, 0x00,
  0x1a, 0x00, 0x40, 0x10, 0x25, 0x98, 0x40, 0x00, 0x01, 0x00, 0xde, 0x27,
  0xf8, 0xff, 0xd7, 0x17, 0xff, 0xff, 0x13, 0x24, 0x3c, 0x00, 0xbf, 0x8f,
  0x38, 0x00, 0xbe, 0x8f, 0x34, 0x00, 0xb7, 0x8f, 0x30, 0x00, 0xb6, 0x8f,
  0x2c, 0x00, 0xb5, 0x8f, 0x28, 0x00, 0xb4, 0x8f, 0x20, 0x00, 0xb2, 0x8f,
  0x1c, 0x00, 0xb1, 0x8f, 0x18, 0x00, 0xb0, 0x8f, 0x25, 0x10, 0x60, 0x02,
  0x24, 0x00, 0xb3, 0x8f, 0x08, 0x00, 0xe0, 0x03, 0x40, 0x00, 0xbd, 0x27,
  0x00, 0x00, 0xa4, 0x8e, 0x00, 0x00, 0x00, 0x00, 0x03, 0x00, 0x80, 0x10,
  0x25, 0x28, 0x00, 0x02, 0x50, 0xde, 0x11, 0x04, 0x21, 0x20, 0x94, 0x00,
  0x80, 0x00, 0x94, 0x26, 0x23, 0x00, 0x00, 0x10, 0x03, 0x00, 0x10, 0x26,
  0xe9, 0xff, 0x40, 0x12, 0x00, 0x00, 0x00, 0x00, 0x50, 0x00, 0xa2, 0x8f,
  0x00, 0x00, 0x00, 0x00, 0xe5, 0xff, 0x40, 0x10, 0x25, 0x30, 0x00, 0x00,
  0x21, 0x88, 0x30, 0x02, 0x21, 0xa0, 0xd4, 0x02, 0xc0, 0x89, 0x11, 0x00,
  0x40, 0xa2, 0x14, 0x00, 0x20, 0x00, 0x05, 0x24, 0x25, 0x20, 0x40, 0x00,
  0x59, 0xdd, 0x11, 0x04, 0x21, 0x88, 0x34, 0x02, 0x25, 0xb8, 0x00, 0x00,
  0x21, 0x88, 0xb1, 0x02, 0x2c, 0x00, 0x22, 0x96, 0x00, 0x00, 0x00, 0x00,
  0x2a, 0x10, 0xe2, 0x02, 0xd6, 0xff, 0x40, 0x10, 0x00, 0x00, 0x00, 0x00,
  0x28, 0x00, 0x22, 0x86, 0x00, 0x00, 0x00, 0x00, 0x18, 0x00, 0x57, 0x00,
  0x12, 0x28, 0x00, 0x00, 0x02, 0x00, 0xa1, 0x04, 0x00, 0x00, 0x00, 0x00,
  0x1f, 0x00, 0xa5, 0x24, 0x50, 0x00, 0xa2, 0x8f, 0x43, 0x29, 0x05, 0x00,
  0x80, 0xa8, 0x17, 0x00, 0x21, 0x80, 0x45, 0x00, 0x21, 0xa8, 0x55, 0x02,
  0x25, 0xa0, 0x00, 0x00, 0x28, 0x00, 0x22, 0x86, 0x00, 0x00, 0x00, 0x00,
  0x2a, 0x10, 0x82, 0x02, 0xd1, 0xff, 0x40, 0x14, 0x00, 0x00, 0x00, 0x00,
  0xe8, 0xff, 0x00, 0x10, 0x01, 0x00, 0xf7, 0x26, 0xd0, 0xfd, 0xbd, 0x27,
  0x25, 0x28, 0xe0, 0x00, 0x10, 0x00, 0xa4, 0x27, 0x38, 0x02, 0xa6, 0xaf,
  0x00, 0x02, 0x06, 0x24, 0x2c, 0x02, 0xbf, 0xaf, 0x2e, 0x0f, 0x11, 0x04,
  0x28, 0x02, 0xb0, 0xaf, 0x40, 0x02, 0xa5, 0x8f, 0x10, 0x00, 0x06, 0x24,
  0x2a, 0x0f, 0x11, 0x04, 0x10, 0x02, 0xa4, 0x27, 0x02, 0x00, 0x02, 0x3c,
  0xf0, 0x06, 0x42, 0x24, 0x05, 0x00, 0x10, 0x24, 0x20, 0x02, 0xa2, 0xaf,
  0x38, 0x02, 0xa5, 0x8f, 0x20, 0x02, 0xa4, 0x8f, 0x6d, 0x0f, 0x11, 0x04,
  0x10, 0x00, 0xa6, 0x27, 0x04, 0x00, 0x40, 0x10, 0x00, 0x00, 0x00, 0x00,
  0xff, 0xff, 0x10, 0x26, 0xf8, 0xff, 0x00, 0x16, 0xf8, 0xff, 0x02, 0x24,
  0x2c, 0x02, 0xbf, 0x8f, 0x28, 0x02, 0xb0, 0x8f, 0x08, 0x00, 0xe0, 0x03,
  0x30, 0x02, 0xbd, 0x27, 0xd0, 0xfd, 0xbd, 0x27, 0x25, 0x28, 0xc0, 0x00,
  0x01, 0x00, 0x06, 0x24, 0x28, 0x02, 0xb1, 0xaf, 0x02, 0x00, 0x04, 0x3c,
  0xf0, 0x06, 0x84, 0x24, 0x25, 0x88, 0xe0, 0x00, 0x24, 0x02, 0xb0, 0xaf,
  0x2c, 0x02, 0xbf, 0xaf, 0x57, 0x0f, 0x11, 0x04, 0x10, 0x00, 0xa7, 0x27,
  0x0e, 0x00, 0x40, 0x14, 0xff, 0xff, 0x10, 0x24, 0x05, 0x00, 0x20, 0x12,
  0x25, 0x80, 0x40, 0x00, 0x00, 0x02, 0x06, 0x24, 0x10, 0x00, 0xa5, 0x27,
  0x06, 0x0f, 0x11, 0x04, 0x25, 0x20, 0x20, 0x02, 0x40, 0x02, 0xa2, 0x8f,
  0x00, 0x00, 0x00, 0x00, 0x04, 0x00, 0x40, 0x10, 0x10, 0x00, 0x06, 0x24,
  0x10, 0x02, 0xa5, 0x27, 0xff, 0x0e, 0x11, 0x04, 0x25, 0x20, 0x40, 0x00,
  0x2c, 0x02, 0xbf, 0x8f, 0x28, 0x02, 0xb1, 0x8f, 0x25, 0x10, 0x00, 0x02,
  0x24, 0x02, 0xb0, 0x8f, 0x08, 0x00, 0xe0, 0x03, 0x30, 0x02, 0xbd, 0x27,
  0xe8, 0xff, 0xbd, 0x27, 0x02, 0x00, 0x04, 0x3c, 0xf0, 0x06, 0x84, 0x24,
  0x20, 0x00, 0xa6, 0xaf, 0x24, 0x00, 0xa7, 0xaf, 0x14, 0x00, 0xbf, 0xaf,
  0x36, 0x0f, 0x11, 0x04, 0x00, 0x00, 0x00, 0x00, 0x20, 0x00, 0xa6, 0x8f,
  0x00, 0x02, 0x02, 0x24, 0x00, 0x00, 0xc2, 0xa4, 0x02, 0x00, 0x02, 0x3c,
  0xf0, 0x06, 0x42, 0x24, 0x0c, 0x00, 0x43, 0x8c, 0x10, 0x00, 0x44, 0x8c,
  0x24, 0x00, 0xa7, 0x8f, 0x18, 0x00, 0x83, 0x00, 0x00, 0x00, 0xe3, 0xa4,
  0x28, 0x00, 0xa3, 0x8f, 0x12, 0x20, 0x00, 0x00, 0x00, 0x00, 0x64, 0xac,
  0x2c, 0x00, 0xa4, 0x8f, 0x2a, 0x00, 0x03, 0x24, 0x00, 0x00, 0x83, 0xa0,
  0x08, 0x00, 0x44, 0x8c, 0x00, 0x02, 0x03, 0x24, 0x02, 0x00, 0x83, 0x14,
  0x2b, 0x00, 0x02, 0x24, 0x2a, 0x00, 0x02, 0x24, 0x2c, 0x00, 0xa3, 0x8f,
  0x00, 0x00, 0x00, 0x00, 0x00, 0x00, 0x62, 0xa0, 0x14, 0x00, 0xbf, 0x8f,
  0x25, 0x10, 0x00, 0x00, 0x08, 0x00, 0xe0, 0x03, 0x18, 0x00, 0xbd, 0x27,
  0x08, 0x00, 0xe0, 0x03, 0x25, 0x10, 0x00, 0x00, 0xe0, 0xff, 0xbd, 0x27,
  0x18, 0x00, 0xb1, 0xaf, 0x14, 0x00, 0xb0, 0xaf, 0x1c, 0x00, 0xbf, 0xaf,
  0x25, 0x80, 0x80, 0x00, 0xb4, 0xdc, 0x11, 0x04, 0x25, 0x88, 0xa0, 0x00,
  0x25, 0x18, 0x40, 0x00, 0x0b, 0x00, 0x60, 0x14, 0x25, 0x10, 0x00, 0x00,
  0x25, 0x28, 0x20, 0x02, 0x5f, 0xe3, 0x11, 0x04, 0x25, 0x20, 0x00, 0x02,
  0x25, 0x28, 0x20, 0x02, 0xcd, 0xf0, 0x11, 0x04, 0x25, 0x20, 0x00, 0x02,
  0x08, 0x00, 0x40, 0x10, 0xfe, 0xff, 0x03, 0x24, 0x08, 0x00, 0x43, 0x14,
  0x00, 0x00, 0x00, 0x00, 0x1c, 0x00, 0xbf, 0x8f, 0x18, 0x00, 0xb1, 0x8f,
  0x14, 0x00, 0xb0, 0x8f, 0x08, 0x00, 0xe0, 0x03, 0x20, 0x00, 0xbd, 0x27,
  0xfa, 0xff, 0x00, 0x10, 0xff, 0xff, 0x02, 0x24, 0xf8, 0xff, 0x00, 0x10,
  0xf3, 0xff, 0x02, 0x24, 0xe0, 0xff, 0xbd, 0x27, 0x18, 0x00, 0xb1, 0xaf,
  0x14, 0x00, 0xb0, 0xaf, 0x1c, 0x00, 0xbf, 0xaf, 0x25, 0x80, 0x80, 0x00,
  0x97, 0xdc, 0x11, 0x04, 0x25, 0x88, 0xa0, 0x00, 0x04, 0x00, 0x40, 0x14,
  0x25, 0x28, 0x20, 0x02, 0xd9, 0xff, 0x11, 0x04, 0x25, 0x20, 0x00, 0x02,
  0x25, 0x28, 0x20, 0x02, 0x90, 0xdc, 0x11, 0x04, 0x25, 0x20, 0x00, 0x02,
  0x07, 0x00, 0x40, 0x1c, 0x25, 0x18, 0x00, 0x00, 0x25, 0x28, 0x20, 0x02,
  0x8b, 0xdc, 0x11, 0x04, 0x25, 0x20, 0x00, 0x02, 0x02, 0x00, 0x40, 0x04,
  0xfe, 0xff, 0x03, 0x24, 0xf3, 0xff, 0x03, 0x24, 0x1c, 0x00, 0xbf, 0x8f,
  0x18, 0x00, 0xb1, 0x8f, 0x14, 0x00, 0xb0, 0x8f, 0x25, 0x10, 0x60, 0x00,
  0x08, 0x00, 0xe0, 0x03, 0x20, 0x00, 0xbd, 0x27, 0x08, 0x00, 0xe0, 0x03,
  0xf3, 0xff, 0x02, 0x24, 0x08, 0x00, 0xe0, 0x03, 0x25, 0x10, 0x00, 0x00,
  0x08, 0x00, 0xe0, 0x03, 0x25, 0x10, 0x00, 0x00, 0x08, 0x00, 0xe0, 0x03,
  0x25, 0x10, 0x00, 0x00, 0x08, 0x00, 0xe0, 0x03, 0x25, 0x10, 0x00, 0x00,
  0xa0, 0xff, 0xbd, 0x27, 0x48, 0x00, 0xb4, 0xaf, 0x44, 0x00, 0xb3, 0xaf,
  0x40, 0xa0, 0x04, 0x00, 0x40, 0x98, 0x05, 0x00, 0x21, 0x10, 0x65, 0x02,
  0x38, 0x00, 0xb0, 0xaf, 0x25, 0x80, 0x80, 0x00, 0x21, 0x20, 0x84, 0x02,
  0xc0, 0x11, 0x02, 0x00, 0x40, 0x22, 0x04, 0x00, 0x40, 0x00, 0xb2, 0xaf,
  0x21, 0x18, 0x44, 0x00, 0x01, 0x00, 0x12, 0x3c, 0x90, 0xcf, 0x52, 0x26,
  0x21, 0x18, 0x43, 0x02, 0x3c, 0x00, 0xb1, 0xaf, 0x25, 0x88, 0xa0, 0x00,
  0x60, 0x01, 0x65, 0x8c, 0x5c, 0x00, 0xbf, 0xaf, 0x58, 0x00, 0xbe, 0xaf,
  0x54, 0x00, 0xb7, 0xaf, 0x50, 0x00, 0xb6, 0xaf, 0x3f, 0x00, 0xa1, 0x04,
  0x4c, 0x00, 0xb5, 0xaf, 0x21, 0x10, 0x42, 0x02, 0x21, 0x10, 0x44, 0x00,
  0x25, 0x18, 0x00, 0x00, 0xff, 0xff, 0x05, 0x24, 0x20, 0x00, 0x04, 0x24,
  0x01, 0x00, 0x63, 0x24, 0xd0, 0x00, 0x45, 0xac, 0xfd, 0xff, 0x64, 0x14,
  0x04, 0x00, 0x42, 0x24, 0x21, 0x10, 0x71, 0x02, 0x21, 0x18, 0x90, 0x02,
  0xc0, 0x11, 0x02, 0x00, 0x40, 0x1a, 0x03, 0x00, 0x21, 0x10, 0x43, 0x00,
  0x21, 0x10, 0x42, 0x02, 0x3c, 0x00, 0x40, 0xac, 0x64, 0x01, 0x40, 0xac,
  0x21, 0xb8, 0x71, 0x02, 0x21, 0xf0, 0x90, 0x02, 0xc0, 0xb9, 0x17, 0x00,
  0x40, 0xf2, 0x1e, 0x00, 0x21, 0xa8, 0xfe, 0x02, 0x21, 0x10, 0x55, 0x02,
  0x28, 0x00, 0x06, 0x24, 0x25, 0x28, 0x00, 0x00, 0x25, 0x20, 0x40, 0x00,
  0x5d, 0x0e, 0x11, 0x04, 0x28, 0x00, 0xa2, 0xaf, 0x28, 0x00, 0xa4, 0x8f,
  0x01, 0x00, 0x05, 0x3c, 0x5f, 0x0e, 0x11, 0x04, 0x00, 0xcd, 0xa5, 0x24,
  0x28, 0x00, 0xa4, 0x8f, 0x01, 0x00, 0x05, 0x3c, 0x57, 0x0e, 0x11, 0x04,
  0xf8, 0xcc, 0xa5, 0x24, 0x28, 0x00, 0xa2, 0x8f, 0x28, 0x00, 0xa3, 0x8f,
  0x2c, 0x00, 0x56, 0x94, 0xff, 0xff, 0x02, 0x24, 0x60, 0x01, 0x62, 0xac,
  0x01, 0x00, 0x01, 0x3c, 0xf4, 0xcc, 0x22, 0xac, 0x01, 0x00, 0x01, 0x3c,
  0xf0, 0xcc, 0x22, 0xac, 0x01, 0x00, 0x01, 0x3c, 0xec, 0xcc, 0x22, 0xac,
  0xf6, 0xff, 0x02, 0x24, 0x01, 0x00, 0x01, 0x3c, 0x02, 0x00, 0xc0, 0x16,
  0xe8, 0xcc, 0x22, 0xac, 0x08, 0x00, 0x16, 0x24, 0x25, 0xa8, 0x00, 0x00,
  0x01, 0x00, 0x07, 0x24, 0x25, 0x30, 0xa0, 0x02, 0x25, 0x28, 0x20, 0x02,
  0xeb, 0xde, 0x11, 0x04, 0x25, 0x20, 0x00, 0x02, 0x24, 0x00, 0x40, 0x14,
  0x00, 0x00, 0x00, 0x00, 0x15, 0x00, 0x00, 0x10, 0xfe, 0xff, 0x03, 0x24,
  0x0b, 0x00, 0xa0, 0x10, 0x00, 0x00, 0x00, 0x00, 0x1c, 0x00, 0x62, 0x90,
  0x00, 0x00, 0x00, 0x00, 0x32, 0x00, 0x42, 0x2c, 0xce, 0xff, 0x40, 0x10,
  0x21, 0xb8, 0x71, 0x02, 0x1e, 0x00, 0x62, 0x90, 0x00, 0x00, 0x00, 0x00,
  0x32, 0x00, 0x42, 0x2c, 0xca, 0xff, 0x40, 0x10, 0x21, 0xf0, 0x90, 0x02,
  0x25, 0x28, 0x20, 0x02, 0x3f, 0xde, 0x11, 0x04, 0x25, 0x20, 0x00, 0x02,
  0x02, 0x00, 0x42, 0x24, 0xfd, 0xff, 0x03, 0x24, 0x24, 0x10, 0x43, 0x00,
  0xc0, 0xff, 0x40, 0x10, 0xff, 0xff, 0x03, 0x24, 0x5c, 0x00, 0xbf, 0x8f,
  0x58, 0x00, 0xbe, 0x8f, 0x54, 0x00, 0xb7, 0x8f, 0x50, 0x00, 0xb6, 0x8f,
  0x4c, 0x00, 0xb5, 0x8f, 0x48, 0x00, 0xb4, 0x8f, 0x44, 0x00, 0xb3, 0x8f,
  0x40, 0x00, 0xb2, 0x8f, 0x3c, 0x00, 0xb1, 0x8f, 0x38, 0x00, 0xb0, 0x8f,
  0x25, 0x10, 0x60, 0x00, 0x08, 0x00, 0xe0, 0x03, 0x60, 0x00, 0xbd, 0x27,
  0x01, 0x00, 0x04, 0x24, 0x4b, 0x01, 0x44, 0x14, 0x01, 0x00, 0xb5, 0x26,
  0xd3, 0xff, 0xd5, 0x16, 0x01, 0x00, 0x07, 0x24, 0x21, 0x10, 0x71, 0x02,
  0x21, 0x20, 0x90, 0x02, 0x40, 0x22, 0x04, 0x00, 0xc0, 0x11, 0x02, 0x00,
  0x21, 0x10, 0x44, 0x00, 0x21, 0x10, 0x42, 0x02, 0x30, 0x00, 0x44, 0x8c,
  0x54, 0x01, 0x45, 0x8c, 0x80, 0x20, 0x04, 0x00, 0xff, 0xff, 0x84, 0x24,
  0x02, 0x00, 0xa0, 0x14, 0x1b, 0x00, 0x85, 0x00, 0x0d, 0x00, 0x07, 0x00,
  0x12, 0xb0, 0x00, 0x00, 0x01, 0x00, 0xd6, 0x26, 0x80, 0x20, 0x16, 0x00,
  0xff, 0xff, 0x84, 0x24, 0x02, 0x00, 0xa0, 0x14, 0x1b, 0x00, 0x85, 0x00,
  0x0d, 0x00, 0x07, 0x00, 0x12, 0x40, 0x00, 0x00, 0x01, 0x00, 0x08, 0x25,
  0x21, 0x00, 0x04, 0x29, 0x2b, 0x00, 0x80, 0x14, 0x00, 0x00, 0x00, 0x00,
  0x58, 0x01, 0x56, 0x8c, 0x20, 0x00, 0x08, 0x24, 0x40, 0xb1, 0x16, 0x00,
  0x21, 0xb8, 0x57, 0x02, 0x21, 0xb8, 0xfe, 0x02, 0x21, 0x10, 0x90, 0x02,
  0x21, 0xf0, 0x71, 0x02, 0xc0, 0xf1, 0x1e, 0x00, 0x40, 0x12, 0x02, 0x00,
  0x21, 0xf0, 0xc2, 0x03, 0x25, 0x48, 0x00, 0x00, 0x21, 0xf0, 0x5e, 0x02,
  0x30, 0x00, 0xc2, 0x8f, 0x00, 0x00, 0x00, 0x00, 0x2b, 0x10, 0xa2, 0x02,
  0xc5, 0xff, 0x40, 0x10, 0xfe, 0xff, 0x03, 0x24, 0x25, 0x20, 0x00, 0x02,
  0x01, 0x00, 0x07, 0x24, 0x25, 0x30, 0xa0, 0x02, 0x25, 0x28, 0x20, 0x02,
  0x30, 0x00, 0xa9, 0xaf, 0x90, 0xde, 0x11, 0x04, 0x2c, 0x00, 0xa8, 0xaf,
  0x30, 0x00, 0xc4, 0x8f, 0x2c, 0x00, 0xa8, 0x8f, 0x30, 0x00, 0xa9, 0x8f,
  0x05, 0x00, 0x40, 0x14, 0x00, 0x00, 0x00, 0x00, 0x01, 0x00, 0xb5, 0x26,
  0x2b, 0x10, 0xa4, 0x02, 0xf1, 0xff, 0x40, 0x14, 0x00, 0x00, 0x00, 0x00,
  0x2b, 0x20, 0xa4, 0x02, 0x9c, 0xff, 0x80, 0x10, 0x01, 0x00, 0x29, 0x25,
  0x50, 0x00, 0xf5, 0xae, 0x01, 0x00, 0xb5, 0x26, 0xe5, 0xff, 0x09, 0x15,
  0x04, 0x00, 0xf7, 0x26, 0x03, 0x00, 0x00, 0x10, 0x00, 0x00, 0x00, 0x00,
  0xd8, 0xff, 0x00, 0x1d, 0x00, 0x00, 0x00, 0x00, 0x44, 0x00, 0xc0, 0x1a,
  0x21, 0x10, 0x71, 0x02, 0xc0, 0x41, 0x02, 0x00, 0x30, 0x00, 0xa2, 0xaf,
  0x21, 0x10, 0x90, 0x02, 0x34, 0x00, 0xa2, 0xaf, 0x40, 0x12, 0x02, 0x00,
  0x21, 0x40, 0x02, 0x01, 0x25, 0xb8, 0x00, 0x00, 0x21, 0xf0, 0x48, 0x02,
  0x58, 0x01, 0xc2, 0x8f, 0x00, 0x00, 0x00, 0x00, 0x02, 0x00, 0x40, 0x14,
  0x1b, 0x00, 0xe2, 0x02, 0x0d, 0x00, 0x07, 0x00, 0x10, 0x10, 0x00, 0x00,
  0x15, 0x00, 0x40, 0x14, 0x2c, 0x00, 0xa2, 0xaf, 0x34, 0x00, 0xa3, 0x8f,
  0x30, 0x00, 0xa2, 0x8f, 0xc0, 0x21, 0x03, 0x00, 0x40, 0x11, 0x02, 0x00,
  0x21, 0x10, 0x44, 0x00, 0x12, 0x18, 0x00, 0x00, 0x21, 0x10, 0x43, 0x00,
  0x14, 0x00, 0x42, 0x24, 0x80, 0x10, 0x02, 0x00, 0x21, 0x10, 0x42, 0x02,
  0x00, 0x00, 0x46, 0x8c, 0x20, 0x00, 0xa7, 0x27, 0x25, 0x28, 0x20, 0x02,
  0x47, 0xeb, 0x11, 0x04, 0x25, 0x20, 0x00, 0x02, 0xe3, 0x00, 0x40, 0x14,
  0x01, 0x00, 0x04, 0x24, 0x20, 0x00, 0xa2, 0x8f, 0x00, 0x00, 0x00, 0x00,
  0x0a, 0x00, 0x44, 0xa0, 0x30, 0x00, 0xc2, 0x8f, 0x00, 0x00, 0x00, 0x00,
  0x2b, 0x10, 0xa2, 0x02, 0x69, 0xff, 0x40, 0x10, 0x01, 0x00, 0x07, 0x24,
  0x25, 0x20, 0x00, 0x02, 0x25, 0x30, 0xa0, 0x02, 0x4d, 0xde, 0x11, 0x04,
  0x25, 0x28, 0x20, 0x02, 0x01, 0x00, 0x04, 0x24, 0x05, 0x00, 0x44, 0x10,
  0x00, 0x00, 0x00, 0x00, 0xd4, 0x00, 0x40, 0x04, 0x01, 0x00, 0xb5, 0x26,
  0xf1, 0xff, 0x00, 0x10, 0x00, 0x00, 0x00, 0x00, 0x30, 0x00, 0xc2, 0x8f,
  0x00, 0x00, 0x00, 0x00, 0x2b, 0x10, 0xa2, 0x02, 0x6f, 0xff, 0x40, 0x10,
  0xfe, 0xff, 0x03, 0x24, 0x20, 0x00, 0xa2, 0x8f, 0x01, 0x00, 0xf7, 0x26,
  0x04, 0x00, 0x44, 0x8c, 0x2c, 0x00, 0xa2, 0x8f, 0x00, 0x00, 0x00, 0x00,
  0x80, 0x10, 0x02, 0x00, 0x21, 0x10, 0x82, 0x00, 0x00, 0x00, 0x55, 0xac,
  0xc6, 0xff, 0xf6, 0x16, 0x01, 0x00, 0xb5, 0x26, 0x21, 0xb0, 0x71, 0x02,
  0x21, 0x10, 0x90, 0x02, 0x40, 0x12, 0x02, 0x00, 0xc0, 0xb1, 0x16, 0x00,
  0x21, 0xb0, 0xc2, 0x02, 0x21, 0x10, 0x56, 0x02, 0x30, 0x00, 0x44, 0x8c,
  0x40, 0x00, 0x40, 0xac, 0x44, 0x00, 0x40, 0xac, 0x5c, 0x01, 0x42, 0x8c,
  0x00, 0x00, 0x00, 0x00, 0x02, 0x00, 0x40, 0x14, 0x1b, 0x00, 0x82, 0x00,
  0x0d, 0x00, 0x07, 0x00, 0x12, 0xb8, 0x00, 0x00, 0xff, 0xff, 0xf7, 0x26,
  0x18, 0x00, 0xe0, 0x1a, 0x21, 0xf0, 0x56, 0x02, 0x5c, 0x01, 0xc2, 0x8f,
  0x01, 0x00, 0x07, 0x24, 0x18, 0x00, 0xe2, 0x02, 0x25, 0x28, 0x20, 0x02,
  0x12, 0x30, 0x00, 0x00, 0x1e, 0xde, 0x11, 0x04, 0x25, 0x20, 0x00, 0x02,
  0x4a, 0xff, 0x40, 0x04, 0xd4, 0xff, 0x03, 0x24, 0xf3, 0xff, 0x40, 0x10,
  0x00, 0x00, 0x00, 0x00, 0x40, 0x00, 0xc2, 0x8f, 0x00, 0x00, 0x00, 0x00,
  0x03, 0x00, 0x40, 0x14, 0x00, 0x00, 0x00, 0x00, 0xed, 0xff, 0x00, 0x10,
  0x40, 0x00, 0xd7, 0xaf, 0x44, 0x00, 0xc2, 0x8f, 0x00, 0x00, 0x00, 0x00,
  0xea, 0xff, 0x40, 0x14, 0xff, 0xff, 0xf7, 0x26, 0x01, 0x00, 0xf7, 0x26,
  0x44, 0x00, 0xd7, 0xaf, 0x21, 0xf0, 0x71, 0x02, 0x21, 0x10, 0x90, 0x02,
  0xc0, 0xf1, 0x1e, 0x00, 0x40, 0x12, 0x02, 0x00, 0x21, 0xf0, 0xc2, 0x03,
  0x21, 0xb0, 0x5e, 0x02, 0x44, 0x00, 0xc6, 0x8e, 0x25, 0x38, 0x00, 0x00,
  0x10, 0x00, 0xa0, 0xaf, 0x25, 0x28, 0x20, 0x02, 0xb6, 0xfd, 0x11, 0x04,
  0x25, 0x20, 0x00, 0x02, 0x03, 0x00, 0x40, 0x10, 0x62, 0x10, 0x05, 0x3c,
  0x2c, 0xff, 0x00, 0x10, 0xd3, 0xff, 0x03, 0x24, 0x30, 0x00, 0xc4, 0x8e,
  0xd3, 0x4d, 0xa5, 0x24, 0x18, 0x00, 0xa7, 0x27, 0x1c, 0x00, 0xa6, 0x27,
  0x07, 0xdb, 0x11, 0x04, 0x2c, 0x00, 0xa2, 0xaf, 0x5c, 0x01, 0xc5, 0x8e,
  0x2c, 0x00, 0xa8, 0x8f, 0x18, 0x00, 0xb7, 0x00, 0x12, 0x20, 0x00, 0x00,
  0x2b, 0x10, 0xa4, 0x02, 0x37, 0x00, 0x40, 0x10, 0x00, 0x00, 0x00, 0x00,
  0x30, 0x00, 0xc4, 0x8e, 0x1c, 0x00, 0xa2, 0x8f, 0xc3, 0x27, 0x04, 0x00,
  0x82, 0x11, 0x02, 0x00, 0x21, 0x10, 0x44, 0x00, 0x40, 0xb1, 0x02, 0x00,
  0x23, 0xb0, 0xc2, 0x02, 0x80, 0xb0, 0x16, 0x00, 0x21, 0xb0, 0xc2, 0x02,
  0xc0, 0xb0, 0x16, 0x00, 0x01, 0x00, 0xd6, 0x26, 0x25, 0x20, 0x00, 0x02,
  0x25, 0x38, 0x00, 0x00, 0x25, 0x30, 0xa0, 0x02, 0x25, 0x28, 0x20, 0x02,
  0xe0, 0xdd, 0x11, 0x04, 0x2c, 0x00, 0xa8, 0xaf, 0x01, 0x00, 0x04, 0x24,
  0x2c, 0x00, 0xa8, 0x8f, 0x60, 0x00, 0x44, 0x14, 0x00, 0x00, 0x00, 0x00,
  0x5c, 0x00, 0x00, 0x15, 0xff, 0x7f, 0x07, 0x3c, 0x21, 0x10, 0x5e, 0x02,
  0x34, 0x00, 0x55, 0xac, 0x3c, 0x00, 0x40, 0xac, 0xff, 0xff, 0x07, 0x24,
  0x01, 0x00, 0x08, 0x25, 0x07, 0x00, 0xc8, 0x16, 0x21, 0x48, 0x5e, 0x02,
  0x21, 0x20, 0x5e, 0x02, 0x34, 0x00, 0x82, 0x8c, 0x00, 0x00, 0x00, 0x00,
  0x23, 0x10, 0xa2, 0x02, 0x01, 0x00, 0x42, 0x24, 0x70, 0x01, 0x82, 0xac,
  0x34, 0x00, 0x26, 0x8d, 0x25, 0x28, 0x20, 0x02, 0x23, 0x30, 0xa6, 0x02,
  0x25, 0x20, 0x00, 0x02, 0x30, 0x00, 0xa8, 0xaf, 0xc1, 0xec, 0x11, 0x04,
  0x2c, 0x00, 0xa9, 0xaf, 0xf2, 0xfe, 0x40, 0x14, 0xd2, 0xff, 0x03, 0x24,
  0x2c, 0x00, 0xa9, 0x8f, 0x01, 0x00, 0xb5, 0x26, 0x5c, 0x01, 0x25, 0x8d,
  0x30, 0x00, 0xa8, 0x8f, 0x18, 0x00, 0xe5, 0x02, 0x12, 0x20, 0x00, 0x00,
  0x2b, 0x10, 0xa4, 0x02, 0xd6, 0xff, 0x40, 0x14, 0x00, 0x00, 0x00, 0x00,
  0x21, 0x10, 0x71, 0x02, 0x21, 0x18, 0x90, 0x02, 0x40, 0x1a, 0x03, 0x00,
  0xc0, 0x11, 0x02, 0x00, 0x21, 0x10, 0x43, 0x00, 0x21, 0x10, 0x42, 0x02,
  0x34, 0x00, 0x43, 0x8c, 0x00, 0x00, 0x00, 0x00, 0x23, 0x18, 0x83, 0x00,
  0x38, 0x00, 0x43, 0xac, 0x70, 0x01, 0x43, 0x8c, 0x00, 0x00, 0x00, 0x00,
  0x02, 0x00, 0x60, 0x14, 0x00, 0x00, 0x00, 0x00, 0x70, 0x01, 0x44, 0xac,
  0x2b, 0x40, 0x05, 0x01, 0xc1, 0xfe, 0x00, 0x15, 0x20, 0x00, 0xa7, 0x27,
  0x25, 0x30, 0x00, 0x00, 0x25, 0x28, 0x20, 0x02, 0x91, 0xea, 0x11, 0x04,
  0x25, 0x20, 0x00, 0x02, 0xd1, 0xfe, 0x40, 0x14, 0xd0, 0xff, 0x03, 0x24,
  0x20, 0x00, 0xa2, 0x8f, 0x21, 0x98, 0x71, 0x02, 0x21, 0xa0, 0x90, 0x02,
  0x01, 0x00, 0x03, 0x24, 0x28, 0x00, 0xa5, 0x8f, 0x04, 0x00, 0x44, 0x8c,
  0xc0, 0x99, 0x13, 0x00, 0x40, 0xa2, 0x14, 0x00, 0x0a, 0x00, 0x43, 0xa0,
  0x80, 0x01, 0x06, 0x24, 0xe9, 0x0c, 0x11, 0x04, 0x21, 0x98, 0x74, 0x02,
  0x21, 0x90, 0x53, 0x02, 0xff, 0xff, 0x02, 0x24, 0x7c, 0x01, 0x42, 0xae,
  0x3c, 0x00, 0x42, 0x8e, 0x68, 0x01, 0x40, 0xae, 0x6c, 0x01, 0x40, 0xae,
  0x64, 0x01, 0x42, 0xae, 0x25, 0x38, 0x00, 0x00, 0x14, 0x00, 0xa0, 0xaf,
  0x10, 0x00, 0xa0, 0xaf, 0x25, 0x30, 0x00, 0x00, 0x25, 0x28, 0x20, 0x02,
  0x88, 0xf2, 0x11, 0x04, 0x25, 0x20, 0x00, 0x02, 0xb5, 0xfe, 0x40, 0x14,
  0xcf, 0xff, 0x03, 0x24, 0x25, 0x28, 0x20, 0x02, 0xb8, 0xe8, 0x11, 0x04,
  0x25, 0x20, 0x00, 0x02, 0xb0, 0xfe, 0x40, 0x14, 0x25, 0x18, 0x40, 0x00,
  0x01, 0x00, 0x02, 0x24, 0xad, 0xfe, 0x00, 0x10, 0x60, 0x01, 0x42, 0xae,
  0xa8, 0xff, 0x00, 0x10, 0xff, 0xff, 0xe7, 0x34, 0x7c, 0xff, 0x40, 0x14,
  0xfd, 0xff, 0x07, 0x24, 0xad, 0xff, 0x00, 0x10, 0x21, 0x48, 0x5e, 0x02,
  0xa5, 0xfe, 0x00, 0x10, 0xd8, 0xff, 0x03, 0x24, 0xa3, 0xfe, 0x00, 0x10,
  0xd6, 0xff, 0x03, 0x24, 0xa1, 0xfe, 0x00, 0x10, 0xd5, 0xff, 0x03, 0x24,
  0x9f, 0xfe, 0x00, 0x10, 0xd2, 0xff, 0x03, 0x24, 0xc8, 0xff, 0xbd, 0x27,
  0x2c, 0x00, 0xb3, 0xaf, 0x40, 0x98, 0x04, 0x00, 0x24, 0x00, 0xb1, 0xaf,
  0x21, 0x88, 0x64, 0x02, 0x28, 0x00, 0xb2, 0xaf, 0x00, 0x89, 0x11, 0x00,
  0x01, 0x00, 0x12, 0x3c, 0x90, 0xe7, 0x52, 0x26, 0x21, 0x88, 0x51, 0x02,
  0x0c, 0x00, 0x27, 0x8e, 0x10, 0x00, 0x22, 0x8e, 0x34, 0x00, 0xbf, 0xaf,
  0x2b, 0x10, 0xe2, 0x00, 0x30, 0x00, 0xb4, 0xaf, 0x0a, 0x00, 0x40, 0x14,
  0x20, 0x00, 0xb0, 0xaf, 0x25, 0x10, 0x00, 0x00, 0x34, 0x00, 0xbf, 0x8f,
  0x30, 0x00, 0xb4, 0x8f, 0x2c, 0x00, 0xb3, 0x8f, 0x28, 0x00, 0xb2, 0x8f,
  0x24, 0x00, 0xb1, 0x8f, 0x20, 0x00, 0xb0, 0x8f, 0x08, 0x00, 0xe0, 0x03,
  0x38, 0x00, 0xbd, 0x27, 0x25, 0xa0, 0x80, 0x00, 0x25, 0x80, 0xa0, 0x00,
  0x14, 0x00, 0x26, 0x8e, 0x08, 0x00, 0x25, 0x96, 0x06, 0x00, 0x24, 0x96,
  0x18, 0x00, 0xa2, 0x27, 0xe5, 0xed, 0x11, 0x04, 0x10, 0x00, 0xa2, 0xaf,
  0xef, 0xff, 0x40, 0x14, 0x00, 0x00, 0x00, 0x00, 0x18, 0x00, 0xa2, 0x8f,
  0x00, 0x00, 0x00, 0x00, 0x00, 0x00, 0x42, 0x84, 0x00, 0x00, 0x00, 0x00,
  0x54, 0x00, 0x41, 0x04, 0x00, 0x00, 0x00, 0x00, 0x21, 0x98, 0x74, 0x02,
  0x00, 0x99, 0x13, 0x00, 0x21, 0x20, 0x53, 0x02, 0x0c, 0x00, 0x82, 0x8c,
  0x10, 0x00, 0x83, 0x8c, 0x00, 0x00, 0x00, 0x00, 0x2b, 0x18, 0x43, 0x00,
  0xdf, 0xff, 0x60, 0x10, 0x01, 0x00, 0x42, 0x24, 0x0c, 0x00, 0x82, 0xac,
  0x25, 0x30, 0x00, 0x00, 0x2c, 0x01, 0x05, 0x24, 0x93, 0xda, 0x11, 0x04,
  0x25, 0x20, 0x00, 0x02, 0x18, 0x00, 0xb1, 0x8f, 0x28, 0x00, 0x04, 0x26,
  0x8f, 0x0c, 0x11, 0x04, 0x40, 0x00, 0x25, 0x26, 0x48, 0x00, 0x00, 0xa2,
  0x00, 0x00, 0x22, 0x96, 0x00, 0x00, 0x00, 0x00, 0x01, 0x00, 0x43, 0x30,
  0x05, 0x00, 0x60, 0x10, 0x00, 0x00, 0x00, 0x00, 0x00, 0x00, 0x03, 0x8e,
  0x00, 0x00, 0x00, 0x00, 0x01, 0x00, 0x63, 0x34, 0x00, 0x00, 0x03, 0xae,
  0x02, 0x00, 0x43, 0x30, 0x05, 0x00, 0x60, 0x10, 0x00, 0x00, 0x00, 0x00,
  0x00, 0x00, 0x03, 0x8e, 0x00, 0x00, 0x00, 0x00, 0x02, 0x00, 0x63, 0x34,
  0x00, 0x00, 0x03, 0xae, 0x04, 0x00, 0x43, 0x30, 0x05, 0x00, 0x60, 0x10,
  0x00, 0x00, 0x00, 0x00, 0x00, 0x00, 0x03, 0x8e, 0x00, 0x00, 0x00, 0x00,
  0x04, 0x00, 0x63, 0x34, 0x00, 0x00, 0x03, 0xae, 0x00, 0x10, 0x43, 0x30,
  0x05, 0x00, 0x60, 0x10, 0x00, 0x00, 0x00, 0x00, 0x00, 0x00, 0x03, 0x8e,
  0x00, 0x00, 0x00, 0x00, 0x00, 0x10, 0x63, 0x34, 0x00, 0x00, 0x03, 0xae,
  0x00, 0x08, 0x43, 0x30, 0x05, 0x00, 0x60, 0x10, 0x00, 0x00, 0x00, 0x00,
  0x00, 0x00, 0x03, 0x8e, 0x00, 0x00, 0x00, 0x00, 0x00, 0x08, 0x63, 0x34,
  0x00, 0x00, 0x03, 0xae, 0x08, 0x00, 0x43, 0x30, 0x05, 0x00, 0x60, 0x10,
  0x00, 0x00, 0x00, 0x00, 0x00, 0x00, 0x03, 0x8e, 0x00, 0x00, 0x00, 0x00,
  0x08, 0x00, 0x63, 0x34, 0x00, 0x00, 0x03, 0xae, 0x00, 0x00, 0x04, 0x8e,
  0x20, 0x00, 0x42, 0x30, 0x02, 0x00, 0x40, 0x10, 0x10, 0x00, 0x83, 0x34,
  0x20, 0x00, 0x83, 0x34, 0x20, 0x00, 0x22, 0x8e, 0x00, 0x00, 0x03, 0xae,
  0x04, 0x00, 0x02, 0xae, 0x04, 0x00, 0x22, 0x8e, 0x08, 0x00, 0x06, 0x24,
  0x08, 0x00, 0x25, 0x26, 0x0c, 0x00, 0x04, 0x26, 0x4c, 0x0c, 0x11, 0x04,
  0x08, 0x00, 0x02, 0xae, 0x08, 0x00, 0x06, 0x24, 0x18, 0x00, 0x25, 0x26,
  0x48, 0x0c, 0x11, 0x04, 0x1c, 0x00, 0x04, 0x26, 0x96, 0xff, 0x00, 0x10,
  0x01, 0x00, 0x02, 0x24, 0x0c, 0x00, 0x27, 0x8e, 0x10, 0x00, 0x22, 0x8e,
  0x01, 0x00, 0xe7, 0x24, 0x2b, 0x10, 0xe2, 0x00, 0x9a, 0xff, 0x40, 0x14,
  0x0c, 0x00, 0x27, 0xae, 0xa7, 0xff, 0x00, 0x10, 0x21, 0x98, 0x74, 0x02,
  0xd0, 0xff, 0xbd, 0x27, 0x01, 0x00, 0x02, 0x24, 0x14, 0x00, 0xa2, 0xaf,
  0x18, 0x00, 0xa2, 0x27, 0x20, 0x00, 0xb0, 0xaf, 0x10, 0x00, 0xa2, 0xaf,
  0x25, 0x80, 0xe0, 0x00, 0x25, 0x38, 0x00, 0x00, 0x28, 0x00, 0xb2, 0xaf,
  0x2c, 0x00, 0xbf, 0xaf, 0x2f, 0xf0, 0x11, 0x04, 0x24, 0x00, 0xb1, 0xaf,
  0x47, 0x00, 0x40, 0x14, 0x25, 0x90, 0x40, 0x00, 0x25, 0x30, 0x00, 0x00,
  0x28, 0x00, 0x05, 0x24, 0x34, 0xda, 0x11, 0x04, 0x25, 0x20, 0x00, 0x02,
  0x18, 0x00, 0xb1, 0x8f, 0x00, 0x00, 0x00, 0x00, 0x00, 0x00, 0x22, 0x96,
  0x00, 0x00, 0x00, 0x00, 0x01, 0x00, 0x43, 0x30, 0x05, 0x00, 0x60, 0x10,
  0x00, 0x00, 0x00, 0x00, 0x00, 0x00, 0x03, 0x8e, 0x00, 0x00, 0x00, 0x00,
  0x01, 0x00, 0x63, 0x34, 0x00, 0x00, 0x03, 0xae, 0x02, 0x00, 0x43, 0x30,
  0x05, 0x00, 0x60, 0x10, 0x00, 0x00, 0x00, 0x00, 0x00, 0x00, 0x03, 0x8e,
  0x00, 0x00, 0x00, 0x00, 0x02, 0x00, 0x63, 0x34, 0x00, 0x00, 0x03, 0xae,
  0x04, 0x00, 0x43, 0x30, 0x05, 0x00, 0x60, 0x10, 0x00, 0x00, 0x00, 0x00,
  0x00, 0x00, 0x03, 0x8e, 0x00, 0x00, 0x00, 0x00, 0x04, 0x00, 0x63, 0x34,
  0x00, 0x00, 0x03, 0xae, 0x00, 0x10, 0x43, 0x30, 0x05, 0x00, 0x60, 0x10,
  0x00, 0x00, 0x00, 0x00, 0x00, 0x00, 0x03, 0x8e, 0x00, 0x00, 0x00, 0x00,
  0x00, 0x10, 0x63, 0x34, 0x00, 0x00, 0x03, 0xae, 0x00, 0x08, 0x43, 0x30,
  0x05, 0x00, 0x60, 0x10, 0x00, 0x00, 0x00, 0x00, 0x00, 0x00, 0x03, 0x8e,
  0x00, 0x00, 0x00, 0x00, 0x00, 0x08, 0x63, 0x34, 0x00, 0x00, 0x03, 0xae,
  0x08, 0x00, 0x43, 0x30, 0x05, 0x00, 0x60, 0x10, 0x00, 0x00, 0x00, 0x00,
  0x00, 0x00, 0x03, 0x8e, 0x00, 0x00, 0x00, 0x00, 0x08, 0x00, 0x63, 0x34,
  0x00, 0x00, 0x03, 0xae, 0x00, 0x00, 0x04, 0x8e, 0x20, 0x00, 0x42, 0x30,
  0x02, 0x00, 0x40, 0x10, 0x10, 0x00, 0x83, 0x34, 0x20, 0x00, 0x83, 0x34,
  0x00, 0x00, 0x03, 0xae, 0x20, 0x00, 0x23, 0x8e, 0x04, 0x00, 0x40, 0x14,
  0x04, 0x00, 0x03, 0xae, 0x04, 0x00, 0x22, 0x8e, 0x00, 0x00, 0x00, 0x00,
  0x08, 0x00, 0x02, 0xae, 0x08, 0x00, 0x06, 0x24, 0x08, 0x00, 0x25, 0x26,
  0xee, 0x0b, 0x11, 0x04, 0x0c, 0x00, 0x04, 0x26, 0x08, 0x00, 0x06, 0x24,
  0x18, 0x00, 0x25, 0x26, 0xea, 0x0b, 0x11, 0x04, 0x1c, 0x00, 0x04, 0x26,
  0x2c, 0x00, 0xbf, 0x8f, 0x24, 0x00, 0xb1, 0x8f, 0x20, 0x00, 0xb0, 0x8f,
  0x25, 0x10, 0x40, 0x02, 0x28, 0x00, 0xb2, 0x8f, 0x08, 0x00, 0xe0, 0x03,
  0x30, 0x00, 0xbd, 0x27, 0xa8, 0xfd, 0xbd, 0x27, 0x01, 0x00, 0x02, 0x24,
  0x44, 0x02, 0xb5, 0xaf, 0x28, 0x02, 0xb5, 0x27, 0x34, 0x02, 0xb1, 0xaf,
  0x14, 0x00, 0xa2, 0xaf, 0x25, 0x88, 0xe0, 0x00, 0x10, 0x00, 0xb5, 0xaf,
  0x18, 0x02, 0xa7, 0x27, 0x40, 0x02, 0xb4, 0xaf, 0x3c, 0x02, 0xb3, 0xaf,
  0x38, 0x02, 0xb2, 0xaf, 0x30, 0x02, 0xb0, 0xaf, 0x68, 0x02, 0xb2, 0x8f,
  0x54, 0x02, 0xbf, 0xaf, 0x50, 0x02, 0xbe, 0xaf, 0x4c, 0x02, 0xb7, 0xaf,
  0x48, 0x02, 0xb6, 0xaf, 0x25, 0x98, 0x80, 0x00, 0xcb, 0xef, 0x11, 0x04,
  0x25, 0xa0, 0xa0, 0x00, 0x0b, 0x00, 0x40, 0x14, 0x25, 0x80, 0x40, 0x00,
  0x10, 0x00, 0x56, 0x32, 0x5e, 0x00, 0xc0, 0x12, 0x00, 0x00, 0x00, 0x00,
  0x01, 0x00, 0x04, 0x3c, 0xc0, 0xcc, 0x84, 0x24, 0xcb, 0x0b, 0x11, 0x04,
  0x20, 0x00, 0x25, 0x26, 0x0f, 0x00, 0x40, 0x14, 0x00, 0x00, 0x00, 0x00,
  0xfc, 0xff, 0x10, 0x24, 0x54, 0x02, 0xbf, 0x8f, 0x50, 0x02, 0xbe, 0x8f,
  0x4c, 0x02, 0xb7, 0x8f, 0x48, 0x02, 0xb6, 0x8f, 0x44, 0x02, 0xb5, 0x8f,
  0x40, 0x02, 0xb4, 0x8f, 0x3c, 0x02, 0xb3, 0x8f, 0x38, 0x02, 0xb2, 0x8f,
  0x34, 0x02, 0xb1, 0x8f, 0x25, 0x10, 0x00, 0x02, 0x30, 0x02, 0xb0, 0x8f,
  0x08, 0x00, 0xe0, 0x03, 0x58, 0x02, 0xbd, 0x27, 0x01, 0x00, 0x04, 0x3c,
  0xc4, 0xcc, 0x84, 0x24, 0xb7, 0x0b, 0x11, 0x04, 0x20, 0x00, 0x25, 0x26,
  0xee, 0xff, 0x40, 0x10, 0xfc, 0xff, 0x10, 0x24, 0x20, 0x00, 0x22, 0x82,
  0x00, 0x00, 0x00, 0x00, 0xea, 0xff, 0x40, 0x10, 0x00, 0x00, 0x00, 0x00,
  0x2f, 0x00, 0x05, 0x24, 0x80, 0xd9, 0x11, 0x04, 0x20, 0x00, 0x24, 0x26,
  0xe4, 0xff, 0x41, 0x04, 0x00, 0x00, 0x00, 0x00, 0x1c, 0x02, 0xa2, 0x8f,
  0x00, 0x00, 0x00, 0x00, 0x02, 0x00, 0x42, 0x28, 0xdf, 0xff, 0x40, 0x14,
  0x25, 0x38, 0x00, 0x00, 0x18, 0x02, 0xa6, 0x8f, 0x10, 0x00, 0xb5, 0xaf,
  0x25, 0x28, 0x80, 0x02, 0xe0, 0xec, 0x11, 0x04, 0x25, 0x20, 0x60, 0x02,
  0xd9, 0xff, 0x40, 0x14, 0x25, 0x80, 0x40, 0x00, 0x28, 0x02, 0xa2, 0x8f,
  0x25, 0x28, 0x80, 0x02, 0x14, 0x00, 0x47, 0x8c, 0x10, 0x00, 0x46, 0x8c,
  0x25, 0x20, 0x60, 0x02, 0xd7, 0xec, 0x11, 0x04, 0x10, 0x00, 0xb5, 0xaf,
  0xd0, 0xff, 0x40, 0x14, 0x25, 0x80, 0x40, 0x00, 0x28, 0x02, 0xa2, 0x8f,
  0x18, 0x00, 0xa3, 0x27, 0x00, 0x02, 0x44, 0x24, 0x00, 0x00, 0x45, 0x8c,
  0x10, 0x00, 0x42, 0x24, 0x00, 0x00, 0x65, 0xac, 0xf4, 0xff, 0x45, 0x8c,
  0x10, 0x00, 0x63, 0x24, 0xf4, 0xff, 0x65, 0xac, 0xf8, 0xff, 0x45, 0x8c,
  0x00, 0x00, 0x00, 0x00, 0xf8, 0xff, 0x65, 0xac, 0xfc, 0xff, 0x45, 0x8c,
  0xf5, 0xff, 0x82, 0x14, 0xfc, 0xff, 0x65, 0xac, 0x01, 0x00, 0x1e, 0x24,
  0x14, 0x00, 0xbe, 0xaf, 0x10, 0x00, 0xa0, 0xaf, 0x20, 0x00, 0x27, 0x26,
  0x18, 0x00, 0xa6, 0x27, 0x25, 0x28, 0x80, 0x02, 0x61, 0xee, 0x11, 0x04,
  0x25, 0x20, 0x60, 0x02, 0x0d, 0x00, 0x5e, 0x10, 0x25, 0x80, 0x40, 0x00,
  0x02, 0x00, 0x42, 0x28, 0x05, 0x00, 0x40, 0x10, 0x00, 0x00, 0x00, 0x00,
  0xb2, 0xff, 0x00, 0x16, 0x00, 0x00, 0x00, 0x00, 0xb0, 0xff, 0x00, 0x10,
  0xfc, 0xff, 0x10, 0x24, 0x02, 0x00, 0x02, 0x24, 0xad, 0xff, 0x02, 0x16,
  0x00, 0x00, 0x00, 0x00, 0xab, 0xff, 0x00, 0x10, 0xfb, 0xff, 0x10, 0x24,
  0x1c, 0x02, 0xa7, 0x8f, 0x18, 0x02, 0xa6, 0x8f, 0x10, 0x00, 0xb5, 0xaf,
  0x25, 0x28, 0x80, 0x02, 0xaa, 0xec, 0x11, 0x04, 0x25, 0x20, 0x60, 0x02,
  0xa3, 0xff, 0x40, 0x14, 0x25, 0x80, 0x40, 0x00, 0x72, 0xe3, 0x11, 0x04,
  0x00, 0x00, 0x00, 0x00, 0xed, 0xfe, 0x02, 0x34, 0x0d, 0x00, 0x42, 0x16,
  0x00, 0x00, 0x00, 0x00, 0x14, 0x00, 0x23, 0x96, 0x28, 0x02, 0xa2, 0x8f,
  0x25, 0xb0, 0x00, 0x00, 0x00, 0x00, 0x43, 0xa4, 0x03, 0x00, 0x12, 0x24,
  0x00, 0x00, 0x23, 0x8e, 0x28, 0x02, 0xa2, 0x8f, 0x00, 0x00, 0x00, 0x00,
  0x08, 0x00, 0x43, 0xac, 0x04, 0x00, 0x23, 0x8e, 0x20, 0x00, 0x00, 0x10,
  0x0c, 0x00, 0x43, 0xac, 0x08, 0x00, 0x42, 0x32, 0x05, 0x00, 0x40, 0x10,
  0x00, 0x00, 0x00, 0x00, 0x18, 0x00, 0x23, 0x8e, 0x28, 0x02, 0xa2, 0x8f,
  0x00, 0x00, 0x00, 0x00, 0x20, 0x00, 0x43, 0xac, 0x04, 0x00, 0x42, 0x32,
  0x10, 0x00, 0x40, 0x10, 0x00, 0x00, 0x00, 0x00, 0x01, 0x00, 0x02, 0x3c,
  0xe0, 0xcc, 0x42, 0x8c, 0x00, 0x00, 0x00, 0x00, 0x03, 0x00, 0x40, 0x10,
  0x0f, 0x18, 0x04, 0x24, 0xff, 0xff, 0x04, 0x3c, 0xcf, 0x7f, 0x84, 0x24,
  0x28, 0x02, 0xa5, 0x8f, 0x14, 0x00, 0x22, 0x96, 0x00, 0x00, 0xa3, 0x94,
  0x00, 0x00, 0x00, 0x00, 0x26, 0x10, 0x62, 0x00, 0x24, 0x10, 0x44, 0x00,
  0x26, 0x18, 0x62, 0x00, 0x00, 0x00, 0xa3, 0xa4, 0x00, 0x02, 0x42, 0x32,
  0x16, 0x00, 0x40, 0x14, 0x00, 0x00, 0x00, 0x00, 0x01, 0x00, 0x42, 0x32,
  0xdb, 0xff, 0x40, 0x14, 0x00, 0x00, 0x00, 0x00, 0x02, 0x00, 0x52, 0x32,
  0x08, 0x00, 0x40, 0x12, 0x00, 0x00, 0x00, 0x00, 0x08, 0x00, 0x23, 0x8e,
  0x28, 0x02, 0xa2, 0x8f, 0x00, 0x00, 0x00, 0x00, 0x18, 0x00, 0x43, 0xac,
  0x0c, 0x00, 0x23, 0x8e, 0x00, 0x00, 0x00, 0x00, 0x1c, 0x00, 0x43, 0xac,
  0x67, 0xff, 0xc0, 0x12, 0x1f, 0x00, 0x06, 0x24, 0x28, 0x02, 0xb2, 0x8f,
  0x20, 0x00, 0x25, 0x26, 0x32, 0x0b, 0x11, 0x04, 0x40, 0x00, 0x44, 0x26,
  0x61, 0xff, 0x00, 0x10, 0x5f, 0x00, 0x40, 0xa2, 0x01, 0x00, 0x02, 0x3c,
  0xe0, 0xcc, 0x42, 0x8c, 0x00, 0x00, 0x00, 0x00, 0x02, 0x00, 0x40, 0x10,
  0x0f, 0x18, 0x05, 0x24, 0x0f, 0x38, 0x05, 0x24, 0x28, 0x02, 0xa4, 0x8f,
  0x14, 0x00, 0x22, 0x96, 0x00, 0x00, 0x83, 0x94, 0x00, 0x00, 0x00, 0x00,
  0x26, 0x10, 0x62, 0x00, 0x24, 0x10, 0x45, 0x00, 0x26, 0x18, 0x62, 0x00,
  0xdd, 0xff, 0x00, 0x10, 0x00, 0x00, 0x83, 0xa4, 0x40, 0x18, 0x04, 0x00,
  0xc0, 0xff, 0xbd, 0x27, 0x21, 0x10, 0x64, 0x00, 0x00, 0x11, 0x02, 0x00,
  0x38, 0x00, 0xb7, 0xaf, 0x01, 0x00, 0x17, 0x3c, 0x90, 0xe7, 0xf7, 0x26,
  0x21, 0x10, 0xe2, 0x02, 0x34, 0x00, 0xb6, 0xaf, 0x1c, 0x00, 0xb0, 0xaf,
  0x0c, 0x00, 0x56, 0x8c, 0x10, 0x00, 0x50, 0x8c, 0x24, 0x00, 0xb2, 0xaf,
  0x25, 0x90, 0x80, 0x00, 0x2b, 0x20, 0xd0, 0x02, 0x3c, 0x00, 0xbf, 0xaf,
  0x30, 0x00, 0xb5, 0xaf, 0x2c, 0x00, 0xb4, 0xaf, 0x28, 0x00, 0xb3, 0xaf,
  0x20, 0x00, 0xb1, 0xaf, 0x3a, 0x00, 0x80, 0x10, 0x25, 0x10, 0x00, 0x00,
  0x23, 0x80, 0x16, 0x02, 0x2a, 0x10, 0xd0, 0x00, 0x02, 0x00, 0x40, 0x10,
  0x25, 0xa0, 0xa0, 0x00, 0x25, 0x80, 0xc0, 0x00, 0x33, 0x00, 0x00, 0x1a,
  0x25, 0x10, 0x00, 0x00, 0x21, 0x18, 0x72, 0x00, 0x00, 0x19, 0x03, 0x00,
  0x21, 0xb8, 0xe3, 0x02, 0x08, 0x00, 0xe3, 0x96, 0x06, 0x00, 0xe4, 0x96,
  0x40, 0x10, 0x03, 0x00, 0x21, 0x10, 0x43, 0x00, 0x40, 0x18, 0x04, 0x00,
  0x21, 0x18, 0x64, 0x00, 0xc0, 0x11, 0x02, 0x00, 0x40, 0x1a, 0x03, 0x00,
  0x21, 0x10, 0x43, 0x00, 0x01, 0x00, 0x15, 0x3c, 0x90, 0xcf, 0xb5, 0x26,
  0x25, 0x98, 0x00, 0x00, 0x21, 0xa8, 0xa2, 0x02, 0x54, 0x01, 0xb1, 0x8e,
  0x20, 0xeb, 0x11, 0x04, 0x25, 0x20, 0x40, 0x02, 0x1e, 0x00, 0x40, 0x18,
  0x10, 0x00, 0xa7, 0x27, 0x08, 0x00, 0xe5, 0x96, 0x06, 0x00, 0xe4, 0x96,
  0x77, 0xe8, 0x11, 0x04, 0x25, 0x30, 0x40, 0x00, 0x18, 0x00, 0x40, 0x14,
  0x00, 0x00, 0x00, 0x00, 0x02, 0x00, 0x20, 0x16, 0x1b, 0x00, 0xd1, 0x02,
  0x0d, 0x00, 0x07, 0x00, 0x10, 0x10, 0x00, 0x00, 0x23, 0x88, 0x22, 0x02,
  0x2a, 0x18, 0x11, 0x02, 0x02, 0x00, 0x60, 0x10, 0x00, 0x00, 0x00, 0x00,
  0x25, 0x88, 0x00, 0x02, 0x10, 0x00, 0xb6, 0x8f, 0x25, 0x30, 0x20, 0x02,
  0x04, 0x00, 0xc5, 0x8e, 0x21, 0x20, 0x93, 0x02, 0xcc, 0x0a, 0x11, 0x04,
  0x21, 0x28, 0xa2, 0x00, 0x01, 0x00, 0x03, 0x24, 0x0c, 0x00, 0xc3, 0xa2,
  0x0c, 0x00, 0xf6, 0x8e, 0x23, 0x80, 0x11, 0x02, 0x21, 0xb0, 0x36, 0x02,
  0x21, 0x10, 0x33, 0x02, 0x0c, 0x00, 0x00, 0x16, 0x0c, 0x00, 0xf6, 0xae,
  0x3c, 0x00, 0xbf, 0x8f, 0x38, 0x00, 0xb7, 0x8f, 0x34, 0x00, 0xb6, 0x8f,
  0x30, 0x00, 0xb5, 0x8f, 0x2c, 0x00, 0xb4, 0x8f, 0x28, 0x00, 0xb3, 0x8f,
  0x24, 0x00, 0xb2, 0x8f, 0x20, 0x00, 0xb1, 0x8f, 0x1c, 0x00, 0xb0, 0x8f,
  0x08, 0x00, 0xe0, 0x03, 0x40, 0x00, 0xbd, 0x27, 0xd2, 0xff, 0x00, 0x10,
  0x25, 0x98, 0x40, 0x00, 0xc0, 0xff, 0xbd, 0x27, 0x34, 0x00, 0xb2, 0xaf,
  0x40, 0x90, 0x04, 0x00, 0x30, 0x00, 0xb1, 0xaf, 0x21, 0x88, 0x44, 0x02,
  0x2c, 0x00, 0xb0, 0xaf, 0x00, 0x89, 0x11, 0x00, 0x01, 0x00, 0x10, 0x3c,
  0x90, 0xe7, 0x10, 0x26, 0x21, 0x88, 0x11, 0x02, 0x24, 0x00, 0x27, 0x8e,
  0x20, 0x00, 0x26, 0x8e, 0x08, 0x00, 0x25, 0x96, 0x38, 0x00, 0xb3, 0xaf,
  0x1c, 0x00, 0xa2, 0x27, 0x25, 0x98, 0x80, 0x00, 0x06, 0x00, 0x24, 0x96,
  0x10, 0x00, 0xa2, 0xaf, 0x3c, 0x00, 0xbf, 0xaf, 0xe6, 0xeb, 0x11, 0x04,
  0x00, 0x00, 0x00, 0x00, 0x25, 0x18, 0x40, 0x00, 0x2e, 0x00, 0x60, 0x14,
  0xe1, 0xff, 0x02, 0x24, 0x1c, 0x00, 0xa4, 0x8f, 0x05, 0x00, 0x25, 0x92,
  0x00, 0x00, 0x83, 0x94, 0x02, 0x00, 0xa0, 0x14, 0x7f, 0xff, 0x62, 0x30,
  0x80, 0x00, 0x62, 0x34, 0x21, 0x90, 0x53, 0x02, 0x00, 0x91, 0x12, 0x00,
  0x21, 0x80, 0x12, 0x02, 0x00, 0x00, 0x82, 0xa4, 0x25, 0xd9, 0x11, 0x04,
  0x18, 0x00, 0x84, 0x24, 0x1c, 0x00, 0xa2, 0x8f, 0x14, 0x00, 0x03, 0x8e,
  0x00, 0x00, 0x00, 0x00, 0x10, 0x00, 0x43, 0xac, 0x10, 0x00, 0x03, 0x8e,
  0x9c, 0xe2, 0x11, 0x04, 0x04, 0x00, 0x43, 0xac, 0x1c, 0x00, 0xa2, 0x8f,
  0x2c, 0x00, 0x07, 0x8e, 0x18, 0x00, 0x43, 0x8c, 0x1c, 0x00, 0x42, 0x8c,
  0x28, 0x00, 0x06, 0x8e, 0x08, 0x00, 0x05, 0x96, 0x06, 0x00, 0x04, 0x96,
  0x02, 0x00, 0x01, 0x3c, 0x14, 0x07, 0x22, 0xac, 0x18, 0x00, 0xa2, 0x27,
  0x10, 0x00, 0xa2, 0xaf, 0x02, 0x00, 0x01, 0x3c, 0xc2, 0xeb, 0x11, 0x04,
  0x10, 0x07, 0x23, 0xac, 0x0b, 0x00, 0x40, 0x14, 0x00, 0x00, 0x00, 0x00,
  0x18, 0x00, 0xa3, 0x8f, 0x02, 0x00, 0x04, 0x3c, 0x10, 0x07, 0x84, 0x8c,
  0x20, 0x00, 0xa2, 0xaf, 0x18, 0x00, 0x64, 0xac, 0x02, 0x00, 0x04, 0x3c,
  0x14, 0x07, 0x84, 0x8c, 0x83, 0xe2, 0x11, 0x04, 0x1c, 0x00, 0x64, 0xac,
  0x20, 0x00, 0xa2, 0x8f, 0x3c, 0x00, 0xbf, 0x8f, 0x38, 0x00, 0xb3, 0x8f,
  0x34, 0x00, 0xb2, 0x8f, 0x30, 0x00, 0xb1, 0x8f, 0x2c, 0x00, 0xb0, 0x8f,
  0x08, 0x00, 0xe0, 0x03, 0x40, 0x00, 0xbd, 0x27, 0xc0, 0xff, 0xbd, 0x27,
  0x1c, 0x00, 0xb1, 0xaf, 0x18, 0x00, 0xb0, 0xaf, 0x3c, 0x00, 0xbf, 0xaf,
  0x38, 0x00, 0xbe, 0xaf, 0x34, 0x00, 0xb7, 0xaf, 0x30, 0x00, 0xb6, 0xaf,
  0x2c, 0x00, 0xb5, 0xaf, 0x28, 0x00, 0xb4, 0xaf, 0x24, 0x00, 0xb3, 0xaf,
  0x20, 0x00, 0xb2, 0xaf, 0x25, 0x88, 0x80, 0x00, 0x52, 0x00, 0xc0, 0x10,
  0x25, 0x80, 0xc0, 0x00, 0x40, 0xa0, 0x04, 0x00, 0x21, 0x98, 0x84, 0x02,
  0x01, 0x00, 0x16, 0x3c, 0x90, 0xe7, 0xd6, 0x26, 0x00, 0x99, 0x13, 0x00,
  0x21, 0x98, 0xd3, 0x02, 0x05, 0x00, 0x62, 0x92, 0x06, 0x00, 0x72, 0x96,
  0x08, 0x00, 0x77, 0x96, 0x4d, 0x00, 0x40, 0x10, 0x25, 0xa8, 0xa0, 0x00,
  0x40, 0x10, 0x12, 0x00, 0x40, 0x18, 0x17, 0x00, 0x21, 0x10, 0x52, 0x00,
  0x21, 0x18, 0x77, 0x00, 0xc0, 0x19, 0x03, 0x00, 0x40, 0x12, 0x02, 0x00,
  0x25, 0x98, 0x00, 0x02, 0x21, 0xa0, 0x91, 0x02, 0x25, 0x80, 0x00, 0x00,
  0x21, 0x90, 0x62, 0x00, 0x83, 0xea, 0x11, 0x04, 0x25, 0x20, 0x20, 0x02,
  0xfd, 0xff, 0x17, 0x24, 0x55, 0x00, 0x57, 0x14, 0x00, 0x00, 0x00, 0x00,
  0xeb, 0xea, 0x11, 0x04, 0x25, 0x20, 0x20, 0x02, 0x45, 0x00, 0x57, 0x10,
  0x00, 0x00, 0x00, 0x00, 0x43, 0x00, 0x40, 0x14, 0x00, 0x00, 0x00, 0x00,
  0x78, 0xea, 0x11, 0x04, 0x25, 0x20, 0x20, 0x02, 0x00, 0xf1, 0x14, 0x00,
  0x21, 0xf0, 0xde, 0x02, 0x08, 0x00, 0xc5, 0x97, 0x06, 0x00, 0xc4, 0x97,
  0x10, 0x00, 0xa7, 0x27, 0xce, 0xe7, 0x11, 0x04, 0x25, 0x30, 0x40, 0x00,
  0x38, 0x00, 0x40, 0x14, 0x00, 0x00, 0x00, 0x00, 0x10, 0x00, 0xa3, 0x8f,
  0x01, 0x00, 0x02, 0x24, 0x0c, 0x00, 0x62, 0xa0, 0x01, 0x00, 0x02, 0x3c,
  0x90, 0xcf, 0x42, 0x24, 0x21, 0x10, 0x52, 0x00, 0x54, 0x01, 0x57, 0x8c,
  0x0c, 0x00, 0xc2, 0x8f, 0x02, 0x00, 0xe0, 0x16, 0x1b, 0x00, 0x57, 0x00,
  0x0d, 0x00, 0x07, 0x00, 0x10, 0x10, 0x00, 0x00, 0x23, 0xb8, 0xe2, 0x02,
  0x2a, 0x20, 0x77, 0x02, 0x02, 0x00, 0x80, 0x10, 0x00, 0x00, 0x00, 0x00,
  0x25, 0xb8, 0x60, 0x02, 0x04, 0x00, 0x64, 0x8c, 0x21, 0x28, 0xb0, 0x02,
  0x21, 0x20, 0x82, 0x00, 0x1c, 0x0a, 0x11, 0x04, 0x25, 0x30, 0xe0, 0x02,
  0x10, 0x00, 0xa2, 0x8f, 0x01, 0x00, 0x03, 0x24, 0x0a, 0x00, 0x43, 0xa0,
  0x00, 0x11, 0x14, 0x00, 0x21, 0x10, 0xc2, 0x02, 0x0c, 0x00, 0x43, 0x8c,
  0x10, 0x00, 0x44, 0x8c, 0x21, 0x18, 0xe3, 0x02, 0x2b, 0x28, 0x83, 0x00,
  0x02, 0x00, 0xa0, 0x10, 0x0c, 0x00, 0x43, 0xac, 0x25, 0x20, 0x60, 0x00,
  0x23, 0x98, 0x77, 0x02, 0x10, 0x00, 0x44, 0xac, 0xc5, 0xff, 0x60, 0x16,
  0x21, 0x80, 0x17, 0x02, 0x54, 0xff, 0x11, 0x04, 0x25, 0x20, 0x20, 0x02,
  0x0e, 0x00, 0x40, 0x14, 0x00, 0x00, 0x00, 0x00, 0x0c, 0x00, 0x00, 0x10,
  0x25, 0x10, 0x00, 0x02, 0x01, 0x00, 0x02, 0x24, 0x4d, 0xff, 0x11, 0x04,
  0x05, 0x00, 0x62, 0xa2, 0x07, 0x00, 0x40, 0x14, 0x00, 0x00, 0x00, 0x00,
  0x08, 0x00, 0x65, 0x96, 0x06, 0x00, 0x64, 0x96, 0xdf, 0xe5, 0x11, 0x04,
  0x00, 0x00, 0x00, 0x00, 0xaa, 0xff, 0x40, 0x10, 0x00, 0x00, 0x00, 0x00,
  0x3c, 0x00, 0xbf, 0x8f, 0x38, 0x00, 0xbe, 0x8f, 0x34, 0x00, 0xb7, 0x8f,
  0x30, 0x00, 0xb6, 0x8f, 0x2c, 0x00, 0xb5, 0x8f, 0x28, 0x00, 0xb4, 0x8f,
  0x24, 0x00, 0xb3, 0x8f, 0x20, 0x00, 0xb2, 0x8f, 0x1c, 0x00, 0xb1, 0x8f,
  0x18, 0x00, 0xb0, 0x8f, 0x08, 0x00, 0xe0, 0x03, 0x40, 0x00, 0xbd, 0x27,
  0xb4, 0xff, 0x41, 0x04, 0x00, 0xf1, 0x14, 0x00, 0xf1, 0xff, 0x00, 0x10,
  0x00, 0x00, 0x00, 0x00, 0x90, 0xff, 0xbd, 0x27, 0x00, 0x02, 0xe2, 0x30,
  0x50, 0x00, 0xb2, 0xaf, 0x4c, 0x00, 0xb1, 0xaf, 0x48, 0x00, 0xb0, 0xaf,
  0x6c, 0x00, 0xbf, 0xaf, 0x68, 0x00, 0xbe, 0xaf, 0x64, 0x00, 0xb7, 0xaf,
  0x60, 0x00, 0xb6, 0xaf, 0x5c, 0x00, 0xb5, 0xaf, 0x58, 0x00, 0xb4, 0xaf,
  0x54, 0x00, 0xb3, 0xaf, 0x25, 0x80, 0x80, 0x00, 0x25, 0x88, 0xa0, 0x00,
  0x78, 0x00, 0xa6, 0xaf, 0x02, 0x00, 0x40, 0x10, 0x25, 0x90, 0xe0, 0x00,
  0x02, 0x00, 0xf2, 0x34, 0x78, 0x00, 0xa2, 0x8f, 0x00, 0x00, 0x00, 0x00,
  0x00, 0x00, 0x42, 0x80, 0x00, 0x00, 0x00, 0x00, 0x0f, 0x00, 0x40, 0x14,
  0x00, 0x00, 0x00, 0x00, 0xfc, 0xff, 0x03, 0x24, 0x6c, 0x00, 0xbf, 0x8f,
  0x68, 0x00, 0xbe, 0x8f, 0x64, 0x00, 0xb7, 0x8f, 0x60, 0x00, 0xb6, 0x8f,
  0x5c, 0x00, 0xb5, 0x8f, 0x58, 0x00, 0xb4, 0x8f, 0x54, 0x00, 0xb3, 0x8f,
  0x50, 0x00, 0xb2, 0x8f, 0x4c, 0x00, 0xb1, 0x8f, 0x48, 0x00, 0xb0, 0x8f,
  0x25, 0x10, 0x60, 0x00, 0x08, 0x00, 0xe0, 0x03, 0x70, 0x00, 0xbd, 0x27,
  0x01, 0x00, 0x15, 0x3c, 0x90, 0xe7, 0xb5, 0x26, 0x00, 0x00, 0xa2, 0x92,
  0x00, 0x00, 0x00, 0x00, 0x09, 0x00, 0x40, 0x10, 0x25, 0x98, 0x00, 0x00,
  0x30, 0x00, 0xa2, 0x92, 0x00, 0x00, 0x00, 0x00, 0x05, 0x00, 0x40, 0x10,
  0x01, 0x00, 0x13, 0x24, 0x60, 0x00, 0xa2, 0x92, 0xf9, 0xff, 0x03, 0x24,
  0xe6, 0xff, 0x40, 0x14, 0x02, 0x00, 0x13, 0x24, 0x40, 0xa0, 0x13, 0x00,
  0x21, 0x20, 0x93, 0x02, 0x00, 0x21, 0x04, 0x00, 0x25, 0x30, 0x00, 0x00,
  0x30, 0x00, 0x05, 0x24, 0x21, 0x20, 0xa4, 0x02, 0xb7, 0xd7, 0x11, 0x04,
  0x40, 0x02, 0x56, 0x32, 0x01, 0x00, 0xc2, 0x2e, 0x23, 0x10, 0x02, 0x00,
  0x20, 0x00, 0xa2, 0xaf, 0x01, 0x00, 0x02, 0x24, 0x14, 0x00, 0xa2, 0xaf,
  0x78, 0x00, 0xa6, 0x8f, 0x30, 0x00, 0xa2, 0x27, 0x10, 0x00, 0xa2, 0xaf,
  0x18, 0x00, 0xa7, 0x27, 0x25, 0x28, 0x20, 0x02, 0x25, 0x20, 0x00, 0x02,
  0x9f, 0xed, 0x11, 0x04, 0x30, 0x00, 0xa0, 0xaf, 0xcf, 0xff, 0x40, 0x04,
  0x25, 0x18, 0x40, 0x00, 0x30, 0x00, 0xa5, 0x8f, 0x00, 0x00, 0x00, 0x00,
  0x0a, 0x00, 0xa0, 0x14, 0x00, 0x02, 0xa6, 0x24, 0x02, 0x00, 0x02, 0x24,
  0xc7, 0xff, 0x62, 0x10, 0x03, 0x00, 0x02, 0x24, 0x1c, 0x00, 0x62, 0x14,
  0x00, 0x00, 0x00, 0x00, 0xc4, 0xff, 0x00, 0x10, 0xfb, 0xff, 0x03, 0x24,
  0xdd, 0xff, 0x00, 0x10, 0x01, 0x00, 0x13, 0x24, 0x25, 0x10, 0xa0, 0x00,
  0x01, 0x00, 0x04, 0x3c, 0x20, 0xea, 0x84, 0x24, 0x00, 0x00, 0x47, 0x8c,
  0x10, 0x00, 0x42, 0x24, 0x00, 0x00, 0x87, 0xac, 0xf4, 0xff, 0x47, 0x8c,
  0x10, 0x00, 0x84, 0x24, 0xf4, 0xff, 0x87, 0xac, 0xf8, 0xff, 0x47, 0x8c,
  0x00, 0x00, 0x00, 0x00, 0xf8, 0xff, 0x87, 0xac, 0xfc, 0xff, 0x47, 0x8c,
  0xf5, 0xff, 0xc2, 0x14, 0xfc, 0xff, 0x87, 0xac, 0xe7, 0xff, 0x40, 0x16,
  0x00, 0x00, 0x00, 0x00, 0x00, 0x00, 0xa2, 0x84, 0x00, 0x00, 0x00, 0x00,
  0xac, 0xff, 0x41, 0x04, 0x02, 0x00, 0x02, 0x24, 0xe2, 0xff, 0x00, 0x10,
  0x00, 0x00, 0x00, 0x00, 0x52, 0x00, 0x60, 0x14, 0x40, 0x00, 0x42, 0x32,
  0xa6, 0xff, 0x40, 0x14, 0x00, 0x00, 0x00, 0x00, 0x21, 0x10, 0x93, 0x02,
  0x00, 0x11, 0x02, 0x00, 0x21, 0x10, 0xa2, 0x02, 0xff, 0xff, 0x04, 0x24,
  0x18, 0x00, 0xa6, 0x8f, 0x14, 0x00, 0x44, 0xac, 0x18, 0x00, 0x44, 0xac,
  0x1c, 0x00, 0xa4, 0x8f, 0x01, 0x00, 0x45, 0x32, 0x02, 0x00, 0x56, 0x32,
  0x1c, 0x00, 0x40, 0xac, 0x10, 0x00, 0x40, 0xac, 0x0c, 0x00, 0x40, 0xac,
  0x06, 0x00, 0x50, 0xa4, 0x08, 0x00, 0x51, 0xa4, 0x05, 0x00, 0x40, 0xa0,
  0x02, 0x00, 0x45, 0xa0, 0x01, 0x00, 0x56, 0xa0, 0x03, 0x00, 0x40, 0xa0,
  0x20, 0x00, 0x46, 0xac, 0xe1, 0x00, 0x60, 0x14, 0x24, 0x00, 0x44, 0xac,
  0x07, 0x00, 0xc0, 0x12, 0x00, 0x00, 0x00, 0x00, 0x01, 0x00, 0x02, 0x3c,
  0x20, 0xea, 0x42, 0x94, 0x00, 0x00, 0x00, 0x00, 0x02, 0x00, 0x42, 0x30,
  0x89, 0xff, 0x40, 0x10, 0xfb, 0xff, 0x03, 0x24, 0x01, 0x00, 0x02, 0x3c,
  0xe0, 0xcc, 0x42, 0x8c, 0x00, 0x00, 0x00, 0x00, 0x09, 0x00, 0x40, 0x14,
  0x00, 0x00, 0x00, 0x00, 0x07, 0x00, 0xa0, 0x10, 0x00, 0x00, 0x00, 0x00,
  0x01, 0x00, 0x02, 0x3c, 0x20, 0xea, 0x42, 0x94, 0x00, 0x00, 0x00, 0x00,
  0x01, 0x00, 0x42, 0x30, 0x7c, 0xff, 0x40, 0x10, 0xfb, 0xff, 0x03, 0x24,
  0x2c, 0x00, 0xa2, 0x27, 0x10, 0x00, 0xa2, 0xaf, 0x25, 0x38, 0x00, 0x00,
  0x25, 0x28, 0x20, 0x02, 0x8b, 0xea, 0x11, 0x04, 0x25, 0x20, 0x00, 0x02,
  0x74, 0xff, 0x40, 0x14, 0x25, 0x18, 0x40, 0x00, 0x2c, 0x00, 0xa3, 0x8f,
  0x21, 0x10, 0x93, 0x02, 0x10, 0x00, 0x64, 0x8c, 0x00, 0x11, 0x02, 0x00,
  0x21, 0x10, 0xa2, 0x02, 0x28, 0x00, 0x44, 0xac, 0x14, 0x00, 0x63, 0x8c,
  0x01, 0x00, 0x04, 0x3c, 0x20, 0xe8, 0x84, 0x24, 0x2c, 0x00, 0x43, 0xac,
  0x00, 0x02, 0x83, 0x94, 0x00, 0x00, 0x00, 0x00, 0x20, 0x00, 0x65, 0x30,
  0x15, 0x00, 0xa0, 0x10, 0x00, 0x00, 0x00, 0x00, 0x01, 0x00, 0x63, 0x30,
  0x9d, 0xff, 0x60, 0x10, 0x00, 0x00, 0x00, 0x00, 0x01, 0x00, 0x05, 0x24,
  0x10, 0x02, 0x83, 0x8c, 0x00, 0x00, 0x45, 0xac, 0x04, 0x02, 0x84, 0x8c,
  0x14, 0x00, 0x43, 0xac, 0x04, 0x00, 0x45, 0xa0, 0x10, 0x00, 0x44, 0xac,
  0x18, 0x00, 0x43, 0xac, 0x58, 0xff, 0x00, 0x10, 0x25, 0x18, 0x60, 0x02,
  0x01, 0x00, 0x02, 0x24, 0xaf, 0xff, 0x62, 0x14, 0x00, 0x00, 0x00, 0x00,
  0xad, 0xff, 0xc0, 0x16, 0x00, 0x00, 0x00, 0x00, 0x51, 0xff, 0x00, 0x10,
  0xfc, 0xff, 0x03, 0x24, 0x23, 0x00, 0xc0, 0x12, 0x00, 0x02, 0x42, 0x32,
  0x01, 0x00, 0x02, 0x3c, 0x90, 0xe7, 0x42, 0x24, 0x01, 0x00, 0x05, 0x3c,
  0x20, 0xe8, 0xa5, 0x24, 0x00, 0x00, 0x46, 0x90, 0x00, 0x00, 0x00, 0x00,
  0x17, 0x00, 0xc0, 0x10, 0x00, 0x00, 0x00, 0x00, 0x06, 0x00, 0x46, 0x94,
  0x00, 0x00, 0x00, 0x00, 0x13, 0x00, 0xd0, 0x14, 0x00, 0x00, 0x00, 0x00,
  0x08, 0x00, 0x46, 0x94, 0x00, 0x00, 0x00, 0x00, 0x0f, 0x00, 0xd1, 0x14,
  0x00, 0x00, 0x00, 0x00, 0x20, 0x00, 0x47, 0x8c, 0x18, 0x00, 0xa6, 0x8f,
  0x00, 0x00, 0x00, 0x00, 0x0a, 0x00, 0xe6, 0x14, 0x00, 0x00, 0x00, 0x00,
  0x24, 0x00, 0x47, 0x8c, 0x1c, 0x00, 0xa6, 0x8f, 0x00, 0x00, 0x00, 0x00,
  0x05, 0x00, 0xe6, 0x14, 0x00, 0x00, 0x00, 0x00, 0x01, 0x00, 0x46, 0x90,
  0x00, 0x00, 0x00, 0x00, 0x6c, 0xff, 0xc0, 0x14, 0x00, 0x00, 0x00, 0x00,
  0x30, 0x00, 0x42, 0x24, 0xe4, 0xff, 0x45, 0x14, 0x00, 0x00, 0x00, 0x00,
  0x00, 0x02, 0x42, 0x32, 0x5d, 0x00, 0x40, 0x10, 0x25, 0x28, 0x20, 0x02,
  0x1c, 0x00, 0xa7, 0x8f, 0x18, 0x00, 0xa6, 0x8f, 0x25, 0x20, 0x00, 0x02,
  0x14, 0xee, 0x11, 0x04, 0x10, 0x00, 0xa0, 0xaf, 0x25, 0xb0, 0x40, 0x00,
  0x25, 0x28, 0x20, 0x02, 0xd5, 0xe4, 0x11, 0x04, 0x25, 0x20, 0x00, 0x02,
  0x20, 0xff, 0xc0, 0x16, 0xd5, 0xff, 0x03, 0x24, 0x1c, 0x00, 0xa3, 0x8f,
  0x20, 0x00, 0xa2, 0x8f, 0x00, 0x00, 0x00, 0x00, 0x2a, 0x10, 0x62, 0x00,
  0x02, 0x00, 0x40, 0x10, 0x00, 0x00, 0x00, 0x00, 0x20, 0x00, 0xa3, 0xaf,
  0x21, 0x10, 0x93, 0x02, 0x00, 0x11, 0x02, 0x00, 0x21, 0x10, 0xa2, 0x02,
  0x2c, 0x00, 0x47, 0x8c, 0x28, 0x00, 0x46, 0x8c, 0x30, 0x00, 0xa2, 0x27,
  0x10, 0x00, 0xa2, 0xaf, 0x25, 0x28, 0x20, 0x02, 0x24, 0xea, 0x11, 0x04,
  0x25, 0x20, 0x00, 0x02, 0x0d, 0xff, 0x40, 0x14, 0x25, 0x18, 0x40, 0x00,
  0x30, 0x00, 0xa2, 0x8f, 0x01, 0x00, 0x04, 0x3c, 0x20, 0xec, 0x84, 0x24,
  0x00, 0x02, 0x45, 0x24, 0x00, 0x00, 0x46, 0x8c, 0x10, 0x00, 0x42, 0x24,
  0x00, 0x00, 0x86, 0xac, 0xf4, 0xff, 0x46, 0x8c, 0x10, 0x00, 0x84, 0x24,
  0xf4, 0xff, 0x86, 0xac, 0xf8, 0xff, 0x46, 0x8c, 0x00, 0x00, 0x00, 0x00,
  0xf8, 0xff, 0x86, 0xac, 0xfc, 0xff, 0x46, 0x8c, 0xf5, 0xff, 0xa2, 0x14,
  0xfc, 0xff, 0x86, 0xac, 0x01, 0x00, 0x16, 0x3c, 0x20, 0xe8, 0xd6, 0x26,
  0x04, 0x04, 0xc4, 0x8e, 0x20, 0x00, 0xa2, 0x8f, 0x00, 0x00, 0x00, 0x00,
  0x1e, 0x00, 0x82, 0x14, 0xff, 0xff, 0x1e, 0x24, 0x40, 0x10, 0x11, 0x00,
  0x40, 0x28, 0x10, 0x00, 0x21, 0x10, 0x51, 0x00, 0x21, 0x28, 0xb0, 0x00,
  0x40, 0x2a, 0x05, 0x00, 0xc0, 0x11, 0x02, 0x00, 0x21, 0x10, 0x45, 0x00,
  0x01, 0x00, 0x05, 0x3c, 0x90, 0xcf, 0xa5, 0x24, 0x21, 0x10, 0xa2, 0x00,
  0x54, 0x01, 0x42, 0x8c, 0x00, 0x00, 0x00, 0x00, 0x42, 0x12, 0x02, 0x00,
  0x02, 0x00, 0x40, 0x14, 0x1b, 0x00, 0x82, 0x00, 0x0d, 0x00, 0x07, 0x00,
  0x10, 0x20, 0x00, 0x00, 0x12, 0x10, 0x00, 0x00, 0x35, 0x00, 0x80, 0x10,
  0x25, 0x28, 0x20, 0x02, 0x93, 0xe4, 0x11, 0x04, 0x25, 0x20, 0x00, 0x02,
  0xde, 0xfe, 0x40, 0x14, 0x25, 0x18, 0x40, 0x00, 0x04, 0x04, 0xc2, 0x8e,
  0x00, 0x00, 0x00, 0x00, 0x01, 0x00, 0x42, 0x24, 0x04, 0x04, 0xc2, 0xae,
  0xff, 0xff, 0x1e, 0x24, 0x78, 0x00, 0xa2, 0x8f, 0x01, 0x00, 0xde, 0x27,
  0x21, 0xb8, 0x5e, 0x00, 0x2f, 0x00, 0x05, 0x24, 0x7c, 0xd6, 0x11, 0x04,
  0x25, 0x20, 0xe0, 0x02, 0x6b, 0x00, 0x40, 0x04, 0x21, 0xf0, 0xc2, 0x03,
  0xf7, 0xff, 0x00, 0x10, 0x00, 0x00, 0x00, 0x00, 0x21, 0x10, 0x93, 0x02,
  0x10, 0x02, 0x85, 0x8c, 0x00, 0x11, 0x02, 0x00, 0x21, 0x10, 0xa2, 0x02,
  0x04, 0x02, 0x86, 0x8c, 0x14, 0x00, 0x45, 0xac, 0x18, 0x00, 0x45, 0xac,
  0x02, 0x00, 0x45, 0x90, 0x00, 0x00, 0x00, 0x00, 0x04, 0x00, 0xa0, 0x10,
  0x10, 0x00, 0x46, 0xac, 0x00, 0x02, 0x85, 0x90, 0x00, 0x00, 0x00, 0x00,
  0x01, 0x00, 0xa5, 0x30, 0x21, 0x10, 0x93, 0x02, 0x00, 0x11, 0x02, 0x00,
  0x21, 0x10, 0xa2, 0x02, 0x02, 0x00, 0x45, 0xa0, 0x01, 0x00, 0x42, 0x90,
  0x00, 0x00, 0x00, 0x00, 0x02, 0x00, 0x40, 0x10, 0x42, 0x18, 0x03, 0x00,
  0x01, 0x00, 0x62, 0x30, 0x21, 0xa0, 0x93, 0x02, 0x00, 0xa1, 0x14, 0x00,
  0x21, 0xa0, 0xb4, 0x02, 0x01, 0x00, 0x82, 0xa2, 0x01, 0x00, 0x02, 0x24,
  0x58, 0xff, 0x00, 0x10, 0x00, 0x00, 0x82, 0xa2, 0x28, 0x00, 0x46, 0xac,
  0x96, 0xff, 0x00, 0x10, 0x2c, 0x00, 0x44, 0xac, 0x10, 0x04, 0xc4, 0x8e,
  0x00, 0x00, 0x00, 0x00, 0x3e, 0x00, 0x80, 0x14, 0xff, 0xff, 0x57, 0x24,
  0x02, 0x00, 0x42, 0x28, 0x3c, 0x00, 0x40, 0x14, 0x25, 0x30, 0xe0, 0x02,
  0x25, 0x28, 0x20, 0x02, 0x25, 0x20, 0x00, 0x02, 0x76, 0xe0, 0x11, 0x04,
  0x38, 0x00, 0xa3, 0xaf, 0x38, 0x00, 0xa3, 0x8f, 0x06, 0x00, 0x40, 0x04,
  0x25, 0x30, 0xe0, 0x02, 0x25, 0x28, 0x20, 0x02, 0x70, 0xe0, 0x11, 0x04,
  0x25, 0x20, 0x00, 0x02, 0x25, 0xb8, 0x00, 0x00, 0x25, 0x18, 0x40, 0x00,
  0xff, 0x7f, 0x02, 0x3c, 0xff, 0xff, 0x42, 0x34, 0x25, 0xf0, 0x60, 0x00,
  0x38, 0x00, 0xa2, 0xaf, 0x28, 0x00, 0xa7, 0x27, 0x25, 0x30, 0xc0, 0x03,
  0x25, 0x28, 0x20, 0x02, 0x56, 0xe8, 0x11, 0x04, 0x25, 0x20, 0x00, 0x02,
  0x90, 0xfe, 0x40, 0x14, 0x25, 0x18, 0x40, 0x00, 0x28, 0x00, 0xa2, 0x8f,
  0x00, 0x00, 0x00, 0x00, 0xff, 0xff, 0x42, 0x28, 0x16, 0x00, 0x40, 0x14,
  0x01, 0x00, 0x06, 0x24, 0x25, 0x28, 0x20, 0x02, 0x89, 0xe6, 0x11, 0x04,
  0x25, 0x20, 0x00, 0x02, 0x86, 0xfe, 0x40, 0x04, 0x25, 0x18, 0x40, 0x00,
  0x6b, 0xe0, 0x11, 0x04, 0x28, 0x00, 0xa2, 0xaf, 0x28, 0x00, 0xa7, 0x8f,
  0x3c, 0x00, 0xa2, 0xaf, 0x00, 0x80, 0x02, 0x3c, 0x25, 0x38, 0x47, 0x00,
  0x25, 0x30, 0xc0, 0x03, 0x25, 0x28, 0x20, 0x02, 0x25, 0x20, 0x00, 0x02,
  0xf5, 0xe7, 0x11, 0x04, 0x28, 0x00, 0xa7, 0xaf, 0x79, 0xfe, 0x40, 0x14,
  0x25, 0x18, 0x40, 0x00, 0x3c, 0x00, 0xa4, 0x8f, 0x63, 0xe0, 0x11, 0x04,
  0x00, 0x00, 0x00, 0x00, 0x38, 0x00, 0xa2, 0x8f, 0x28, 0x00, 0xbe, 0x8f,
  0xff, 0xff, 0xf7, 0x26, 0x24, 0xf0, 0xc2, 0x03, 0xff, 0xff, 0x02, 0x24,
  0xda, 0xff, 0xe2, 0x16, 0x28, 0x00, 0xa7, 0x27, 0x8c, 0xff, 0x00, 0x10,
  0x25, 0x28, 0x20, 0x02, 0x25, 0x18, 0x80, 0x00, 0xff, 0xff, 0x02, 0x24,
  0xcf, 0xff, 0xe2, 0x16, 0x25, 0x28, 0x20, 0x02, 0x86, 0xff, 0x00, 0x10,
  0x00, 0x00, 0x00, 0x00, 0x40, 0x00, 0x5e, 0x32, 0x07, 0x00, 0xc0, 0x13,
  0x25, 0x18, 0x00, 0x00, 0x01, 0x00, 0x06, 0x24, 0x25, 0x28, 0x20, 0x02,
  0x61, 0xe6, 0x11, 0x04, 0x25, 0x20, 0x00, 0x02, 0x5e, 0xfe, 0x40, 0x04,
  0x25, 0x18, 0x40, 0x00, 0x43, 0xe0, 0x11, 0x04, 0x40, 0x00, 0xa3, 0xaf,
  0x01, 0x00, 0x04, 0x3c, 0x38, 0xec, 0x84, 0x24, 0xbb, 0xd6, 0x11, 0x04,
  0x38, 0x00, 0xa2, 0xaf, 0x2c, 0x00, 0xa2, 0x27, 0x10, 0x00, 0xa2, 0xaf,
  0x20, 0x00, 0xa7, 0x8f, 0x10, 0x04, 0xc6, 0x8e, 0x25, 0x28, 0x20, 0x02,
  0x66, 0xe9, 0x11, 0x04, 0x25, 0x20, 0x00, 0x02, 0x4f, 0xfe, 0x40, 0x14,
  0x25, 0x18, 0x40, 0x00, 0x2c, 0x00, 0xa4, 0x8f, 0x25, 0x30, 0x00, 0x00,
  0x24, 0xd6, 0x11, 0x04, 0x00, 0x02, 0x05, 0x24, 0x2c, 0x00, 0xa7, 0x8f,
  0x20, 0x00, 0x06, 0x24, 0x25, 0x28, 0xe0, 0x02, 0x40, 0x00, 0xe4, 0x24,
  0x24, 0x08, 0x11, 0x04, 0x3c, 0x00, 0xa7, 0xaf, 0x01, 0x00, 0x02, 0x3c,
  0x38, 0xec, 0x42, 0x24, 0x00, 0x00, 0x44, 0x8c, 0x3c, 0x00, 0xa7, 0x8f,
  0x00, 0x00, 0x00, 0x00, 0x08, 0x00, 0xe4, 0xac, 0x04, 0x00, 0x44, 0x8c,
  0x00, 0x00, 0x00, 0x00, 0x0c, 0x00, 0xe4, 0xac, 0x00, 0x00, 0x44, 0x8c,
  0x00, 0x00, 0x00, 0x00, 0x18, 0x00, 0xe4, 0xac, 0x04, 0x00, 0x42, 0x8c,
  0x17, 0xe0, 0x11, 0x04, 0x1c, 0x00, 0xe2, 0xac, 0x38, 0x00, 0xa4, 0x8f,
  0x20, 0xe0, 0x11, 0x04, 0x00, 0x00, 0x00, 0x00, 0x01, 0x00, 0x02, 0x3c,
  0xe0, 0xcc, 0x42, 0x8c, 0x40, 0x00, 0xa3, 0x8f, 0x02, 0x00, 0x40, 0x14,
  0xff, 0xdf, 0x02, 0x24, 0x24, 0x90, 0x42, 0x02, 0x2c, 0x00, 0xa2, 0x8f,
  0x20, 0x00, 0xa7, 0x8f, 0x33, 0x00, 0xc0, 0x13, 0x00, 0x38, 0x52, 0x32,
  0x27, 0x84, 0x04, 0x24, 0x25, 0x90, 0x44, 0x02, 0x02, 0x00, 0x04, 0x24,
  0x04, 0x00, 0x44, 0xac, 0x10, 0x00, 0x43, 0xac, 0x00, 0x00, 0x52, 0xa4,
  0x08, 0x00, 0x42, 0x24, 0x10, 0x00, 0xa3, 0xaf, 0x14, 0x00, 0xa2, 0xaf,
  0x10, 0x04, 0xc6, 0x8e, 0x25, 0x28, 0x20, 0x02, 0x9a, 0xed, 0x11, 0x04,
  0x25, 0x20, 0x00, 0x02, 0x1a, 0xfe, 0x40, 0x14, 0xd2, 0xff, 0x03, 0x24,
  0x21, 0x98, 0x93, 0x02, 0x00, 0x99, 0x13, 0x00, 0x21, 0x98, 0xb3, 0x02,
  0x2c, 0x00, 0x67, 0x8e, 0x28, 0x00, 0x66, 0x8e, 0x30, 0x00, 0xa2, 0x27,
  0x10, 0x00, 0xa2, 0xaf, 0x25, 0x28, 0x20, 0x02, 0x25, 0xe9, 0x11, 0x04,
  0x25, 0x20, 0x00, 0x02, 0x0e, 0xfe, 0x40, 0x14, 0x25, 0x18, 0x40, 0x00,
  0x30, 0x00, 0xa2, 0x8f, 0x01, 0x00, 0x03, 0x3c, 0x20, 0xec, 0x63, 0x24,
  0x00, 0x02, 0x44, 0x24, 0x00, 0x00, 0x65, 0x8c, 0x10, 0x00, 0x42, 0x24,
  0xf0, 0xff, 0x45, 0xac, 0x04, 0x00, 0x65, 0x8c, 0x10, 0x00, 0x63, 0x24,
  0xf4, 0xff, 0x45, 0xac, 0xf8, 0xff, 0x65, 0x8c, 0x00, 0x00, 0x00, 0x00,
  0xf8, 0xff, 0x45, 0xac, 0xfc, 0xff, 0x65, 0x8c, 0xf5, 0xff, 0x82, 0x14,
  0xfc, 0xff, 0x45, 0xac, 0xdd, 0xdf, 0x11, 0x04, 0x00, 0x00, 0x00, 0x00,
  0x25, 0x28, 0x20, 0x02, 0xac, 0xe3, 0x11, 0x04, 0x25, 0x20, 0x00, 0x02,
  0xf7, 0xfd, 0x00, 0x10, 0x25, 0x18, 0x40, 0x00, 0x17, 0x84, 0x03, 0x24,
  0x25, 0x90, 0x43, 0x02, 0xff, 0xff, 0x03, 0x24, 0x10, 0x00, 0x43, 0xac,
  0x21, 0xa0, 0x93, 0x02, 0x00, 0x00, 0x52, 0xa4, 0x00, 0xa1, 0x14, 0x00,
  0x10, 0x04, 0xc2, 0x8e, 0x21, 0xa8, 0xb4, 0x02, 0x20, 0x00, 0xa2, 0xae,
  0x01, 0x00, 0x02, 0x24, 0x00, 0x00, 0xa2, 0xa2, 0x24, 0x00, 0xa7, 0xae,
  0x28, 0x00, 0xa6, 0x8e, 0x2c, 0x00, 0xa7, 0x8e, 0x30, 0x00, 0xa2, 0x27,
  0x10, 0x00, 0xa2, 0xaf, 0x25, 0x28, 0x20, 0x02, 0xf8, 0xe8, 0x11, 0x04,
  0x25, 0x20, 0x00, 0x02, 0xe1, 0xfd, 0x40, 0x14, 0x25, 0x18, 0x40, 0x00,
  0x30, 0x00, 0xa2, 0x8f, 0x01, 0x00, 0x03, 0x3c, 0x20, 0xec, 0x63, 0x24,
  0x00, 0x02, 0x44, 0x24, 0x00, 0x00, 0x65, 0x8c, 0x10, 0x00, 0x42, 0x24,
  0xf0, 0xff, 0x45, 0xac, 0x04, 0x00, 0x65, 0x8c, 0x10, 0x00, 0x63, 0x24,
  0xf4, 0xff, 0x45, 0xac, 0xf8, 0xff, 0x65, 0x8c, 0x00, 0x00, 0x00, 0x00,
  0xf8, 0xff, 0x45, 0xac, 0xfc, 0xff, 0x65, 0x8c, 0xf5, 0xff, 0x82, 0x14,
  0xfc, 0xff, 0x45, 0xac, 0xb0, 0xdf, 0x11, 0x04, 0x00, 0x00, 0x00, 0x00,
  0x25, 0x28, 0x20, 0x02, 0x7f, 0xe3, 0x11, 0x04, 0x25, 0x20, 0x00, 0x02,
  0x71, 0xfe, 0x40, 0x10, 0x25, 0x18, 0x40, 0x00, 0xc8, 0xfd, 0x00, 0x10,
  0x00, 0x00, 0x00, 0x00, 0xa0, 0xff, 0xbd, 0x27, 0xff, 0xff, 0x02, 0x24,
  0x48, 0x00, 0xb4, 0xaf, 0x20, 0x00, 0xa2, 0xaf, 0x28, 0x00, 0xb4, 0x27,
  0x01, 0x00, 0x02, 0x24, 0x3c, 0x00, 0xb1, 0xaf, 0x14, 0x00, 0xa2, 0xaf,
  0x25, 0x88, 0xe0, 0x00, 0x10, 0x00, 0xb4, 0xaf, 0x18, 0x00, 0xa7, 0x27,
  0x44, 0x00, 0xb3, 0xaf, 0x40, 0x00, 0xb2, 0xaf, 0x38, 0x00, 0xb0, 0xaf,
  0x5c, 0x00, 0xbf, 0xaf, 0x58, 0x00, 0xbe, 0xaf, 0x54, 0x00, 0xb7, 0xaf,
  0x50, 0x00, 0xb6, 0xaf, 0x4c, 0x00, 0xb5, 0xaf, 0x25, 0x90, 0x80, 0x00,
  0x80, 0xeb, 0x11, 0x04, 0x25, 0x98, 0xa0, 0x00, 0x72, 0x00, 0x40, 0x04,
  0x25, 0x80, 0x40, 0x00, 0xff, 0xff, 0x42, 0x24, 0x02, 0x00, 0x42, 0x2c,
  0x6e, 0x00, 0x40, 0x14, 0xfc, 0xff, 0x10, 0x24, 0x40, 0xb0, 0x13, 0x00,
  0x40, 0xb8, 0x12, 0x00, 0x21, 0x10, 0xd3, 0x02, 0x21, 0x18, 0xf2, 0x02,
  0x40, 0x1a, 0x03, 0x00, 0x28, 0x00, 0xa4, 0x8f, 0xc0, 0x11, 0x02, 0x00,
  0x21, 0x10, 0x43, 0x00, 0x18, 0x00, 0xb5, 0x8f, 0x1c, 0x00, 0xa3, 0x8f,
  0x01, 0x00, 0x1e, 0x3c, 0x90, 0xcf, 0xde, 0x27, 0x21, 0x10, 0xc2, 0x03,
  0x01, 0x00, 0x05, 0x3c, 0xc4, 0xcc, 0xa5, 0x24, 0x40, 0x00, 0x84, 0x24,
  0x64, 0x01, 0x55, 0xac, 0x70, 0x07, 0x11, 0x04, 0x68, 0x01, 0x43, 0xac,
  0x52, 0x00, 0x40, 0x10, 0x25, 0x38, 0x00, 0x00, 0x28, 0x00, 0xb0, 0x8f,
  0x01, 0x00, 0x05, 0x3c, 0xc0, 0xcc, 0xa5, 0x24, 0x69, 0x07, 0x11, 0x04,
  0x40, 0x00, 0x04, 0x26, 0x12, 0x00, 0x40, 0x14, 0x21, 0xb0, 0xd3, 0x02,
  0x21, 0xb8, 0xf2, 0x02, 0xc0, 0xb1, 0x16, 0x00, 0x40, 0xba, 0x17, 0x00,
  0x10, 0x00, 0x02, 0x8e, 0x21, 0xb0, 0xd7, 0x02, 0x21, 0xf0, 0xd6, 0x03,
  0x64, 0x01, 0xc2, 0xaf, 0x14, 0x00, 0x07, 0x8e, 0x25, 0x28, 0x60, 0x02,
  0x68, 0x01, 0xc7, 0xaf, 0x10, 0x00, 0x15, 0x8e, 0x25, 0x20, 0x40, 0x02,
  0x10, 0x00, 0xb4, 0xaf, 0x96, 0xe8, 0x11, 0x04, 0x25, 0x30, 0xa0, 0x02,
  0x41, 0x00, 0x40, 0x14, 0x25, 0x80, 0x40, 0x00, 0x01, 0x00, 0x02, 0x3c,
  0xc0, 0xcc, 0x42, 0x24, 0x00, 0x00, 0x20, 0xa2, 0x30, 0x00, 0xa2, 0xaf,
  0xff, 0xff, 0x36, 0x26, 0x2f, 0x00, 0x17, 0x24, 0x28, 0x00, 0xbe, 0x8f,
  0x30, 0x00, 0xa5, 0x8f, 0x40, 0x00, 0xde, 0x27, 0x4b, 0x07, 0x11, 0x04,
  0x25, 0x20, 0xc0, 0x03, 0x46, 0x00, 0x40, 0x10, 0x25, 0x80, 0x40, 0x00,
  0x00, 0x00, 0x22, 0x82, 0x00, 0x00, 0x00, 0x00, 0x3d, 0x00, 0x40, 0x10,
  0x20, 0x00, 0x06, 0x24, 0x47, 0x07, 0x11, 0x04, 0x25, 0x20, 0xc0, 0x03,
  0x25, 0x80, 0x40, 0x00, 0x21, 0x00, 0x42, 0x2c, 0x02, 0x00, 0x40, 0x14,
  0x00, 0x00, 0x00, 0x00, 0x20, 0x00, 0x10, 0x24, 0x40, 0x07, 0x11, 0x04,
  0x25, 0x20, 0x20, 0x02, 0x21, 0x10, 0x22, 0x02, 0x00, 0x00, 0x44, 0x80,
  0x21, 0x18, 0x50, 0x00, 0xff, 0xff, 0x42, 0x24, 0xfc, 0xff, 0xc2, 0x16,
  0x01, 0x00, 0x64, 0xa0, 0x21, 0x10, 0x30, 0x02, 0x00, 0x00, 0x57, 0xa0,
  0x25, 0x30, 0x00, 0x02, 0x25, 0x28, 0xc0, 0x03, 0x38, 0x07, 0x11, 0x04,
  0x25, 0x20, 0x20, 0x02, 0x10, 0x00, 0xb4, 0xaf, 0x25, 0x38, 0x00, 0x00,
  0x25, 0x30, 0xa0, 0x02, 0x25, 0x28, 0x60, 0x02, 0x68, 0xe8, 0x11, 0x04,
  0x25, 0x20, 0x40, 0x02, 0x13, 0x00, 0x40, 0x14, 0x25, 0x80, 0x40, 0x00,
  0x28, 0x00, 0xa2, 0x8f, 0x25, 0x28, 0x60, 0x02, 0x14, 0x00, 0x47, 0x8c,
  0x10, 0x00, 0x46, 0x8c, 0x25, 0x20, 0x40, 0x02, 0x5f, 0xe8, 0x11, 0x04,
  0x10, 0x00, 0xb4, 0xaf, 0xd0, 0xff, 0x40, 0x10, 0x25, 0x80, 0x40, 0x00,
  0x08, 0x00, 0x00, 0x10, 0x00, 0x00, 0x00, 0x00, 0x10, 0x00, 0xb4, 0xaf,
  0x25, 0x30, 0xa0, 0x02, 0x25, 0x28, 0x60, 0x02, 0x56, 0xe8, 0x11, 0x04,
  0x25, 0x20, 0x40, 0x02, 0xa9, 0xff, 0x40, 0x10, 0x25, 0x80, 0x40, 0x00,
  0x5c, 0x00, 0xbf, 0x8f, 0x58, 0x00, 0xbe, 0x8f, 0x54, 0x00, 0xb7, 0x8f,
  0x50, 0x00, 0xb6, 0x8f, 0x4c, 0x00, 0xb5, 0x8f, 0x48, 0x00, 0xb4, 0x8f,
  0x44, 0x00, 0xb3, 0x8f, 0x40, 0x00, 0xb2, 0x8f, 0x3c, 0x00, 0xb1, 0x8f,
  0x25, 0x10, 0x00, 0x02, 0x38, 0x00, 0xb0, 0x8f, 0x08, 0x00, 0xe0, 0x03,
  0x60, 0x00, 0xbd, 0x27, 0x25, 0x28, 0xc0, 0x03, 0x0e, 0x07, 0x11, 0x04,
  0x25, 0x20, 0x20, 0x02, 0xd5, 0xff, 0x00, 0x10, 0x20, 0x00, 0x20, 0xa2,
  0x06, 0x07, 0x11, 0x04, 0x25, 0x20, 0x20, 0x02, 0x21, 0x10, 0x22, 0x02,
  0xff, 0xff, 0x23, 0x26, 0x00, 0x00, 0x44, 0x90, 0xff, 0xff, 0x42, 0x24,
  0xfd, 0xff, 0x62, 0x14, 0x02, 0x00, 0x44, 0xa0, 0x2f, 0x00, 0x02, 0x24,
  0xe4, 0xff, 0x00, 0x10, 0x00, 0x00, 0x22, 0xa2, 0xb8, 0xff, 0xbd, 0x27,
  0xff, 0xff, 0xe7, 0x30, 0x38, 0x00, 0xb5, 0xaf, 0x2c, 0x00, 0xb2, 0xaf,
  0x28, 0x00, 0xb1, 0xaf, 0x24, 0x00, 0xb0, 0xaf, 0x58, 0x00, 0xb5, 0x8f,
  0x5c, 0x00, 0xb0, 0x8f, 0x44, 0x00, 0xbf, 0xaf, 0x40, 0x00, 0xb7, 0xaf,
  0x3c, 0x00, 0xb6, 0xaf, 0x34, 0x00, 0xb4, 0xaf, 0x30, 0x00, 0xb3, 0xaf,
  0x25, 0x88, 0x80, 0x00, 0x8d, 0x00, 0xe0, 0x14, 0x25, 0x90, 0xa0, 0x00,
  0x25, 0xa0, 0xc0, 0x00, 0x25, 0x28, 0x80, 0x02, 0x02, 0x00, 0x04, 0x3c,
  0x1c, 0x07, 0x84, 0x24, 0xeb, 0x06, 0x11, 0x04, 0xff, 0x03, 0x06, 0x24,
  0xff, 0xff, 0x13, 0x24, 0x02, 0x00, 0x01, 0x3c, 0x1b, 0x0b, 0x20, 0xa0,
  0x02, 0x00, 0x16, 0x3c, 0x1d, 0x07, 0xd6, 0x26, 0x2f, 0x00, 0x05, 0x24,
  0xad, 0xd4, 0x11, 0x04, 0x21, 0x20, 0xd3, 0x02, 0x03, 0x00, 0x40, 0x04,
  0x01, 0x00, 0x42, 0x24, 0xfa, 0xff, 0x00, 0x10, 0x21, 0x98, 0x62, 0x02,
  0x31, 0x00, 0x60, 0x1e, 0x00, 0x00, 0x00, 0x00, 0x2b, 0x00, 0x60, 0x16,
  0x00, 0x00, 0x00, 0x00, 0x02, 0x00, 0x01, 0x3c, 0x1d, 0x07, 0x20, 0xa0,
  0x01, 0x00, 0x02, 0x24, 0x01, 0x00, 0x73, 0x26, 0x14, 0x00, 0xa2, 0xaf,
  0x18, 0x00, 0xa2, 0x27, 0x21, 0xa0, 0x93, 0x02, 0x10, 0x00, 0xa2, 0xaf,
  0x25, 0x38, 0x00, 0x00, 0x02, 0x00, 0x06, 0x3c, 0x1c, 0x07, 0xc6, 0x24,
  0x25, 0x28, 0x40, 0x02, 0x02, 0x00, 0x01, 0x3c, 0x18, 0x07, 0x34, 0xac,
  0xba, 0xea, 0x11, 0x04, 0x25, 0x20, 0x20, 0x02, 0x0d, 0x00, 0x40, 0x1c,
  0x00, 0x00, 0x00, 0x00, 0x0c, 0x00, 0x40, 0x14, 0x00, 0x00, 0x00, 0x00,
  0x18, 0x00, 0xa4, 0x8f, 0x00, 0x00, 0x00, 0x00, 0x00, 0x00, 0x82, 0x94,
  0x00, 0x00, 0x00, 0x00, 0x20, 0x00, 0x42, 0x30, 0x19, 0x00, 0x40, 0x14,
  0x40, 0x18, 0x11, 0x00, 0xff, 0xff, 0x02, 0x24, 0x01, 0x00, 0x01, 0x3c,
  0xe4, 0xcc, 0x22, 0xac, 0xfc, 0xff, 0x02, 0x24, 0x44, 0x00, 0xbf, 0x8f,
  0x40, 0x00, 0xb7, 0x8f, 0x3c, 0x00, 0xb6, 0x8f, 0x38, 0x00, 0xb5, 0x8f,
  0x34, 0x00, 0xb4, 0x8f, 0x30, 0x00, 0xb3, 0x8f, 0x2c, 0x00, 0xb2, 0x8f,
  0x28, 0x00, 0xb1, 0x8f, 0x24, 0x00, 0xb0, 0x8f, 0x08, 0x00, 0xe0, 0x03,
  0x48, 0x00, 0xbd, 0x27, 0x02, 0x00, 0x01, 0x3c, 0x1c, 0x07, 0x20, 0xa0,
  0xd6, 0xff, 0x00, 0x10, 0x01, 0x00, 0x02, 0x24, 0x02, 0x00, 0x02, 0x3c,
  0x1c, 0x07, 0x42, 0x24, 0x21, 0x10, 0x53, 0x00, 0xd0, 0xff, 0x00, 0x10,
  0x00, 0x00, 0x40, 0xa0, 0x04, 0x00, 0x82, 0x8c, 0x02, 0x00, 0x01, 0x3c,
  0x1c, 0x0b, 0x22, 0xac, 0x40, 0x10, 0x12, 0x00, 0x21, 0x10, 0x52, 0x00,
  0x21, 0x18, 0x71, 0x00, 0x40, 0x1a, 0x03, 0x00, 0xc0, 0x11, 0x02, 0x00,
  0x21, 0x10, 0x43, 0x00, 0x01, 0x00, 0x03, 0x3c, 0x90, 0xcf, 0x63, 0x24,
  0x21, 0x10, 0x62, 0x00, 0x10, 0x00, 0x85, 0x8c, 0x3c, 0x00, 0x42, 0x8c,
  0x01, 0x00, 0x01, 0x3c, 0x30, 0x00, 0xa2, 0x14, 0xe4, 0xcc, 0x25, 0xac,
  0x14, 0x00, 0x82, 0x8c, 0x00, 0x00, 0x00, 0x00, 0x2c, 0x00, 0x40, 0x14,
  0x02, 0x00, 0x02, 0x24, 0x02, 0x00, 0x01, 0x3c, 0x20, 0x0b, 0x22, 0xac,
  0xd4, 0xff, 0xa0, 0x12, 0x25, 0x10, 0x00, 0x00, 0x25, 0xa0, 0x00, 0x00,
  0x18, 0x00, 0xb3, 0x27, 0x02, 0x00, 0x16, 0x24, 0x01, 0x00, 0x17, 0x24,
  0x02, 0x00, 0x07, 0x3c, 0x20, 0x0b, 0xe7, 0x8c, 0x02, 0x00, 0x02, 0x3c,
  0x1c, 0x0b, 0x42, 0x8c, 0x00, 0x00, 0x00, 0x00, 0x2a, 0x10, 0xe2, 0x00,
  0x90, 0x00, 0x40, 0x10, 0x25, 0x28, 0x40, 0x02, 0x01, 0x00, 0x06, 0x3c,
  0xe4, 0xcc, 0xc6, 0x8c, 0x10, 0x00, 0xb3, 0xaf, 0xb4, 0xe7, 0x11, 0x04,
  0x25, 0x20, 0x20, 0x02, 0xc1, 0xff, 0x40, 0x14, 0x00, 0x00, 0x00, 0x00,
  0x18, 0x00, 0xa4, 0x8f, 0x02, 0x00, 0x02, 0x3c, 0x20, 0x0b, 0x42, 0x8c,
  0x00, 0x00, 0x83, 0x84, 0x01, 0x00, 0x42, 0x24, 0x02, 0x00, 0x01, 0x3c,
  0x20, 0x0b, 0x22, 0xac, 0x00, 0x00, 0x82, 0x94, 0x08, 0x00, 0x61, 0x04,
  0x00, 0x20, 0x42, 0x30, 0x13, 0x00, 0x40, 0x10, 0x00, 0x00, 0x00, 0x00,
  0x01, 0x00, 0x02, 0x3c, 0xe0, 0xcc, 0x42, 0x8c, 0x00, 0x00, 0x00, 0x00,
  0x0e, 0x00, 0x40, 0x14, 0x00, 0x00, 0x00, 0x00, 0x25, 0x10, 0x80, 0x02,
  0xde, 0xff, 0x00, 0x10, 0x25, 0xa0, 0x40, 0x00, 0x02, 0x00, 0x01, 0x3c,
  0xd5, 0xff, 0x00, 0x10, 0x20, 0x0b, 0x20, 0xac, 0x01, 0x00, 0x02, 0x3c,
  0xe4, 0xcc, 0x42, 0x8c, 0x00, 0x00, 0x00, 0x00, 0xd0, 0xff, 0x41, 0x04,
  0x00, 0x00, 0x00, 0x00, 0xa3, 0xff, 0x00, 0x10, 0xfc, 0xff, 0x02, 0x24,
  0x02, 0x00, 0x05, 0x3c, 0x18, 0x07, 0xa5, 0x8c, 0x78, 0xd4, 0x11, 0x04,
  0x40, 0x00, 0x84, 0x24, 0xee, 0xff, 0x40, 0x10, 0x25, 0x30, 0x00, 0x00,
  0x40, 0x00, 0x05, 0x24, 0x4f, 0xd4, 0x11, 0x04, 0x25, 0x20, 0x00, 0x02,
  0x02, 0x00, 0x02, 0x3c, 0x20, 0x0b, 0x42, 0x8c, 0x00, 0x00, 0x00, 0x00,
  0x3f, 0x00, 0x56, 0x14, 0x25, 0x38, 0x00, 0x00, 0x01, 0x00, 0x06, 0x3c,
  0xe4, 0xcc, 0xc6, 0x8c, 0x10, 0x00, 0xb3, 0xaf, 0x25, 0x28, 0x40, 0x02,
  0x80, 0xe7, 0x11, 0x04, 0x25, 0x20, 0x20, 0x02, 0x8d, 0xff, 0x40, 0x14,
  0x25, 0x38, 0x00, 0x00, 0x18, 0x00, 0xa2, 0x8f, 0x00, 0x00, 0x00, 0x00,
  0x10, 0x00, 0x46, 0x8c, 0x25, 0x28, 0x40, 0x02, 0x10, 0x00, 0xb3, 0xaf,
  0x77, 0xe7, 0x11, 0x04, 0x25, 0x20, 0x20, 0x02, 0x84, 0xff, 0x40, 0x14,
  0x25, 0x28, 0x40, 0x02, 0x18, 0x00, 0xa2, 0x8f, 0x00, 0x00, 0x00, 0x00,
  0x14, 0x00, 0x47, 0x8c, 0x10, 0x00, 0x46, 0x8c, 0x25, 0x20, 0x20, 0x02,
  0x6e, 0xe7, 0x11, 0x04, 0x10, 0x00, 0xb3, 0xaf, 0x7b, 0xff, 0x40, 0x14,
  0x00, 0x00, 0x00, 0x00, 0x2e, 0x2e, 0x02, 0x24, 0x20, 0x00, 0x02, 0xa6,
  0x22, 0x00, 0x00, 0xa2, 0x18, 0x00, 0xa2, 0x8f, 0x00, 0x00, 0x00, 0x00,
  0x00, 0x00, 0x43, 0x94, 0x00, 0x00, 0x00, 0x00, 0x14, 0x00, 0x03, 0xa6,
  0x02, 0x00, 0x43, 0x94, 0x00, 0x00, 0x00, 0x00, 0x16, 0x00, 0x03, 0xa6,
  0x08, 0x00, 0x43, 0x8c, 0x00, 0x00, 0x00, 0x00, 0x00, 0x00, 0x03, 0xae,
  0x0c, 0x00, 0x43, 0x8c, 0x00, 0x00, 0x00, 0x00, 0x04, 0x00, 0x03, 0xae,
  0x18, 0x00, 0x43, 0x8c, 0x00, 0x00, 0x00, 0x00, 0x08, 0x00, 0x03, 0xae,
  0x1c, 0x00, 0x43, 0x8c, 0x00, 0x00, 0x00, 0x00, 0x0c, 0x00, 0x03, 0xae,
  0x00, 0x00, 0x43, 0x94, 0x00, 0x00, 0x00, 0x00, 0x20, 0x00, 0x63, 0x30,
  0x04, 0x00, 0x60, 0x14, 0x00, 0x00, 0x00, 0x00, 0x04, 0x00, 0x42, 0x8c,
  0x00, 0x00, 0x00, 0x00, 0x10, 0x00, 0x02, 0xae, 0xff, 0xff, 0xb5, 0x26,
  0x59, 0xff, 0xa0, 0x12, 0x01, 0x00, 0x82, 0x26, 0xa9, 0xff, 0x00, 0x10,
  0x40, 0x00, 0x10, 0x26, 0x16, 0x00, 0x57, 0x14, 0x20, 0x00, 0x06, 0x24,
  0x01, 0x00, 0x06, 0x3c, 0xe4, 0xcc, 0xc6, 0x8c, 0x10, 0x00, 0xb3, 0xaf,
  0x25, 0x38, 0x00, 0x00, 0x25, 0x28, 0x40, 0x02, 0x3f, 0xe7, 0x11, 0x04,
  0x25, 0x20, 0x20, 0x02, 0x4c, 0xff, 0x40, 0x14, 0x25, 0x28, 0x40, 0x02,
  0x18, 0x00, 0xa2, 0x8f, 0x00, 0x00, 0x00, 0x00, 0x14, 0x00, 0x47, 0x8c,
  0x10, 0x00, 0x46, 0x8c, 0x25, 0x20, 0x20, 0x02, 0x36, 0xe7, 0x11, 0x04,
  0x10, 0x00, 0xb3, 0xaf, 0x43, 0xff, 0x40, 0x14, 0x00, 0x00, 0x00, 0x00,
  0x2e, 0x00, 0x02, 0x24, 0xc9, 0xff, 0x00, 0x10, 0x20, 0x00, 0x02, 0xa6,
  0x18, 0x00, 0xa5, 0x8f, 0x00, 0x00, 0x00, 0x00, 0x40, 0x00, 0xa5, 0x24,
  0xf6, 0x05, 0x11, 0x04, 0x20, 0x00, 0x04, 0x26, 0xc2, 0xff, 0x00, 0x10,
  0x00, 0x00, 0x00, 0x00, 0x37, 0xff, 0x00, 0x10, 0x25, 0x10, 0x80, 0x02,
  0xb8, 0xff, 0xbd, 0x27, 0x01, 0x00, 0xe2, 0x28, 0x14, 0x00, 0xa2, 0xaf,
  0x2c, 0x00, 0xa2, 0x27, 0x38, 0x00, 0xb0, 0xaf, 0x10, 0x00, 0xa2, 0xaf,
  0x25, 0x80, 0xe0, 0x00, 0x18, 0x00, 0xa7, 0x27, 0x40, 0x00, 0xb2, 0xaf,
  0x3c, 0x00, 0xb1, 0xaf, 0x44, 0x00, 0xbf, 0xaf, 0x25, 0x88, 0x80, 0x00,
  0xd3, 0xe9, 0x11, 0x04, 0x25, 0x90, 0xa0, 0x00, 0x52, 0x00, 0x40, 0x1c,
  0x00, 0x00, 0x00, 0x00, 0x09, 0x00, 0x40, 0x14, 0x00, 0x00, 0x00, 0x00,
  0x2c, 0x00, 0xa3, 0x8f, 0x00, 0x00, 0x00, 0x00, 0x00, 0x00, 0x64, 0x94,
  0x00, 0x00, 0x65, 0x84, 0x09, 0x00, 0x00, 0x16, 0xfc, 0xff, 0x02, 0x24,
  0x1f, 0x00, 0xa0, 0x04, 0x00, 0x00, 0x00, 0x00, 0x44, 0x00, 0xbf, 0x8f,
  0x40, 0x00, 0xb2, 0x8f, 0x3c, 0x00, 0xb1, 0x8f, 0x38, 0x00, 0xb0, 0x8f,
  0x08, 0x00, 0xe0, 0x03, 0x48, 0x00, 0xbd, 0x27, 0xf9, 0xff, 0xa0, 0x04,
  0x00, 0x00, 0x00, 0x00, 0x10, 0x00, 0x62, 0x8c, 0x00, 0x00, 0x00, 0x00,
  0x05, 0x00, 0x40, 0x14, 0x00, 0x00, 0x00, 0x00, 0x14, 0x00, 0x65, 0x8c,
  0x00, 0x00, 0x00, 0x00, 0xf1, 0xff, 0xa0, 0x10, 0xfc, 0xff, 0x02, 0x24,
  0x16, 0x00, 0x00, 0x12, 0x00, 0x00, 0x00, 0x00, 0x1c, 0x00, 0xa7, 0x8f,
  0x18, 0x00, 0xa6, 0x8f, 0x10, 0x00, 0xb0, 0xaf, 0x25, 0x28, 0x40, 0x02,
  0xcf, 0xea, 0x11, 0x04, 0x25, 0x20, 0x20, 0x02, 0xe7, 0xff, 0x40, 0x14,
  0x25, 0x28, 0x40, 0x02, 0x90, 0xe1, 0x11, 0x04, 0x25, 0x20, 0x20, 0x02,
  0xe3, 0xff, 0x00, 0x10, 0x00, 0x00, 0x00, 0x00, 0x01, 0x00, 0x02, 0x3c,
  0xe0, 0xcc, 0x42, 0x8c, 0x00, 0x00, 0x00, 0x00, 0xe6, 0xff, 0x40, 0x14,
  0x02, 0x00, 0x85, 0x30, 0xe4, 0xff, 0xa0, 0x14, 0xfb, 0xff, 0x02, 0x24,
  0xda, 0xff, 0x00, 0x10, 0x00, 0x00, 0x00, 0x00, 0x20, 0x00, 0x84, 0x30,
  0xe9, 0xff, 0x80, 0x10, 0x00, 0x00, 0x00, 0x00, 0x04, 0x00, 0x62, 0x8c,
  0x00, 0x00, 0x00, 0x00, 0x03, 0x00, 0x42, 0x2c, 0xe4, 0xff, 0x40, 0x14,
  0x02, 0x00, 0x07, 0x24, 0x10, 0x00, 0x66, 0x8c, 0x28, 0x00, 0xa2, 0x27,
  0x10, 0x00, 0xa2, 0xaf, 0x25, 0x28, 0x40, 0x02, 0x25, 0x20, 0x20, 0x02,
  0xd8, 0xe6, 0x11, 0x04, 0x30, 0x00, 0xa7, 0xaf, 0xc9, 0xff, 0x40, 0x14,
  0x00, 0x00, 0x00, 0x00, 0x28, 0x00, 0xa2, 0x8f, 0x00, 0x00, 0x00, 0x00,
  0x00, 0x00, 0x42, 0x84, 0x00, 0x00, 0x00, 0x00, 0x0c, 0x00, 0x40, 0x04,
  0x00, 0x00, 0x00, 0x00, 0x2c, 0x00, 0xa3, 0x8f, 0x30, 0x00, 0xa7, 0x8f,
  0x04, 0x00, 0x62, 0x8c, 0x01, 0x00, 0xe7, 0x24, 0x2b, 0x10, 0xe2, 0x00,
  0xeb, 0xff, 0x40, 0x14, 0x00, 0x00, 0x00, 0x00, 0xcc, 0xff, 0x00, 0x10,
  0x00, 0x00, 0x00, 0x00, 0xb8, 0xff, 0x00, 0x10, 0xfc, 0xff, 0x02, 0x24,
  0xb6, 0xff, 0x00, 0x10, 0xfa, 0xff, 0x02, 0x24, 0xa8, 0xff, 0xbd, 0x27,
  0x44, 0x00, 0xb5, 0xaf, 0x40, 0x00, 0xb4, 0xaf, 0x40, 0xa8, 0x04, 0x00,
  0x40, 0xa0, 0x05, 0x00, 0x21, 0x10, 0x85, 0x02, 0x21, 0x18, 0xa4, 0x02,
  0x40, 0x1a, 0x03, 0x00, 0xc0, 0x11, 0x02, 0x00, 0x34, 0x00, 0xb1, 0xaf,
  0x21, 0x10, 0x43, 0x00, 0x01, 0x00, 0x11, 0x3c, 0x90, 0xcf, 0x31, 0x26,
  0x21, 0x10, 0x22, 0x02, 0x30, 0x00, 0x43, 0x8c, 0x5c, 0x01, 0x46, 0x8c,
  0x3c, 0x00, 0xb3, 0xaf, 0x02, 0x00, 0xc0, 0x14, 0x1b, 0x00, 0x66, 0x00,
  0x0d, 0x00, 0x07, 0x00, 0x38, 0x00, 0xb2, 0xaf, 0x30, 0x00, 0xb0, 0xaf,
  0x54, 0x00, 0xbf, 0xaf, 0x50, 0x00, 0xbe, 0xaf, 0x4c, 0x00, 0xb7, 0xaf,
  0x48, 0x00, 0xb6, 0xaf, 0x28, 0x00, 0x50, 0x84, 0x51, 0x01, 0x42, 0x90,
  0x01, 0x00, 0x13, 0x3c, 0xa0, 0xee, 0x73, 0x26, 0x02, 0x11, 0x02, 0x00,
  0x01, 0x00, 0x42, 0x30, 0x83, 0x80, 0x10, 0x00, 0x23, 0x90, 0x02, 0x00,
  0x25, 0x30, 0x60, 0x02, 0x12, 0x18, 0x00, 0x00, 0x18, 0x00, 0xa3, 0xaf,
  0x25, 0x18, 0x00, 0x00, 0x2a, 0x38, 0x70, 0x00, 0x30, 0x00, 0xe0, 0x14,
  0x00, 0x00, 0x00, 0x00, 0x01, 0x00, 0x03, 0x3c, 0x90, 0xcd, 0x63, 0x24,
  0x01, 0x00, 0x06, 0x3c, 0x90, 0xcf, 0xc6, 0x24, 0x24, 0x00, 0xa3, 0xaf,
  0x00, 0x00, 0x72, 0xac, 0x04, 0x00, 0x63, 0x24, 0xfd, 0xff, 0x66, 0x14,
  0x00, 0x00, 0x00, 0x00, 0x18, 0x00, 0xa3, 0x8f, 0x00, 0x00, 0x00, 0x00,
  0x02, 0x00, 0x63, 0x28, 0x98, 0x00, 0x60, 0x14, 0x00, 0x00, 0x00, 0x00,
  0x03, 0x00, 0x40, 0x10, 0x1c, 0x00, 0xa0, 0xaf, 0xff, 0x00, 0x02, 0x24,
  0x1c, 0x00, 0xa2, 0xaf, 0x21, 0x18, 0x85, 0x02, 0xc0, 0x19, 0x03, 0x00,
  0x21, 0x10, 0xa4, 0x02, 0x21, 0x30, 0x23, 0x02, 0x40, 0x12, 0x02, 0x00,
  0x21, 0x30, 0xc2, 0x00, 0x21, 0x18, 0x62, 0x00, 0x20, 0x00, 0xa6, 0xaf,
  0x01, 0x00, 0x16, 0x24, 0x21, 0xb8, 0x23, 0x02, 0x2c, 0x00, 0xe2, 0x96,
  0x60, 0x01, 0xe6, 0x8e, 0x18, 0x00, 0x56, 0x00, 0x12, 0xf0, 0x00, 0x00,
  0x12, 0x00, 0xc0, 0x18, 0x00, 0x00, 0x00, 0x00, 0x20, 0x00, 0xa6, 0x8f,
  0x25, 0x10, 0x00, 0x00, 0xd0, 0x00, 0xc7, 0x8c, 0x00, 0x00, 0x00, 0x00,
  0x18, 0x00, 0xe0, 0x18, 0x00, 0x00, 0x00, 0x00, 0x84, 0x00, 0xf6, 0x10,
  0x01, 0x00, 0x42, 0x24, 0x10, 0x00, 0x03, 0x24, 0xf8, 0xff, 0x43, 0x14,
  0x04, 0x00, 0xc6, 0x24, 0x07, 0x00, 0x00, 0x10, 0x10, 0x00, 0x02, 0x24,
  0x00, 0x00, 0xd2, 0xac, 0x01, 0x00, 0x63, 0x24, 0xcb, 0xff, 0x00, 0x10,
  0x04, 0x00, 0xc6, 0x24, 0x17, 0x00, 0x40, 0x14, 0xff, 0xff, 0x02, 0x24,
  0x51, 0x01, 0xe6, 0x92, 0x00, 0x00, 0x00, 0x00, 0x01, 0x00, 0xc6, 0x30,
  0x04, 0x00, 0xc0, 0x10, 0x10, 0x00, 0x03, 0x24, 0xff, 0xff, 0x06, 0x24,
  0x03, 0x00, 0x46, 0x10, 0x00, 0x00, 0x00, 0x00, 0x70, 0x00, 0x43, 0x14,
  0x25, 0x30, 0x60, 0x02, 0x10, 0x00, 0xa0, 0xaf, 0x25, 0x38, 0x00, 0x00,
  0x25, 0x30, 0xc0, 0x02, 0x5c, 0x00, 0xa5, 0xaf, 0x73, 0xf5, 0x11, 0x04,
  0x58, 0x00, 0xa4, 0xaf, 0x58, 0x00, 0xa4, 0x8f, 0x5c, 0x00, 0xa5, 0x8f,
  0x59, 0x00, 0x40, 0x10, 0xd5, 0xff, 0x02, 0x24, 0x67, 0x00, 0x00, 0x10,
  0x00, 0x00, 0x00, 0x00, 0x25, 0x50, 0x00, 0x00, 0x25, 0x48, 0x00, 0x00,
  0x21, 0x30, 0xc9, 0x03, 0x01, 0x00, 0x07, 0x3c, 0xa0, 0xee, 0xe7, 0x24,
  0x5c, 0x00, 0xa5, 0xaf, 0x58, 0x00, 0xa4, 0xaf, 0x2c, 0x00, 0xaa, 0xaf,
  0x5f, 0xd4, 0x11, 0x04, 0x28, 0x00, 0xa9, 0xaf, 0xfe, 0xff, 0x06, 0x24,
  0x58, 0x00, 0xa4, 0x8f, 0x5c, 0x00, 0xa5, 0x8f, 0xdc, 0xff, 0x46, 0x10,
  0x00, 0x00, 0x00, 0x00, 0x55, 0x00, 0x40, 0x14, 0x00, 0x00, 0x00, 0x00,
  0x51, 0x01, 0xe6, 0x92, 0x28, 0x00, 0xa9, 0x8f, 0x01, 0x00, 0xc6, 0x30,
  0x2c, 0x00, 0xaa, 0x8f, 0x06, 0x00, 0xc0, 0x14, 0x00, 0x00, 0x00, 0x00,
  0x28, 0x00, 0xe7, 0x86, 0x00, 0x00, 0x00, 0x00, 0x2a, 0x30, 0x47, 0x00,
  0x08, 0x00, 0xc0, 0x14, 0x21, 0x30, 0x62, 0x02, 0x2c, 0x00, 0xe2, 0x96,
  0x01, 0x00, 0x29, 0x25, 0x2a, 0x10, 0x22, 0x01, 0xe3, 0xff, 0x40, 0x14,
  0x21, 0x30, 0xc9, 0x03, 0xc8, 0xff, 0x00, 0x10, 0xff, 0xff, 0x02, 0x24,
  0x00, 0x00, 0xc6, 0x90, 0x1c, 0x00, 0xa3, 0x8f, 0x00, 0x00, 0x00, 0x00,
  0x02, 0x00, 0xc3, 0x10, 0x00, 0x00, 0x00, 0x00, 0x01, 0x00, 0x4a, 0x25,
  0x5c, 0x01, 0xe6, 0x8e, 0x00, 0x00, 0x00, 0x00, 0x80, 0x31, 0x06, 0x00,
  0x2b, 0x30, 0x46, 0x01, 0xb4, 0xff, 0xc0, 0x10, 0x00, 0x00, 0x00, 0x00,
  0xe9, 0xff, 0x00, 0x10, 0x01, 0x00, 0x42, 0x24, 0x00, 0x00, 0xd2, 0xac,
  0x01, 0x00, 0x42, 0x24, 0x04, 0x00, 0xc6, 0x24, 0x2a, 0x38, 0x50, 0x00,
  0xfb, 0xff, 0xe0, 0x14, 0x00, 0x00, 0x00, 0x00, 0x2c, 0x00, 0xe2, 0x96,
  0x00, 0x00, 0x00, 0x00, 0x1c, 0x00, 0x40, 0x10, 0x21, 0x10, 0xa4, 0x02,
  0x21, 0x48, 0x85, 0x02, 0xc0, 0x49, 0x09, 0x00, 0x40, 0x12, 0x02, 0x00,
  0x25, 0x50, 0x00, 0x00, 0x21, 0x48, 0x22, 0x01, 0x24, 0x00, 0xa2, 0x8f,
  0x01, 0x00, 0x07, 0x3c, 0xa0, 0xee, 0xe7, 0x24, 0x10, 0x00, 0xa2, 0xaf,
  0x21, 0x30, 0x5e, 0x01, 0x2c, 0x00, 0xa9, 0xaf, 0x28, 0x00, 0xaa, 0xaf,
  0x5c, 0x00, 0xa5, 0xaf, 0x8c, 0xf5, 0x11, 0x04, 0x58, 0x00, 0xa4, 0xaf,
  0x27, 0x00, 0x40, 0x14, 0x00, 0x00, 0x00, 0x00, 0x2c, 0x00, 0xa9, 0x8f,
  0x28, 0x00, 0xaa, 0x8f, 0x21, 0x10, 0x29, 0x02, 0x2c, 0x00, 0x42, 0x94,
  0x01, 0x00, 0x4a, 0x25, 0x2a, 0x10, 0x42, 0x01, 0x58, 0x00, 0xa4, 0x8f,
  0x5c, 0x00, 0xa5, 0x8f, 0xeb, 0xff, 0x40, 0x14, 0x00, 0x00, 0x00, 0x00,
  0x18, 0x00, 0xa2, 0x8f, 0x01, 0x00, 0xd6, 0x26, 0x78, 0xff, 0x56, 0x14,
  0x00, 0x00, 0x00, 0x00, 0x10, 0x00, 0xa0, 0xaf, 0x25, 0x38, 0x00, 0x00,
  0x0f, 0xf5, 0x11, 0x04, 0x25, 0x30, 0x00, 0x00, 0x07, 0x00, 0x40, 0x10,
  0x00, 0x00, 0x00, 0x00, 0x05, 0x00, 0x00, 0x10, 0xd3, 0xff, 0x02, 0x24,
  0x25, 0x30, 0x60, 0x02, 0xd0, 0xff, 0x00, 0x10, 0x25, 0x10, 0x00, 0x00,
  0xd6, 0xff, 0x02, 0x24, 0x54, 0x00, 0xbf, 0x8f, 0x50, 0x00, 0xbe, 0x8f,
  0x4c, 0x00, 0xb7, 0x8f, 0x48, 0x00, 0xb6, 0x8f, 0x44, 0x00, 0xb5, 0x8f,
  0x40, 0x00, 0xb4, 0x8f, 0x3c, 0x00, 0xb3, 0x8f, 0x38, 0x00, 0xb2, 0x8f,
  0x34, 0x00, 0xb1, 0x8f, 0x30, 0x00, 0xb0, 0x8f, 0x08, 0x00, 0xe0, 0x03,
  0x58, 0x00, 0xbd, 0x27, 0xf3, 0xff, 0x00, 0x10, 0xd4, 0xff, 0x02, 0x24,
  0x00, 0x00, 0x00, 0x00, 0x00, 0x00, 0x00, 0x00, 0x00, 0x00, 0x00, 0x00,
  0xc0, 0xff, 0xbd, 0x27, 0x1c, 0x00, 0xb1, 0xaf, 0x18, 0x00, 0xb0, 0xaf,
  0x25, 0x88, 0xa0, 0x00, 0x25, 0x80, 0x80, 0x00, 0x28, 0x00, 0xb4, 0xaf,
  0x20, 0x00, 0xb2, 0xaf, 0x40, 0xa0, 0x10, 0x00, 0x40, 0x90, 0x11, 0x00,
  0x38, 0x00, 0xbe, 0xaf, 0x34, 0x00, 0xb7, 0xaf, 0x30, 0x00, 0xb6, 0xaf,
  0x24, 0x00, 0xb3, 0xaf, 0x3c, 0x00, 0xbf, 0xaf, 0x04, 0xd3, 0x11, 0x04,
  0x2c, 0x00, 0xb5, 0xaf, 0x21, 0x10, 0x51, 0x02, 0x21, 0x18, 0x90, 0x02,
  0x40, 0x1a, 0x03, 0x00, 0xc0, 0x11, 0x02, 0x00, 0x21, 0x10, 0x43, 0x00,
  0x01, 0x00, 0x13, 0x3c, 0x90, 0xcf, 0x73, 0x26, 0x21, 0x10, 0x62, 0x02,
  0xff, 0xff, 0x03, 0x24, 0x60, 0x01, 0x43, 0xac, 0x25, 0xb0, 0x00, 0x00,
  0x01, 0x00, 0x1e, 0x24, 0x38, 0x00, 0x17, 0x24, 0x25, 0x30, 0xc0, 0x02,
  0x25, 0x28, 0x20, 0x02, 0x10, 0xd8, 0x11, 0x04, 0x25, 0x20, 0x00, 0x02,
  0x68, 0x00, 0x40, 0x10, 0x25, 0xa8, 0x40, 0x00, 0x68, 0x00, 0x5e, 0x14,
  0x01, 0x00, 0xd6, 0x26, 0xf8, 0xff, 0xd7, 0x16, 0x25, 0x30, 0xc0, 0x02,
  0x7a, 0x00, 0x06, 0x24, 0x01, 0x00, 0x04, 0x3c, 0x26, 0xee, 0x84, 0x24,
  0x6a, 0x04, 0x11, 0x04, 0x25, 0x28, 0x00, 0x00, 0x01, 0x00, 0x02, 0x3c,
  0x20, 0xee, 0x42, 0x24, 0x10, 0x00, 0xa2, 0xaf, 0xa0, 0x00, 0x02, 0x24,
  0x01, 0x00, 0x01, 0x3c, 0x20, 0xee, 0x22, 0xac, 0xff, 0xff, 0x02, 0x24,
  0x01, 0x00, 0x04, 0x3c, 0x20, 0xee, 0x84, 0x24, 0x01, 0x00, 0x01, 0x3c,
  0x24, 0xee, 0x22, 0xa4, 0x6c, 0xd2, 0x11, 0x04, 0x7f, 0x00, 0x05, 0x24,
  0x01, 0x00, 0x01, 0x3c, 0x9f, 0xee, 0x22, 0xa0, 0x0f, 0x00, 0x16, 0x24,
  0x10, 0x00, 0xa7, 0x8f, 0x25, 0x30, 0xa0, 0x02, 0x25, 0x28, 0x20, 0x02,
  0xc0, 0xf5, 0x11, 0x04, 0x25, 0x20, 0x00, 0x02, 0x4c, 0x00, 0x40, 0x14,
  0x01, 0x00, 0xb5, 0x26, 0xf8, 0xff, 0xb6, 0x16, 0x7c, 0x00, 0x06, 0x24,
  0x25, 0x28, 0x00, 0x00, 0x01, 0x00, 0x04, 0x3c, 0x24, 0xee, 0x84, 0x24,
  0x4c, 0x04, 0x11, 0x04, 0x21, 0xa8, 0x51, 0x02, 0xc0, 0xa9, 0x15, 0x00,
  0x21, 0x10, 0x90, 0x02, 0x40, 0x12, 0x02, 0x00, 0x21, 0xa8, 0x75, 0x02,
  0x21, 0xa8, 0xa2, 0x02, 0x01, 0x00, 0x02, 0x3c, 0x20, 0xee, 0x42, 0x24,
  0x10, 0x00, 0x16, 0x24, 0x14, 0x00, 0xa2, 0xaf, 0x24, 0x00, 0x17, 0x24,
  0x10, 0x00, 0xa3, 0x8f, 0xd0, 0x00, 0xa2, 0x8e, 0x14, 0x00, 0xa4, 0x8f,
  0x7f, 0x00, 0x05, 0x24, 0x4b, 0xd2, 0x11, 0x04, 0x00, 0x00, 0x62, 0xac,
  0x10, 0x00, 0xa3, 0x8f, 0x14, 0x00, 0xa7, 0x8f, 0x25, 0x30, 0xc0, 0x02,
  0x25, 0x28, 0x20, 0x02, 0x25, 0x20, 0x00, 0x02, 0xa0, 0xf5, 0x11, 0x04,
  0x7f, 0x00, 0x62, 0xa0, 0x2e, 0x00, 0x40, 0x14, 0x01, 0x00, 0xd6, 0x26,
  0xf0, 0xff, 0xd7, 0x16, 0x04, 0x00, 0xb5, 0x26, 0x25, 0x30, 0x00, 0x00,
  0x01, 0x00, 0x04, 0x3c, 0x20, 0xee, 0x84, 0x24, 0x32, 0xd2, 0x11, 0x04,
  0x80, 0x00, 0x05, 0x24, 0x10, 0x00, 0xa3, 0x8f, 0x4d, 0x43, 0x02, 0x24,
  0x00, 0x00, 0x62, 0xa4, 0x01, 0x00, 0x07, 0x3c, 0x20, 0xee, 0xe7, 0x24,
  0x0e, 0x00, 0x02, 0x24, 0x25, 0x30, 0x00, 0x00, 0x25, 0x28, 0x20, 0x02,
  0x25, 0x20, 0x00, 0x02, 0x8c, 0xf5, 0x11, 0x04, 0x7f, 0x00, 0x62, 0xa0,
  0x1c, 0x00, 0x40, 0x14, 0x21, 0x90, 0x51, 0x02, 0x21, 0xa0, 0x90, 0x02,
  0xc0, 0x91, 0x12, 0x00, 0x40, 0xa2, 0x14, 0x00, 0x21, 0x90, 0x54, 0x02,
  0x21, 0x98, 0x72, 0x02, 0x01, 0x00, 0x03, 0x24, 0x60, 0x01, 0x63, 0xae,
  0x3c, 0x00, 0xbf, 0x8f, 0x38, 0x00, 0xbe, 0x8f, 0x34, 0x00, 0xb7, 0x8f,
  0x30, 0x00, 0xb6, 0x8f, 0x2c, 0x00, 0xb5, 0x8f, 0x28, 0x00, 0xb4, 0x8f,
  0x24, 0x00, 0xb3, 0x8f, 0x20, 0x00, 0xb2, 0x8f, 0x1c, 0x00, 0xb1, 0x8f,
  0x18, 0x00, 0xb0, 0x8f, 0x08, 0x00, 0xe0, 0x03, 0x40, 0x00, 0xbd, 0x27,
  0xf3, 0xff, 0x00, 0x10, 0xfe, 0xff, 0x02, 0x24, 0xf1, 0xff, 0x00, 0x10,
  0xd7, 0xff, 0x02, 0x24, 0xef, 0xff, 0x00, 0x10, 0xd6, 0xff, 0x02, 0x24,
  0xed, 0xff, 0x00, 0x10, 0xd5, 0xff, 0x02, 0x24, 0xeb, 0xff, 0x00, 0x10,
  0xd4, 0xff, 0x02, 0x24, 0xb0, 0xff, 0xbd, 0x27, 0x00, 0x02, 0xe2, 0x30,
  0x3c, 0x00, 0xb5, 0xaf, 0x38, 0x00, 0xb4, 0xaf, 0x34, 0x00, 0xb3, 0xaf,
  0x30, 0x00, 0xb2, 0xaf, 0x4c, 0x00, 0xbf, 0xaf, 0x48, 0x00, 0xbe, 0xaf,
  0x44, 0x00, 0xb7, 0xaf, 0x40, 0x00, 0xb6, 0xaf, 0x2c, 0x00, 0xb1, 0xaf,
  0x28, 0x00, 0xb0, 0xaf, 0x25, 0x98, 0x80, 0x00, 0x25, 0xa0, 0xa0, 0x00,
  0x25, 0xa8, 0xc0, 0x00, 0x02, 0x00, 0x40, 0x10, 0x25, 0x90, 0xe0, 0x00,
  0x02, 0x00, 0xf2, 0x34, 0x01, 0x00, 0x10, 0x3c, 0x90, 0xe7, 0x10, 0x26,
  0x00, 0x00, 0x02, 0x92, 0x00, 0x00, 0x00, 0x00, 0x0c, 0x00, 0x40, 0x10,
  0x25, 0xb0, 0x00, 0x00, 0x30, 0x00, 0x02, 0x92, 0x00, 0x00, 0x00, 0x00,
  0x25, 0x00, 0x40, 0x10, 0x00, 0x00, 0x00, 0x00, 0x60, 0x00, 0x03, 0x92,
  0x00, 0x00, 0x00, 0x00, 0x4a, 0x00, 0x60, 0x14, 0xf9, 0xff, 0x02, 0x24,
  0x01, 0x00, 0x10, 0x3c, 0xf0, 0xe7, 0x10, 0x26, 0x02, 0x00, 0x16, 0x24,
  0x25, 0x30, 0x00, 0x00, 0x30, 0x00, 0x05, 0x24, 0xe1, 0xd1, 0x11, 0x04,
  0x25, 0x20, 0x00, 0x02, 0x06, 0x00, 0x13, 0xa6, 0x08, 0x00, 0x14, 0xa6,
  0x00, 0x00, 0xa3, 0x82, 0x2f, 0x00, 0x02, 0x24, 0x02, 0x00, 0x62, 0x14,
  0x00, 0x00, 0x00, 0x00, 0x01, 0x00, 0xb5, 0x26, 0x00, 0x00, 0xa2, 0x82,
  0x00, 0x00, 0x00, 0x00, 0x07, 0x00, 0x40, 0x10, 0x2e, 0x00, 0x03, 0x24,
  0x11, 0x00, 0x43, 0x14, 0x01, 0x00, 0x11, 0x24, 0x01, 0x00, 0xa2, 0x82,
  0x00, 0x00, 0x00, 0x00, 0x0e, 0x00, 0x40, 0x14, 0x25, 0x30, 0xa0, 0x02,
  0x0f, 0x00, 0x02, 0x24, 0x10, 0x00, 0x02, 0xae, 0x01, 0x00, 0x02, 0x24,
  0x04, 0x00, 0x02, 0xa2, 0x01, 0x00, 0x02, 0x24, 0x00, 0x00, 0x02, 0xa2,
  0x2a, 0x00, 0x00, 0x10, 0x25, 0x10, 0xc0, 0x02, 0x01, 0x00, 0x10, 0x3c,
  0xc0, 0xe7, 0x10, 0x26, 0xe0, 0xff, 0x00, 0x10, 0x01, 0x00, 0x16, 0x24,
  0x25, 0x30, 0xa0, 0x02, 0x25, 0x20, 0x60, 0x02, 0x10, 0x00, 0xb1, 0xaf,
  0x18, 0x00, 0xa7, 0x27, 0x5a, 0xea, 0x11, 0x04, 0x25, 0x28, 0x80, 0x02,
  0x25, 0x30, 0x40, 0x00, 0x18, 0x00, 0xa2, 0x8f, 0xa0, 0x00, 0x04, 0x24,
  0x00, 0x00, 0x43, 0x8c, 0x00, 0x00, 0x00, 0x00, 0xf0, 0x00, 0x63, 0x30,
  0x06, 0x00, 0x64, 0x14, 0x00, 0x00, 0x00, 0x00, 0xfc, 0xff, 0x02, 0x24,
  0x14, 0x00, 0x02, 0xae, 0xfc, 0xff, 0x06, 0x24, 0x09, 0x00, 0x00, 0x10,
  0x25, 0x10, 0x00, 0x00, 0xfd, 0xff, 0xc0, 0x04, 0x14, 0x00, 0x06, 0xae,
  0x7d, 0x00, 0x43, 0x90, 0x00, 0x00, 0x00, 0x00, 0x19, 0x00, 0x71, 0x14,
  0x00, 0x00, 0x00, 0x00, 0x38, 0x00, 0x42, 0x8c, 0x00, 0x00, 0x00, 0x00,
  0x10, 0x00, 0x02, 0xae, 0x01, 0x00, 0x42, 0x32, 0x02, 0x00, 0x02, 0xa2,
  0x02, 0x00, 0x43, 0x32, 0x00, 0x02, 0x42, 0x32, 0x01, 0x00, 0x03, 0xa2,
  0x12, 0x00, 0x40, 0x14, 0x03, 0x00, 0x00, 0xa2, 0xd4, 0xff, 0xc1, 0x04,
  0xfc, 0xff, 0x02, 0x24, 0x4c, 0x00, 0xbf, 0x8f, 0x48, 0x00, 0xbe, 0x8f,
  0x44, 0x00, 0xb7, 0x8f, 0x40, 0x00, 0xb6, 0x8f, 0x3c, 0x00, 0xb5, 0x8f,
  0x38, 0x00, 0xb4, 0x8f, 0x34, 0x00, 0xb3, 0x8f, 0x30, 0x00, 0xb2, 0x8f,
  0x2c, 0x00, 0xb1, 0x8f, 0x28, 0x00, 0xb0, 0x8f, 0x08, 0x00, 0xe0, 0x03,
  0x50, 0x00, 0xbd, 0x27, 0x04, 0x00, 0x42, 0x8c, 0xe9, 0xff, 0x00, 0x10,
  0x10, 0x00, 0x02, 0xae, 0x01, 0x00, 0x02, 0x3c, 0x90, 0xe7, 0x42, 0x24,
  0x01, 0x00, 0x04, 0x3c, 0x20, 0xe8, 0x84, 0x24, 0x00, 0x00, 0x45, 0x90,
  0x00, 0x00, 0x00, 0x00, 0x0f, 0x00, 0xa0, 0x10, 0x00, 0x00, 0x00, 0x00,
  0x06, 0x00, 0x45, 0x94, 0x00, 0x00, 0x00, 0x00, 0x0b, 0x00, 0xb3, 0x14,
  0x00, 0x00, 0x00, 0x00, 0x08, 0x00, 0x45, 0x94, 0x00, 0x00, 0x00, 0x00,
  0x07, 0x00, 0xb4, 0x14, 0x00, 0x00, 0x00, 0x00, 0x14, 0x00, 0x45, 0x8c,
  0x00, 0x00, 0x00, 0x00, 0x03, 0x00, 0xa6, 0x14, 0x00, 0x00, 0x00, 0x00,
  0x6d, 0x00, 0x60, 0x14, 0x00, 0x00, 0x00, 0x00, 0x30, 0x00, 0x42, 0x24,
  0xec, 0xff, 0x82, 0x14, 0x00, 0x00, 0x00, 0x00, 0x61, 0x00, 0xc1, 0x04,
  0x25, 0x38, 0x00, 0x00, 0xff, 0xff, 0x11, 0x24, 0x25, 0x30, 0x00, 0x00,
  0xa0, 0x00, 0x17, 0x24, 0x01, 0x00, 0x1e, 0x24, 0x18, 0x00, 0xa7, 0x27,
  0x25, 0x28, 0x80, 0x02, 0x25, 0x20, 0x60, 0x02, 0xd3, 0xe9, 0x11, 0x04,
  0x20, 0x00, 0xa6, 0xaf, 0xcc, 0xff, 0x40, 0x14, 0x00, 0x00, 0x00, 0x00,
  0x18, 0x00, 0xa4, 0x8f, 0x20, 0x00, 0xa6, 0x8f, 0x00, 0x00, 0x82, 0x8c,
  0x00, 0x00, 0x00, 0x00, 0xf0, 0x00, 0x43, 0x30, 0x19, 0x00, 0x77, 0x14,
  0x01, 0x00, 0xc7, 0x24, 0xff, 0xff, 0x03, 0x24, 0x02, 0x00, 0x23, 0x16,
  0x00, 0x00, 0x00, 0x00, 0x25, 0x88, 0xc0, 0x00, 0x13, 0x00, 0x57, 0x10,
  0x25, 0x30, 0x00, 0x00, 0x80, 0x00, 0x05, 0x24, 0x5a, 0xd1, 0x11, 0x04,
  0x20, 0x00, 0xa7, 0xaf, 0x18, 0x00, 0xa4, 0x8f, 0xff, 0xff, 0x02, 0x24,
  0x00, 0x00, 0x97, 0xac, 0x08, 0x00, 0x82, 0xa4, 0x5d, 0xd1, 0x11, 0x04,
  0x7f, 0x00, 0x05, 0x24, 0x18, 0x00, 0xa3, 0x8f, 0x5f, 0xdb, 0x11, 0x04,
  0x7f, 0x00, 0x62, 0xa0, 0x20, 0x00, 0xa7, 0x8f, 0x0a, 0x00, 0x44, 0x90,
  0x07, 0x00, 0xe3, 0x30, 0x04, 0x18, 0x7e, 0x00, 0x25, 0x18, 0x64, 0x00,
  0x0a, 0x00, 0x43, 0xa0, 0x0f, 0x00, 0x02, 0x24, 0xd8, 0xff, 0xe2, 0x14,
  0x25, 0x30, 0xe0, 0x00, 0x25, 0x28, 0x80, 0x02, 0x1f, 0xdf, 0x11, 0x04,
  0x25, 0x20, 0x60, 0x02, 0xa5, 0xff, 0x40, 0x14, 0xff, 0xff, 0x17, 0x24,
  0xa3, 0xff, 0x37, 0x12, 0xfd, 0xff, 0x02, 0x24, 0x18, 0x00, 0xa7, 0x27,
  0x25, 0x30, 0x20, 0x02, 0x25, 0x28, 0x80, 0x02, 0xa3, 0xe9, 0x11, 0x04,
  0x25, 0x20, 0x60, 0x02, 0x9c, 0xff, 0x40, 0x14, 0x25, 0x30, 0x00, 0x00,
  0x18, 0x00, 0xa4, 0x8f, 0x37, 0xd1, 0x11, 0x04, 0x80, 0x00, 0x05, 0x24,
  0x18, 0x00, 0xbe, 0x8f, 0x51, 0x00, 0x02, 0x24, 0x00, 0x00, 0xc2, 0xaf,
  0x04, 0x00, 0xc0, 0xaf, 0x08, 0x00, 0xd7, 0xa7, 0x14, 0x00, 0x06, 0x24,
  0x25, 0x28, 0xa0, 0x02, 0x0a, 0x00, 0xc4, 0x27, 0x33, 0x03, 0x11, 0x04,
  0x00, 0x08, 0x52, 0x32, 0x03, 0x00, 0x40, 0x12, 0x7f, 0x00, 0x05, 0x24,
  0x01, 0x00, 0x02, 0x24, 0x7e, 0x00, 0xc2, 0xa3, 0x30, 0xd1, 0x11, 0x04,
  0x25, 0x20, 0xc0, 0x03, 0x18, 0x00, 0xa3, 0x8f, 0x01, 0x00, 0x12, 0x24,
  0x7f, 0x00, 0x62, 0xa0, 0x30, 0xdb, 0x11, 0x04, 0x14, 0x00, 0x11, 0xae,
  0x01, 0x00, 0x31, 0x26, 0x0a, 0x00, 0x43, 0x90, 0x07, 0x00, 0x31, 0x32,
  0x04, 0x88, 0x32, 0x02, 0x25, 0x88, 0x23, 0x02, 0x0a, 0x00, 0x51, 0xa0,
  0x25, 0x28, 0x80, 0x02, 0xf3, 0xde, 0x11, 0x04, 0x25, 0x20, 0x60, 0x02,
  0x79, 0xff, 0x40, 0x14, 0x00, 0x00, 0x00, 0x00, 0x4a, 0xff, 0x00, 0x10,
  0x05, 0x00, 0x12, 0xa2, 0x25, 0x28, 0x80, 0x02, 0xe6, 0xe9, 0x11, 0x04,
  0x25, 0x20, 0x60, 0x02, 0x9d, 0xff, 0x40, 0x10, 0xff, 0xff, 0x11, 0x24,
  0x70, 0xff, 0x00, 0x10, 0x00, 0x00, 0x00, 0x00, 0x6e, 0xff, 0x00, 0x10,
  0xfb, 0xff, 0x02, 0x24, 0xc0, 0xff, 0xbd, 0x27, 0x40, 0x18, 0x04, 0x00,
  0x20, 0x00, 0xb1, 0xaf, 0x25, 0x88, 0x80, 0x00, 0x21, 0x20, 0x64, 0x00,
  0x34, 0x00, 0xb6, 0xaf, 0x00, 0x21, 0x04, 0x00, 0x01, 0x00, 0x16, 0x3c,
  0x90, 0xe7, 0xd6, 0x26, 0x21, 0x20, 0xc4, 0x02, 0x1c, 0x00, 0xb0, 0xaf,
  0x0c, 0x00, 0x90, 0x8c, 0x10, 0x00, 0x84, 0x8c, 0x28, 0x00, 0xb3, 0xaf,
  0x25, 0x98, 0xa0, 0x00, 0x2b, 0x28, 0x04, 0x02, 0x3c, 0x00, 0xbf, 0xaf,
  0x38, 0x00, 0xb7, 0xaf, 0x30, 0x00, 0xb5, 0xaf, 0x2c, 0x00, 0xb4, 0xaf,
  0x24, 0x00, 0xb2, 0xaf, 0x30, 0x00, 0xa0, 0x10, 0x25, 0x10, 0x00, 0x00,
  0x23, 0x20, 0x90, 0x00, 0x2b, 0x28, 0xc4, 0x00, 0x2a, 0x00, 0xa0, 0x14,
  0x25, 0x10, 0xc0, 0x00, 0x25, 0x10, 0x80, 0x00, 0x21, 0x18, 0x71, 0x00,
  0x00, 0x19, 0x03, 0x00, 0x25, 0xb8, 0x40, 0x00, 0x25, 0x90, 0x00, 0x00,
  0x21, 0xb0, 0xc3, 0x02, 0x00, 0xfc, 0x14, 0x24, 0x02, 0x00, 0x01, 0x06,
  0x25, 0xa8, 0x00, 0x02, 0xff, 0x03, 0x15, 0x26, 0x96, 0xea, 0x11, 0x04,
  0x25, 0x20, 0x20, 0x02, 0x1e, 0x00, 0x40, 0x04, 0x10, 0x00, 0xa7, 0x27,
  0x08, 0x00, 0xc5, 0x96, 0x06, 0x00, 0xc4, 0x96, 0xf5, 0xe8, 0x11, 0x04,
  0x25, 0x30, 0x40, 0x00, 0x18, 0x00, 0x40, 0x14, 0x24, 0xa8, 0xb4, 0x02,
  0x23, 0xa8, 0x15, 0x02, 0x00, 0x04, 0x10, 0x24, 0x23, 0x80, 0x15, 0x02,
  0x2a, 0x10, 0xf0, 0x02, 0x02, 0x00, 0x40, 0x10, 0x00, 0x00, 0x00, 0x00,
  0x25, 0x80, 0xe0, 0x02, 0x10, 0x00, 0xa2, 0x8f, 0x25, 0x30, 0x00, 0x02,
  0x04, 0x00, 0x45, 0x8c, 0x21, 0x20, 0x72, 0x02, 0xc8, 0x02, 0x11, 0x04,
  0x21, 0x28, 0xb5, 0x00, 0x0c, 0x00, 0xc3, 0x8e, 0x21, 0x10, 0x50, 0x02,
  0x23, 0xb8, 0xf0, 0x02, 0x21, 0x80, 0x03, 0x02, 0x05, 0x00, 0xe0, 0x12,
  0x0c, 0x00, 0xd0, 0xae, 0xdf, 0xff, 0x00, 0x10, 0x25, 0x90, 0x40, 0x00,
  0xd7, 0xff, 0xc0, 0x14, 0x00, 0x00, 0x00, 0x00, 0x3c, 0x00, 0xbf, 0x8f,
  0x38, 0x00, 0xb7, 0x8f, 0x34, 0x00, 0xb6, 0x8f, 0x30, 0x00, 0xb5, 0x8f,
  0x2c, 0x00, 0xb4, 0x8f, 0x28, 0x00, 0xb3, 0x8f, 0x24, 0x00, 0xb2, 0x8f,
  0x20, 0x00, 0xb1, 0x8f, 0x1c, 0x00, 0xb0, 0x8f, 0x08, 0x00, 0xe0, 0x03,
  0x40, 0x00, 0xbd, 0x27, 0xc8, 0xff, 0xbd, 0x27, 0x28, 0x00, 0xb3, 0xaf,
  0x40, 0x98, 0x04, 0x00, 0x20, 0x00, 0xb1, 0xaf, 0x21, 0x88, 0x64, 0x02,
  0x24, 0x00, 0xb2, 0xaf, 0x00, 0x89, 0x11, 0x00, 0x01, 0x00, 0x12, 0x3c,
  0x90, 0xe7, 0x52, 0x26, 0x21, 0x88, 0x51, 0x02, 0x0c, 0x00, 0x26, 0x8e,
  0x10, 0x00, 0x22, 0x8e, 0x30, 0x00, 0xb5, 0xaf, 0x2b, 0x10, 0xc2, 0x00,
  0x2c, 0x00, 0xb4, 0xaf, 0x1c, 0x00, 0xb0, 0xaf, 0x34, 0x00, 0xbf, 0xaf,
  0x25, 0xa0, 0x80, 0x00, 0x25, 0x80, 0xa0, 0x00, 0x38, 0x00, 0x40, 0x14,
  0x51, 0x00, 0x15, 0x24, 0x21, 0x98, 0x74, 0x02, 0x00, 0x99, 0x13, 0x00,
  0x21, 0x18, 0x53, 0x02, 0x0c, 0x00, 0x64, 0x8c, 0x10, 0x00, 0x65, 0x8c,
  0x00, 0x00, 0x00, 0x00, 0x2b, 0x28, 0x85, 0x00, 0x26, 0x00, 0xa0, 0x10,
  0x25, 0x10, 0x00, 0x00, 0x01, 0x00, 0x84, 0x24, 0x0c, 0x00, 0x64, 0xac,
  0x25, 0x30, 0x00, 0x00, 0x2c, 0x01, 0x05, 0x24, 0x97, 0xd0, 0x11, 0x04,
  0x25, 0x20, 0x00, 0x02, 0x10, 0x00, 0xb1, 0x8f, 0x28, 0x00, 0x04, 0x26,
  0x14, 0x00, 0x06, 0x24, 0x98, 0x02, 0x11, 0x04, 0x0a, 0x00, 0x25, 0x26,
  0x1f, 0x10, 0x02, 0x24, 0x3c, 0x00, 0x00, 0xa2, 0x00, 0x00, 0x02, 0xae,
  0x7e, 0x00, 0x24, 0x92, 0x01, 0x00, 0x03, 0x24, 0x02, 0x00, 0x83, 0x14,
  0x1f, 0x18, 0x02, 0x24, 0x00, 0x00, 0x02, 0xae, 0x7d, 0x00, 0x23, 0x92,
  0x01, 0x00, 0x02, 0x24, 0x2c, 0x00, 0x62, 0x14, 0x08, 0x00, 0x06, 0x24,
  0x20, 0x00, 0x25, 0x26, 0x7b, 0x02, 0x11, 0x04, 0x0c, 0x00, 0x04, 0x26,
  0x08, 0x00, 0x06, 0x24, 0x30, 0x00, 0x25, 0x26, 0x77, 0x02, 0x11, 0x04,
  0x1c, 0x00, 0x04, 0x26, 0x38, 0x00, 0x22, 0x8e, 0x00, 0x00, 0x00, 0x00,
  0x08, 0x00, 0x02, 0xae, 0x28, 0x00, 0x22, 0x8e, 0x00, 0x00, 0x00, 0x00,
  0x04, 0x00, 0x02, 0xae, 0x01, 0x00, 0x02, 0x24, 0x34, 0x00, 0xbf, 0x8f,
  0x30, 0x00, 0xb5, 0x8f, 0x2c, 0x00, 0xb4, 0x8f, 0x28, 0x00, 0xb3, 0x8f,
  0x24, 0x00, 0xb2, 0x8f, 0x20, 0x00, 0xb1, 0x8f, 0x1c, 0x00, 0xb0, 0x8f,
  0x08, 0x00, 0xe0, 0x03, 0x38, 0x00, 0xbd, 0x27, 0x08, 0x00, 0x25, 0x96,
  0x06, 0x00, 0x24, 0x96, 0xd2, 0xe8, 0x11, 0x04, 0x10, 0x00, 0xa7, 0x27,
  0xf2, 0xff, 0x40, 0x14, 0x00, 0x00, 0x00, 0x00, 0x10, 0x00, 0xa2, 0x8f,
  0x00, 0x00, 0x00, 0x00, 0x00, 0x00, 0x42, 0x8c, 0x00, 0x00, 0x00, 0x00,
  0xbe, 0xff, 0x55, 0x10, 0x00, 0x00, 0x00, 0x00, 0x0c, 0x00, 0x26, 0x8e,
  0x10, 0x00, 0x22, 0x8e, 0x01, 0x00, 0xc6, 0x24, 0x2b, 0x10, 0xc2, 0x00,
  0xef, 0xff, 0x40, 0x14, 0x0c, 0x00, 0x26, 0xae, 0xb7, 0xff, 0x00, 0x10,
  0x21, 0x98, 0x74, 0x02, 0x04, 0x00, 0x22, 0x8e, 0xe0, 0xff, 0x00, 0x10,
  0x08, 0x00, 0x02, 0xae, 0xd0, 0xff, 0xbd, 0x27, 0x28, 0x00, 0xb2, 0xaf,
  0x01, 0x00, 0x12, 0x24, 0x20, 0x00, 0xb0, 0xaf, 0x10, 0x00, 0xb2, 0xaf,
  0x25, 0x80, 0xe0, 0x00, 0x18, 0x00, 0xa7, 0x27, 0x2c, 0x00, 0xbf, 0xaf,
  0xea, 0xe8, 0x11, 0x04, 0x24, 0x00, 0xb1, 0xaf, 0x25, 0x20, 0x40, 0x00,
  0x18, 0x00, 0xa2, 0x8f, 0xa0, 0x00, 0x05, 0x24, 0x00, 0x00, 0x43, 0x8c,
  0x00, 0x00, 0x00, 0x00, 0xf0, 0x00, 0x63, 0x30, 0x23, 0x00, 0x65, 0x10,
  0xfc, 0xff, 0x02, 0x24, 0x21, 0x00, 0x80, 0x04, 0x25, 0x30, 0x00, 0x00,
  0x28, 0x00, 0x05, 0x24, 0x41, 0xd0, 0x11, 0x04, 0x25, 0x20, 0x00, 0x02,
  0x1f, 0x00, 0x02, 0x24, 0x18, 0x00, 0xb1, 0x8f, 0x00, 0x00, 0x02, 0xae,
  0x7d, 0x00, 0x22, 0x92, 0x00, 0x00, 0x00, 0x00, 0x1d, 0x00, 0x52, 0x14,
  0x00, 0x00, 0x00, 0x00, 0x2c, 0x00, 0x22, 0x96, 0x00, 0x00, 0x00, 0x00,
  0x80, 0x00, 0x42, 0x30, 0x02, 0x00, 0x40, 0x10, 0x1f, 0x00, 0x03, 0x24,
  0x9f, 0x00, 0x03, 0x24, 0x00, 0x00, 0x03, 0xae, 0x08, 0x00, 0x06, 0x24,
  0x20, 0x00, 0x25, 0x26, 0x27, 0x02, 0x11, 0x04, 0x0c, 0x00, 0x04, 0x26,
  0x08, 0x00, 0x06, 0x24, 0x30, 0x00, 0x25, 0x26, 0x23, 0x02, 0x11, 0x04,
  0x1c, 0x00, 0x04, 0x26, 0x38, 0x00, 0x22, 0x8e, 0x00, 0x00, 0x00, 0x00,
  0x08, 0x00, 0x02, 0xae, 0x28, 0x00, 0x22, 0x8e, 0x00, 0x00, 0x00, 0x00,
  0x04, 0x00, 0x02, 0xae, 0x25, 0x10, 0x00, 0x00, 0x2c, 0x00, 0xbf, 0x8f,
  0x28, 0x00, 0xb2, 0x8f, 0x24, 0x00, 0xb1, 0x8f, 0x20, 0x00, 0xb0, 0x8f,
  0x08, 0x00, 0xe0, 0x03, 0x30, 0x00, 0xbd, 0x27, 0x04, 0x00, 0x22, 0x8e,
  0xf7, 0xff, 0x00, 0x10, 0x08, 0x00, 0x02, 0xae, 0xc0, 0xff, 0xbd, 0x27,
  0x50, 0x00, 0xa2, 0x8f, 0x30, 0x00, 0xb4, 0xaf, 0x10, 0x00, 0x54, 0x30,
  0x2c, 0x00, 0xb3, 0xaf, 0x28, 0x00, 0xb2, 0xaf, 0x24, 0x00, 0xb1, 0xaf,
  0x20, 0x00, 0xb0, 0xaf, 0x3c, 0x00, 0xbf, 0xaf, 0x38, 0x00, 0xb6, 0xaf,
  0x34, 0x00, 0xb5, 0xaf, 0x25, 0x90, 0x80, 0x00, 0x25, 0x98, 0xa0, 0x00,
  0x25, 0x80, 0xc0, 0x00, 0x3d, 0x00, 0x80, 0x16, 0x25, 0x88, 0xe0, 0x00,
  0x25, 0xa8, 0x00, 0x00, 0x01, 0x00, 0x16, 0x24, 0x25, 0x30, 0x00, 0x02,
  0x10, 0x00, 0xb6, 0xaf, 0x18, 0x00, 0xa7, 0x27, 0x25, 0x28, 0x60, 0x02,
  0x9f, 0xe8, 0x11, 0x04, 0x25, 0x20, 0x40, 0x02, 0x25, 0x80, 0x40, 0x00,
  0x18, 0x00, 0xa2, 0x8f, 0x00, 0x00, 0x00, 0x00, 0x00, 0x00, 0x42, 0x8c,
  0x00, 0x00, 0x00, 0x00, 0xf0, 0x00, 0x42, 0x30, 0x4b, 0x00, 0x40, 0x10,
  0x00, 0x00, 0x00, 0x00, 0x20, 0x00, 0x00, 0x06, 0x00, 0x00, 0x00, 0x00,
  0x47, 0x00, 0xa0, 0x16, 0x00, 0x00, 0x00, 0x00, 0x03, 0xda, 0x11, 0x04,
  0x01, 0x00, 0x10, 0x26, 0x0a, 0x00, 0x43, 0x90, 0x07, 0x00, 0x10, 0x32,
  0x04, 0x80, 0x16, 0x02, 0x25, 0x80, 0x03, 0x02, 0x0a, 0x00, 0x50, 0xa0,
  0x50, 0x00, 0xa2, 0x8f, 0x18, 0x00, 0xb0, 0x8f, 0x04, 0x00, 0x42, 0x30,
  0x7d, 0x00, 0x00, 0xa2, 0x07, 0x00, 0x40, 0x10, 0x2c, 0x00, 0x00, 0xa6,
  0x14, 0x00, 0x22, 0x96, 0x00, 0x00, 0x00, 0x00, 0x00, 0x08, 0x42, 0x30,
  0x33, 0x00, 0x40, 0x10, 0x00, 0x00, 0x00, 0x00, 0x7e, 0x00, 0x16, 0xa2,
  0x04, 0x00, 0x80, 0x12, 0x14, 0x00, 0x06, 0x24, 0x20, 0x00, 0x25, 0x26,
  0xe5, 0x01, 0x11, 0x04, 0x0a, 0x00, 0x04, 0x26, 0x1e, 0x00, 0x00, 0xa2,
  0x25, 0x28, 0x60, 0x02, 0xb5, 0xdd, 0x11, 0x04, 0x25, 0x20, 0x40, 0x02,
  0x25, 0x80, 0x40, 0x00, 0x3c, 0x00, 0xbf, 0x8f, 0x38, 0x00, 0xb6, 0x8f,
  0x34, 0x00, 0xb5, 0x8f, 0x30, 0x00, 0xb4, 0x8f, 0x2c, 0x00, 0xb3, 0x8f,
  0x28, 0x00, 0xb2, 0x8f, 0x24, 0x00, 0xb1, 0x8f, 0x25, 0x10, 0x00, 0x02,
  0x20, 0x00, 0xb0, 0x8f, 0x08, 0x00, 0xe0, 0x03, 0x40, 0x00, 0xbd, 0x27,
  0x01, 0x00, 0x02, 0x24, 0x10, 0x00, 0xa2, 0xaf, 0x1c, 0x00, 0xa7, 0x27,
  0x66, 0xe8, 0x11, 0x04, 0x20, 0x00, 0x26, 0x26, 0xbe, 0xff, 0x41, 0x04,
  0x25, 0xa8, 0x40, 0x00, 0xfc, 0xff, 0x02, 0x24, 0xbd, 0xff, 0xa2, 0x16,
  0x01, 0x00, 0x16, 0x24, 0x01, 0x00, 0x04, 0x3c, 0xd0, 0xcc, 0x84, 0x24,
  0xbf, 0x01, 0x11, 0x04, 0x20, 0x00, 0x25, 0x26, 0xb7, 0xff, 0x40, 0x10,
  0x01, 0x00, 0x16, 0x24, 0x01, 0x00, 0x04, 0x3c, 0xd4, 0xcc, 0x84, 0x24,
  0xb9, 0x01, 0x11, 0x04, 0x20, 0x00, 0x25, 0x26, 0xb1, 0xff, 0x40, 0x10,
  0x01, 0x00, 0x16, 0x24, 0x20, 0x00, 0x22, 0x82, 0x00, 0x00, 0x00, 0x00,
  0xab, 0xff, 0x40, 0x14, 0x25, 0x30, 0x00, 0x02, 0xac, 0xff, 0x00, 0x10,
  0x00, 0x00, 0x00, 0x00, 0xce, 0xff, 0x00, 0x10, 0x7e, 0x00, 0x00, 0xa2,
  0xd6, 0xff, 0x00, 0x10, 0xfc, 0xff, 0x10, 0x24, 0xc0, 0xff, 0xbd, 0x27,
  0xff, 0xff, 0xe7, 0x30, 0x38, 0x00, 0xb6, 0xaf, 0x20, 0x00, 0xb0, 0xaf,
  0x50, 0x00, 0xb6, 0x8f, 0x54, 0x00, 0xb0, 0x8f, 0x3c, 0x00, 0xbf, 0xaf,
  0x34, 0x00, 0xb5, 0xaf, 0x30, 0x00, 0xb4, 0xaf, 0x2c, 0x00, 0xb3, 0xaf,
  0x28, 0x00, 0xb2, 0xaf, 0x24, 0x00, 0xb1, 0xaf, 0x40, 0x00, 0xa4, 0xaf,
  0x13, 0x00, 0xe0, 0x14, 0x44, 0x00, 0xa5, 0xaf, 0x25, 0x88, 0xc0, 0x00,
  0x02, 0x00, 0x01, 0x3c, 0x70, 0x0b, 0x20, 0xac, 0x2f, 0x00, 0x05, 0x24,
  0x6a, 0xcf, 0x11, 0x04, 0x25, 0x20, 0x20, 0x02, 0x06, 0x00, 0x40, 0x04,
  0x25, 0x20, 0x20, 0x02, 0x66, 0xcf, 0x11, 0x04, 0x2f, 0x00, 0x05, 0x24,
  0x01, 0x00, 0x42, 0x24, 0xf7, 0xff, 0x00, 0x10, 0x21, 0x88, 0x22, 0x02,
  0x3f, 0x00, 0x06, 0x24, 0x02, 0x00, 0x04, 0x3c, 0x30, 0x0b, 0x84, 0x24,
  0x94, 0x01, 0x11, 0x04, 0x25, 0x28, 0x20, 0x02, 0x5d, 0x00, 0xc0, 0x12,
  0x25, 0x90, 0xc0, 0x02, 0x02, 0x00, 0x02, 0x3c, 0x30, 0x0b, 0x42, 0x24,
  0x25, 0x88, 0x00, 0x00, 0x51, 0x00, 0x14, 0x24, 0x18, 0x00, 0xa2, 0xaf,
  0x17, 0x94, 0x15, 0x24, 0x01, 0x00, 0x13, 0x24, 0x02, 0x00, 0x06, 0x3c,
  0x70, 0x0b, 0xc6, 0x8c, 0x00, 0x00, 0x00, 0x00, 0x0f, 0x00, 0xc2, 0x28,
  0x4f, 0x00, 0x40, 0x10, 0x00, 0x00, 0x00, 0x00, 0x44, 0x00, 0xa5, 0x8f,
  0x40, 0x00, 0xa4, 0x8f, 0xe2, 0xe7, 0x11, 0x04, 0x10, 0x00, 0xa7, 0x27,
  0x4a, 0x00, 0x40, 0x14, 0x25, 0xb0, 0x40, 0x00, 0x02, 0x00, 0x02, 0x3c,
  0x70, 0x0b, 0x42, 0x8c, 0x10, 0x00, 0xa4, 0x8f, 0x01, 0x00, 0x42, 0x24,
  0x02, 0x00, 0x01, 0x3c, 0x70, 0x0b, 0x22, 0xac, 0x00, 0x00, 0x82, 0x8c,
  0x00, 0x00, 0x00, 0x00, 0x06, 0x00, 0x54, 0x14, 0x00, 0x00, 0x00, 0x00,
  0x18, 0x00, 0xa5, 0x8f, 0x90, 0xcf, 0x11, 0x04, 0x0a, 0x00, 0x84, 0x24,
  0x04, 0x00, 0x40, 0x14, 0x25, 0x28, 0x00, 0x00, 0x25, 0xb0, 0x20, 0x02,
  0xe3, 0xff, 0x00, 0x10, 0x25, 0x88, 0xc0, 0x02, 0x25, 0x20, 0x00, 0x02,
  0x5e, 0x01, 0x11, 0x04, 0x40, 0x00, 0x06, 0x24, 0x10, 0x00, 0xa5, 0x8f,
  0x14, 0x00, 0x15, 0xa6, 0x7e, 0x00, 0xa4, 0x90, 0x00, 0x00, 0x00, 0x00,
  0x02, 0x00, 0x93, 0x14, 0x17, 0x94, 0x03, 0x34, 0x17, 0x9c, 0x03, 0x34,
  0x14, 0x00, 0x03, 0xa6, 0x7d, 0x00, 0xa4, 0x90, 0x00, 0x00, 0x00, 0x00,
  0x25, 0x00, 0x93, 0x14, 0x00, 0x00, 0x00, 0x00, 0x2c, 0x00, 0xa4, 0x94,
  0x00, 0x00, 0x00, 0x00, 0x80, 0x00, 0x84, 0x30, 0x02, 0x00, 0x80, 0x10,
  0x80, 0x00, 0x63, 0x34, 0x14, 0x00, 0x03, 0xa6, 0x2e, 0x00, 0xa3, 0x94,
  0x00, 0x00, 0x00, 0x00, 0x16, 0x00, 0x03, 0xa6, 0x20, 0x00, 0xa3, 0x8c,
  0x00, 0x00, 0x00, 0x00, 0x00, 0x00, 0x03, 0xae, 0x24, 0x00, 0xa3, 0x8c,
  0x00, 0x00, 0x00, 0x00, 0x04, 0x00, 0x03, 0xae, 0x30, 0x00, 0xa3, 0x8c,
  0x00, 0x00, 0x00, 0x00, 0x08, 0x00, 0x03, 0xae, 0x34, 0x00, 0xa3, 0x8c,
  0x00, 0x00, 0x00, 0x00, 0x0c, 0x00, 0x03, 0xae, 0x38, 0x00, 0xa3, 0x8c,
  0x00, 0x00, 0x00, 0x00, 0x10, 0x00, 0x03, 0xae, 0x28, 0x00, 0xa3, 0x8c,
  0x00, 0x00, 0x00, 0x00, 0x18, 0x00, 0x03, 0xae, 0x14, 0x00, 0x06, 0x24,
  0x0a, 0x00, 0xa5, 0x24, 0x20, 0x00, 0x04, 0x26, 0x3e, 0x01, 0x11, 0x04,
  0xff, 0xff, 0x52, 0x26, 0x07, 0x00, 0x40, 0x12, 0x01, 0x00, 0x36, 0x26,
  0xcc, 0xff, 0x00, 0x10, 0x40, 0x00, 0x10, 0x26, 0x04, 0x00, 0xa3, 0x8c,
  0xf5, 0xff, 0x00, 0x10, 0x10, 0x00, 0x03, 0xae, 0x25, 0xb0, 0x20, 0x02,
  0x3c, 0x00, 0xbf, 0x8f, 0x34, 0x00, 0xb5, 0x8f, 0x30, 0x00, 0xb4, 0x8f,
  0x2c, 0x00, 0xb3, 0x8f, 0x28, 0x00, 0xb2, 0x8f, 0x24, 0x00, 0xb1, 0x8f,
  0x20, 0x00, 0xb0, 0x8f, 0x25, 0x10, 0xc0, 0x02, 0x38, 0x00, 0xb6, 0x8f,
  0x08, 0x00, 0xe0, 0x03, 0x40, 0x00, 0xbd, 0x27, 0xd8, 0xff, 0xbd, 0x27,
  0x01, 0x00, 0xe2, 0x2c, 0x20, 0x00, 0xb0, 0xaf, 0x10, 0x00, 0xa2, 0xaf,
  0x25, 0x80, 0xe0, 0x00, 0x18, 0x00, 0xa7, 0x27, 0x24, 0x00, 0xbf, 0xaf,
  0x28, 0x00, 0xa4, 0xaf, 0xb7, 0xe7, 0x11, 0x04, 0x2c, 0x00, 0xa5, 0xaf,
  0x05, 0x00, 0x40, 0x04, 0x25, 0x38, 0x00, 0x02, 0x2c, 0x00, 0xa5, 0x8f,
  0x28, 0x00, 0xa4, 0x8f, 0xe9, 0xe7, 0x11, 0x04, 0x25, 0x30, 0x40, 0x00,
  0x24, 0x00, 0xbf, 0x8f, 0x20, 0x00, 0xb0, 0x8f, 0x08, 0x00, 0xe0, 0x03,
  0x28, 0x00, 0xbd, 0x27, 0xd0, 0xff, 0xbd, 0x27, 0x20, 0x00, 0xb1, 0xaf,
  0x40, 0x88, 0x04, 0x00, 0x1c, 0x00, 0xb0, 0xaf, 0x21, 0x80, 0x24, 0x02,
  0x24, 0x00, 0xb2, 0xaf, 0x00, 0x81, 0x10, 0x00, 0x01, 0x00, 0x12, 0x3c,
  0x90, 0xe7, 0x52, 0x26, 0x21, 0x80, 0x50, 0x02, 0x28, 0x00, 0xb3, 0xaf,
  0x14, 0x00, 0x06, 0x8e, 0x08, 0x00, 0x05, 0x96, 0x25, 0x98, 0x80, 0x00,
  0x06, 0x00, 0x04, 0x96, 0x2c, 0x00, 0xbf, 0xaf, 0x66, 0xe7, 0x11, 0x04,
  0x10, 0x00, 0xa7, 0x27, 0x25, 0x18, 0x40, 0x00, 0x3b, 0x00, 0x60, 0x14,
  0xe1, 0xff, 0x02, 0x24, 0x08, 0xd9, 0x11, 0x04, 0x00, 0x00, 0x00, 0x00,
  0x14, 0x00, 0x05, 0x8e, 0x00, 0x00, 0x00, 0x00, 0x01, 0x00, 0xa3, 0x24,
  0x02, 0x00, 0x61, 0x04, 0x25, 0x20, 0x60, 0x00, 0x08, 0x00, 0xa4, 0x24,
  0xf8, 0xff, 0x05, 0x24, 0x24, 0x20, 0x85, 0x00, 0x23, 0x18, 0x64, 0x00,
  0x02, 0x00, 0x61, 0x04, 0x00, 0x00, 0x00, 0x00, 0x25, 0x18, 0x00, 0x00,
  0x01, 0x00, 0x04, 0x24, 0x04, 0x18, 0x64, 0x00, 0x0a, 0x00, 0x44, 0x90,
  0x10, 0x00, 0xb0, 0x8f, 0x25, 0x18, 0x64, 0x00, 0x0a, 0x00, 0x43, 0xa0,
  0x21, 0x10, 0x33, 0x02, 0x00, 0x11, 0x02, 0x00, 0x21, 0x10, 0x42, 0x02,
  0x10, 0x00, 0x43, 0x8c, 0x00, 0x00, 0x00, 0x00, 0x08, 0x00, 0x60, 0x10,
  0x00, 0x20, 0x02, 0x24, 0xff, 0xff, 0x64, 0x24, 0x03, 0x00, 0x81, 0x04,
  0x42, 0x13, 0x04, 0x00, 0xfe, 0x1f, 0x63, 0x24, 0x42, 0x13, 0x03, 0x00,
  0x01, 0x00, 0x42, 0x24, 0x40, 0x13, 0x02, 0x00, 0x08, 0x00, 0x06, 0x24,
  0x25, 0x28, 0x00, 0x00, 0x20, 0x00, 0x04, 0x26, 0x04, 0x00, 0x02, 0xae,
  0x7d, 0x00, 0x00, 0xa2, 0x2c, 0x00, 0x00, 0xa6, 0xcc, 0x00, 0x11, 0x04,
  0x38, 0x00, 0x00, 0xae, 0x08, 0x00, 0x06, 0x24, 0x25, 0x28, 0x00, 0x00,
  0xc8, 0x00, 0x11, 0x04, 0x30, 0x00, 0x04, 0x26, 0x7f, 0x00, 0x05, 0x24,
  0xd4, 0xce, 0x11, 0x04, 0x25, 0x20, 0x00, 0x02, 0x21, 0x88, 0x33, 0x02,
  0x10, 0x00, 0xa3, 0x8f, 0x00, 0x89, 0x11, 0x00, 0x7f, 0x00, 0x62, 0xa0,
  0x21, 0x90, 0x51, 0x02, 0x08, 0x00, 0x45, 0x96, 0x06, 0x00, 0x44, 0x96,
  0x9c, 0xdc, 0x11, 0x04, 0x00, 0x00, 0x00, 0x00, 0x2c, 0x00, 0xbf, 0x8f,
  0x28, 0x00, 0xb3, 0x8f, 0x24, 0x00, 0xb2, 0x8f, 0x20, 0x00, 0xb1, 0x8f,
  0x1c, 0x00, 0xb0, 0x8f, 0x08, 0x00, 0xe0, 0x03, 0x30, 0x00, 0xbd, 0x27,
  0xc8, 0xff, 0xbd, 0x27, 0x1c, 0x00, 0xb1, 0xaf, 0x18, 0x00, 0xb0, 0xaf,
  0x34, 0x00, 0xbf, 0xaf, 0x30, 0x00, 0xb6, 0xaf, 0x2c, 0x00, 0xb5, 0xaf,
  0x28, 0x00, 0xb4, 0xaf, 0x24, 0x00, 0xb3, 0xaf, 0x20, 0x00, 0xb2, 0xaf,
  0x25, 0x88, 0x80, 0x00, 0x45, 0x00, 0xc0, 0x10, 0x25, 0x80, 0xc0, 0x00,
  0x40, 0xa8, 0x04, 0x00, 0x21, 0x90, 0xa4, 0x02, 0x01, 0x00, 0x16, 0x3c,
  0x90, 0xe7, 0xd6, 0x26, 0x00, 0x91, 0x12, 0x00, 0x21, 0x90, 0xd2, 0x02,
  0x05, 0x00, 0x42, 0x92, 0x00, 0x00, 0x00, 0x00, 0x3f, 0x00, 0x40, 0x10,
  0x25, 0x98, 0xa0, 0x00, 0x21, 0xa8, 0xb1, 0x02, 0x00, 0xa9, 0x15, 0x00,
  0x25, 0x90, 0x00, 0x02, 0xfd, 0xff, 0x14, 0x24, 0x25, 0x80, 0x00, 0x00,
  0x21, 0xa8, 0xd5, 0x02, 0x4e, 0xe8, 0x11, 0x04, 0x25, 0x20, 0x20, 0x02,
  0x4a, 0x00, 0x54, 0x14, 0x00, 0x00, 0x00, 0x00, 0xde, 0xea, 0x11, 0x04,
  0x25, 0x20, 0x20, 0x02, 0x3c, 0x00, 0x54, 0x10, 0x00, 0x00, 0x00, 0x00,
  0x3a, 0x00, 0x40, 0x14, 0x00, 0x00, 0x00, 0x00, 0x44, 0xe8, 0x11, 0x04,
  0x25, 0x20, 0x20, 0x02, 0x08, 0x00, 0xa5, 0x96, 0x06, 0x00, 0xa4, 0x96,
  0x10, 0x00, 0xa7, 0x27, 0xa4, 0xe6, 0x11, 0x04, 0x25, 0x30, 0x40, 0x00,
  0x31, 0x00, 0x40, 0x14, 0x00, 0x00, 0x00, 0x00, 0x0c, 0x00, 0xa4, 0x8e,
  0x00, 0x00, 0x00, 0x00, 0x02, 0x00, 0x81, 0x04, 0x25, 0x10, 0x80, 0x00,
  0xff, 0x03, 0x82, 0x24, 0x00, 0xfc, 0x03, 0x24, 0x24, 0x10, 0x43, 0x00,
  0x23, 0x20, 0x82, 0x00, 0x00, 0x04, 0x16, 0x24, 0x23, 0xb0, 0xc4, 0x02,
  0x2a, 0x10, 0x56, 0x02, 0x02, 0x00, 0x40, 0x10, 0x00, 0x00, 0x00, 0x00,
  0x25, 0xb0, 0x40, 0x02, 0x10, 0x00, 0xa2, 0x8f, 0x25, 0x30, 0xc0, 0x02,
  0x04, 0x00, 0x42, 0x8c, 0x21, 0x28, 0x70, 0x02, 0x70, 0x00, 0x11, 0x04,
  0x21, 0x20, 0x44, 0x00, 0x10, 0x00, 0xa2, 0x8f, 0xff, 0xff, 0x03, 0x24,
  0x0a, 0x00, 0x43, 0xa0, 0x0c, 0x00, 0xa2, 0x8e, 0x10, 0x00, 0xa3, 0x8e,
  0x21, 0x10, 0xc2, 0x02, 0x2b, 0x18, 0x43, 0x00, 0x02, 0x00, 0x60, 0x14,
  0x0c, 0x00, 0xa2, 0xae, 0x10, 0x00, 0xa2, 0xae, 0x23, 0x90, 0x56, 0x02,
  0xcd, 0xff, 0x40, 0x16, 0x21, 0x80, 0x16, 0x02, 0x59, 0xff, 0x11, 0x04,
  0x25, 0x20, 0x20, 0x02, 0x0c, 0x00, 0x00, 0x10, 0x25, 0x10, 0x00, 0x02,
  0x01, 0x00, 0x02, 0x24, 0x54, 0xff, 0x11, 0x04, 0x05, 0x00, 0x42, 0xa2,
  0x07, 0x00, 0x40, 0x14, 0x00, 0x00, 0x00, 0x00, 0x08, 0x00, 0x45, 0x96,
  0x06, 0x00, 0x44, 0x96, 0x38, 0xdc, 0x11, 0x04, 0x00, 0x00, 0x00, 0x00,
  0xb8, 0xff, 0x40, 0x10, 0x00, 0x00, 0x00, 0x00, 0x34, 0x00, 0xbf, 0x8f,
  0x30, 0x00, 0xb6, 0x8f, 0x2c, 0x00, 0xb5, 0x8f, 0x28, 0x00, 0xb4, 0x8f,
  0x24, 0x00, 0xb3, 0x8f, 0x20, 0x00, 0xb2, 0x8f, 0x1c, 0x00, 0xb1, 0x8f,
  0x18, 0x00, 0xb0, 0x8f, 0x08, 0x00, 0xe0, 0x03, 0x38, 0x00, 0xbd, 0x27,
  0xbe, 0xff, 0x41, 0x04, 0x00, 0x00, 0x00, 0x00, 0xf3, 0xff, 0x00, 0x10,
  0x00, 0x00, 0x00, 0x00, 0xe0, 0xff, 0xbd, 0x27, 0x25, 0x10, 0x00, 0x00,
  0x01, 0x00, 0x07, 0x3c, 0x20, 0xee, 0xe7, 0x24, 0x1c, 0x00, 0xbf, 0xaf,
  0x18, 0x00, 0xb0, 0xaf, 0x80, 0x00, 0x03, 0x24, 0x21, 0x30, 0xe2, 0x00,
  0x04, 0x00, 0x42, 0x24, 0xfd, 0xff, 0x43, 0x14, 0x00, 0x00, 0xc0, 0xac,
  0x01, 0x00, 0x02, 0x3c, 0x20, 0xee, 0x42, 0x24, 0x25, 0x30, 0x00, 0x00,
  0x10, 0x00, 0xa2, 0xaf, 0x00, 0x04, 0x10, 0x24, 0x10, 0x00, 0xa7, 0x8f,
  0x14, 0x00, 0xa6, 0xaf, 0x24, 0x00, 0xa5, 0xaf, 0x9e, 0xf1, 0x11, 0x04,
  0x20, 0x00, 0xa4, 0xaf, 0x0b, 0x00, 0x40, 0x14, 0x00, 0x00, 0x00, 0x00,
  0x14, 0x00, 0xa6, 0x8f, 0x20, 0x00, 0xa4, 0x8f, 0x01, 0x00, 0xc6, 0x24,
  0x24, 0x00, 0xa5, 0x8f, 0xf4, 0xff, 0xd0, 0x14, 0x00, 0x00, 0x00, 0x00,
  0x1c, 0x00, 0xbf, 0x8f, 0x18, 0x00, 0xb0, 0x8f, 0x08, 0x00, 0xe0, 0x03,
  0x20, 0x00, 0xbd, 0x27, 0xfb, 0xff, 0x00, 0x10, 0xd7, 0xff, 0x02, 0x24,
  0x00, 0x00, 0x00, 0x00, 0x00, 0x00, 0x00, 0x00, 0x00, 0x00, 0x00, 0x00,
  0x00, 0x00, 0xe0, 0x41, 0x00, 0x00, 0x00, 0x00, 0x01, 0x01, 0x00, 0x00,
  0x6c, 0x6f, 0x61, 0x64, 0x63, 0x6f, 0x72, 0x65, 0x08, 0x00, 0xe0, 0x03,
  0x06, 0x00, 0x00, 0x24, 0x08, 0x00, 0xe0, 0x03, 0x07, 0x00, 0x00, 0x24,
  0x08, 0x00, 0xe0, 0x03, 0x03, 0x00, 0x00, 0x24, 0x00, 0x00, 0x00, 0x00,
  0x00, 0x00, 0x00, 0x00, 0x00, 0x00, 0xe0, 0x41, 0x00, 0x00, 0x00, 0x00,
  0x02, 0x01, 0x00, 0x00, 0x69, 0x6e, 0x74, 0x72, 0x6d, 0x61, 0x6e, 0x00,
  0x08, 0x00, 0xe0, 0x03, 0x09, 0x00, 0x00, 0x24, 0x08, 0x00, 0xe0, 0x03,
  0x11, 0x00, 0x00, 0x24, 0x08, 0x00, 0xe0, 0x03, 0x12, 0x00, 0x00, 0x24,
  0x00, 0x00, 0x00, 0x00, 0x00, 0x00, 0x00, 0x00, 0x00, 0x00, 0xe0, 0x41,
  0x00, 0x00, 0x00, 0x00, 0x01, 0x01, 0x00, 0x00, 0x73, 0x79, 0x73, 0x63,
  0x6c, 0x69, 0x62, 0x00, 0x08, 0x00, 0xe0, 0x03, 0x0c, 0x00, 0x00, 0x24,
  0x08, 0x00, 0xe0, 0x03, 0x0e, 0x00, 0x00, 0x24, 0x08, 0x00, 0xe0, 0x03,
  0x14, 0x00, 0x00, 0x24, 0x08, 0x00, 0xe0, 0x03, 0x16, 0x00, 0x00, 0x24,
  0x08, 0x00, 0xe0, 0x03, 0x17, 0x00, 0x00, 0x24, 0x08, 0x00, 0xe0, 0x03,
  0x1b, 0x00, 0x00, 0x24, 0x08, 0x00, 0xe0, 0x03, 0x1d, 0x00, 0x00, 0x24,
  0x08, 0x00, 0xe0, 0x03, 0x1e, 0x00, 0x00, 0x24, 0x00, 0x00, 0x00, 0x00,
  0x00, 0x00, 0x00, 0x00, 0x00, 0x00, 0xe0, 0x41, 0x00, 0x00, 0x00, 0x00,
  0x01, 0x01, 0x00, 0x00, 0x74, 0x68, 0x62, 0x61, 0x73, 0x65, 0x00, 0x00,
  0x08, 0x00, 0xe0, 0x03, 0x21, 0x00, 0x00, 0x24, 0x00, 0x00, 0x00, 0x00,
  0x00, 0x00, 0x00, 0x00, 0x00, 0x00, 0xe0, 0x41, 0x00, 0x00, 0x00, 0x00,
  0x02, 0x01, 0x00, 0x00, 0x74, 0x68, 0x73, 0x65, 0x6d, 0x61, 0x70, 0x00,
  0x08, 0x00, 0xe0, 0x03, 0x04, 0x00, 0x00, 0x24, 0x08, 0x00, 0xe0, 0x03,
  0x05, 0x00, 0x00, 0x24, 0x08, 0x00, 0xe0, 0x03, 0x06, 0x00, 0x00, 0x24,
  0x08, 0x00, 0xe0, 0x03, 0x08, 0x00, 0x00, 0x24, 0x00, 0x00, 0x00, 0x00,
  0x00, 0x00, 0x00, 0x00, 0x00, 0x00, 0xe0, 0x41, 0x00, 0x00, 0x00, 0x00,
  0x01, 0x01, 0x00, 0x00, 0x69, 0x6f, 0x6d, 0x61, 0x6e, 0x00, 0x00, 0x00,
  0x08, 0x00, 0xe0, 0x03, 0x14, 0x00, 0x00, 0x24, 0x08, 0x00, 0xe0, 0x03,
  0x15, 0x00, 0x00, 0x24, 0x00, 0x00, 0x00, 0x00, 0x00, 0x00, 0x00, 0x00,
  0x00, 0x00, 0xe0, 0x41, 0x00, 0x00, 0x00, 0x00, 0x01, 0x01, 0x00, 0x00,
  0x63, 0x64, 0x76, 0x64, 0x6d, 0x61, 0x6e, 0x00, 0x08, 0x00, 0xe0, 0x03,
  0x33, 0x00, 0x00, 0x24, 0x00, 0x00, 0x00, 0x00, 0x00, 0x00, 0x00, 0x00,
  0x00, 0x00, 0xe0, 0x41, 0x00, 0x00, 0x00, 0x00, 0x01, 0x01, 0x00, 0x00,
  0x66, 0x6c, 0x73, 0x00, 0x00, 0x00, 0x00, 0x00, 0x08, 0x00, 0xe0, 0x03,
  0x04, 0x00, 0x00, 0x24, 0x08, 0x00, 0xe0, 0x03, 0x06, 0x00, 0x00, 0x24,
  0x08, 0x00, 0xe0, 0x03, 0x07, 0x00, 0x00, 0x24, 0x08, 0x00, 0xe0, 0x03,
  0x08, 0x00, 0x00, 0x24, 0x08, 0x00, 0xe0, 0x03, 0x09, 0x00, 0x00, 0x24,
  0x00, 0x00, 0x00, 0x00, 0x00, 0x00, 0x00, 0x00, 0x00, 0x00, 0xe0, 0x41,
  0x00, 0x00, 0x00, 0x00, 0x02, 0x01, 0x00, 0x00, 0x73, 0x74, 0x64, 0x69,
  0x6f, 0x00, 0x00, 0x00, 0x08, 0x00, 0xe0, 0x03, 0x04, 0x00, 0x00, 0x24,
  0x00, 0x00, 0x00, 0x00, 0x00, 0x00, 0x00, 0x00, 0x00, 0x00, 0x00, 0x00,
  0x00, 0x87, 0x96, 0x11, 0xa5, 0x22, 0x33, 0xb4, 0xb4, 0x33, 0x22, 0xa5,
  0x11, 0x96, 0x87, 0x00, 0xc3, 0x44, 0x55, 0xd2, 0x66, 0xe1, 0xf0, 0x77,
  0x77, 0xf0, 0xe1, 0x66, 0xd2, 0x55, 0x44, 0xc3, 0xd2, 0x55, 0x44, 0xc3,
  0x77, 0xf0, 0xe1, 0x66, 0x66, 0xe1, 0xf0, 0x77, 0xc3, 0x44, 0x55, 0xd2,
  0x11, 0x96, 0x87, 0x00, 0xb4, 0x33, 0x22, 0xa5, 0xa5, 0x22, 0x33, 0xb4,
  0x00, 0x87, 0x96, 0x11, 0xe1, 0x66, 0x77, 0xf0, 0x44, 0xc3, 0xd2, 0x55,
  0x55, 0xd2, 0xc3, 0x44, 0xf0, 0x77, 0x66, 0xe1, 0x22, 0xa5, 0xb4, 0x33,
  0x87, 0x00, 0x11, 0x96, 0x96, 0x11, 0x00, 0x87, 0x33, 0xb4, 0xa5, 0x22,
  0x33, 0xb4, 0xa5, 0x22, 0x96, 0x11, 0x00, 0x87, 0x87, 0x00, 0x11, 0x96,
  0x22, 0xa5, 0xb4, 0x33, 0xf0, 0x77, 0x66, 0xe1, 0x55, 0xd2, 0xc3, 0x44,
  0x44, 0xc3, 0xd2, 0x55, 0xe1, 0x66, 0x77, 0xf0, 0xf0, 0x77, 0x66, 0xe1,
  0x55, 0xd2, 0xc3, 0x44, 0x44, 0xc3, 0xd2, 0x55, 0xe1, 0x66, 0x77, 0xf0,
  0x33, 0xb4, 0xa5, 0x22, 0x96, 0x11, 0x00, 0x87, 0x87, 0x00, 0x11, 0x96,
  0x22, 0xa5, 0xb4, 0x33, 0x22, 0xa5, 0xb4, 0x33, 0x87, 0x00, 0x11, 0x96,
  0x96, 0x11, 0x00, 0x87, 0x33, 0xb4, 0xa5, 0x22, 0xe1, 0x66, 0x77, 0xf0,
  0x44, 0xc3, 0xd2, 0x55, 0x55, 0xd2, 0xc3, 0x44, 0xf0, 0x77, 0x66, 0xe1,
  0x11, 0x96, 0x87, 0x00, 0xb4, 0x33, 0x22, 0xa5, 0xa5, 0x22, 0x33, 0xb4,
  0x00, 0x87, 0x96, 0x11, 0xd2, 0x55, 0x44, 0xc3, 0x77, 0xf0, 0xe1, 0x66,
  0x66, 0xe1, 0xf0, 0x77, 0xc3, 0x44, 0x55, 0xd2, 0xc3, 0x44, 0x55, 0xd2,
  0x66, 0xe1, 0xf0, 0x77, 0x77, 0xf0, 0xe1, 0x66, 0xd2, 0x55, 0x44, 0xc3,
  0x00, 0x87, 0x96, 0x11, 0xa5, 0x22, 0x33, 0xb4, 0xb4, 0x33, 0x22, 0xa5,
  0x11, 0x96, 0x87, 0x00, 0xfb, 0xe8, 0xef, 0xf3, 0xfe, 0xe4, 0xd1, 0x00,
  0x00, 0x00, 0x00, 0x00, 0x00, 0x00, 0x00, 0x00, 0x2e, 0x00, 0x00, 0x00,
  0x2e, 0x2e, 0x00, 0x00, 0x78, 0x66, 0x72, 0x6f, 0x6d, 0x6d, 0x61, 0x6e,
  0x00, 0x00, 0x00, 0x00, 0x00, 0x00, 0x00, 0x00, 0x00, 0x00, 0x00, 0x00,
  0x00, 0x00, 0x00, 0x00, 0x78, 0x66, 0x72, 0x6f, 0x6d, 0x00, 0x00, 0x00,
  0x45, 0x78, 0x74, 0x65, 0x72, 0x6e, 0x61, 0x6c, 0x20, 0x66, 0x6c, 0x61,
  0x73, 0x68, 0x20, 0x72, 0x6f, 0x6d, 0x00, 0x00, 0x00, 0x00, 0x00, 0x00,
  0x2e, 0x00, 0x00, 0x00, 0x2e, 0x2e, 0x00, 0x00, 0x00, 0x00, 0x00, 0x00,
  0x00, 0x00, 0x00, 0x00, 0x2e, 0x00, 0x00, 0x00, 0x2e, 0x2e, 0x00, 0x00,
  0x00, 0x00, 0x00, 0x00, 0x00, 0x00, 0x00, 0x00, 0x01, 0x00, 0x00, 0x00,
  0xff, 0xff, 0xff, 0xff, 0xf6, 0xff, 0xff, 0xff, 0xff, 0xff, 0xff, 0xff,
  0xff, 0xff, 0xff, 0xff, 0xff, 0xff, 0xff, 0xff, 0x31, 0x2e, 0x32, 0x2e,
  0x30, 0x2e, 0x30, 0x00, 0x53, 0x6f, 0x6e, 0x79, 0x20, 0x50, 0x53, 0x32,
  0x20, 0x4d, 0x65, 0x6d, 0x6f, 0x72, 0x79, 0x20, 0x43, 0x61, 0x72, 0x64,
  0x20, 0x46, 0x6f, 0x72, 0x6d, 0x61, 0x74, 0x20, 0x00, 0x00, 0x00, 0x00,
  0x88, 0xcc, 0x00, 0x00, 0x0b, 0x02, 0x00, 0x00, 0x00, 0x00, 0x00, 0x00,
  0x00, 0x00, 0x00, 0x00, 0xa0, 0xcc, 0x00, 0x00, 0x10, 0x00, 0x00, 0x00,
  0x01, 0x00, 0x00, 0x00, 0xa8, 0xcc, 0x00, 0x00, 0x44, 0xcd, 0x00, 0x00,
  0xe0, 0x81, 0x00, 0x00, 0xe8, 0x81, 0x00, 0x00, 0xec, 0x84, 0x00, 0x00,
  0x40, 0x84, 0x00, 0x00, 0x80, 0x82, 0x00, 0x00, 0x34, 0x83, 0x00, 0x00,
  0x90, 0x83, 0x00, 0x00, 0xd8, 0x82, 0x00, 0x00, 0x18, 0x82, 0x00, 0x00,
  0x70, 0x85, 0x00, 0x00, 0x04, 0x86, 0x00, 0x00, 0xfc, 0x85, 0x00, 0x00,
  0x90, 0x86, 0x00, 0x00, 0xd0, 0x82, 0x00, 0x00, 0xec, 0x83, 0x00, 0x00,
  0x30, 0x87, 0x00, 0x00, 0xc8, 0x87, 0x00, 0x00, 0x00, 0x00, 0x00, 0x00,
  0x00, 0x00, 0x00, 0x00, 0x00, 0x2e, 0x69, 0x6f, 0x70, 0x6d, 0x6f, 0x64,
  0x00, 0x2e, 0x74, 0x65, 0x78, 0x74, 0x00, 0x2e, 0x72, 0x65, 0x6c, 0x2e,
  0x74, 0x65, 0x78, 0x74, 0x00, 0x2e, 0x72, 0x6f, 0x64, 0x61, 0x74, 0x61,
  0x00, 0x2e, 0x64, 0x61, 0x74, 0x61, 0x00, 0x2e, 0x72, 0x65, 0x6c, 0x2e,
  0x64, 0x61, 0x74, 0x61, 0x00, 0x2e, 0x62, 0x73, 0x73, 0x00, 0x2e, 0x73,
  0x68, 0x73, 0x74, 0x72, 0x74, 0x61, 0x62, 0x00, 0x2e, 0x73, 0x79, 0x6d,
  0x74, 0x61, 0x62, 0x00, 0x2e, 0x73, 0x74, 0x72, 0x74, 0x61, 0x62, 0x00,
  0x00, 0x00, 0x00, 0x00, 0x00, 0x00, 0x00, 0x00, 0x00, 0x00, 0x00, 0x00,
  0x00, 0x00, 0x00, 0x00, 0x00, 0x00, 0x00, 0x00, 0x00, 0x00, 0x00, 0x00,
  0x00, 0x00, 0x00, 0x00, 0x00, 0x00, 0x00, 0x00, 0x00, 0x00, 0x00, 0x00,
  0x00, 0x00, 0x00, 0x00, 0x01, 0x00, 0x00, 0x00, 0x80, 0x00, 0x00, 0x70,
  0x00, 0x00, 0x00, 0x00, 0x00, 0x00, 0x00, 0x00, 0x74, 0x00, 0x00, 0x00,
  0x1b, 0x00, 0x00, 0x00, 0x00, 0x00, 0x00, 0x00, 0x00, 0x00, 0x00, 0x00,
  0x04, 0x00, 0x00, 0x00, 0x00, 0x00, 0x00, 0x00, 0x09, 0x00, 0x00, 0x00,
  0x01, 0x00, 0x00, 0x00, 0x06, 0x00, 0x00, 0x00, 0x00, 0x00, 0x00, 0x00,
  0x90, 0x00, 0x00, 0x00, 0x6c, 0xcb, 0x00, 0x00, 0x00, 0x00, 0x00, 0x00,
  0x00, 0x00, 0x00, 0x00, 0x10, 0x00, 0x00, 0x00, 0x00, 0x00, 0x00, 0x00,
  0x0f, 0x00, 0x00, 0x00, 0x09, 0x00, 0x00, 0x00, 0x40, 0x00, 0x00, 0x00,
  0x00, 0x00, 0x00, 0x00, 0x28, 0xd0, 0x00, 0x00, 0x20, 0x22, 0x00, 0x00,
  0x09, 0x00, 0x00, 0x00, 0x02, 0x00, 0x00, 0x00, 0x04, 0x00, 0x00, 0x00,
  0x08, 0x00, 0x00, 0x00, 0x19, 0x00, 0x00, 0x00, 0x01, 0x00, 0x00, 0x00,
  0x02, 0x00, 0x00, 0x00, 0x70, 0xcb, 0x00, 0x00, 0x00, 0xcc, 0x00, 0x00,
  0x67, 0x01, 0x00, 0x00, 0x00, 0x00, 0x00, 0x00, 0x00, 0x00, 0x00, 0x00,
  0x10, 0x00, 0x00, 0x00, 0x00, 0x00, 0x00, 0x00, 0x21, 0x00, 0x00, 0x00,
  0x01, 0x00, 0x00, 0x00, 0x03, 0x00, 0x00, 0x00, 0xe0, 0xcc, 0x00, 0x00,
  0x70, 0xcd, 0x00, 0x00, 0xb0, 0x00, 0x00, 0x00, 0x00, 0x00, 0x00, 0x00,
  0x00, 0x00, 0x00, 0x00, 0x10, 0x00, 0x00, 0x00, 0x00, 0x00, 0x00, 0x00,
  0x27, 0x00, 0x00, 0x00, 0x09, 0x00, 0x00, 0x00, 0x40, 0x00, 0x00, 0x00,
  0x00, 0x00, 0x00, 0x00, 0x48, 0xf2, 0x00, 0x00, 0xa8, 0x00, 0x00, 0x00,
  0x09, 0x00, 0x00, 0x00, 0x05, 0x00, 0x00, 0x00, 0x04, 0x00, 0x00, 0x00,
  0x08, 0x00, 0x00, 0x00, 0x31, 0x00, 0x00, 0x00, 0x08, 0x00, 0x00, 0x00,
  0x03, 0x00, 0x00, 0x00, 0x90, 0xcd, 0x00, 0x00, 0x20, 0xce, 0x00, 0x00,
  0xf0, 0x3d, 0x01, 0x00, 0x00, 0x00, 0x00, 0x00, 0x00, 0x00, 0x00, 0x00,
  0x10, 0x00, 0x00, 0x00, 0x00, 0x00, 0x00, 0x00, 0x36, 0x00, 0x00, 0x00,
  0x03, 0x00, 0x00, 0x00, 0x00, 0x00, 0x00, 0x00, 0x00, 0x00, 0x00, 0x00,
  0x20, 0xce, 0x00, 0x00, 0x50, 0x00, 0x00, 0x00, 0x00, 0x00, 0x00, 0x00,
  0x00, 0x00, 0x00, 0x00, 0x01, 0x00, 0x00, 0x00, 0x00, 0x00, 0x00, 0x00,
  0x40, 0x00, 0x00, 0x00, 0x02, 0x00, 0x00, 0x00, 0x00, 0x00, 0x00, 0x00,
  0x00, 0x00, 0x00, 0x00, 0xf0, 0xf2, 0x00, 0x00, 0x10, 0x00, 0x00, 0x00,
  0x0a, 0x00, 0x00, 0x00, 0x01, 0x00, 0x00, 0x00, 0x04, 0x00, 0x00, 0x00,
  0x10, 0x00, 0x00, 0x00, 0x48, 0x00, 0x00, 0x00, 0x03, 0x00, 0x00, 0x00,
  0x00, 0x00, 0x00, 0x00, 0x00, 0x00, 0x00, 0x00, 0x00, 0xf3, 0x00, 0x00,
  0x01, 0x00, 0x00, 0x00, 0x00, 0x00, 0x00, 0x00, 0x00, 0x00, 0x00, 0x00,
  0x01, 0x00, 0x00, 0x00, 0x00, 0x00, 0x00, 0x00, 0x14, 0x00, 0x00, 0x00,
  0x02, 0x00, 0x00, 0x00, 0x18, 0x00, 0x00, 0x00, 0x02, 0x00, 0x00, 0x00,
  0x1c, 0x00, 0x00, 0x00, 0x02, 0x00, 0x00, 0x00, 0x20, 0x00, 0x00, 0x00,
  0x02, 0x00, 0x00, 0x00, 0x24, 0x00, 0x00, 0x00, 0x02, 0x00, 0x00, 0x00,
  0x28, 0x00, 0x00, 0x00, 0x02, 0x00, 0x00, 0x00, 0x2c, 0x00, 0x00, 0x00,
  0x02, 0x00, 0x00, 0x00, 0x30, 0x00, 0x00, 0x00, 0x02, 0x00, 0x00, 0x00,
  0x34, 0x00, 0x00, 0x00, 0x02, 0x00, 0x00, 0x00, 0x38, 0x00, 0x00, 0x00,
  0x02, 0x00, 0x00, 0x00, 0x3c, 0x00, 0x00, 0x00, 0x02, 0x00, 0x00, 0x00,
  0x40, 0x00, 0x00, 0x00, 0x02, 0x00, 0x00, 0x00, 0x44, 0x00, 0x00, 0x00,
  0x02, 0x00, 0x00, 0x00, 0x48, 0x00, 0x00, 0x00, 0x02, 0x00, 0x00, 0x00,
  0x4c, 0x00, 0x00, 0x00, 0x02, 0x00, 0x00, 0x00, 0x50, 0x00, 0x00, 0x00,
  0x02, 0x00, 0x00, 0x00, 0x54, 0x00, 0x00, 0x00, 0x02, 0x00, 0x00, 0x00,
  0x58, 0x00, 0x00, 0x00, 0x02, 0x00, 0x00, 0x00, 0x5c, 0x00, 0x00, 0x00,
  0x02, 0x00, 0x00, 0x00, 0x60, 0x00, 0x00, 0x00, 0x02, 0x00, 0x00, 0x00,
  0x64, 0x00, 0x00, 0x00, 0x02, 0x00, 0x00, 0x00, 0x68, 0x00, 0x00, 0x00,
  0x02, 0x00, 0x00, 0x00, 0x6c, 0x00, 0x00, 0x00, 0x02, 0x00, 0x00, 0x00,
  0x70, 0x00, 0x00, 0x00, 0x02, 0x00, 0x00, 0x00, 0x74, 0x00, 0x00, 0x00,
  0x02, 0x00, 0x00, 0x00, 0x78, 0x00, 0x00, 0x00, 0x02, 0x00, 0x00, 0x00,
  0x7c, 0x00, 0x00, 0x00, 0x02, 0x00, 0x00, 0x00, 0x80, 0x00, 0x00, 0x00,
  0x02, 0x00, 0x00, 0x00, 0x84, 0x00, 0x00, 0x00, 0x02, 0x00, 0x00, 0x00,
  0x88, 0x00, 0x00, 0x00, 0x02, 0x00, 0x00, 0x00, 0x8c, 0x00, 0x00, 0x00,
  0x02, 0x00, 0x00, 0x00, 0x90, 0x00, 0x00, 0x00, 0x02, 0x00, 0x00, 0x00,
  0x94, 0x00, 0x00, 0x00, 0x02, 0x00, 0x00, 0x00, 0x98, 0x00, 0x00, 0x00,
  0x02, 0x00, 0x00, 0x00, 0x9c, 0x00, 0x00, 0x00, 0x02, 0x00, 0x00, 0x00,
  0xa0, 0x00, 0x00, 0x00, 0x02, 0x00, 0x00, 0x00, 0xa4, 0x00, 0x00, 0x00,
  0x02, 0x00, 0x00, 0x00, 0xa8, 0x00, 0x00, 0x00, 0x02, 0x00, 0x00, 0x00,
  0xac, 0x00, 0x00, 0x00, 0x02, 0x00, 0x00, 0x00, 0xb0, 0x00, 0x00, 0x00,
  0x02, 0x00, 0x00, 0x00, 0xb4, 0x00, 0x00, 0x00, 0x02, 0x00, 0x00, 0x00,
  0xb8, 0x00, 0x00, 0x00, 0x02, 0x00, 0x00, 0x00, 0xbc, 0x00, 0x00, 0x00,
  0x02, 0x00, 0x00, 0x00, 0xc0, 0x00, 0x00, 0x00, 0x02, 0x00, 0x00, 0x00,
  0xc4, 0x00, 0x00, 0x00, 0x02, 0x00, 0x00, 0x00, 0xc8, 0x00, 0x00, 0x00,
  0x02, 0x00, 0x00, 0x00, 0xcc, 0x00, 0x00, 0x00, 0x02, 0x00, 0x00, 0x00,
  0xd0, 0x00, 0x00, 0x00, 0x02, 0x00, 0x00, 0x00, 0xd4, 0x00, 0x00, 0x00,
  0x02, 0x00, 0x00, 0x00, 0xd8, 0x00, 0x00, 0x00, 0x02, 0x00, 0x00, 0x00,
  0xdc, 0x00, 0x00, 0x00, 0x02, 0x00, 0x00, 0x00, 0xe0, 0x00, 0x00, 0x00,
  0x02, 0x00, 0x00, 0x00, 0xe4, 0x00, 0x00, 0x00, 0x02, 0x00, 0x00, 0x00,
  0xe8, 0x00, 0x00, 0x00, 0x02, 0x00, 0x00, 0x00, 0xc8, 0x01, 0x00, 0x00,
  0x05, 0x00, 0x00, 0x00, 0xcc, 0x01, 0x00, 0x00, 0x06, 0x00, 0x00, 0x00,
  0xfc, 0x01, 0x00, 0x00, 0x05, 0x00, 0x00, 0x00, 0x00, 0x02, 0x00, 0x00,
  0x06, 0x00, 0x00, 0x00, 0x14, 0x02, 0x00, 0x00, 0x05, 0x00, 0x00, 0x00,
  0x1c, 0x02, 0x00, 0x00, 0x06, 0x00, 0x00, 0x00, 0x20, 0x02, 0x00, 0x00,
  0x05, 0x00, 0x00, 0x00, 0x28, 0x02, 0x00, 0x00, 0x06, 0x00, 0x00, 0x00,
  0x0c, 0x04, 0x00, 0x00, 0x05, 0x00, 0x00, 0x00, 0x10, 0x04, 0x00, 0x00,
  0x06, 0x00, 0x00, 0x00, 0x14, 0x04, 0x00, 0x00, 0x05, 0x00, 0x00, 0x00,
  0x18, 0x04, 0x00, 0x00, 0x06, 0x00, 0x00, 0x00, 0xd4, 0x05, 0x00, 0x00,
  0x05, 0x00, 0x00, 0x00, 0xd8, 0x05, 0x00, 0x00, 0x06, 0x00, 0x00, 0x00,
  0x64, 0x07, 0x00, 0x00, 0x05, 0x00, 0x00, 0x00, 0x68, 0x07, 0x00, 0x00,
  0x06, 0x00, 0x00, 0x00, 0x88, 0x07, 0x00, 0x00, 0x05, 0x00, 0x00, 0x00,
  0x8c, 0x07, 0x00, 0x00, 0x06, 0x00, 0x00, 0x00, 0xbc, 0x07, 0x00, 0x00,
  0x05, 0x00, 0x00, 0x00, 0xc0, 0x07, 0x00, 0x00, 0x06, 0x00, 0x00, 0x00,
  0x80, 0x09, 0x00, 0x00, 0x05, 0x00, 0x00, 0x00, 0x84, 0x09, 0x00, 0x00,
  0x06, 0x00, 0x00, 0x00, 0x98, 0x0a, 0x00, 0x00, 0x05, 0x00, 0x00, 0x00,
  0x9c, 0x0a, 0x00, 0x00, 0x06, 0x00, 0x00, 0x00, 0x78, 0x0b, 0x00, 0x00,
  0x05, 0x00, 0x00, 0x00, 0x7c, 0x0b, 0x00, 0x00, 0x06, 0x00, 0x00, 0x00,
  0xf0, 0x0c, 0x00, 0x00, 0x05, 0x00, 0x00, 0x00, 0xf4, 0x0c, 0x00, 0x00,
  0x06, 0x00, 0x00, 0x00, 0x10, 0x0d, 0x00, 0x00, 0x05, 0x00, 0x00, 0x00,
  0x14, 0x0d, 0x00, 0x00, 0x06, 0x00, 0x00, 0x00, 0x40, 0x0d, 0x00, 0x00,
  0x05, 0x00, 0x00, 0x00, 0x44, 0x0d, 0x00, 0x00, 0x06, 0x00, 0x00, 0x00,
  0x54, 0x0d, 0x00, 0x00, 0x05, 0x00, 0x00, 0x00, 0x58, 0x0d, 0x00, 0x00,
  0x06, 0x00, 0x00, 0x00, 0x68, 0x0d, 0x00, 0x00, 0x05, 0x00, 0x00, 0x00,
  0x6c, 0x0d, 0x00, 0x00, 0x06, 0x00, 0x00, 0x00, 0xa4, 0x0d, 0x00, 0x00,
  0x05, 0x00, 0x00, 0x00, 0xa8, 0x0d, 0x00, 0x00, 0x06, 0x00, 0x00, 0x00,
  0xc4, 0x0d, 0x00, 0x00, 0x05, 0x00, 0x00, 0x00, 0xc8, 0x0d, 0x00, 0x00,
  0x06, 0x00, 0x00, 0x00, 0xcc, 0x0d, 0x00, 0x00, 0x05, 0x00, 0x00, 0x00,
  0xd0, 0x0d, 0x00, 0x00, 0x06, 0x00, 0x00, 0x00, 0xd4, 0x0d, 0x00, 0x00,
  0x05, 0x00, 0x00, 0x00, 0xd8, 0x0d, 0x00, 0x00, 0x06, 0x00, 0x00, 0x00,
  0x00, 0x0e, 0x00, 0x00, 0x05, 0x00, 0x00, 0x00, 0x04, 0x0e, 0x00, 0x00,
  0x06, 0x00, 0x00, 0x00, 0x24, 0x0e, 0x00, 0x00, 0x05, 0x00, 0x00, 0x00,
  0x2c, 0x0e, 0x00, 0x00, 0x06, 0x00, 0x00, 0x00, 0x4c, 0x0e, 0x00, 0x00,
  0x05, 0x00, 0x00, 0x00, 0x50, 0x0e, 0x00, 0x00, 0x06, 0x00, 0x00, 0x00,
  0x68, 0x0e, 0x00, 0x00, 0x05, 0x00, 0x00, 0x00, 0x6c, 0x0e, 0x00, 0x00,
  0x06, 0x00, 0x00, 0x00, 0xac, 0x0e, 0x00, 0x00, 0x05, 0x00, 0x00, 0x00,
  0xb0, 0x0e, 0x00, 0x00, 0x06, 0x00, 0x00, 0x00, 0xc4, 0x0e, 0x00, 0x00,
  0x05, 0x00, 0x00, 0x00, 0xc8, 0x0e, 0x00, 0x00, 0x06, 0x00, 0x00, 0x00,
  0xd0, 0x0e, 0x00, 0x00, 0x05, 0x00, 0x00, 0x00, 0xd4, 0x0e, 0x00, 0x00,
  0x06, 0x00, 0x00, 0x00, 0x38, 0x0f, 0x00, 0x00, 0x05, 0x00, 0x00, 0x00,
  0x3c, 0x0f, 0x00, 0x00, 0x06, 0x00, 0x00, 0x00, 0x78, 0x0f, 0x00, 0x00,
  0x05, 0x00, 0x00, 0x00, 0x7c, 0x0f, 0x00, 0x00, 0x06, 0x00, 0x00, 0x00,
  0xc4, 0x0f, 0x00, 0x00, 0x05, 0x00, 0x00, 0x00, 0xc8, 0x0f, 0x00, 0x00,
  0x06, 0x00, 0x00, 0x00, 0xf0, 0x0f, 0x00, 0x00, 0x05, 0x00, 0x00, 0x00,
  0xf4, 0x0f, 0x00, 0x00, 0x06, 0x00, 0x00, 0x00, 0x10, 0x10, 0x00, 0x00,
  0x05, 0x00, 0x00, 0x00, 0x18, 0x10, 0x00, 0x00, 0x06, 0x00, 0x00, 0x00,
  0x70, 0x10, 0x00, 0x00, 0x05, 0x00, 0x00, 0x00, 0x74, 0x10, 0x00, 0x00,
  0x06, 0x00, 0x00, 0x00, 0xe4, 0x11, 0x00, 0x00, 0x05, 0x00, 0x00, 0x00,
  0xe8, 0x11, 0x00, 0x00, 0x06, 0x00, 0x00, 0x00, 0x9c, 0x12, 0x00, 0x00,
  0x05, 0x00, 0x00, 0x00, 0xa0, 0x12, 0x00, 0x00, 0x06, 0x00, 0x00, 0x00,
  0xa8, 0x12, 0x00, 0x00, 0x05, 0x00, 0x00, 0x00, 0xac, 0x12, 0x00, 0x00,
  0x06, 0x00, 0x00, 0x00, 0xcc, 0x12, 0x00, 0x00, 0x05, 0x00, 0x00, 0x00,
  0xd0, 0x12, 0x00, 0x00, 0x06, 0x00, 0x00, 0x00, 0xe4, 0x12, 0x00, 0x00,
  0x05, 0x00, 0x00, 0x00, 0xe8, 0x12, 0x00, 0x00, 0x06, 0x00, 0x00, 0x00,
  0xec, 0x12, 0x00, 0x00, 0x05, 0x00, 0x00, 0x00, 0xf0, 0x12, 0x00, 0x00,
  0x06, 0x00, 0x00, 0x00, 0x4c, 0x13, 0x00, 0x00, 0x05, 0x00, 0x00, 0x00,
  0x50, 0x13, 0x00, 0x00, 0x06, 0x00, 0x00, 0x00, 0xa4, 0x13, 0x00, 0x00,
  0x05, 0x00, 0x00, 0x00, 0xa8, 0x13, 0x00, 0x00, 0x06, 0x00, 0x00, 0x00,
  0xc0, 0x13, 0x00, 0x00, 0x05, 0x00, 0x00, 0x00, 0xc4, 0x13, 0x00, 0x00,
  0x06, 0x00, 0x00, 0x00, 0x14, 0x14, 0x00, 0x00, 0x05, 0x00, 0x00, 0x00,
  0x18, 0x14, 0x00, 0x00, 0x06, 0x00, 0x00, 0x00, 0x48, 0x15, 0x00, 0x00,
  0x05, 0x00, 0x00, 0x00, 0x4c, 0x15, 0x00, 0x00, 0x06, 0x00, 0x00, 0x00,
  0x50, 0x15, 0x00, 0x00, 0x05, 0x00, 0x00, 0x00, 0x58, 0x15, 0x00, 0x00,
  0x06, 0x00, 0x00, 0x00, 0xd0, 0x15, 0x00, 0x00, 0x05, 0x00, 0x00, 0x00,
  0xd4, 0x15, 0x00, 0x00, 0x06, 0x00, 0x00, 0x00, 0xf0, 0x15, 0x00, 0x00,
  0x05, 0x00, 0x00, 0x00, 0xf4, 0x15, 0x00, 0x00, 0x06, 0x00, 0x00, 0x00,
  0xf8, 0x15, 0x00, 0x00, 0x05, 0x00, 0x00, 0x00, 0xfc, 0x15, 0x00, 0x00,
  0x06, 0x00, 0x00, 0x00, 0x28, 0x16, 0x00, 0x00, 0x05, 0x00, 0x00, 0x00,
  0x2c, 0x16, 0x00, 0x00, 0x06, 0x00, 0x00, 0x00, 0xa8, 0x16, 0x00, 0x00,
  0x05, 0x00, 0x00, 0x00, 0xac, 0x16, 0x00, 0x00, 0x06, 0x00, 0x00, 0x00,
  0xd4, 0x16, 0x00, 0x00, 0x05, 0x00, 0x00, 0x00, 0xd8, 0x16, 0x00, 0x00,
  0x06, 0x00, 0x00, 0x00, 0xa4, 0x17, 0x00, 0x00, 0x05, 0x00, 0x00, 0x00,
  0xa8, 0x17, 0x00, 0x00, 0x06, 0x00, 0x00, 0x00, 0xd0, 0x17, 0x00, 0x00,
  0x05, 0x00, 0x00, 0x00, 0xd4, 0x17, 0x00, 0x00, 0x06, 0x00, 0x00, 0x00,
  0x88, 0x18, 0x00, 0x00, 0x05, 0x00, 0x00, 0x00, 0x8c, 0x18, 0x00, 0x00,
  0x06, 0x00, 0x00, 0x00, 0xb4, 0x18, 0x00, 0x00, 0x05, 0x00, 0x00, 0x00,
  0xb8, 0x18, 0x00, 0x00, 0x06, 0x00, 0x00, 0x00, 0xd4, 0x18, 0x00, 0x00,
  0x05, 0x00, 0x00, 0x00, 0xd8, 0x18, 0x00, 0x00, 0x06, 0x00, 0x00, 0x00,
  0xf0, 0x18, 0x00, 0x00, 0x05, 0x00, 0x00, 0x00, 0xf4, 0x18, 0x00, 0x00,
  0x06, 0x00, 0x00, 0x00, 0x08, 0x19, 0x00, 0x00, 0x05, 0x00, 0x00, 0x00,
  0x0c, 0x19, 0x00, 0x00, 0x06, 0x00, 0x00, 0x00, 0x60, 0x19, 0x00, 0x00,
  0x05, 0x00, 0x00, 0x00, 0x64, 0x19, 0x00, 0x00, 0x06, 0x00, 0x00, 0x00,
  0x78, 0x19, 0x00, 0x00, 0x05, 0x00, 0x00, 0x00, 0x7c, 0x19, 0x00, 0x00,
  0x06, 0x00, 0x00, 0x00, 0x94, 0x19, 0x00, 0x00, 0x05, 0x00, 0x00, 0x00,
  0x98, 0x19, 0x00, 0x00, 0x06, 0x00, 0x00, 0x00, 0x0c, 0x1a, 0x00, 0x00,
  0x05, 0x00, 0x00, 0x00, 0x10, 0x1a, 0x00, 0x00, 0x06, 0x00, 0x00, 0x00,
  0x38, 0x1a, 0x00, 0x00, 0x05, 0x00, 0x00, 0x00, 0x3c, 0x1a, 0x00, 0x00,
  0x06, 0x00, 0x00, 0x00, 0x70, 0x1a, 0x00, 0x00, 0x05, 0x00, 0x00, 0x00,
  0x74, 0x1a, 0x00, 0x00, 0x06, 0x00, 0x00, 0x00, 0x7c, 0x1a, 0x00, 0x00,
  0x05, 0x00, 0x00, 0x00, 0x80, 0x1a, 0x00, 0x00, 0x06, 0x00, 0x00, 0x00,
  0x94, 0x1a, 0x00, 0x00, 0x05, 0x00, 0x00, 0x00, 0x98, 0x1a, 0x00, 0x00,
  0x06, 0x00, 0x00, 0x00, 0xc0, 0x1a, 0x00, 0x00, 0x05, 0x00, 0x00, 0x00,
  0xc4, 0x1a, 0x00, 0x00, 0x06, 0x00, 0x00, 0x00, 0xc8, 0x1a, 0x00, 0x00,
  0x05, 0x00, 0x00, 0x00, 0xcc, 0x1a, 0x00, 0x00, 0x06, 0x00, 0x00, 0x00,
  0x6c, 0x1b, 0x00, 0x00, 0x05, 0x00, 0x00, 0x00, 0x70, 0x1b, 0x00, 0x00,
  0x06, 0x00, 0x00, 0x00, 0x74, 0x1b, 0x00, 0x00, 0x05, 0x00, 0x00, 0x00,
  0x78, 0x1b, 0x00, 0x00, 0x06, 0x00, 0x00, 0x00, 0x88, 0x1b, 0x00, 0x00,
  0x05, 0x00, 0x00, 0x00, 0x8c, 0x1b, 0x00, 0x00, 0x06, 0x00, 0x00, 0x00,
  0xc0, 0x1b, 0x00, 0x00, 0x05, 0x00, 0x00, 0x00, 0xc4, 0x1b, 0x00, 0x00,
  0x06, 0x00, 0x00, 0x00, 0xc8, 0x1b, 0x00, 0x00, 0x05, 0x00, 0x00, 0x00,
  0xcc, 0x1b, 0x00, 0x00, 0x06, 0x00, 0x00, 0x00, 0xd0, 0x1b, 0x00, 0x00,
  0x05, 0x00, 0x00, 0x00, 0xd4, 0x1b, 0x00, 0x00, 0x06, 0x00, 0x00, 0x00,
  0xd8, 0x1b, 0x00, 0x00, 0x05, 0x00, 0x00, 0x00, 0xdc, 0x1b, 0x00, 0x00,
  0x06, 0x00, 0x00, 0x00, 0x0c, 0x1c, 0x00, 0x00, 0x05, 0x00, 0x00, 0x00,
  0x10, 0x1c, 0x00, 0x00, 0x06, 0x00, 0x00, 0x00, 0x20, 0x1c, 0x00, 0x00,
  0x05, 0x00, 0x00, 0x00, 0x24, 0x1c, 0x00, 0x00, 0x06, 0x00, 0x00, 0x00,
  0x28, 0x1c, 0x00, 0x00, 0x05, 0x00, 0x00, 0x00, 0x2c, 0x1c, 0x00, 0x00,
  0x06, 0x00, 0x00, 0x00, 0x30, 0x1c, 0x00, 0x00, 0x05, 0x00, 0x00, 0x00,
  0x34, 0x1c, 0x00, 0x00, 0x06, 0x00, 0x00, 0x00, 0x38, 0x1c, 0x00, 0x00,
  0x05, 0x00, 0x00, 0x00, 0x3c, 0x1c, 0x00, 0x00, 0x06, 0x00, 0x00, 0x00,
  0x40, 0x1c, 0x00, 0x00, 0x05, 0x00, 0x00, 0x00, 0x44, 0x1c, 0x00, 0x00,
  0x06, 0x00, 0x00, 0x00, 0x48, 0x1c, 0x00, 0x00, 0x05, 0x00, 0x00, 0x00,
  0x4c, 0x1c, 0x00, 0x00, 0x06, 0x00, 0x00, 0x00, 0x50, 0x1c, 0x00, 0x00,
  0x05, 0x00, 0x00, 0x00, 0x54, 0x1c, 0x00, 0x00, 0x06, 0x00, 0x00, 0x00,
  0x58, 0x1c, 0x00, 0x00, 0x05, 0x00, 0x00, 0x00, 0x5c, 0x1c, 0x00, 0x00,
  0x06, 0x00, 0x00, 0x00, 0x70, 0x1c, 0x00, 0x00, 0x05, 0x00, 0x00, 0x00,
  0x74, 0x1c, 0x00, 0x00, 0x06, 0x00, 0x00, 0x00, 0x3c, 0x1d, 0x00, 0x00,
  0x05, 0x00, 0x00, 0x00, 0x40, 0x1d, 0x00, 0x00, 0x06, 0x00, 0x00, 0x00,
  0xcc, 0x1d, 0x00, 0x00, 0x05, 0x00, 0x00, 0x00, 0xd0, 0x1d, 0x00, 0x00,
  0x06, 0x00, 0x00, 0x00, 0x58, 0x1e, 0x00, 0x00, 0x05, 0x00, 0x00, 0x00,
  0x5c, 0x1e, 0x00, 0x00, 0x06, 0x00, 0x00, 0x00, 0x54, 0x1f, 0x00, 0x00,
  0x05, 0x00, 0x00, 0x00, 0x58, 0x1f, 0x00, 0x00, 0x06, 0x00, 0x00, 0x00,
  0xe0, 0x1f, 0x00, 0x00, 0x05, 0x00, 0x00, 0x00, 0xe4, 0x1f, 0x00, 0x00,
  0x06, 0x00, 0x00, 0x00, 0x18, 0x20, 0x00, 0x00, 0x05, 0x00, 0x00, 0x00,
  0x1c, 0x20, 0x00, 0x00, 0x06, 0x00, 0x00, 0x00, 0xc0, 0x20, 0x00, 0x00,
  0x05, 0x00, 0x00, 0x00, 0xc4, 0x20, 0x00, 0x00, 0x06, 0x00, 0x00, 0x00,
  0x2c, 0x21, 0x00, 0x00, 0x05, 0x00, 0x00, 0x00, 0x30, 0x21, 0x00, 0x00,
  0x06, 0x00, 0x00, 0x00, 0x04, 0x22, 0x00, 0x00, 0x05, 0x00, 0x00, 0x00,
  0x08, 0x22, 0x00, 0x00, 0x06, 0x00, 0x00, 0x00, 0x70, 0x22, 0x00, 0x00,
  0x05, 0x00, 0x00, 0x00, 0x74, 0x22, 0x00, 0x00, 0x06, 0x00, 0x00, 0x00,
  0x60, 0x23, 0x00, 0x00, 0x05, 0x00, 0x00, 0x00, 0x64, 0x23, 0x00, 0x00,
  0x06, 0x00, 0x00, 0x00, 0x34, 0x24, 0x00, 0x00, 0x05, 0x00, 0x00, 0x00,
  0x38, 0x24, 0x00, 0x00, 0x06, 0x00, 0x00, 0x00, 0xa0, 0x24, 0x00, 0x00,
  0x05, 0x00, 0x00, 0x00, 0xa4, 0x24, 0x00, 0x00, 0x06, 0x00, 0x00, 0x00,
  0x8c, 0x25, 0x00, 0x00, 0x05, 0x00, 0x00, 0x00, 0x90, 0x25, 0x00, 0x00,
  0x06, 0x00, 0x00, 0x00, 0x54, 0x26, 0x00, 0x00, 0x05, 0x00, 0x00, 0x00,
  0x58, 0x26, 0x00, 0x00, 0x06, 0x00, 0x00, 0x00, 0x14, 0x27, 0x00, 0x00,
  0x05, 0x00, 0x00, 0x00, 0x18, 0x27, 0x00, 0x00, 0x06, 0x00, 0x00, 0x00,
  0xec, 0x27, 0x00, 0x00, 0x05, 0x00, 0x00, 0x00, 0xf0, 0x27, 0x00, 0x00,
  0x06, 0x00, 0x00, 0x00, 0xc8, 0x28, 0x00, 0x00, 0x05, 0x00, 0x00, 0x00,
  0xcc, 0x28, 0x00, 0x00, 0x06, 0x00, 0x00, 0x00, 0x60, 0x29, 0x00, 0x00,
  0x05, 0x00, 0x00, 0x00, 0x64, 0x29, 0x00, 0x00, 0x06, 0x00, 0x00, 0x00,
  0xb8, 0x29, 0x00, 0x00, 0x05, 0x00, 0x00, 0x00, 0xbc, 0x29, 0x00, 0x00,
  0x06, 0x00, 0x00, 0x00, 0x30, 0x2a, 0x00, 0x00, 0x05, 0x00, 0x00, 0x00,
  0x34, 0x2a, 0x00, 0x00, 0x06, 0x00, 0x00, 0x00, 0x4c, 0x2a, 0x00, 0x00,
  0x05, 0x00, 0x00, 0x00, 0x50, 0x2a, 0x00, 0x00, 0x06, 0x00, 0x00, 0x00,
  0x64, 0x2a, 0x00, 0x00, 0x05, 0x00, 0x00, 0x00, 0x68, 0x2a, 0x00, 0x00,
  0x06, 0x00, 0x00, 0x00, 0x7c, 0x2a, 0x00, 0x00, 0x05, 0x00, 0x00, 0x00,
  0x80, 0x2a, 0x00, 0x00, 0x06, 0x00, 0x00, 0x00, 0xe0, 0x2a, 0x00, 0x00,
  0x05, 0x00, 0x00, 0x00, 0xe4, 0x2a, 0x00, 0x00, 0x06, 0x00, 0x00, 0x00,
  0x04, 0x2b, 0x00, 0x00, 0x05, 0x00, 0x00, 0x00, 0x08, 0x2b, 0x00, 0x00,
  0x06, 0x00, 0x00, 0x00, 0x80, 0x2b, 0x00, 0x00, 0x05, 0x00, 0x00, 0x00,
  0x84, 0x2b, 0x00, 0x00, 0x06, 0x00, 0x00, 0x00, 0x94, 0x2b, 0x00, 0x00,
  0x05, 0x00, 0x00, 0x00, 0x98, 0x2b, 0x00, 0x00, 0x06, 0x00, 0x00, 0x00,
  0x9c, 0x2b, 0x00, 0x00, 0x05, 0x00, 0x00, 0x00, 0xa0, 0x2b, 0x00, 0x00,
  0x06, 0x00, 0x00, 0x00, 0xec, 0x2b, 0x00, 0x00, 0x05, 0x00, 0x00, 0x00,
  0xf0, 0x2b, 0x00, 0x00, 0x06, 0x00, 0x00, 0x00, 0x3c, 0x2c, 0x00, 0x00,
  0x05, 0x00, 0x00, 0x00, 0x40, 0x2c, 0x00, 0x00, 0x06, 0x00, 0x00, 0x00,
  0x50, 0x2c, 0x00, 0x00, 0x05, 0x00, 0x00, 0x00, 0x54, 0x2c, 0x00, 0x00,
  0x06, 0x00, 0x00, 0x00, 0x7c, 0x2c, 0x00, 0x00, 0x05, 0x00, 0x00, 0x00,
  0x80, 0x2c, 0x00, 0x00, 0x06, 0x00, 0x00, 0x00, 0x80, 0x2d, 0x00, 0x00,
  0x05, 0x00, 0x00, 0x00, 0x84, 0x2d, 0x00, 0x00, 0x06, 0x00, 0x00, 0x00,
  0x88, 0x2d, 0x00, 0x00, 0x05, 0x00, 0x00, 0x00, 0x8c, 0x2d, 0x00, 0x00,
  0x06, 0x00, 0x00, 0x00, 0x90, 0x2d, 0x00, 0x00, 0x05, 0x00, 0x00, 0x00,
  0x94, 0x2d, 0x00, 0x00, 0x06, 0x00, 0x00, 0x00, 0x98, 0x2d, 0x00, 0x00,
  0x05, 0x00, 0x00, 0x00, 0x9c, 0x2d, 0x00, 0x00, 0x06, 0x00, 0x00, 0x00,
  0xa0, 0x2d, 0x00, 0x00, 0x05, 0x00, 0x00, 0x00, 0xa4, 0x2d, 0x00, 0x00,
  0x06, 0x00, 0x00, 0x00, 0x94, 0x2e, 0x00, 0x00, 0x05, 0x00, 0x00, 0x00,
  0x98, 0x2e, 0x00, 0x00, 0x06, 0x00, 0x00, 0x00, 0xa8, 0x2e, 0x00, 0x00,
  0x05, 0x00, 0x00, 0x00, 0xac, 0x2e, 0x00, 0x00, 0x06, 0x00, 0x00, 0x00,
  0xb0, 0x2e, 0x00, 0x00, 0x05, 0x00, 0x00, 0x00, 0xb4, 0x2e, 0x00, 0x00,
  0x06, 0x00, 0x00, 0x00, 0x1c, 0x2f, 0x00, 0x00, 0x05, 0x00, 0x00, 0x00,
  0x20, 0x2f, 0x00, 0x00, 0x06, 0x00, 0x00, 0x00, 0x48, 0x2f, 0x00, 0x00,
  0x05, 0x00, 0x00, 0x00, 0x4c, 0x2f, 0x00, 0x00, 0x06, 0x00, 0x00, 0x00,
  0x60, 0x2f, 0x00, 0x00, 0x05, 0x00, 0x00, 0x00, 0x64, 0x2f, 0x00, 0x00,
  0x06, 0x00, 0x00, 0x00, 0x94, 0x2f, 0x00, 0x00, 0x05, 0x00, 0x00, 0x00,
  0x98, 0x2f, 0x00, 0x00, 0x06, 0x00, 0x00, 0x00, 0xb8, 0x2f, 0x00, 0x00,
  0x05, 0x00, 0x00, 0x00, 0xbc, 0x2f, 0x00, 0x00, 0x06, 0x00, 0x00, 0x00,
  0x94, 0x30, 0x00, 0x00, 0x05, 0x00, 0x00, 0x00, 0x98, 0x30, 0x00, 0x00,
  0x06, 0x00, 0x00, 0x00, 0x9c, 0x30, 0x00, 0x00, 0x05, 0x00, 0x00, 0x00,
  0xa0, 0x30, 0x00, 0x00, 0x06, 0x00, 0x00, 0x00, 0xa8, 0x30, 0x00, 0x00,
  0x05, 0x00, 0x00, 0x00, 0xac, 0x30, 0x00, 0x00, 0x06, 0x00, 0x00, 0x00,
  0xbc, 0x30, 0x00, 0x00, 0x05, 0x00, 0x00, 0x00, 0xc0, 0x30, 0x00, 0x00,
  0x06, 0x00, 0x00, 0x00, 0xc4, 0x30, 0x00, 0x00, 0x05, 0x00, 0x00, 0x00,
  0xc8, 0x30, 0x00, 0x00, 0x06, 0x00, 0x00, 0x00, 0xd4, 0x30, 0x00, 0x00,
  0x05, 0x00, 0x00, 0x00, 0xd8, 0x30, 0x00, 0x00, 0x06, 0x00, 0x00, 0x00,
  0x3c, 0x31, 0x00, 0x00, 0x05, 0x00, 0x00, 0x00, 0x40, 0x31, 0x00, 0x00,
  0x06, 0x00, 0x00, 0x00, 0x74, 0x31, 0x00, 0x00, 0x05, 0x00, 0x00, 0x00,
  0x78, 0x31, 0x00, 0x00, 0x06, 0x00, 0x00, 0x00, 0x7c, 0x31, 0x00, 0x00,
  0x05, 0x00, 0x00, 0x00, 0x84, 0x31, 0x00, 0x00, 0x06, 0x00, 0x00, 0x00,
  0x8c, 0x31, 0x00, 0x00, 0x05, 0x00, 0x00, 0x00, 0x90, 0x31, 0x00, 0x00,
  0x06, 0x00, 0x00, 0x00, 0x9c, 0x31, 0x00, 0x00, 0x05, 0x00, 0x00, 0x00,
  0xa4, 0x31, 0x00, 0x00, 0x06, 0x00, 0x00, 0x00, 0xc0, 0x31, 0x00, 0x00,
  0x05, 0x00, 0x00, 0x00, 0xc4, 0x31, 0x00, 0x00, 0x06, 0x00, 0x00, 0x00,
  0xcc, 0x31, 0x00, 0x00, 0x05, 0x00, 0x00, 0x00, 0xd4, 0x31, 0x00, 0x00,
  0x06, 0x00, 0x00, 0x00, 0xd8, 0x31, 0x00, 0x00, 0x05, 0x00, 0x00, 0x00,
  0xdc, 0x31, 0x00, 0x00, 0x06, 0x00, 0x00, 0x00, 0x14, 0x32, 0x00, 0x00,
  0x05, 0x00, 0x00, 0x00, 0x18, 0x32, 0x00, 0x00, 0x06, 0x00, 0x00, 0x00,
  0x3c, 0x32, 0x00, 0x00, 0x05, 0x00, 0x00, 0x00, 0x40, 0x32, 0x00, 0x00,
  0x06, 0x00, 0x00, 0x00, 0x50, 0x32, 0x00, 0x00, 0x05, 0x00, 0x00, 0x00,
  0x54, 0x32, 0x00, 0x00, 0x06, 0x00, 0x00, 0x00, 0x74, 0x32, 0x00, 0x00,
  0x05, 0x00, 0x00, 0x00, 0x78, 0x32, 0x00, 0x00, 0x06, 0x00, 0x00, 0x00,
  0xb8, 0x32, 0x00, 0x00, 0x05, 0x00, 0x00, 0x00, 0xbc, 0x32, 0x00, 0x00,
  0x06, 0x00, 0x00, 0x00, 0xc4, 0x32, 0x00, 0x00, 0x05, 0x00, 0x00, 0x00,
  0xc8, 0x32, 0x00, 0x00, 0x06, 0x00, 0x00, 0x00, 0x04, 0x33, 0x00, 0x00,
  0x05, 0x00, 0x00, 0x00, 0x08, 0x33, 0x00, 0x00, 0x06, 0x00, 0x00, 0x00,
  0x64, 0x33, 0x00, 0x00, 0x05, 0x00, 0x00, 0x00, 0x68, 0x33, 0x00, 0x00,
  0x06, 0x00, 0x00, 0x00, 0xa4, 0x33, 0x00, 0x00, 0x05, 0x00, 0x00, 0x00,
  0xac, 0x33, 0x00, 0x00, 0x06, 0x00, 0x00, 0x00, 0x00, 0x34, 0x00, 0x00,
  0x05, 0x00, 0x00, 0x00, 0x04, 0x34, 0x00, 0x00, 0x06, 0x00, 0x00, 0x00,
  0x10, 0x34, 0x00, 0x00, 0x05, 0x00, 0x00, 0x00, 0x14, 0x34, 0x00, 0x00,
  0x06, 0x00, 0x00, 0x00, 0x18, 0x34, 0x00, 0x00, 0x05, 0x00, 0x00, 0x00,
  0x1c, 0x34, 0x00, 0x00, 0x06, 0x00, 0x00, 0x00, 0x20, 0x34, 0x00, 0x00,
  0x05, 0x00, 0x00, 0x00, 0x24, 0x34, 0x00, 0x00, 0x06, 0x00, 0x00, 0x00,
  0x2c, 0x34, 0x00, 0x00, 0x05, 0x00, 0x00, 0x00, 0x30, 0x34, 0x00, 0x00,
  0x06, 0x00, 0x00, 0x00, 0x64, 0x34, 0x00, 0x00, 0x05, 0x00, 0x00, 0x00,
  0x68, 0x34, 0x00, 0x00, 0x06, 0x00, 0x00, 0x00, 0x90, 0x34, 0x00, 0x00,
  0x05, 0x00, 0x00, 0x00, 0x94, 0x34, 0x00, 0x00, 0x06, 0x00, 0x00, 0x00,
  0xf8, 0x34, 0x00, 0x00, 0x05, 0x00, 0x00, 0x00, 0xfc, 0x34, 0x00, 0x00,
  0x06, 0x00, 0x00, 0x00, 0x00, 0x35, 0x00, 0x00, 0x05, 0x00, 0x00, 0x00,
  0x04, 0x35, 0x00, 0x00, 0x06, 0x00, 0x00, 0x00, 0x54, 0x35, 0x00, 0x00,
  0x05, 0x00, 0x00, 0x00, 0x58, 0x35, 0x00, 0x00, 0x06, 0x00, 0x00, 0x00,
  0x5c, 0x35, 0x00, 0x00, 0x05, 0x00, 0x00, 0x00, 0x60, 0x35, 0x00, 0x00,
  0x06, 0x00, 0x00, 0x00, 0x68, 0x35, 0x00, 0x00, 0x05, 0x00, 0x00, 0x00,
  0x6c, 0x35, 0x00, 0x00, 0x06, 0x00, 0x00, 0x00, 0xb0, 0x35, 0x00, 0x00,
  0x05, 0x00, 0x00, 0x00, 0xb4, 0x35, 0x00, 0x00, 0x06, 0x00, 0x00, 0x00,
  0x30, 0x36, 0x00, 0x00, 0x05, 0x00, 0x00, 0x00, 0x34, 0x36, 0x00, 0x00,
  0x06, 0x00, 0x00, 0x00, 0x68, 0x36, 0x00, 0x00, 0x05, 0x00, 0x00, 0x00,
  0x6c, 0x36, 0x00, 0x00, 0x06, 0x00, 0x00, 0x00, 0x7c, 0x36, 0x00, 0x00,
  0x05, 0x00, 0x00, 0x00, 0x80, 0x36, 0x00, 0x00, 0x06, 0x00, 0x00, 0x00,
  0xdc, 0x36, 0x00, 0x00, 0x05, 0x00, 0x00, 0x00, 0xe0, 0x36, 0x00, 0x00,
  0x06, 0x00, 0x00, 0x00, 0xf0, 0x36, 0x00, 0x00, 0x05, 0x00, 0x00, 0x00,
  0xf4, 0x36, 0x00, 0x00, 0x06, 0x00, 0x00, 0x00, 0x2c, 0x37, 0x00, 0x00,
  0x05, 0x00, 0x00, 0x00, 0x30, 0x37, 0x00, 0x00, 0x06, 0x00, 0x00, 0x00,
  0x74, 0x37, 0x00, 0x00, 0x05, 0x00, 0x00, 0x00, 0x78, 0x37, 0x00, 0x00,
  0x06, 0x00, 0x00, 0x00, 0xb0, 0x37, 0x00, 0x00, 0x05, 0x00, 0x00, 0x00,
  0xb4, 0x37, 0x00, 0x00, 0x06, 0x00, 0x00, 0x00, 0xdc, 0x37, 0x00, 0x00,
  0x05, 0x00, 0x00, 0x00, 0xe0, 0x37, 0x00, 0x00, 0x06, 0x00, 0x00, 0x00,
  0xe4, 0x37, 0x00, 0x00, 0x05, 0x00, 0x00, 0x00, 0xe8, 0x37, 0x00, 0x00,
  0x06, 0x00, 0x00, 0x00, 0x48, 0x38, 0x00, 0x00, 0x05, 0x00, 0x00, 0x00,
  0x4c, 0x38, 0x00, 0x00, 0x06, 0x00, 0x00, 0x00, 0x54, 0x38, 0x00, 0x00,
  0x05, 0x00, 0x00, 0x00, 0x5c, 0x38, 0x00, 0x00, 0x06, 0x00, 0x00, 0x00,
  0x60, 0x38, 0x00, 0x00, 0x05, 0x00, 0x00, 0x00, 0x64, 0x38, 0x00, 0x00,
  0x06, 0x00, 0x00, 0x00, 0xa8, 0x38, 0x00, 0x00, 0x05, 0x00, 0x00, 0x00,
  0xac, 0x38, 0x00, 0x00, 0x06, 0x00, 0x00, 0x00, 0xb0, 0x38, 0x00, 0x00,
  0x05, 0x00, 0x00, 0x00, 0xb4, 0x38, 0x00, 0x00, 0x06, 0x00, 0x00, 0x00,
  0x0c, 0x39, 0x00, 0x00, 0x05, 0x00, 0x00, 0x00, 0x10, 0x39, 0x00, 0x00,
  0x06, 0x00, 0x00, 0x00, 0x18, 0x39, 0x00, 0x00, 0x05, 0x00, 0x00, 0x00,
  0x20, 0x39, 0x00, 0x00, 0x06, 0x00, 0x00, 0x00, 0x24, 0x39, 0x00, 0x00,
  0x05, 0x00, 0x00, 0x00, 0x28, 0x39, 0x00, 0x00, 0x06, 0x00, 0x00, 0x00,
  0x9c, 0x39, 0x00, 0x00, 0x05, 0x00, 0x00, 0x00, 0xa0, 0x39, 0x00, 0x00,
  0x06, 0x00, 0x00, 0x00, 0x64, 0x3a, 0x00, 0x00, 0x05, 0x00, 0x00, 0x00,
  0x68, 0x3a, 0x00, 0x00, 0x06, 0x00, 0x00, 0x00, 0x88, 0x3b, 0x00, 0x00,
  0x05, 0x00, 0x00, 0x00, 0x8c, 0x3b, 0x00, 0x00, 0x06, 0x00, 0x00, 0x00,
  0x2c, 0x3c, 0x00, 0x00, 0x05, 0x00, 0x00, 0x00, 0x30, 0x3c, 0x00, 0x00,
  0x06, 0x00, 0x00, 0x00, 0xac, 0x3c, 0x00, 0x00, 0x05, 0x00, 0x00, 0x00,
  0xb4, 0x3c, 0x00, 0x00, 0x06, 0x00, 0x00, 0x00, 0xfc, 0x3c, 0x00, 0x00,
  0x05, 0x00, 0x00, 0x00, 0x00, 0x3d, 0x00, 0x00, 0x06, 0x00, 0x00, 0x00,
  0xa8, 0x3d, 0x00, 0x00, 0x05, 0x00, 0x00, 0x00, 0xac, 0x3d, 0x00, 0x00,
  0x06, 0x00, 0x00, 0x00, 0x98, 0x3e, 0x00, 0x00, 0x05, 0x00, 0x00, 0x00,
  0x9c, 0x3e, 0x00, 0x00, 0x06, 0x00, 0x00, 0x00, 0xbc, 0x3f, 0x00, 0x00,
  0x05, 0x00, 0x00, 0x00, 0xc0, 0x3f, 0x00, 0x00, 0x06, 0x00, 0x00, 0x00,
  0x80, 0x40, 0x00, 0x00, 0x05, 0x00, 0x00, 0x00, 0x84, 0x40, 0x00, 0x00,
  0x06, 0x00, 0x00, 0x00, 0xd0, 0x40, 0x00, 0x00, 0x05, 0x00, 0x00, 0x00,
  0xd4, 0x40, 0x00, 0x00, 0x06, 0x00, 0x00, 0x00, 0x00, 0x41, 0x00, 0x00,
  0x05, 0x00, 0x00, 0x00, 0x04, 0x41, 0x00, 0x00, 0x06, 0x00, 0x00, 0x00,
  0x28, 0x41, 0x00, 0x00, 0x05, 0x00, 0x00, 0x00, 0x2c, 0x41, 0x00, 0x00,
  0x06, 0x00, 0x00, 0x00, 0x8c, 0x41, 0x00, 0x00, 0x05, 0x00, 0x00, 0x00,
  0x90, 0x41, 0x00, 0x00, 0x06, 0x00, 0x00, 0x00, 0xcc, 0x41, 0x00, 0x00,
  0x05, 0x00, 0x00, 0x00, 0xd0, 0x41, 0x00, 0x00, 0x06, 0x00, 0x00, 0x00,
  0x0c, 0x42, 0x00, 0x00, 0x05, 0x00, 0x00, 0x00, 0x10, 0x42, 0x00, 0x00,
  0x06, 0x00, 0x00, 0x00, 0xf8, 0x42, 0x00, 0x00, 0x05, 0x00, 0x00, 0x00,
  0xfc, 0x42, 0x00, 0x00, 0x06, 0x00, 0x00, 0x00, 0xc8, 0x44, 0x00, 0x00,
  0x05, 0x00, 0x00, 0x00, 0xcc, 0x44, 0x00, 0x00, 0x06, 0x00, 0x00, 0x00,
  0x4c, 0x45, 0x00, 0x00, 0x05, 0x00, 0x00, 0x00, 0x50, 0x45, 0x00, 0x00,
  0x06, 0x00, 0x00, 0x00, 0x60, 0x45, 0x00, 0x00, 0x05, 0x00, 0x00, 0x00,
  0x64, 0x45, 0x00, 0x00, 0x06, 0x00, 0x00, 0x00, 0x88, 0x45, 0x00, 0x00,
  0x05, 0x00, 0x00, 0x00, 0x8c, 0x45, 0x00, 0x00, 0x06, 0x00, 0x00, 0x00,
  0xf8, 0x45, 0x00, 0x00, 0x05, 0x00, 0x00, 0x00, 0xfc, 0x45, 0x00, 0x00,
  0x06, 0x00, 0x00, 0x00, 0xd8, 0x46, 0x00, 0x00, 0x05, 0x00, 0x00, 0x00,
  0xdc, 0x46, 0x00, 0x00, 0x06, 0x00, 0x00, 0x00, 0xf4, 0x46, 0x00, 0x00,
  0x05, 0x00, 0x00, 0x00, 0xf8, 0x46, 0x00, 0x00, 0x06, 0x00, 0x00, 0x00,
  0x00, 0x47, 0x00, 0x00, 0x05, 0x00, 0x00, 0x00, 0x04, 0x47, 0x00, 0x00,
  0x06, 0x00, 0x00, 0x00, 0x30, 0x47, 0x00, 0x00, 0x05, 0x00, 0x00, 0x00,
  0x34, 0x47, 0x00, 0x00, 0x06, 0x00, 0x00, 0x00, 0xd4, 0x48, 0x00, 0x00,
  0x05, 0x00, 0x00, 0x00, 0xd8, 0x48, 0x00, 0x00, 0x06, 0x00, 0x00, 0x00,
  0xfc, 0x49, 0x00, 0x00, 0x05, 0x00, 0x00, 0x00, 0x00, 0x4a, 0x00, 0x00,
  0x06, 0x00, 0x00, 0x00, 0x18, 0x4b, 0x00, 0x00, 0x05, 0x00, 0x00, 0x00,
  0x1c, 0x4b, 0x00, 0x00, 0x06, 0x00, 0x00, 0x00, 0x54, 0x4b, 0x00, 0x00,
  0x05, 0x00, 0x00, 0x00, 0x58, 0x4b, 0x00, 0x00, 0x06, 0x00, 0x00, 0x00,
  0xcc, 0x4c, 0x00, 0x00, 0x05, 0x00, 0x00, 0x00, 0xd0, 0x4c, 0x00, 0x00,
  0x06, 0x00, 0x00, 0x00, 0xe8, 0x4c, 0x00, 0x00, 0x05, 0x00, 0x00, 0x00,
  0xec, 0x4c, 0x00, 0x00, 0x06, 0x00, 0x00, 0x00, 0x20, 0x4d, 0x00, 0x00,
  0x05, 0x00, 0x00, 0x00, 0x24, 0x4d, 0x00, 0x00, 0x06, 0x00, 0x00, 0x00,
  0xa0, 0x4d, 0x00, 0x00, 0x05, 0x00, 0x00, 0x00, 0xa4, 0x4d, 0x00, 0x00,
  0x06, 0x00, 0x00, 0x00, 0x40, 0x4e, 0x00, 0x00, 0x05, 0x00, 0x00, 0x00,
  0x44, 0x4e, 0x00, 0x00, 0x06, 0x00, 0x00, 0x00, 0x48, 0x4f, 0x00, 0x00,
  0x05, 0x00, 0x00, 0x00, 0x4c, 0x4f, 0x00, 0x00, 0x06, 0x00, 0x00, 0x00,
  0x8c, 0x4f, 0x00, 0x00, 0x05, 0x00, 0x00, 0x00, 0x90, 0x4f, 0x00, 0x00,
  0x06, 0x00, 0x00, 0x00, 0x98, 0x4f, 0x00, 0x00, 0x05, 0x00, 0x00, 0x00,
  0x9c, 0x4f, 0x00, 0x00, 0x06, 0x00, 0x00, 0x00, 0xb0, 0x4f, 0x00, 0x00,
  0x05, 0x00, 0x00, 0x00, 0xb4, 0x4f, 0x00, 0x00, 0x06, 0x00, 0x00, 0x00,
  0xe4, 0x4f, 0x00, 0x00, 0x05, 0x00, 0x00, 0x00, 0xe8, 0x4f, 0x00, 0x00,
  0x06, 0x00, 0x00, 0x00, 0x0c, 0x50, 0x00, 0x00, 0x05, 0x00, 0x00, 0x00,
  0x10, 0x50, 0x00, 0x00, 0x06, 0x00, 0x00, 0x00, 0x50, 0x50, 0x00, 0x00,
  0x05, 0x00, 0x00, 0x00, 0x54, 0x50, 0x00, 0x00, 0x06, 0x00, 0x00, 0x00,
  0x84, 0x50, 0x00, 0x00, 0x05, 0x00, 0x00, 0x00, 0x88, 0x50, 0x00, 0x00,
  0x06, 0x00, 0x00, 0x00, 0x98, 0x50, 0x00, 0x00, 0x05, 0x00, 0x00, 0x00,
  0x9c, 0x50, 0x00, 0x00, 0x06, 0x00, 0x00, 0x00, 0xa4, 0x50, 0x00, 0x00,
  0x05, 0x00, 0x00, 0x00, 0xa8, 0x50, 0x00, 0x00, 0x06, 0x00, 0x00, 0x00,
  0xc4, 0x50, 0x00, 0x00, 0x05, 0x00, 0x00, 0x00, 0xc8, 0x50, 0x00, 0x00,
  0x06, 0x00, 0x00, 0x00, 0xe4, 0x50, 0x00, 0x00, 0x05, 0x00, 0x00, 0x00,
  0xe8, 0x50, 0x00, 0x00, 0x06, 0x00, 0x00, 0x00, 0xf4, 0x50, 0x00, 0x00,
  0x05, 0x00, 0x00, 0x00, 0xf8, 0x50, 0x00, 0x00, 0x06, 0x00, 0x00, 0x00,
  0x18, 0x51, 0x00, 0x00, 0x05, 0x00, 0x00, 0x00, 0x1c, 0x51, 0x00, 0x00,
  0x06, 0x00, 0x00, 0x00, 0x64, 0x51, 0x00, 0x00, 0x05, 0x00, 0x00, 0x00,
  0x68, 0x51, 0x00, 0x00, 0x06, 0x00, 0x00, 0x00, 0xa8, 0x51, 0x00, 0x00,
  0x05, 0x00, 0x00, 0x00, 0xac, 0x51, 0x00, 0x00, 0x06, 0x00, 0x00, 0x00,
  0x6c, 0x52, 0x00, 0x00, 0x05, 0x00, 0x00, 0x00, 0x70, 0x52, 0x00, 0x00,
  0x06, 0x00, 0x00, 0x00, 0xbc, 0x52, 0x00, 0x00, 0x05, 0x00, 0x00, 0x00,
  0xc0, 0x52, 0x00, 0x00, 0x06, 0x00, 0x00, 0x00, 0x24, 0x53, 0x00, 0x00,
  0x05, 0x00, 0x00, 0x00, 0x28, 0x53, 0x00, 0x00, 0x06, 0x00, 0x00, 0x00,
  0x2c, 0x53, 0x00, 0x00, 0x05, 0x00, 0x00, 0x00, 0x30, 0x53, 0x00, 0x00,
  0x06, 0x00, 0x00, 0x00, 0x44, 0x53, 0x00, 0x00, 0x05, 0x00, 0x00, 0x00,
  0x48, 0x53, 0x00, 0x00, 0x06, 0x00, 0x00, 0x00, 0x68, 0x53, 0x00, 0x00,
  0x05, 0x00, 0x00, 0x00, 0x6c, 0x53, 0x00, 0x00, 0x06, 0x00, 0x00, 0x00,
  0xe4, 0x53, 0x00, 0x00, 0x05, 0x00, 0x00, 0x00, 0xe8, 0x53, 0x00, 0x00,
  0x06, 0x00, 0x00, 0x00, 0x20, 0x54, 0x00, 0x00, 0x05, 0x00, 0x00, 0x00,
  0x24, 0x54, 0x00, 0x00, 0x06, 0x00, 0x00, 0x00, 0x14, 0x56, 0x00, 0x00,
  0x05, 0x00, 0x00, 0x00, 0x18, 0x56, 0x00, 0x00, 0x06, 0x00, 0x00, 0x00,
  0xfc, 0x56, 0x00, 0x00, 0x05, 0x00, 0x00, 0x00, 0x00, 0x57, 0x00, 0x00,
  0x06, 0x00, 0x00, 0x00, 0xf8, 0x57, 0x00, 0x00, 0x05, 0x00, 0x00, 0x00,
  0xfc, 0x57, 0x00, 0x00, 0x06, 0x00, 0x00, 0x00, 0xa0, 0x59, 0x00, 0x00,
  0x05, 0x00, 0x00, 0x00, 0xa4, 0x59, 0x00, 0x00, 0x06, 0x00, 0x00, 0x00,
  0x98, 0x5a, 0x00, 0x00, 0x05, 0x00, 0x00, 0x00, 0x9c, 0x5a, 0x00, 0x00,
  0x06, 0x00, 0x00, 0x00, 0xc0, 0x5a, 0x00, 0x00, 0x05, 0x00, 0x00, 0x00,
  0xc4, 0x5a, 0x00, 0x00, 0x06, 0x00, 0x00, 0x00, 0x5c, 0x5b, 0x00, 0x00,
  0x05, 0x00, 0x00, 0x00, 0x60, 0x5b, 0x00, 0x00, 0x06, 0x00, 0x00, 0x00,
  0xc8, 0x5b, 0x00, 0x00, 0x05, 0x00, 0x00, 0x00, 0xcc, 0x5b, 0x00, 0x00,
  0x06, 0x00, 0x00, 0x00, 0x04, 0x5c, 0x00, 0x00, 0x05, 0x00, 0x00, 0x00,
  0x08, 0x5c, 0x00, 0x00, 0x06, 0x00, 0x00, 0x00, 0x0c, 0x5c, 0x00, 0x00,
  0x05, 0x00, 0x00, 0x00, 0x10, 0x5c, 0x00, 0x00, 0x06, 0x00, 0x00, 0x00,
  0x1c, 0x5e, 0x00, 0x00, 0x05, 0x00, 0x00, 0x00, 0x20, 0x5e, 0x00, 0x00,
  0x06, 0x00, 0x00, 0x00, 0xf0, 0x5e, 0x00, 0x00, 0x05, 0x00, 0x00, 0x00,
  0xf4, 0x5e, 0x00, 0x00, 0x06, 0x00, 0x00, 0x00, 0xf8, 0x5e, 0x00, 0x00,
  0x05, 0x00, 0x00, 0x00, 0xfc, 0x5e, 0x00, 0x00, 0x06, 0x00, 0x00, 0x00,
  0xa0, 0x5f, 0x00, 0x00, 0x05, 0x00, 0x00, 0x00, 0xa4, 0x5f, 0x00, 0x00,
  0x06, 0x00, 0x00, 0x00, 0xdc, 0x60, 0x00, 0x00, 0x05, 0x00, 0x00, 0x00,
  0xe0, 0x60, 0x00, 0x00, 0x06, 0x00, 0x00, 0x00, 0xc0, 0x62, 0x00, 0x00,
  0x05, 0x00, 0x00, 0x00, 0xc4, 0x62, 0x00, 0x00, 0x06, 0x00, 0x00, 0x00,
  0xfc, 0x62, 0x00, 0x00, 0x05, 0x00, 0x00, 0x00, 0x00, 0x63, 0x00, 0x00,
  0x06, 0x00, 0x00, 0x00, 0x04, 0x64, 0x00, 0x00, 0x05, 0x00, 0x00, 0x00,
  0x08, 0x64, 0x00, 0x00, 0x06, 0x00, 0x00, 0x00, 0xc4, 0x65, 0x00, 0x00,
  0x05, 0x00, 0x00, 0x00, 0xc8, 0x65, 0x00, 0x00, 0x06, 0x00, 0x00, 0x00,
  0xcc, 0x65, 0x00, 0x00, 0x05, 0x00, 0x00, 0x00, 0xd0, 0x65, 0x00, 0x00,
  0x06, 0x00, 0x00, 0x00, 0x50, 0x66, 0x00, 0x00, 0x05, 0x00, 0x00, 0x00,
  0x54, 0x66, 0x00, 0x00, 0x06, 0x00, 0x00, 0x00, 0x70, 0x68, 0x00, 0x00,
  0x05, 0x00, 0x00, 0x00, 0x74, 0x68, 0x00, 0x00, 0x06, 0x00, 0x00, 0x00,
  0x04, 0x69, 0x00, 0x00, 0x05, 0x00, 0x00, 0x00, 0x08, 0x69, 0x00, 0x00,
  0x06, 0x00, 0x00, 0x00, 0x54, 0x69, 0x00, 0x00, 0x05, 0x00, 0x00, 0x00,
  0x58, 0x69, 0x00, 0x00, 0x06, 0x00, 0x00, 0x00, 0x14, 0x6b, 0x00, 0x00,
  0x05, 0x00, 0x00, 0x00, 0x18, 0x6b, 0x00, 0x00, 0x06, 0x00, 0x00, 0x00,
  0x64, 0x6c, 0x00, 0x00, 0x05, 0x00, 0x00, 0x00, 0x68, 0x6c, 0x00, 0x00,
  0x06, 0x00, 0x00, 0x00, 0xcc, 0x6d, 0x00, 0x00, 0x05, 0x00, 0x00, 0x00,
  0xd0, 0x6d, 0x00, 0x00, 0x06, 0x00, 0x00, 0x00, 0x44, 0x6e, 0x00, 0x00,
  0x05, 0x00, 0x00, 0x00, 0x48, 0x6e, 0x00, 0x00, 0x06, 0x00, 0x00, 0x00,
  0x80, 0x6e, 0x00, 0x00, 0x05, 0x00, 0x00, 0x00, 0x84, 0x6e, 0x00, 0x00,
  0x06, 0x00, 0x00, 0x00, 0xa4, 0x6f, 0x00, 0x00, 0x05, 0x00, 0x00, 0x00,
  0xa8, 0x6f, 0x00, 0x00, 0x06, 0x00, 0x00, 0x00, 0x68, 0x70, 0x00, 0x00,
  0x05, 0x00, 0x00, 0x00, 0x6c, 0x70, 0x00, 0x00, 0x06, 0x00, 0x00, 0x00,
  0xe0, 0x70, 0x00, 0x00, 0x05, 0x00, 0x00, 0x00, 0xe4, 0x70, 0x00, 0x00,
  0x06, 0x00, 0x00, 0x00, 0x04, 0x72, 0x00, 0x00, 0x05, 0x00, 0x00, 0x00,
  0x08, 0x72, 0x00, 0x00, 0x06, 0x00, 0x00, 0x00, 0x90, 0x72, 0x00, 0x00,
  0x05, 0x00, 0x00, 0x00, 0x94, 0x72, 0x00, 0x00, 0x06, 0x00, 0x00, 0x00,
  0x5c, 0x73, 0x00, 0x00, 0x05, 0x00, 0x00, 0x00, 0x60, 0x73, 0x00, 0x00,
  0x06, 0x00, 0x00, 0x00, 0x94, 0x73, 0x00, 0x00, 0x05, 0x00, 0x00, 0x00,
  0x98, 0x73, 0x00, 0x00, 0x06, 0x00, 0x00, 0x00, 0xa0, 0x74, 0x00, 0x00,
  0x05, 0x00, 0x00, 0x00, 0xa4, 0x74, 0x00, 0x00, 0x06, 0x00, 0x00, 0x00,
  0xd0, 0x74, 0x00, 0x00, 0x05, 0x00, 0x00, 0x00, 0xd4, 0x74, 0x00, 0x00,
  0x06, 0x00, 0x00, 0x00, 0xe0, 0x74, 0x00, 0x00, 0x05, 0x00, 0x00, 0x00,
  0xe4, 0x74, 0x00, 0x00, 0x06, 0x00, 0x00, 0x00, 0x64, 0x75, 0x00, 0x00,
  0x05, 0x00, 0x00, 0x00, 0x68, 0x75, 0x00, 0x00, 0x06, 0x00, 0x00, 0x00,
  0x8c, 0x75, 0x00, 0x00, 0x05, 0x00, 0x00, 0x00, 0x90, 0x75, 0x00, 0x00,
  0x06, 0x00, 0x00, 0x00, 0x94, 0x75, 0x00, 0x00, 0x05, 0x00, 0x00, 0x00,
  0x98, 0x75, 0x00, 0x00, 0x06, 0x00, 0x00, 0x00, 0xc8, 0x75, 0x00, 0x00,
  0x05, 0x00, 0x00, 0x00, 0xcc, 0x75, 0x00, 0x00, 0x06, 0x00, 0x00, 0x00,
  0xd0, 0x75, 0x00, 0x00, 0x05, 0x00, 0x00, 0x00, 0xd4, 0x75, 0x00, 0x00,
  0x06, 0x00, 0x00, 0x00, 0xf8, 0x75, 0x00, 0x00, 0x05, 0x00, 0x00, 0x00,
  0xfc, 0x75, 0x00, 0x00, 0x06, 0x00, 0x00, 0x00, 0x5c, 0x76, 0x00, 0x00,
  0x05, 0x00, 0x00, 0x00, 0x60, 0x76, 0x00, 0x00, 0x06, 0x00, 0x00, 0x00,
  0x6c, 0x76, 0x00, 0x00, 0x05, 0x00, 0x00, 0x00, 0x70, 0x76, 0x00, 0x00,
  0x06, 0x00, 0x00, 0x00, 0x74, 0x76, 0x00, 0x00, 0x05, 0x00, 0x00, 0x00,
  0x78, 0x76, 0x00, 0x00, 0x06, 0x00, 0x00, 0x00, 0x10, 0x77, 0x00, 0x00,
  0x05, 0x00, 0x00, 0x00, 0x14, 0x77, 0x00, 0x00, 0x06, 0x00, 0x00, 0x00,
  0x1c, 0x77, 0x00, 0x00, 0x05, 0x00, 0x00, 0x00, 0x20, 0x77, 0x00, 0x00,
  0x06, 0x00, 0x00, 0x00, 0x60, 0x77, 0x00, 0x00, 0x05, 0x00, 0x00, 0x00,
  0x64, 0x77, 0x00, 0x00, 0x06, 0x00, 0x00, 0x00, 0x6c, 0x77, 0x00, 0x00,
  0x05, 0x00, 0x00, 0x00, 0x70, 0x77, 0x00, 0x00, 0x06, 0x00, 0x00, 0x00,
  0x84, 0x77, 0x00, 0x00, 0x05, 0x00, 0x00, 0x00, 0x88, 0x77, 0x00, 0x00,
  0x06, 0x00, 0x00, 0x00, 0x8c, 0x77, 0x00, 0x00, 0x05, 0x00, 0x00, 0x00,
  0x90, 0x77, 0x00, 0x00, 0x06, 0x00, 0x00, 0x00, 0xcc, 0x77, 0x00, 0x00,
  0x05, 0x00, 0x00, 0x00, 0xd0, 0x77, 0x00, 0x00, 0x06, 0x00, 0x00, 0x00,
  0xd8, 0x77, 0x00, 0x00, 0x05, 0x00, 0x00, 0x00, 0xdc, 0x77, 0x00, 0x00,
  0x06, 0x00, 0x00, 0x00, 0xfc, 0x77, 0x00, 0x00, 0x05, 0x00, 0x00, 0x00,
  0x00, 0x78, 0x00, 0x00, 0x06, 0x00, 0x00, 0x00, 0x04, 0x78, 0x00, 0x00,
  0x05, 0x00, 0x00, 0x00, 0x08, 0x78, 0x00, 0x00, 0x06, 0x00, 0x00, 0x00,
  0x50, 0x78, 0x00, 0x00, 0x05, 0x00, 0x00, 0x00, 0x54, 0x78, 0x00, 0x00,
  0x06, 0x00, 0x00, 0x00, 0x5c, 0x78, 0x00, 0x00, 0x05, 0x00, 0x00, 0x00,
  0x60, 0x78, 0x00, 0x00, 0x06, 0x00, 0x00, 0x00, 0xb0, 0x78, 0x00, 0x00,
  0x05, 0x00, 0x00, 0x00, 0xb4, 0x78, 0x00, 0x00, 0x06, 0x00, 0x00, 0x00,
  0xec, 0x78, 0x00, 0x00, 0x05, 0x00, 0x00, 0x00, 0xf0, 0x78, 0x00, 0x00,
  0x06, 0x00, 0x00, 0x00, 0xf4, 0x78, 0x00, 0x00, 0x05, 0x00, 0x00, 0x00,
  0xf8, 0x78, 0x00, 0x00, 0x06, 0x00, 0x00, 0x00, 0x10, 0x79, 0x00, 0x00,
  0x05, 0x00, 0x00, 0x00, 0x14, 0x79, 0x00, 0x00, 0x06, 0x00, 0x00, 0x00,
  0x1c, 0x79, 0x00, 0x00, 0x05, 0x00, 0x00, 0x00, 0x20, 0x79, 0x00, 0x00,
  0x06, 0x00, 0x00, 0x00, 0x70, 0x79, 0x00, 0x00, 0x05, 0x00, 0x00, 0x00,
  0x74, 0x79, 0x00, 0x00, 0x06, 0x00, 0x00, 0x00, 0xdc, 0x79, 0x00, 0x00,
  0x05, 0x00, 0x00, 0x00, 0xe0, 0x79, 0x00, 0x00, 0x06, 0x00, 0x00, 0x00,
  0xe4, 0x79, 0x00, 0x00, 0x05, 0x00, 0x00, 0x00, 0xe8, 0x79, 0x00, 0x00,
  0x06, 0x00, 0x00, 0x00, 0xfc, 0x79, 0x00, 0x00, 0x05, 0x00, 0x00, 0x00,
  0x00, 0x7a, 0x00, 0x00, 0x06, 0x00, 0x00, 0x00, 0x04, 0x7a, 0x00, 0x00,
  0x05, 0x00, 0x00, 0x00, 0x08, 0x7a, 0x00, 0x00, 0x06, 0x00, 0x00, 0x00,
  0x20, 0x7a, 0x00, 0x00, 0x05, 0x00, 0x00, 0x00, 0x24, 0x7a, 0x00, 0x00,
  0x06, 0x00, 0x00, 0x00, 0x30, 0x7a, 0x00, 0x00, 0x05, 0x00, 0x00, 0x00,
  0x34, 0x7a, 0x00, 0x00, 0x06, 0x00, 0x00, 0x00, 0x38, 0x7a, 0x00, 0x00,
  0x05, 0x00, 0x00, 0x00, 0x3c, 0x7a, 0x00, 0x00, 0x06, 0x00, 0x00, 0x00,
  0x48, 0x7a, 0x00, 0x00, 0x05, 0x00, 0x00, 0x00, 0x4c, 0x7a, 0x00, 0x00,
  0x06, 0x00, 0x00, 0x00, 0x50, 0x7a, 0x00, 0x00, 0x05, 0x00, 0x00, 0x00,
  0x54, 0x7a, 0x00, 0x00, 0x06, 0x00, 0x00, 0x00, 0xa0, 0x7a, 0x00, 0x00,
  0x05, 0x00, 0x00, 0x00, 0xa4, 0x7a, 0x00, 0x00, 0x06, 0x00, 0x00, 0x00,
  0x8c, 0x7b, 0x00, 0x00, 0x05, 0x00, 0x00, 0x00, 0x90, 0x7b, 0x00, 0x00,
  0x06, 0x00, 0x00, 0x00, 0x94, 0x7b, 0x00, 0x00, 0x05, 0x00, 0x00, 0x00,
  0x98, 0x7b, 0x00, 0x00, 0x06, 0x00, 0x00, 0x00, 0x7c, 0x7c, 0x00, 0x00,
  0x05, 0x00, 0x00, 0x00, 0x80, 0x7c, 0x00, 0x00, 0x06, 0x00, 0x00, 0x00,
  0x48, 0x7d, 0x00, 0x00, 0x05, 0x00, 0x00, 0x00, 0x4c, 0x7d, 0x00, 0x00,
  0x06, 0x00, 0x00, 0x00, 0x78, 0x7d, 0x00, 0x00, 0x05, 0x00, 0x00, 0x00,
  0x7c, 0x7d, 0x00, 0x00, 0x06, 0x00, 0x00, 0x00, 0x80, 0x7d, 0x00, 0x00,
  0x05, 0x00, 0x00, 0x00, 0x84, 0x7d, 0x00, 0x00, 0x06, 0x00, 0x00, 0x00,
  0x2c, 0x7e, 0x00, 0x00, 0x05, 0x00, 0x00, 0x00, 0x30, 0x7e, 0x00, 0x00,
  0x06, 0x00, 0x00, 0x00, 0x7c, 0x7e, 0x00, 0x00, 0x05, 0x00, 0x00, 0x00,
  0x80, 0x7e, 0x00, 0x00, 0x06, 0x00, 0x00, 0x00, 0x84, 0x7e, 0x00, 0x00,
  0x05, 0x00, 0x00, 0x00, 0x88, 0x7e, 0x00, 0x00, 0x06, 0x00, 0x00, 0x00,
  0xdc, 0x7e, 0x00, 0x00, 0x05, 0x00, 0x00, 0x00, 0xe0, 0x7e, 0x00, 0x00,
  0x06, 0x00, 0x00, 0x00, 0x08, 0x7f, 0x00, 0x00, 0x05, 0x00, 0x00, 0x00,
  0x0c, 0x7f, 0x00, 0x00, 0x06, 0x00, 0x00, 0x00, 0x4c, 0x7f, 0x00, 0x00,
  0x05, 0x00, 0x00, 0x00, 0x50, 0x7f, 0x00, 0x00, 0x06, 0x00, 0x00, 0x00,
  0x54, 0x7f, 0x00, 0x00, 0x05, 0x00, 0x00, 0x00, 0x58, 0x7f, 0x00, 0x00,
  0x06, 0x00, 0x00, 0x00, 0x88, 0x7f, 0x00, 0x00, 0x05, 0x00, 0x00, 0x00,
  0x8c, 0x7f, 0x00, 0x00, 0x06, 0x00, 0x00, 0x00, 0x94, 0x7f, 0x00, 0x00,
  0x05, 0x00, 0x00, 0x00, 0x98, 0x7f, 0x00, 0x00, 0x06, 0x00, 0x00, 0x00,
  0xec, 0x7f, 0x00, 0x00, 0x05, 0x00, 0x00, 0x00, 0xf0, 0x7f, 0x00, 0x00,
  0x06, 0x00, 0x00, 0x00, 0xf4, 0x7f, 0x00, 0x00, 0x05, 0x00, 0x00, 0x00,
  0xf8, 0x7f, 0x00, 0x00, 0x06, 0x00, 0x00, 0x00, 0xfc, 0x7f, 0x00, 0x00,
  0x05, 0x00, 0x00, 0x00, 0x04, 0x80, 0x00, 0x00, 0x06, 0x00, 0x00, 0x00,
  0x50, 0x80, 0x00, 0x00, 0x05, 0x00, 0x00, 0x00, 0x54, 0x80, 0x00, 0x00,
  0x06, 0x00, 0x00, 0x00, 0x08, 0x81, 0x00, 0x00, 0x05, 0x00, 0x00, 0x00,
  0x0c, 0x81, 0x00, 0x00, 0x06, 0x00, 0x00, 0x00, 0x48, 0x81, 0x00, 0x00,
  0x05, 0x00, 0x00, 0x00, 0x4c, 0x81, 0x00, 0x00, 0x06, 0x00, 0x00, 0x00,
  0x84, 0x81, 0x00, 0x00, 0x05, 0x00, 0x00, 0x00, 0x88, 0x81, 0x00, 0x00,
  0x06, 0x00, 0x00, 0x00, 0x8c, 0x81, 0x00, 0x00, 0x05, 0x00, 0x00, 0x00,
  0x90, 0x81, 0x00, 0x00, 0x06, 0x00, 0x00, 0x00, 0xf8, 0x81, 0x00, 0x00,
  0x05, 0x00, 0x00, 0x00, 0xfc, 0x81, 0x00, 0x00, 0x06, 0x00, 0x00, 0x00,
  0x18, 0x82, 0x00, 0x00, 0x05, 0x00, 0x00, 0x00, 0x1c, 0x82, 0x00, 0x00,
  0x06, 0x00, 0x00, 0x00, 0x30, 0x82, 0x00, 0x00, 0x05, 0x00, 0x00, 0x00,
  0x34, 0x82, 0x00, 0x00, 0x06, 0x00, 0x00, 0x00, 0x68, 0x82, 0x00, 0x00,
  0x05, 0x00, 0x00, 0x00, 0x6c, 0x82, 0x00, 0x00, 0x06, 0x00, 0x00, 0x00,
  0x8c, 0x82, 0x00, 0x00, 0x05, 0x00, 0x00, 0x00, 0x90, 0x82, 0x00, 0x00,
  0x06, 0x00, 0x00, 0x00, 0xac, 0x82, 0x00, 0x00, 0x05, 0x00, 0x00, 0x00,
  0xb0, 0x82, 0x00, 0x00, 0x06, 0x00, 0x00, 0x00, 0xe4, 0x82, 0x00, 0x00,
  0x05, 0x00, 0x00, 0x00, 0xe8, 0x82, 0x00, 0x00, 0x06, 0x00, 0x00, 0x00,
  0x10, 0x83, 0x00, 0x00, 0x05, 0x00, 0x00, 0x00, 0x14, 0x83, 0x00, 0x00,
  0x06, 0x00, 0x00, 0x00, 0x40, 0x83, 0x00, 0x00, 0x05, 0x00, 0x00, 0x00,
  0x44, 0x83, 0x00, 0x00, 0x06, 0x00, 0x00, 0x00, 0x6c, 0x83, 0x00, 0x00,
  0x05, 0x00, 0x00, 0x00, 0x70, 0x83, 0x00, 0x00, 0x06, 0x00, 0x00, 0x00,
  0x9c, 0x83, 0x00, 0x00, 0x05, 0x00, 0x00, 0x00, 0xa0, 0x83, 0x00, 0x00,
  0x06, 0x00, 0x00, 0x00, 0xc8, 0x83, 0x00, 0x00, 0x05, 0x00, 0x00, 0x00,
  0xcc, 0x83, 0x00, 0x00, 0x06, 0x00, 0x00, 0x00, 0xf8, 0x83, 0x00, 0x00,
  0x05, 0x00, 0x00, 0x00, 0xfc, 0x83, 0x00, 0x00, 0x06, 0x00, 0x00, 0x00,
  0x1c, 0x84, 0x00, 0x00, 0x05, 0x00, 0x00, 0x00, 0x20, 0x84, 0x00, 0x00,
  0x06, 0x00, 0x00, 0x00, 0x4c, 0x84, 0x00, 0x00, 0x05, 0x00, 0x00, 0x00,
  0x50, 0x84, 0x00, 0x00, 0x06, 0x00, 0x00, 0x00, 0x70, 0x84, 0x00, 0x00,
  0x05, 0x00, 0x00, 0x00, 0x74, 0x84, 0x00, 0x00, 0x06, 0x00, 0x00, 0x00,
  0x78, 0x84, 0x00, 0x00, 0x05, 0x00, 0x00, 0x00, 0x7c, 0x84, 0x00, 0x00,
  0x06, 0x00, 0x00, 0x00, 0x9c, 0x84, 0x00, 0x00, 0x05, 0x00, 0x00, 0x00,
  0xa0, 0x84, 0x00, 0x00, 0x06, 0x00, 0x00, 0x00, 0xa4, 0x84, 0x00, 0x00,
  0x05, 0x00, 0x00, 0x00, 0xa8, 0x84, 0x00, 0x00, 0x06, 0x00, 0x00, 0x00,
  0xc0, 0x84, 0x00, 0x00, 0x05, 0x00, 0x00, 0x00, 0xc4, 0x84, 0x00, 0x00,
  0x06, 0x00, 0x00, 0x00, 0xec, 0x84, 0x00, 0x00, 0x05, 0x00, 0x00, 0x00,
  0xf0, 0x84, 0x00, 0x00, 0x06, 0x00, 0x00, 0x00, 0x08, 0x85, 0x00, 0x00,
  0x05, 0x00, 0x00, 0x00, 0x0c, 0x85, 0x00, 0x00, 0x06, 0x00, 0x00, 0x00,
  0x10, 0x85, 0x00, 0x00, 0x05, 0x00, 0x00, 0x00, 0x14, 0x85, 0x00, 0x00,
  0x06, 0x00, 0x00, 0x00, 0x30, 0x85, 0x00, 0x00, 0x05, 0x00, 0x00, 0x00,
  0x34, 0x85, 0x00, 0x00, 0x06, 0x00, 0x00, 0x00, 0x38, 0x85, 0x00, 0x00,
  0x05, 0x00, 0x00, 0x00, 0x3c, 0x85, 0x00, 0x00, 0x06, 0x00, 0x00, 0x00,
  0x4c, 0x85, 0x00, 0x00, 0x05, 0x00, 0x00, 0x00, 0x50, 0x85, 0x00, 0x00,
  0x06, 0x00, 0x00, 0x00, 0x70, 0x85, 0x00, 0x00, 0x05, 0x00, 0x00, 0x00,
  0x74, 0x85, 0x00, 0x00, 0x06, 0x00, 0x00, 0x00, 0x90, 0x85, 0x00, 0x00,
  0x05, 0x00, 0x00, 0x00, 0x94, 0x85, 0x00, 0x00, 0x06, 0x00, 0x00, 0x00,
  0x98, 0x85, 0x00, 0x00, 0x05, 0x00, 0x00, 0x00, 0x9c, 0x85, 0x00, 0x00,
  0x06, 0x00, 0x00, 0x00, 0xbc, 0x85, 0x00, 0x00, 0x05, 0x00, 0x00, 0x00,
  0xc0, 0x85, 0x00, 0x00, 0x06, 0x00, 0x00, 0x00, 0xc4, 0x85, 0x00, 0x00,
  0x05, 0x00, 0x00, 0x00, 0xc8, 0x85, 0x00, 0x00, 0x06, 0x00, 0x00, 0x00,
  0xd8, 0x85, 0x00, 0x00, 0x05, 0x00, 0x00, 0x00, 0xdc, 0x85, 0x00, 0x00,
  0x06, 0x00, 0x00, 0x00, 0x04, 0x86, 0x00, 0x00, 0x05, 0x00, 0x00, 0x00,
  0x08, 0x86, 0x00, 0x00, 0x06, 0x00, 0x00, 0x00, 0x24, 0x86, 0x00, 0x00,
  0x05, 0x00, 0x00, 0x00, 0x28, 0x86, 0x00, 0x00, 0x06, 0x00, 0x00, 0x00,
  0x2c, 0x86, 0x00, 0x00, 0x05, 0x00, 0x00, 0x00, 0x30, 0x86, 0x00, 0x00,
  0x06, 0x00, 0x00, 0x00, 0x50, 0x86, 0x00, 0x00, 0x05, 0x00, 0x00, 0x00,
  0x54, 0x86, 0x00, 0x00, 0x06, 0x00, 0x00, 0x00, 0x58, 0x86, 0x00, 0x00,
  0x05, 0x00, 0x00, 0x00, 0x5c, 0x86, 0x00, 0x00, 0x06, 0x00, 0x00, 0x00,
  0x6c, 0x86, 0x00, 0x00, 0x05, 0x00, 0x00, 0x00, 0x70, 0x86, 0x00, 0x00,
  0x06, 0x00, 0x00, 0x00, 0x9c, 0x86, 0x00, 0x00, 0x05, 0x00, 0x00, 0x00,
  0xa0, 0x86, 0x00, 0x00, 0x06, 0x00, 0x00, 0x00, 0xb8, 0x86, 0x00, 0x00,
  0x05, 0x00, 0x00, 0x00, 0xbc, 0x86, 0x00, 0x00, 0x06, 0x00, 0x00, 0x00,
  0xc0, 0x86, 0x00, 0x00, 0x05, 0x00, 0x00, 0x00, 0xc4, 0x86, 0x00, 0x00,
  0x06, 0x00, 0x00, 0x00, 0xe4, 0x86, 0x00, 0x00, 0x05, 0x00, 0x00, 0x00,
  0xe8, 0x86, 0x00, 0x00, 0x06, 0x00, 0x00, 0x00, 0xec, 0x86, 0x00, 0x00,
  0x05, 0x00, 0x00, 0x00, 0xf0, 0x86, 0x00, 0x00, 0x06, 0x00, 0x00, 0x00,
  0x08, 0x87, 0x00, 0x00, 0x05, 0x00, 0x00, 0x00, 0x0c, 0x87, 0x00, 0x00,
  0x06, 0x00, 0x00, 0x00, 0x30, 0x87, 0x00, 0x00, 0x05, 0x00, 0x00, 0x00,
  0x34, 0x87, 0x00, 0x00, 0x06, 0x00, 0x00, 0x00, 0x58, 0x87, 0x00, 0x00,
  0x05, 0x00, 0x00, 0x00, 0x5c, 0x87, 0x00, 0x00, 0x06, 0x00, 0x00, 0x00,
  0x60, 0x87, 0x00, 0x00, 0x05, 0x00, 0x00, 0x00, 0x64, 0x87, 0x00, 0x00,
  0x06, 0x00, 0x00, 0x00, 0x84, 0x87, 0x00, 0x00, 0x05, 0x00, 0x00, 0x00,
  0x88, 0x87, 0x00, 0x00, 0x06, 0x00, 0x00, 0x00, 0x8c, 0x87, 0x00, 0x00,
  0x05, 0x00, 0x00, 0x00, 0x90, 0x87, 0x00, 0x00, 0x06, 0x00, 0x00, 0x00,
  0xa0, 0x87, 0x00, 0x00, 0x05, 0x00, 0x00, 0x00, 0xa4, 0x87, 0x00, 0x00,
  0x06, 0x00, 0x00, 0x00, 0xc8, 0x87, 0x00, 0x00, 0x05, 0x00, 0x00, 0x00,
  0xcc, 0x87, 0x00, 0x00, 0x06, 0x00, 0x00, 0x00, 0xfc, 0x87, 0x00, 0x00,
  0x05, 0x00, 0x00, 0x00, 0x00, 0x88, 0x00, 0x00, 0x06, 0x00, 0x00, 0x00,
  0x04, 0x88, 0x00, 0x00, 0x05, 0x00, 0x00, 0x00, 0x08, 0x88, 0x00, 0x00,
  0x06, 0x00, 0x00, 0x00, 0x04, 0x89, 0x00, 0x00, 0x05, 0x00, 0x00, 0x00,
  0x08, 0x89, 0x00, 0x00, 0x06, 0x00, 0x00, 0x00, 0x0c, 0x89, 0x00, 0x00,
  0x05, 0x00, 0x00, 0x00, 0x10, 0x89, 0x00, 0x00, 0x06, 0x00, 0x00, 0x00,
  0x28, 0x89, 0x00, 0x00, 0x05, 0x00, 0x00, 0x00, 0x2c, 0x89, 0x00, 0x00,
  0x06, 0x00, 0x00, 0x00, 0x90, 0x89, 0x00, 0x00, 0x05, 0x00, 0x00, 0x00,
  0x94, 0x89, 0x00, 0x00, 0x06, 0x00, 0x00, 0x00, 0x9c, 0x8a, 0x00, 0x00,
  0x05, 0x00, 0x00, 0x00, 0xa0, 0x8a, 0x00, 0x00, 0x06, 0x00, 0x00, 0x00,
  0xa4, 0x8a, 0x00, 0x00, 0x05, 0x00, 0x00, 0x00, 0xac, 0x8a, 0x00, 0x00,
  0x06, 0x00, 0x00, 0x00, 0xb0, 0x8a, 0x00, 0x00, 0x05, 0x00, 0x00, 0x00,
  0xb4, 0x8a, 0x00, 0x00, 0x06, 0x00, 0x00, 0x00, 0xc8, 0x8a, 0x00, 0x00,
  0x05, 0x00, 0x00, 0x00, 0xd0, 0x8a, 0x00, 0x00, 0x06, 0x00, 0x00, 0x00,
  0x14, 0x8b, 0x00, 0x00, 0x05, 0x00, 0x00, 0x00, 0x1c, 0x8b, 0x00, 0x00,
  0x06, 0x00, 0x00, 0x00, 0x20, 0x8b, 0x00, 0x00, 0x05, 0x00, 0x00, 0x00,
  0x24, 0x8b, 0x00, 0x00, 0x06, 0x00, 0x00, 0x00, 0x3c, 0x8b, 0x00, 0x00,
  0x05, 0x00, 0x00, 0x00, 0x40, 0x8b, 0x00, 0x00, 0x06, 0x00, 0x00, 0x00,
  0x64, 0x8b, 0x00, 0x00, 0x05, 0x00, 0x00, 0x00, 0x68, 0x8b, 0x00, 0x00,
  0x06, 0x00, 0x00, 0x00, 0xc0, 0x8b, 0x00, 0x00, 0x05, 0x00, 0x00, 0x00,
  0xc4, 0x8b, 0x00, 0x00, 0x06, 0x00, 0x00, 0x00, 0x0c, 0x8c, 0x00, 0x00,
  0x05, 0x00, 0x00, 0x00, 0x10, 0x8c, 0x00, 0x00, 0x06, 0x00, 0x00, 0x00,
  0x68, 0x8d, 0x00, 0x00, 0x05, 0x00, 0x00, 0x00, 0x6c, 0x8d, 0x00, 0x00,
  0x06, 0x00, 0x00, 0x00, 0xbc, 0x8d, 0x00, 0x00, 0x05, 0x00, 0x00, 0x00,
  0xc0, 0x8d, 0x00, 0x00, 0x06, 0x00, 0x00, 0x00, 0x30, 0x8e, 0x00, 0x00,
  0x05, 0x00, 0x00, 0x00, 0x34, 0x8e, 0x00, 0x00, 0x06, 0x00, 0x00, 0x00,
  0x58, 0x8e, 0x00, 0x00, 0x05, 0x00, 0x00, 0x00, 0x5c, 0x8e, 0x00, 0x00,
  0x06, 0x00, 0x00, 0x00, 0x04, 0x90, 0x00, 0x00, 0x05, 0x00, 0x00, 0x00,
  0x08, 0x90, 0x00, 0x00, 0x06, 0x00, 0x00, 0x00, 0xa8, 0x90, 0x00, 0x00,
  0x05, 0x00, 0x00, 0x00, 0xb0, 0x90, 0x00, 0x00, 0x06, 0x00, 0x00, 0x00,
  0xb8, 0x90, 0x00, 0x00, 0x05, 0x00, 0x00, 0x00, 0xc0, 0x90, 0x00, 0x00,
  0x06, 0x00, 0x00, 0x00, 0xd8, 0x90, 0x00, 0x00, 0x05, 0x00, 0x00, 0x00,
  0xdc, 0x90, 0x00, 0x00, 0x06, 0x00, 0x00, 0x00, 0xe0, 0x90, 0x00, 0x00,
  0x05, 0x00, 0x00, 0x00, 0xe4, 0x90, 0x00, 0x00, 0x06, 0x00, 0x00, 0x00,
  0xe8, 0x90, 0x00, 0x00, 0x05, 0x00, 0x00, 0x00, 0xec, 0x90, 0x00, 0x00,
  0x06, 0x00, 0x00, 0x00, 0xf4, 0x90, 0x00, 0x00, 0x05, 0x00, 0x00, 0x00,
  0xfc, 0x90, 0x00, 0x00, 0x06, 0x00, 0x00, 0x00, 0x20, 0x97, 0x00, 0x00,
  0x05, 0x00, 0x00, 0x00, 0x24, 0x97, 0x00, 0x00, 0x06, 0x00, 0x00, 0x00,
  0xec, 0x9a, 0x00, 0x00, 0x05, 0x00, 0x00, 0x00, 0xf0, 0x9a, 0x00, 0x00,
  0x06, 0x00, 0x00, 0x00, 0x3c, 0x9b, 0x00, 0x00, 0x05, 0x00, 0x00, 0x00,
  0x40, 0x9b, 0x00, 0x00, 0x06, 0x00, 0x00, 0x00, 0xec, 0x9c, 0x00, 0x00,
  0x05, 0x00, 0x00, 0x00, 0xf0, 0x9c, 0x00, 0x00, 0x06, 0x00, 0x00, 0x00,
  0x88, 0x9d, 0x00, 0x00, 0x05, 0x00, 0x00, 0x00, 0x8c, 0x9d, 0x00, 0x00,
  0x06, 0x00, 0x00, 0x00, 0xd8, 0x9d, 0x00, 0x00, 0x05, 0x00, 0x00, 0x00,
  0xdc, 0x9d, 0x00, 0x00, 0x06, 0x00, 0x00, 0x00, 0x68, 0x9e, 0x00, 0x00,
  0x05, 0x00, 0x00, 0x00, 0x6c, 0x9e, 0x00, 0x00, 0x06, 0x00, 0x00, 0x00,
  0x50, 0x9f, 0x00, 0x00, 0x05, 0x00, 0x00, 0x00, 0x54, 0x9f, 0x00, 0x00,
  0x06, 0x00, 0x00, 0x00, 0xfc, 0x9f, 0x00, 0x00, 0x05, 0x00, 0x00, 0x00,
  0x00, 0xa0, 0x00, 0x00, 0x06, 0x00, 0x00, 0x00, 0x0c, 0xa0, 0x00, 0x00,
  0x05, 0x00, 0x00, 0x00, 0x14, 0xa0, 0x00, 0x00, 0x06, 0x00, 0x00, 0x00,
  0x24, 0xa0, 0x00, 0x00, 0x05, 0x00, 0x00, 0x00, 0x28, 0xa0, 0x00, 0x00,
  0x06, 0x00, 0x00, 0x00, 0x34, 0xa0, 0x00, 0x00, 0x05, 0x00, 0x00, 0x00,
  0x38, 0xa0, 0x00, 0x00, 0x06, 0x00, 0x00, 0x00, 0xa4, 0xa0, 0x00, 0x00,
  0x05, 0x00, 0x00, 0x00, 0xa8, 0xa0, 0x00, 0x00, 0x06, 0x00, 0x00, 0x00,
  0x54, 0xa1, 0x00, 0x00, 0x05, 0x00, 0x00, 0x00, 0x58, 0xa1, 0x00, 0x00,
  0x06, 0x00, 0x00, 0x00, 0xfc, 0xa2, 0x00, 0x00, 0x05, 0x00, 0x00, 0x00,
  0x00, 0xa3, 0x00, 0x00, 0x06, 0x00, 0x00, 0x00, 0xc8, 0xa3, 0x00, 0x00,
  0x05, 0x00, 0x00, 0x00, 0xcc, 0xa3, 0x00, 0x00, 0x06, 0x00, 0x00, 0x00,
  0x90, 0xa4, 0x00, 0x00, 0x05, 0x00, 0x00, 0x00, 0x94, 0xa4, 0x00, 0x00,
  0x06, 0x00, 0x00, 0x00, 0xa8, 0xa4, 0x00, 0x00, 0x05, 0x00, 0x00, 0x00,
  0xac, 0xa4, 0x00, 0x00, 0x06, 0x00, 0x00, 0x00, 0xc4, 0xa4, 0x00, 0x00,
  0x05, 0x00, 0x00, 0x00, 0xc8, 0xa4, 0x00, 0x00, 0x06, 0x00, 0x00, 0x00,
  0x18, 0xa5, 0x00, 0x00, 0x05, 0x00, 0x00, 0x00, 0x1c, 0xa5, 0x00, 0x00,
  0x06, 0x00, 0x00, 0x00, 0x90, 0xa5, 0x00, 0x00, 0x05, 0x00, 0x00, 0x00,
  0x94, 0xa5, 0x00, 0x00, 0x06, 0x00, 0x00, 0x00, 0x98, 0xa5, 0x00, 0x00,
  0x05, 0x00, 0x00, 0x00, 0x9c, 0xa5, 0x00, 0x00, 0x06, 0x00, 0x00, 0x00,
  0x9c, 0xa6, 0x00, 0x00, 0x05, 0x00, 0x00, 0x00, 0xa0, 0xa6, 0x00, 0x00,
  0x06, 0x00, 0x00, 0x00, 0xd8, 0xa6, 0x00, 0x00, 0x05, 0x00, 0x00, 0x00,
  0xdc, 0xa6, 0x00, 0x00, 0x06, 0x00, 0x00, 0x00, 0x10, 0xa7, 0x00, 0x00,
  0x05, 0x00, 0x00, 0x00, 0x14, 0xa7, 0x00, 0x00, 0x06, 0x00, 0x00, 0x00,
  0x5c, 0xa9, 0x00, 0x00, 0x05, 0x00, 0x00, 0x00, 0x60, 0xa9, 0x00, 0x00,
  0x06, 0x00, 0x00, 0x00, 0xb8, 0xa9, 0x00, 0x00, 0x05, 0x00, 0x00, 0x00,
  0xbc, 0xa9, 0x00, 0x00, 0x06, 0x00, 0x00, 0x00, 0x00, 0xaa, 0x00, 0x00,
  0x05, 0x00, 0x00, 0x00, 0x04, 0xaa, 0x00, 0x00, 0x06, 0x00, 0x00, 0x00,
  0x98, 0xaa, 0x00, 0x00, 0x05, 0x00, 0x00, 0x00, 0x9c, 0xaa, 0x00, 0x00,
  0x06, 0x00, 0x00, 0x00, 0x4c, 0xab, 0x00, 0x00, 0x05, 0x00, 0x00, 0x00,
  0x50, 0xab, 0x00, 0x00, 0x06, 0x00, 0x00, 0x00, 0x44, 0xac, 0x00, 0x00,
  0x05, 0x00, 0x00, 0x00, 0x48, 0xac, 0x00, 0x00, 0x06, 0x00, 0x00, 0x00,
  0x50, 0xac, 0x00, 0x00, 0x05, 0x00, 0x00, 0x00, 0x54, 0xac, 0x00, 0x00,
  0x06, 0x00, 0x00, 0x00, 0x74, 0xac, 0x00, 0x00, 0x05, 0x00, 0x00, 0x00,
  0x78, 0xac, 0x00, 0x00, 0x06, 0x00, 0x00, 0x00, 0xd0, 0xac, 0x00, 0x00,
  0x05, 0x00, 0x00, 0x00, 0xd4, 0xac, 0x00, 0x00, 0x06, 0x00, 0x00, 0x00,
  0x8c, 0xae, 0x00, 0x00, 0x05, 0x00, 0x00, 0x00, 0x90, 0xae, 0x00, 0x00,
  0x06, 0x00, 0x00, 0x00, 0xa0, 0xae, 0x00, 0x00, 0x05, 0x00, 0x00, 0x00,
  0xa4, 0xae, 0x00, 0x00, 0x06, 0x00, 0x00, 0x00, 0xa8, 0xae, 0x00, 0x00,
  0x05, 0x00, 0x00, 0x00, 0xac, 0xae, 0x00, 0x00, 0x06, 0x00, 0x00, 0x00,
  0xdc, 0xae, 0x00, 0x00, 0x05, 0x00, 0x00, 0x00, 0xe0, 0xae, 0x00, 0x00,
  0x06, 0x00, 0x00, 0x00, 0x00, 0xaf, 0x00, 0x00, 0x05, 0x00, 0x00, 0x00,
  0x04, 0xaf, 0x00, 0x00, 0x06, 0x00, 0x00, 0x00, 0x0c, 0xaf, 0x00, 0x00,
  0x05, 0x00, 0x00, 0x00, 0x10, 0xaf, 0x00, 0x00, 0x06, 0x00, 0x00, 0x00,
  0x4c, 0xaf, 0x00, 0x00, 0x05, 0x00, 0x00, 0x00, 0x50, 0xaf, 0x00, 0x00,
  0x06, 0x00, 0x00, 0x00, 0x84, 0xaf, 0x00, 0x00, 0x05, 0x00, 0x00, 0x00,
  0x88, 0xaf, 0x00, 0x00, 0x06, 0x00, 0x00, 0x00, 0x94, 0xaf, 0x00, 0x00,
  0x05, 0x00, 0x00, 0x00, 0x98, 0xaf, 0x00, 0x00, 0x06, 0x00, 0x00, 0x00,
  0xac, 0xaf, 0x00, 0x00, 0x05, 0x00, 0x00, 0x00, 0xb0, 0xaf, 0x00, 0x00,
  0x06, 0x00, 0x00, 0x00, 0xcc, 0xaf, 0x00, 0x00, 0x05, 0x00, 0x00, 0x00,
  0xd0, 0xaf, 0x00, 0x00, 0x06, 0x00, 0x00, 0x00, 0xe0, 0xaf, 0x00, 0x00,
  0x05, 0x00, 0x00, 0x00, 0xe8, 0xaf, 0x00, 0x00, 0x06, 0x00, 0x00, 0x00,
  0xfc, 0xaf, 0x00, 0x00, 0x05, 0x00, 0x00, 0x00, 0x00, 0xb0, 0x00, 0x00,
  0x06, 0x00, 0x00, 0x00, 0x1c, 0xb0, 0x00, 0x00, 0x05, 0x00, 0x00, 0x00,
  0x20, 0xb0, 0x00, 0x00, 0x06, 0x00, 0x00, 0x00, 0x24, 0xb0, 0x00, 0x00,
  0x05, 0x00, 0x00, 0x00, 0x28, 0xb0, 0x00, 0x00, 0x06, 0x00, 0x00, 0x00,
  0x3c, 0xb0, 0x00, 0x00, 0x05, 0x00, 0x00, 0x00, 0x40, 0xb0, 0x00, 0x00,
  0x06, 0x00, 0x00, 0x00, 0x5c, 0xb0, 0x00, 0x00, 0x05, 0x00, 0x00, 0x00,
  0x60, 0xb0, 0x00, 0x00, 0x06, 0x00, 0x00, 0x00, 0x6c, 0xb0, 0x00, 0x00,
  0x05, 0x00, 0x00, 0x00, 0x70, 0xb0, 0x00, 0x00, 0x06, 0x00, 0x00, 0x00,
  0x88, 0xb0, 0x00, 0x00, 0x05, 0x00, 0x00, 0x00, 0x8c, 0xb0, 0x00, 0x00,
  0x06, 0x00, 0x00, 0x00, 0xa8, 0xb0, 0x00, 0x00, 0x05, 0x00, 0x00, 0x00,
  0xb0, 0xb0, 0x00, 0x00, 0x06, 0x00, 0x00, 0x00, 0xb4, 0xb0, 0x00, 0x00,
  0x05, 0x00, 0x00, 0x00, 0xb8, 0xb0, 0x00, 0x00, 0x06, 0x00, 0x00, 0x00,
  0xd0, 0xb0, 0x00, 0x00, 0x05, 0x00, 0x00, 0x00, 0xd4, 0xb0, 0x00, 0x00,
  0x06, 0x00, 0x00, 0x00, 0xf4, 0xb0, 0x00, 0x00, 0x05, 0x00, 0x00, 0x00,
  0xf8, 0xb0, 0x00, 0x00, 0x06, 0x00, 0x00, 0x00, 0x08, 0xb1, 0x00, 0x00,
  0x05, 0x00, 0x00, 0x00, 0x0c, 0xb1, 0x00, 0x00, 0x06, 0x00, 0x00, 0x00,
  0x08, 0xb2, 0x00, 0x00, 0x05, 0x00, 0x00, 0x00, 0x0c, 0xb2, 0x00, 0x00,
  0x06, 0x00, 0x00, 0x00, 0x60, 0xb3, 0x00, 0x00, 0x05, 0x00, 0x00, 0x00,
  0x64, 0xb3, 0x00, 0x00, 0x06, 0x00, 0x00, 0x00, 0x40, 0xb4, 0x00, 0x00,
  0x05, 0x00, 0x00, 0x00, 0x44, 0xb4, 0x00, 0x00, 0x06, 0x00, 0x00, 0x00,
  0x84, 0xb4, 0x00, 0x00, 0x05, 0x00, 0x00, 0x00, 0x88, 0xb4, 0x00, 0x00,
  0x06, 0x00, 0x00, 0x00, 0xb8, 0xb4, 0x00, 0x00, 0x05, 0x00, 0x00, 0x00,
  0xbc, 0xb4, 0x00, 0x00, 0x06, 0x00, 0x00, 0x00, 0xc0, 0xb4, 0x00, 0x00,
  0x05, 0x00, 0x00, 0x00, 0xc4, 0xb4, 0x00, 0x00, 0x06, 0x00, 0x00, 0x00,
  0xf0, 0xb5, 0x00, 0x00, 0x05, 0x00, 0x00, 0x00, 0xf4, 0xb5, 0x00, 0x00,
  0x06, 0x00, 0x00, 0x00, 0xe8, 0xb6, 0x00, 0x00, 0x05, 0x00, 0x00, 0x00,
  0xec, 0xb6, 0x00, 0x00, 0x06, 0x00, 0x00, 0x00, 0x14, 0xb8, 0x00, 0x00,
  0x05, 0x00, 0x00, 0x00, 0x18, 0xb8, 0x00, 0x00, 0x06, 0x00, 0x00, 0x00,
  0x60, 0xb8, 0x00, 0x00, 0x05, 0x00, 0x00, 0x00, 0x64, 0xb8, 0x00, 0x00,
  0x06, 0x00, 0x00, 0x00, 0x70, 0xb8, 0x00, 0x00, 0x05, 0x00, 0x00, 0x00,
  0x74, 0xb8, 0x00, 0x00, 0x06, 0x00, 0x00, 0x00, 0x80, 0xb8, 0x00, 0x00,
  0x05, 0x00, 0x00, 0x00, 0x84, 0xb8, 0x00, 0x00, 0x06, 0x00, 0x00, 0x00,
  0x8c, 0xb8, 0x00, 0x00, 0x05, 0x00, 0x00, 0x00, 0x90, 0xb8, 0x00, 0x00,
  0x06, 0x00, 0x00, 0x00, 0x94, 0xb8, 0x00, 0x00, 0x05, 0x00, 0x00, 0x00,
  0x98, 0xb8, 0x00, 0x00, 0x06, 0x00, 0x00, 0x00, 0xa4, 0xb8, 0x00, 0x00,
  0x05, 0x00, 0x00, 0x00, 0xa8, 0xb8, 0x00, 0x00, 0x06, 0x00, 0x00, 0x00,
  0xd8, 0xb8, 0x00, 0x00, 0x05, 0x00, 0x00, 0x00, 0xdc, 0xb8, 0x00, 0x00,
  0x06, 0x00, 0x00, 0x00, 0xfc, 0xb8, 0x00, 0x00, 0x05, 0x00, 0x00, 0x00,
  0x00, 0xb9, 0x00, 0x00, 0x06, 0x00, 0x00, 0x00, 0x58, 0xb9, 0x00, 0x00,
  0x05, 0x00, 0x00, 0x00, 0x5c, 0xb9, 0x00, 0x00, 0x06, 0x00, 0x00, 0x00,
  0x74, 0xb9, 0x00, 0x00, 0x05, 0x00, 0x00, 0x00, 0x78, 0xb9, 0x00, 0x00,
  0x06, 0x00, 0x00, 0x00, 0x58, 0xba, 0x00, 0x00, 0x05, 0x00, 0x00, 0x00,
  0x5c, 0xba, 0x00, 0x00, 0x06, 0x00, 0x00, 0x00, 0x90, 0xba, 0x00, 0x00,
  0x05, 0x00, 0x00, 0x00, 0x94, 0xba, 0x00, 0x00, 0x06, 0x00, 0x00, 0x00,
  0x10, 0xbb, 0x00, 0x00, 0x05, 0x00, 0x00, 0x00, 0x14, 0xbb, 0x00, 0x00,
  0x06, 0x00, 0x00, 0x00, 0xf0, 0xbb, 0x00, 0x00, 0x05, 0x00, 0x00, 0x00,
  0xf4, 0xbb, 0x00, 0x00, 0x06, 0x00, 0x00, 0x00, 0xf8, 0xbb, 0x00, 0x00,
  0x05, 0x00, 0x00, 0x00, 0xfc, 0xbb, 0x00, 0x00, 0x06, 0x00, 0x00, 0x00,
  0x1c, 0xbe, 0x00, 0x00, 0x05, 0x00, 0x00, 0x00, 0x20, 0xbe, 0x00, 0x00,
  0x06, 0x00, 0x00, 0x00, 0x60, 0xbf, 0x00, 0x00, 0x05, 0x00, 0x00, 0x00,
  0x64, 0xbf, 0x00, 0x00, 0x06, 0x00, 0x00, 0x00, 0x1c, 0xc3, 0x00, 0x00,
  0x05, 0x00, 0x00, 0x00, 0x20, 0xc3, 0x00, 0x00, 0x06, 0x00, 0x00, 0x00,
  0x34, 0xc3, 0x00, 0x00, 0x05, 0x00, 0x00, 0x00, 0x38, 0xc3, 0x00, 0x00,
  0x06, 0x00, 0x00, 0x00, 0xb4, 0xc3, 0x00, 0x00, 0x05, 0x00, 0x00, 0x00,
  0xb8, 0xc3, 0x00, 0x00, 0x06, 0x00, 0x00, 0x00, 0xe8, 0xc3, 0x00, 0x00,
  0x05, 0x00, 0x00, 0x00, 0xec, 0xc3, 0x00, 0x00, 0x06, 0x00, 0x00, 0x00,
  0x00, 0xc4, 0x00, 0x00, 0x05, 0x00, 0x00, 0x00, 0x04, 0xc4, 0x00, 0x00,
  0x06, 0x00, 0x00, 0x00, 0x1c, 0xc4, 0x00, 0x00, 0x05, 0x00, 0x00, 0x00,
  0x20, 0xc4, 0x00, 0x00, 0x06, 0x00, 0x00, 0x00, 0x4c, 0xc4, 0x00, 0x00,
  0x05, 0x00, 0x00, 0x00, 0x50, 0xc4, 0x00, 0x00, 0x06, 0x00, 0x00, 0x00,
  0x5c, 0xc4, 0x00, 0x00, 0x05, 0x00, 0x00, 0x00, 0x60, 0xc4, 0x00, 0x00,
  0x06, 0x00, 0x00, 0x00, 0x08, 0xc6, 0x00, 0x00, 0x05, 0x00, 0x00, 0x00,
  0x0c, 0xc6, 0x00, 0x00, 0x06, 0x00, 0x00, 0x00, 0x7c, 0xc7, 0x00, 0x00,
  0x05, 0x00, 0x00, 0x00, 0x80, 0xc7, 0x00, 0x00, 0x06, 0x00, 0x00, 0x00,
  0x00, 0xc9, 0x00, 0x00, 0x05, 0x00, 0x00, 0x00, 0x04, 0xc9, 0x00, 0x00,
  0x06, 0x00, 0x00, 0x00, 0x24, 0xc9, 0x00, 0x00, 0x05, 0x00, 0x00, 0x00,
  0x28, 0xc9, 0x00, 0x00, 0x06, 0x00, 0x00, 0x00, 0x20, 0xcd, 0x00, 0x00,
  0x02, 0x00, 0x00, 0x00, 0x30, 0xcd, 0x00, 0x00, 0x02, 0x00, 0x00, 0x00,
  0x3c, 0xcd, 0x00, 0x00, 0x02, 0x00, 0x00, 0x00, 0x40, 0xcd, 0x00, 0x00,
  0x02, 0x00, 0x00, 0x00, 0x44, 0xcd, 0x00, 0x00, 0x02, 0x00, 0x00, 0x00,
  0x48, 0xcd, 0x00, 0x00, 0x02, 0x00, 0x00, 0x00, 0x4c, 0xcd, 0x00, 0x00,
  0x02, 0x00, 0x00, 0x00, 0x50, 0xcd, 0x00, 0x00, 0x02, 0x00, 0x00, 0x00,
  0x54, 0xcd, 0x00, 0x00, 0x02, 0x00, 0x00, 0x00, 0x58, 0xcd, 0x00, 0x00,
  0x02, 0x00, 0x00, 0x00, 0x5c, 0xcd, 0x00, 0x00, 0x02, 0x00, 0x00, 0x00,
  0x60, 0xcd, 0x00, 0x00, 0x02, 0x00, 0x00, 0x00, 0x64, 0xcd, 0x00, 0x00,
  0x02, 0x00, 0x00, 0x00, 0x68, 0xcd, 0x00, 0x00, 0x02, 0x00, 0x00, 0x00,
  0x6c, 0xcd, 0x00, 0x00, 0x02, 0x00, 0x00, 0x00, 0x70, 0xcd, 0x00, 0x00,
  0x02, 0x00, 0x00, 0x00, 0x74, 0xcd, 0x00, 0x00, 0x02, 0x00, 0x00, 0x00,
  0x78, 0xcd, 0x00, 0x00, 0x02, 0x00, 0x00, 0x00, 0x7c, 0xcd, 0x00, 0x00,
  0x02, 0x00, 0x00, 0x00, 0x80, 0xcd, 0x00, 0x00, 0x02, 0x00, 0x00, 0x00,
  0x84, 0xcd, 0x00, 0x00, 0x02, 0x00, 0x00, 0x00, 0x00, 0x00, 0x00, 0x00,
  0x00, 0x00, 0x00, 0x00, 0x00, 0x00, 0x00, 0x00, 0x00, 0x00, 0x00, 0x00,
  0x00
};
unsigned int size_xfromman_irx = 62209;
